CASE_ID,ACCIDENT_YEAR,PROC_DATE,JURIS,COLLISION_DATE,COLLISION_TIME,OFFICER_ID,REPORTING_DISTRICT,DAY_OF_WEEK,CHP_SHIFT,POPULATION,CNTY_CITY_LOC,SPECIAL_COND,BEAT_TYPE,CHP_BEAT_TYPE,CITY_DIVISION_LAPD,CHP_BEAT_CLASS,BEAT_NUMBER,PRIMARY_RD,SECONDARY_RD,DISTANCE,DIRECTION,INTERSECTION,WEATHER_1,WEATHER_2,STATE_HWY_IND,CALTRANS_COUNTY,CALTRANS_DISTRICT,STATE_ROUTE,ROUTE_SUFFIX,POSTMILE_PREFIX,POSTMILE,LOCATION_TYPE,RAMP_INTERSECTION,SIDE_OF_HWY,TOW_AWAY,COLLISION_SEVERITY,NUMBER_KILLED,NUMBER_INJURED,PARTY_COUNT,PRIMARY_COLL_FACTOR,PCF_CODE_OF_VIOL,PCF_VIOL_CATEGORY,PCF_VIOLATION,PCF_VIOL_SUBSECTION,HIT_AND_RUN,TYPE_OF_COLLISION,MVIW,PED_ACTION,ROAD_SURFACE,ROAD_COND_1,ROAD_COND_2,LIGHTING,CONTROL_DEVICE,CHP_ROAD_TYPE,PEDESTRIAN_ACCIDENT,BICYCLE_ACCIDENT,MOTORCYCLE_ACCIDENT,TRUCK_ACCIDENT,NOT_PRIVATE_PROPERTY,ALCOHOL_INVOLVED,STWD_VEHTYPE_AT_FAULT,CHP_VEHTYPE_AT_FAULT,COUNT_SEVERE_INJ,COUNT_VISIBLE_INJ,COUNT_COMPLAINT_PAIN,COUNT_PED_KILLED,COUNT_PED_INJURED,COUNT_BICYCLIST_KILLED,COUNT_BICYCLIST_INJURED,COUNT_MC_KILLED,COUNT_MC_INJURED,PRIMARY_RAMP,SECONDARY_RAMP,LATITUDE,LONGITUDE,COUNTY,CITY,POINT_X,POINT_Y
5645032,2012,2013-09-27,3711,2012-06-01,1824,5985,,5,5,7,3711,0,0,0,,0,521,"J ST","400 14TH ST",0.00,,Y,B,-,N,,,,,,,,,,N,4,0,1,2,A,-,10,21950,A,N,G,B,B,A,H,-,A,A,0,Y,,,,Y,Y,A,01,0,0,1,0,1,0,0,0,0,"- ","- ",,,"SAN DIEGO","SAN DIEGO",-117.15188993,32.70943003
5857418,2012,2013-12-18,3711,2012-10-01,0901,5985,,1,5,7,3711,0,0,0,,0,524,"ASH ST","8TH AV",0.00,,Y,A,-,N,,,,,,,,,,N,3,0,1,2,A,-,10,21950,A,N,G,B,B,A,H,-,A,A,0,Y,,,,Y,,A,01,0,1,0,0,1,0,0,0,0,"- ","- ",,,"SAN DIEGO","SAN DIEGO",-117.15751203000001,32.719874769999997
5968907,2012,2014-01-15,3711,2012-12-19,1110,4491,,3,5,7,3711,0,0,0,,0,614,VOLTAIRE,EBERS,0.00,,Y,B,-,N,,,,,,,,,,N,3,0,1,2,A,-,10,21950,A,N,D,B,B,A,H,-,A,A,0,Y,,,,Y,,-,"- ",0,1,0,0,1,0,0,0,0,"- ","- ",,,"SAN DIEGO","SAN DIEGO",-117.241462,32.748824829999997
6004061,2013,2014-01-30,3711,2013-02-01,1625,5097,,5,5,7,3711,0,0,0,,0,531,"PARK DR","MORLEY FIELD DR",3.00,N,N,A,-,N,,,,,,,,,,N,3,0,1,2,A,-,05,21650,1,N,A,G,A,A,H,-,A,A,0,,Y,,,Y,,L,04,0,1,0,0,0,0,1,0,0,"- ","- ",,,"SAN DIEGO","SAN DIEGO",-117.14751390000001,32.7401628
6173204,2013,2014-03-24,3711,2013-08-08,0209,6790,SANDI,4,5,7,3711,0,0,0,,0,822,"UNIVERSITY AV","CHOLLAS PKWY",30.00,W,N,A,-,N,,,,,,,,,,Y,4,0,1,2,A,-,03,22350,,N,C,G,A,A,H,-,C,D,0,,Y,,,Y,Y,-,"- ",0,0,1,0,0,0,1,0,0,"- ","- ",,,"SAN DIEGO","SAN DIEGO",-117.0742159,32.747833900000003
6265178,2013,2014-04-23,3711,2013-10-31,0730,5278,,4,5,7,3711,0,0,0,,0,242,"HILLERY DR","BLACK MOUNTAIN RD",0.00,,Y,B,-,N,,,,,,,,,,N,4,0,1,2,A,-,10,21950,A,N,G,B,B,A,H,-,A,A,0,Y,,,,Y,,-,"- ",0,0,1,0,1,0,0,0,0,"- ","- ",,,"SAN DIEGO","SAN DIEGO",-117.124422,32.912884900000002
8094269,2016,2016-08-03,3711,2016-07-24,2059,6461,,7,5,7,3711,0,0,0,,0,122,"MISSION BL","HORNBLEND ST",4.00,N,N,A,-,N,,,,,,,,,,N,3,0,2,3,A,-,10,21950,A,N,D,B,B,A,H,-,C,B,0,Y,,,,Y,,A,01,0,2,0,0,2,0,0,0,0,"- ","- ",,,"SAN DIEGO","SAN DIEGO",-117.25522307999999,32.795670649999998
8118101,2016,2016-09-09,3711,2016-08-29,1504,5515,,1,5,7,3711,0,0,0,,0,624,"MADISON AV","ALABAMA ST",6.00,W,N,A,-,N,,,,,,,,,,N,3,0,1,2,A,-,08,22107,,N,B,G,A,A,H,-,A,D,0,,Y,,,Y,,A,01,0,1,0,0,0,0,1,0,0,"- ","- ",,,"SAN DIEGO","SAN DIEGO",-117.14258945,32.76097
8370001,2017,2017-05-22,3711,2017-05-05,1700,4246,,5,5,7,3711,0,0,0,,0,114,"CLAIREMONT MESA BL","LIMERICK AV",0.00,,Y,B,-,N,,,,,,,,,,N,4,0,1,2,A,-,08,22107,,M,C,G,A,A,H,-,A,A,0,,Y,,,Y,,-,,0,0,1,0,0,0,1,0,0,"- ","- ",,,"SAN DIEGO","SAN DIEGO",-117.17876009,32.834410050000002
8372808,2017,2017-06-06,3711,2017-05-17,0820,6956,,3,5,7,3711,0,0,0,,0,826,"TROJAN AV","TROJAN AV 5400",100.00,S,N,A,-,N,,,,,,,,,,N,3,0,1,2,A,-,21,22106,,N,G,B,C,A,H,-,A,D,0,Y,,,,Y,,-,,0,1,0,0,1,0,0,0,0,"- ","- ",,,"SAN DIEGO","SAN DIEGO",,
8387594,2017,2017-06-14,3711,2017-05-30,1724,7233,,2,5,7,3711,0,0,0,,0,326,"HARDY AV","CAMPANILE DR",104.00,W,N,B,-,N,,,,,,,,,,N,3,0,1,2,B,-,22,,,N,G,B,E,A,H,-,A,D,0,Y,,,,Y,,A,01,0,1,0,0,1,0,0,0,0,"- ","- ",,,"SAN DIEGO","SAN DIEGO",-117.07223686,32.772591220000002
8747968,2018,2019-01-24,3711,2018-11-26,0947,7809,,1,5,7,3711,0,0,0,,0,442,"NATIONAL AV","NATIONAL AV 3500",21.00,N,N,A,-,N,,,,,,,,,,N,3,0,1,2,A,-,10,21950,A,N,G,B,B,A,H,-,A,A,0,Y,,,,Y,,A,01,0,1,0,0,1,0,0,0,0,"- ","- ",,,"SAN DIEGO","SAN DIEGO",,
6401487,2014,2014-06-06,3711,2014-01-28,2035,6823,"SAN D",2,5,7,3711,0,0,0,,0,621,"LINDA VISTA RD","ULRIC ST",550.00,N,N,A,-,N,,,,,,,,,,N,4,0,1,2,A,-,10,21950,C,N,G,B,D,A,H,-,C,A,0,Y,,,,Y,,A,01,0,0,1,0,1,0,0,0,0,"- ","- ",,,"SAN DIEGO","SAN DIEGO",-117.16954523,32.787849129999998
6449086,2014,2014-07-08,3711,2014-03-17,1315,6800,,1,5,7,3711,0,0,0,,0,627,"UNIVERSITY AV","RICHMOND ST",72.00,E,N,A,-,N,,,,,,,,,,N,4,0,1,2,A,-,11,21950,B,N,G,B,D,A,H,-,A,A,0,Y,,,,Y,Y,N,60,0,0,1,0,1,0,0,0,0,"- ","- ",,,"SAN DIEGO","SAN DIEGO",-117.1510066,32.748559999999998
6508582,2014,2014-07-31,3711,2014-05-02,1130,7130,,5,5,7,3711,0,0,0,,0,824,"MONROE AV",ALTADENA,198.00,W,N,A,-,N,,,,,,,,,,N,4,0,1,2,A,-,11,21954,A,N,G,B,E,A,H,-,A,D,0,Y,,,,Y,,N,60,0,0,1,0,1,0,0,0,0,"- ","- ",,,"SAN DIEGO","SAN DIEGO",-117.08637172,32.758981409999997
6801944,2015,2016-09-02,3711,2015-01-23,1345,6963,5D,5,5,7,3711,0,0,0,,0,839,"EL CAJON BL","RT 15",0.00,W,N,A,-,Y,SD,11,15,-,M,4.949,R,4,S,N,3,0,1,2,A,-,10,21950,A,M,-,B,B,A,H,-,A,A,0,Y,,,,Y,,-,,0,1,0,0,1,0,0,0,0,"- ","- ",,,"SAN DIEGO","SAN DIEGO",-117.1089813,32.754036540000001
6849162,2015,2015-03-24,3711,2015-03-07,1030,7128,SD,6,5,7,3711,0,0,0,,0,122,"LAMONT ST","GRAND AV",21.00,N,N,A,-,N,,,,,,,,,,N,3,0,1,3,A,-,08,22107,,N,B,G,A,A,H,-,A,D,0,,Y,,,Y,,-,,0,1,0,0,0,0,1,0,0,"- ","- ",,,"SAN DIEGO","SAN DIEGO",-117.23482104999999,32.799244719999997
8020922,2016,2016-08-24,3711,2016-03-25,2038,7212,,5,5,7,3711,0,0,0,,0,518,"BEECH ST","FERN ST",15.00,W,N,A,-,N,,,,,,,,,,N,4,0,2,3,A,-,12,22450,A,N,G,B,B,A,H,-,C,D,0,Y,,,,Y,,-,,0,0,2,0,2,0,0,0,0,"- ","- ",,,"SAN DIEGO","SAN DIEGO",-117.1293886,32.72130945
5455753,2012,2013-06-15,3711,2012-01-02,1845,6570,"SAN D",1,5,7,3711,0,0,0,,0,512,"SOUTH 32ND ST","NATIONAL AV",0.00,,Y,A,-,N,,,,,,,,,,N,3,0,1,2,A,-,10,21950,A,N,G,B,B,A,H,-,C,A,0,Y,,,,Y,,-,"- ",0,1,0,0,1,0,0,0,0,"- ","- ",,,"SAN DIEGO","SAN DIEGO",-117.12532202,32.695954839999999
5732691,2012,2013-11-02,3711,2012-07-10,2100,6594,,2,5,7,3711,0,0,0,,0,712,"CAMINO DE LA PLAZA","SIPES LN",18.00,E,N,A,-,N,,,,,,,,,,,3,0,1,2,A,-,09,21804,A,N,D,G,A,A,H,-,E,D,0,,Y,,,Y,,L,04,0,1,0,0,0,0,1,0,0,"- ","- ",,,"SAN DIEGO","SAN DIEGO",-117.04586269000001,32.54477112
5889554,2012,2014-01-03,3711,2012-11-17,2125,5294,,6,5,7,3711,0,0,0,,0,111,"BALBOA AV","CHARGER BL",0.00,,Y,A,-,N,,,,,,,,,,N,3,0,1,2,A,-,11,21461,5,N,G,B,D,A,H,-,C,A,0,Y,,,,Y,Y,N,60,0,1,0,0,1,0,0,0,0,"- ","- ",,,"SAN DIEGO","SAN DIEGO",-117.16712192,32.820584779999997
5894434,2012,2014-01-16,3711,2012-12-05,1357,5202,,3,5,7,3711,0,0,0,,0,611,"ROSECRANS ST","ROSECRANS ST 3400",0.00,,-,A,-,N,,,,,,,,,,N,4,0,1,2,A,-,09,21804,A,N,D,G,A,A,H,-,A,D,0,,Y,,,Y,,A,01,0,0,1,0,0,0,1,0,0,"- ","- ",,,"SAN DIEGO","SAN DIEGO",-117.2065419,32.749262360000003
5901197,2012,2014-01-13,3711,2012-12-12,1750,6070,,3,5,7,3711,0,0,0,,0,114,"GENESEE AV","LEHRER DR",35.00,N,N,-,-,N,,,,,,,,,,N,4,0,1,2,-,-,"- ",,,N,G,B,D,-,-,-,-,A,0,Y,,,,Y,,-,"- ",0,0,1,0,1,0,0,0,0,"- ","- ",,,"SAN DIEGO","SAN DIEGO",-117.19598442,32.83781664
5910838,2013,2015-01-15,3711,2013-07-15,0740,6292,,1,5,7,3711,0,0,0,,0,312,"CLAIREMONT MESA BL","LA CUENTA DR",508.00,E,N,A,-,N,,,,,,,,,,Y,1,1,0,2,A,-,11,21954,A,N,G,B,D,A,H,-,A,D,0,Y,,,,Y,,N,60,0,0,0,1,0,0,0,0,0,"- ","- ",,,"SAN DIEGO","SAN DIEGO",-117.0942455,32.827183499999997
8688576,2018,2018-10-02,3711,2018-06-14,2026,7446,,4,5,7,3711,0,0,0,,0,721,"SATURN BL","PALM AV",3.00,W,N,A,-,N,,,,,,,,,,N,4,0,1,2,A,-,12,21453,A,N,G,G,A,A,H,-,C,A,0,,Y,,,Y,,L,04,0,0,1,0,0,0,1,0,0,"- ","- ",,,"SAN DIEGO","SAN DIEGO",-117.09262847900391,32.583740234375
8775069,2018,2019-01-12,3711,2018-12-26,1645,7387,,3,5,7,3711,0,0,0,,0,813,"ARIZONA ST","EL CAJON BL",0.00,,-,A,-,N,,,,,,,,,,Y,3,0,1,5,A,-,08,22107,,N,C,B,F,A,H,-,A,D,0,Y,,,,Y,,A,01,0,1,0,0,1,0,0,0,0,"- ","- ",,,"SAN DIEGO","SAN DIEGO",-117.13760375976562,32.755378723144531
8054693,2016,2016-07-12,3711,2016-06-08,2054,6063,,3,5,7,3711,0,0,0,,0,122,THOMAS,INGRAHAM,60.00,W,N,A,-,N,,,,,,,,,,N,4,0,1,2,A,-,03,22350,,N,G,B,E,A,H,-,D,-,0,Y,,,,Y,,-,,0,0,1,0,1,0,0,0,0,"- ","- ",,,"SAN DIEGO","SAN DIEGO",-117.24013889,32.796820400000001
8090895,2016,2016-07-27,3711,2016-07-15,1913,5604,,5,5,7,3711,0,0,0,,0,611,"SPORTS ARENA BL","HANCOCK ST",0.00,,Y,A,-,N,,,,,,,,,,N,3,0,1,2,A,-,12,21453,A,N,G,B,B,A,H,-,B,A,0,Y,,,,Y,,-,,0,1,0,0,1,0,0,0,0,"- ","- ",,,"SAN DIEGO","SAN DIEGO",-117.21714009,32.754670060000002
8165324,2016,2016-11-14,3711,2016-11-02,1601,6796,,3,5,7,3711,0,0,0,,0,447,"BROOKLINE ST","ELM ST",111.00,N,N,A,-,N,,,,,,,,,,N,3,0,1,2,A,-,11,21950,B,N,G,B,E,A,H,-,A,D,0,Y,,,,Y,,N,60,0,1,0,0,1,0,0,0,0,"- ","- ",,,"SAN DIEGO","SAN DIEGO",-117.09136789999999,32.724434039999998
8318976,2017,2017-02-27,3711,2017-02-15,1755,7562,,3,5,7,3711,0,0,0,,0,445,"45TH ST","MARKET ST",2.00,S,N,A,-,N,,,,,,,,,,N,4,0,1,2,A,-,10,21950,A,N,G,B,B,A,H,-,B,A,0,Y,,,,Y,,A,01,0,0,1,0,1,0,0,0,0,"- ","- ",,,"SAN DIEGO","SAN DIEGO",-117.09787117,32.711454609999997
8379045,2017,2017-06-12,3711,2017-05-25,1715,4491,,4,5,7,3711,0,0,0,,0,525,"WEST BROADWAY","FRONT ST",100.00,W,N,A,-,N,,,,,,,,,,N,3,0,1,2,A,-,08,22107,,N,B,G,A,A,H,-,A,A,0,,Y,,,Y,,L,04,0,1,0,0,0,0,1,0,0,"- ","- ",,,"SAN DIEGO","SAN DIEGO",-117.16505402,32.715766360000003
8536511,2018,2018-01-23,3711,2018-01-03,1237,7169,,3,5,7,3711,0,0,0,,0,821,"EL CAJON BL","68TH ST",3.00,N,N,A,-,N,,,,,,,,,,N,4,0,1,2,A,-,05,21650,,N,A,G,A,A,H,-,A,D,0,,Y,,,Y,,L,04,0,0,1,0,0,0,1,0,0,"- ","- ",,,"SAN DIEGO","SAN DIEGO",-117.05148315429688,32.768638610839844
5942082,2013,2014-01-23,3711,2013-01-19,1459,,,6,5,7,3711,0,0,0,,0,529,"LAUREL ST","6TH AV",3.00,S,N,A,-,N,,,,,,,,,,N,4,0,1,2,A,-,09,21801,A,N,-,G,A,A,H,-,A,A,0,,Y,,,Y,,-,"- ",0,0,1,0,0,0,1,0,0,"- ","- ",,,"SAN DIEGO","SAN DIEGO",-117.15942995,32.73139003
6066003,2013,2014-02-21,3711,2013-05-11,0031,5340,,6,5,7,3711,0,0,0,,0,122,"SOUTH ALLEY GARNET AVE","MISSION BL",232.00,E,N,A,-,N,,,,,,,,,,N,3,0,1,2,A,-,11,21954,A,N,G,B,D,A,H,-,D,D,0,Y,,,,Y,Y,N,60,0,1,0,0,1,0,0,0,0,"- ","- ",,,"SAN DIEGO","SAN DIEGO",-117.25461155000001,32.796295919999999
6840454,2015,2015-03-19,3711,2015-02-26,1800,4505,,4,5,7,3711,0,0,0,,0,934,"CARMEL COUNTRY RD","MEADOWS DEL MAR",0.00,,Y,A,-,N,,,,,,,,,,N,4,0,1,2,A,-,09,21453,C,N,D,G,A,A,H,-,C,A,0,,Y,,,Y,,A,01,0,0,1,0,0,0,1,0,0,"- ","- ",,,"SAN DIEGO","SAN DIEGO",-117.21085100000001,32.937364000000002
6978943,2015,2016-11-17,3711,2015-06-18,1809,5046,,4,5,7,3711,0,0,0,,0,531,"6TH AV","ELM ST",11.00,N,N,A,-,Y,SD,11,5,-,R,16.145,R,4,N,N,3,0,1,2,A,-,08,22107,,N,D,G,A,A,H,-,A,A,0,,Y,,,Y,,A,01,0,1,0,0,0,0,1,0,0,"- ","- ",,,"SAN DIEGO","SAN DIEGO",-117.1567565,32.724052520000001
7022228,2015,2015-08-18,3711,2015-07-24,2129,6611,,5,5,7,3711,0,0,0,,0,121,"SANTA CLARA PL","MISSION BL",100.00,E,N,A,-,N,,,,,,,,,,N,3,0,1,2,A,-,08,22107,,M,G,B,E,A,H,-,C,D,0,Y,,,,Y,Y,-,99,0,1,0,0,1,0,0,0,0,"- ","- ",,,"SAN DIEGO","SAN DIEGO",-117.25223883,32.782578119999997
7190987,2016,2016-02-24,3711,2016-01-24,1130,6632,MC2,7,5,7,3711,0,0,0,,0,814,"ADAMS AV","35TH ST",54.00,E,N,A,-,N,,,,,,,,,,N,3,0,1,2,A,-,03,22350,A,N,H,G,A,A,H,-,A,D,0,,Y,,,Y,,L,04,0,1,0,0,0,0,1,0,0,"- ","- ",,,"SAN DIEGO","SAN DIEGO",-117.11714502,32.763325270000003
6060366,2013,2014-02-13,3711,2013-04-16,1300,6691,,2,5,7,3711,0,0,0,,0,721,SATURN,"PALM AV",0.00,,Y,A,-,N,,,,,,,,,,N,4,0,1,2,A,-,10,21950,A,N,G,G,A,A,H,-,A,A,0,,Y,,,Y,,-,"- ",0,0,1,0,0,0,1,0,0,"- ","- ",,,"SAN DIEGO","SAN DIEGO",-117.0926719,32.583914800000002
6082771,2013,2014-02-24,3711,2013-05-24,2023,6120,,5,5,7,3711,0,0,0,,0,834,"UNIVERSITY AV","41ST ST",0.00,,Y,A,-,N,,,,,,,,,,N,3,0,1,2,A,-,11,21456,B,N,A,B,B,A,H,-,C,A,0,Y,,,,Y,,N,60,0,1,0,0,1,0,0,0,0,"- ","- ",,,"SAN DIEGO","SAN DIEGO",-117.106942,32.749654800000002
6197495,2013,2014-03-27,3711,2013-08-26,1810,5491,SAND,1,5,7,3711,0,0,0,,0,526,"BEACH ST","5TH AV",6.00,E,N,A,-,N,,,,,,,,,,N,3,0,1,2,A,-,17,21200,A,N,H,G,A,A,H,-,A,A,0,,Y,,,Y,,L,04,0,1,0,0,0,0,1,0,0,"- ","- ",,,"SAN DIEGO","SAN DIEGO",-117.1602225,32.720894800000003
6212483,2013,2014-04-04,3711,2013-09-11,1455,5600,,3,5,7,3711,0,0,0,,0,242,"MIRA MESA BL","NEW SALEM ST",0.00,,Y,A,-,N,,,,,,,,,,N,4,0,1,2,D,-,00,,,M,D,G,A,A,H,-,A,A,0,,Y,,,Y,,-,"- ",0,0,1,0,0,0,1,0,0,"- ","- ",,,"SAN DIEGO","SAN DIEGO",-117.138532,32.9129048
6433227,2014,2014-06-28,3711,2014-03-01,1252,6146,,6,5,7,3711,0,0,0,,0,242,"MIRA MESA BL","MIRA MESA BL 8200",5.00,N,N,B,-,N,,,,,,,,,,N,4,0,1,2,A,-,11,21456,B,N,G,B,B,B,H,-,A,A,0,Y,,,,Y,,N,60,0,0,1,0,1,0,0,0,0,"- ","- ",,,"SAN DIEGO","SAN DIEGO",,
6560133,2014,2014-08-26,3711,2014-07-07,1754,4759,,1,5,7,3711,0,0,0,,0,122,"INGRAHAM ST","LA PLAYA AV",61.00,S,N,A,-,N,,,,,,,,,,N,3,0,1,2,A,-,11,21954,A,N,D,B,D,A,H,-,A,D,0,Y,,,,Y,,N,60,0,1,0,0,1,0,0,0,0,"- ","- ",,,"SAN DIEGO","SAN DIEGO",-117.23743063000001,32.788578170000001
8438467,2017,2017-08-28,3711,2017-08-11,1304,7344,,5,5,7,3711,0,0,0,,0,826,"WINONA AV","TROJAN AV",0.00,,Y,A,-,N,,,,,,,,,,N,4,0,1,2,A,-,10,21950,A,N,D,B,B,A,H,-,A,D,0,Y,,,,Y,,-,,0,0,1,0,1,0,0,0,0,"- ","- ",,,"SAN DIEGO","SAN DIEGO",-117.08792003000001,32.754920060000003
8447585,2017,2017-10-02,3711,2017-08-22,1325,5572,,2,5,7,3711,0,0,0,,0,326,"MONTEZUMA RD","55TH ST",200.00,E,N,A,-,N,,,,,,,,,,N,4,0,1,2,A,-,04,21703,,N,C,G,A,A,H,-,A,D,0,,Y,,,Y,,L,04,0,0,1,0,0,0,1,0,0,"- ","- ",,,"SAN DIEGO","SAN DIEGO",-117.07561158,32.770710000000001
8481293,2017,2017-12-01,3711,2017-10-03,1533,7633,,2,5,7,3711,0,0,0,,0,611,"SPORTS ARENA BL","EAST DR",1052.00,W,N,A,-,N,,,,,,,,,,,3,0,1,2,A,-,10,21952,,N,G,B,F,A,H,-,A,D,0,Y,,,,Y,,-,,0,1,0,0,1,0,0,0,0,"- ","- ",,,"SAN DIEGO","SAN DIEGO",-117.21166993999999,32.75360104
8574776,2018,2018-03-26,3711,2018-03-03,0238,7484,SANDI,6,5,7,3711,0,0,0,,0,521,"G ST","10TH AV",0.00,,Y,C,-,N,,,,,,,,,,N,4,0,1,2,A,-,10,21950,A,N,G,B,B,B,H,-,C,A,0,Y,,,,Y,Y,-,,0,0,1,0,1,0,0,0,0,"- ","- ",,,"SAN DIEGO","SAN DIEGO",-117.15557861328125,32.712589263916016
8748017,2018,2019-01-25,3711,2018-11-23,1731,8447,,5,5,7,3711,0,0,0,,0,712,"DAIRY MART RD","SAN YSIDRO BL",528.00,N,N,A,-,N,,,,,,,,,,N,4,0,1,2,A,-,21,22106,,N,D,G,A,A,H,-,C,D,0,,Y,,,Y,,-,,0,0,1,0,0,0,1,0,0,"- ","- ",,,"SAN DIEGO","SAN DIEGO",-117.06243896484375,32.561077117919922
7178690,2016,2016-02-18,3711,2016-02-03,1202,5929,,3,5,7,3711,0,0,0,,0,122,"GARNET AV","EVERTS ST",200.00,W,N,A,-,N,,,,,,,,,,N,4,0,1,2,A,-,17,22517,,N,B,G,A,A,H,-,A,A,0,,Y,,,Y,,-,,0,0,1,0,0,0,1,0,0,"- ","- ",,,"SAN DIEGO","SAN DIEGO",-117.24879740999999,32.79800058
8112019,2016,2016-08-31,3711,2016-08-19,1308,6611,,5,5,7,3711,0,0,0,,0,122,"CASS ST","EMERALD ST",50.00,N,N,A,-,N,,,,,,,,,,N,3,0,1,2,A,-,"- ",,,N,B,G,A,A,H,-,A,D,0,,Y,,,Y,,L,04,0,1,0,0,0,0,1,0,0,"- ","- ",,,"SAN DIEGO","SAN DIEGO",-117.25244863,32.799323039999997
8141940,2016,2016-10-13,3711,2016-10-01,1423,5972,,6,5,7,3711,0,0,0,,0,441,"T ST","BOUNDARY ST",250.00,W,N,A,-,N,,,,,,,,,,Y,4,0,1,2,A,-,08,22107,,N,G,B,E,A,H,-,A,D,0,Y,,,,Y,,A,07,0,0,1,0,1,0,0,0,0,"- ","- ",,,"SAN DIEGO","SAN DIEGO",-117.10694989,32.698825669999998
8169749,2016,2017-03-06,3711,2016-11-03,1300,5985,,4,5,7,3711,0,0,0,,0,521,"16TH ST","E ST",80.00,N,N,A,-,Y,SD,11,5,-,R,14.957,R,4,S,N,4,0,1,2,A,-,06,21750,,M,H,G,A,A,H,-,A,D,0,,Y,,,Y,,-,99,0,0,1,0,0,0,1,0,0,"- ","- ",,,"SAN DIEGO","SAN DIEGO",-117.147757,32.712448819999999
8198168,2016,2017-01-26,3711,2016-12-23,1818,7554,"SAN D",5,5,7,3711,0,0,0,,0,122,"LAMONT ST","LAMONT ST 4400",27.00,W,N,A,-,N,,,,,,,,,,N,4,0,1,2,A,-,17,21451,A,N,H,G,A,A,H,-,C,A,0,,Y,,,Y,,L,04,0,0,1,0,0,0,1,0,0,"- ","- ",,,"SAN DIEGO","SAN DIEGO",,
8388170,2017,2017-06-14,3711,2017-06-04,0847,6218,,7,5,7,3711,0,0,0,,0,932,"TORREY PINES RD","CARMEL VALLEY RD",1.00,S,N,E,-,N,,,,,,,,,,N,4,0,1,1,D,-,00,,,N,F,G,A,A,-,-,A,D,0,,Y,,,Y,,-,"- ",0,0,1,0,0,0,1,0,0,"- ","- ",,,"SAN DIEGO","SAN DIEGO",-117.26113014000001,32.940287259999998
6750312,2014,2015-01-29,3711,2014-12-18,0820,6925,,4,5,7,3711,0,0,0,,0,313,RUFFNER,"CLAIREMONT MESA BL",0.00,,Y,A,-,N,,,,,,,,,,,4,0,1,2,A,-,10,21950,A,N,G,B,B,A,H,-,A,A,0,Y,,,,Y,,-,"- ",0,0,1,0,1,0,0,0,0,"- ","- ",,,"SAN DIEGO","SAN DIEGO",-117.15922003999999,32.832700039999999
6767079,2014,2015-02-05,3711,2014-12-24,1026,6104,,3,5,7,3711,0,0,0,,0,611,"ROSECRANS ST","LYTTON ST",36.00,N,N,A,-,N,,,,,,,,,,N,3,0,1,2,A,-,08,22107,,N,D,G,A,A,H,-,A,A,0,,Y,,,Y,,-,,0,1,0,0,0,0,1,0,0,"- ","- ",,,"SAN DIEGO","SAN DIEGO",-117.21253267,32.744400560000003
6793441,2015,2015-02-27,3711,2015-01-21,1802,5804,SANDI,3,5,7,3711,0,0,0,,0,327,"MOHAWK ST","69TH ST",15.00,S,N,B,-,N,,,,,,,,,,N,3,0,1,2,A,-,10,21950,A,N,E,B,D,A,H,-,C,D,0,Y,,,,Y,,-,,0,1,0,0,1,0,0,0,0,"- ","- ",,,"SAN DIEGO","SAN DIEGO",-117.04929,32.76972
7032636,2015,2015-09-03,3711,2015-08-08,0850,6252,TRAFF,6,5,7,3711,0,0,0,,0,614,"VOLTAIRE ST","CABLE ST",95.00,W,N,A,-,N,,,,,,,,,,N,3,0,1,2,A,-,03,22350,,N,D,G,A,A,H,-,A,D,0,,Y,,,Y,,L,04,0,1,0,0,0,0,1,0,0,"- ","- ",,,"SAN DIEGO","SAN DIEGO",-117.24512885,32.751113359999998
7082016,2015,2015-10-17,3711,2015-09-28,1313,7323,,1,5,7,3711,0,0,0,,0,811,"ADAMS AV","BANCROFT ST",0.00,,Y,A,-,N,,,,,,,,,,N,4,0,1,2,A,-,09,21801,A,N,D,G,A,A,H,-,A,D,0,,Y,,,Y,,A,01,0,0,1,0,0,0,1,0,0,"- ","- ",,,"SAN DIEGO","SAN DIEGO",-117.12391004,32.763360050000003
7172485,2016,2016-02-02,3711,2016-01-20,1057,7274,,3,5,7,3711,0,0,0,,0,627,"4TH AV","WALNUT AV",0.00,,Y,A,-,N,,,,,,,,,,N,3,0,1,2,A,-,04,21703,,N,B,G,A,A,H,-,A,D,0,,Y,,,Y,Y,-,,0,1,0,0,0,0,1,0,0,"- ","- ",,,"SAN DIEGO","SAN DIEGO",-117.16135,32.741450110000002
5666739,2012,2013-09-26,3711,2012-06-01,2033,5611,,5,5,7,3711,0,0,0,,0,242,"GOLD COAST DR","GOLD COAST DR 9400",0.00,,Y,A,-,N,,,,,,,,,,N,3,0,1,2,A,-,09,21800,A,N,D,G,A,A,H,-,C,A,0,,Y,,,Y,,L,04,0,1,0,0,0,0,1,0,0,"- ","- ",,,"SAN DIEGO","SAN DIEGO",-117.12420344,32.905351899999999
5735328,2012,2013-09-28,3711,2012-06-28,1321,6511,,4,5,7,3711,0,0,0,,0,122,"GARNET AV","GARNET AV 2100",3.00,N,N,A,-,N,,,,,,,,,,N,4,0,1,2,A,-,05,21650,1,N,D,G,A,A,H,-,A,D,0,,Y,,,Y,Y,L,04,0,0,1,0,0,0,1,0,0,"- ","- ",,,"SAN DIEGO","SAN DIEGO",,