CASE_ID,ACCIDENT_YEAR,PROC_DATE,JURIS,COLLISION_DATE,COLLISION_TIME,OFFICER_ID,REPORTING_DISTRICT,DAY_OF_WEEK,CHP_SHIFT,POPULATION,CNTY_CITY_LOC,SPECIAL_COND,BEAT_TYPE,CHP_BEAT_TYPE,CITY_DIVISION_LAPD,CHP_BEAT_CLASS,BEAT_NUMBER,PRIMARY_RD,SECONDARY_RD,DISTANCE,DIRECTION,INTERSECTION,WEATHER_1,WEATHER_2,STATE_HWY_IND,CALTRANS_COUNTY,CALTRANS_DISTRICT,STATE_ROUTE,ROUTE_SUFFIX,POSTMILE_PREFIX,POSTMILE,LOCATION_TYPE,RAMP_INTERSECTION,SIDE_OF_HWY,TOW_AWAY,COLLISION_SEVERITY,NUMBER_KILLED,NUMBER_INJURED,PARTY_COUNT,PRIMARY_COLL_FACTOR,PCF_CODE_OF_VIOL,PCF_VIOL_CATEGORY,PCF_VIOLATION,PCF_VIOL_SUBSECTION,HIT_AND_RUN,TYPE_OF_COLLISION,MVIW,PED_ACTION,ROAD_SURFACE,ROAD_COND_1,ROAD_COND_2,LIGHTING,CONTROL_DEVICE,CHP_ROAD_TYPE,PEDESTRIAN_ACCIDENT,BICYCLE_ACCIDENT,MOTORCYCLE_ACCIDENT,TRUCK_ACCIDENT,NOT_PRIVATE_PROPERTY,ALCOHOL_INVOLVED,STWD_VEHTYPE_AT_FAULT,CHP_VEHTYPE_AT_FAULT,COUNT_SEVERE_INJ,COUNT_VISIBLE_INJ,COUNT_COMPLAINT_PAIN,COUNT_PED_KILLED,COUNT_PED_INJURED,COUNT_BICYCLIST_KILLED,COUNT_BICYCLIST_INJURED,COUNT_MC_KILLED,COUNT_MC_INJURED,PRIMARY_RAMP,SECONDARY_RAMP,LATITUDE,LONGITUDE,COUNTY,CITY,POINT_X,POINT_Y
8188814,2016,2017-01-06,3711,2016-11-29,1430,6699,,2,5,7,3711,0,0,0,,0,813,"30TH ST",SUNCREST,0.00,,Y,A,-,N,,,,,,,,,,N,4,0,1,2,A,-,08,22107,,N,G,B,B,A,H,-,A,D,0,Y,,,,Y,,-,,0,0,1,0,1,0,0,0,0,"- ","- ",,,"SAN DIEGO","SAN DIEGO",-117.13021007,32.763780109999999
8313251,2017,2017-03-03,3711,2017-02-01,0730,6774,,3,5,7,3711,0,0,0,,0,825,"MARLBOROUGH DR","ADAMS AV",18.00,S,N,A,-,N,,,,,,,,,,Y,2,0,1,2,A,-,10,21950,A,N,G,B,B,A,H,-,A,A,0,Y,,,,Y,Y,D,22,1,0,0,0,1,0,0,0,0,"- ","- ",,,"SAN DIEGO","SAN DIEGO",-117.10633103000001,32.763210700000002
8443823,2017,2017-09-12,3711,2017-08-25,2009,4576,,5,5,7,3711,0,0,0,,0,822,"UIVERSITY AV","54TH ST",545.00,E,N,A,-,N,,,,,,,,,,N,2,0,1,2,A,-,11,21954,A,N,G,B,D,A,H,-,C,D,0,Y,,,,Y,,N,60,1,0,0,0,1,0,0,0,0,"- ","- ",,,"SAN DIEGO","SAN DIEGO",-117.07783360000001,32.748253759999997
8462666,2017,2017-11-27,3711,2017-09-27,2129,7589,,3,5,7,3711,0,0,0,,0,521,"5TH AV","L ST",0.00,,Y,A,-,N,,,,,,,,,,N,3,0,4,2,A,-,03,22350,,N,B,G,A,A,H,-,C,A,0,,Y,,,Y,,L,04,0,4,0,0,0,0,4,0,0,"- ","- ",,,"SAN DIEGO","SAN DIEGO",-117.16021013,32.70727007
8685186,2018,2018-08-23,3711,2018-08-02,1725,7418,,4,5,7,3711,0,0,0,,0,124,"SOLEDAD RD","SOLEDAD MOUNTAIN RD",60.00,W,N,A,-,N,,,,,,,,,,N,3,0,1,2,A,-,08,22107,,M,D,G,A,A,H,-,A,D,0,,Y,,,Y,Y,-,,0,1,0,0,0,0,1,0,0,"- ","- ",,,"SAN DIEGO","SAN DIEGO",-117.24101257324219,32.826580047607422
7157408,2016,2016-01-21,3711,2016-01-06,0726,6869,,3,5,7,3711,0,0,0,,0,813,"EL CAJON BL","UTAH ST",0.00,,Y,B,-,N,,,,,,,,,,N,4,0,1,2,A,-,11,21950,B,M,G,B,B,B,H,-,A,A,0,Y,,,,Y,,-,,0,0,1,0,1,0,0,0,0,"- ","- ",,,"SAN DIEGO","SAN DIEGO",-117.13265011,32.755400020000003
7198839,2016,2016-03-09,3711,2016-02-23,1117,6146,,2,5,7,3711,0,0,0,,0,313,"FARNHAM ST","RUFFIN RD",265.00,E,N,A,-,N,,,,,,,,,,N,4,0,1,2,A,-,09,21804,A,N,B,G,A,A,H,-,A,D,0,,Y,,,Y,,A,07,0,0,1,0,0,0,1,0,0,"- ","- ",,,"SAN DIEGO","SAN DIEGO",-117.12579048000001,32.832804690000003
8039906,2016,2016-05-16,3711,2016-01-07,1058,6810,,4,5,7,3711,0,0,0,,0,931,"CARROLL RD","LIQUID CT",0.00,,Y,B,-,N,,,,,,,,,,Y,4,0,2,2,A,-,09,21802,A,N,D,B,A,A,H,-,A,D,0,,,,,Y,,-,,0,0,2,0,0,0,0,0,0,"- ","- ",,,"SAN DIEGO","SAN DIEGO",-117.17224001,32.885050020000001
8055351,2016,2016-06-08,3711,2016-05-25,1558,7125,,3,5,7,3711,0,0,0,,0,834,"UNIVERSITY AV","FAIRMOUNT AV",0.00,,Y,A,-,N,,,,,,,,,,N,3,0,2,3,A,-,11,21950,B,N,G,B,D,A,H,-,A,A,0,Y,,,,Y,,N,60,0,1,1,0,2,0,0,0,0,"- ","- ",,,"SAN DIEGO","SAN DIEGO",-117.10090012000001,32.749600039999997
8069099,2016,2016-07-11,3711,2016-06-16,1630,7452,,4,5,7,3711,0,0,0,,0,514,"19TH ST","ISLAND AV",24.00,N,N,A,-,N,,,,,,,,,,Y,3,0,1,2,A,-,12,22450,,N,B,G,A,A,H,-,A,D,0,,Y,,,Y,,L,04,0,1,0,0,0,0,1,0,0,"- ","- ",,,"SAN DIEGO","SAN DIEGO",-117.14671067,32.710505740000002
8104684,2016,2016-10-11,3711,2016-08-11,1004,5887,SANDI,4,5,7,3711,0,0,0,,0,712,"CALLE PRIMERA","CALLE PRIMERA 130",10.00,S,N,A,-,N,,,,,,,,,,N,3,0,1,2,A,I,"- ",,,N,G,B,E,A,H,-,A,D,0,Y,,,,Y,,N,60,0,1,0,0,1,0,0,0,0,"- ","- ",,,"SAN DIEGO","SAN DIEGO",,
6785307,2015,2015-03-02,3711,2015-01-09,1750,7164,,5,5,7,3711,0,0,0,,0,312,"SANTO RD","SANTO RD 5900",70.00,W,N,A,-,N,,,,,,,,,,N,4,0,1,2,A,-,08,22107,,N,G,B,D,A,H,-,C,D,0,Y,,,,Y,,-,,0,0,1,0,1,0,0,0,0,"- ","- ",,,"SAN DIEGO","SAN DIEGO",,
6922256,2015,2016-06-06,3711,2015-05-01,1837,6648,,5,5,7,3711,0,0,0,,0,935,"EL CAMINIO REAL","VIA DE LA VALLE",42.00,S,N,-,-,N,,,,,,,,,,,3,0,1,2,A,-,04,21703,,N,-,G,A,-,-,-,-,D,0,,Y,,,Y,,-,,0,1,0,0,0,0,1,0,0,"- ","- ",,,"SAN DIEGO","SAN DIEGO",-117.23048,32.982604940000002
7001234,2015,2015-07-23,3711,2015-05-31,1551,4617,,7,5,7,3711,0,0,0,,0,528,"KETTNER BL","W KALMIA",0.00,,Y,A,-,N,,,,,,,,,,N,3,0,1,2,A,-,07,21658,A,N,G,B,B,A,H,-,A,D,0,Y,,,,Y,,-,,0,1,0,0,1,0,0,0,0,"- ","- ",,,"SAN DIEGO","SAN DIEGO",-117.17155001,32.72904011
7020187,2015,2015-08-19,3711,2015-07-28,1526,6393,,2,5,7,3711,0,0,0,,0,122,"GARNET AV","MISSION BAY DR",0.00,E,N,A,-,N,,,,,,,,,,N,3,0,1,2,A,-,08,22107,,M,B,G,A,A,H,-,-,D,0,,Y,,,Y,,-,,0,1,0,0,0,0,1,0,0,"- ","- ",32.806249999999999,-117.21852,"SAN DIEGO","SAN DIEGO",-117.21897002,32.806150100000004
7108625,2015,2015-11-07,3711,2015-10-25,1557,7303,MIDCI,7,5,7,3711,0,0,0,,0,813,"PARK BL",UNIVERSITY,50.00,S,N,A,-,N,,,,,,,,,,N,3,0,1,2,A,-,11,21955,,N,G,B,D,A,H,-,A,A,0,Y,,,,Y,,N,60,0,1,0,0,1,0,0,0,0,"- ","- ",,,"SAN DIEGO","SAN DIEGO",-117.14641,32.748313029999998
7128761,2015,2015-12-10,3711,2015-11-18,2135,6702,,3,5,7,3711,0,0,0,,0,723,"DEL SOL BL","PICADOR BL",0.00,,Y,A,-,N,,,,,,,,,,N,3,0,1,2,D,-,00,,,M,G,B,B,A,H,-,C,A,0,Y,,,,Y,,-,"- ",0,1,0,0,1,0,0,0,0,"- ","- ",,,"SAN DIEGO","SAN DIEGO",-117.05401003,32.573300060000001
6459515,2014,2014-07-31,3711,2014-05-17,0155,6614,,6,5,7,3711,0,0,0,,0,122,"GRAND AV","HAINES ST",5.00,W,N,A,-,N,,,,,,,,,,N,3,0,1,2,A,-,11,21950,B,N,G,B,D,A,H,-,C,D,0,Y,,,,Y,Y,N,60,0,1,0,0,1,0,0,0,0,"- ","- ",,,"SAN DIEGO","SAN DIEGO",-117.24214572,32.797516620000003
6486002,2014,2014-07-24,3711,2014-05-14,1719,6666,SANDI,3,5,7,3711,0,0,0,,0,122,"FELSPAR ST","MISSION BL",10.00,W,N,A,-,N,,,,,,,,,,N,3,0,1,2,A,-,08,22107,,N,B,B,-,A,H,-,A,A,0,Y,,,,Y,,-,,0,1,0,0,1,0,0,0,0,"- ","- ",,,"SAN DIEGO","SAN DIEGO",-117.25579139,32.797473080000003
6510650,2014,2014-08-23,3711,2014-06-02,1652,6066,,1,5,7,3711,0,0,0,,0,111,"CLAIREMONT MESA BL","GENESEE AV",180.00,W,N,A,-,N,,,,,,,,,,N,3,0,1,2,A,-,09,21804,A,N,D,G,A,A,H,-,A,D,0,,Y,,,Y,,A,01,0,1,0,0,0,0,1,0,0,"- ","- ",,,"SAN DIEGO","SAN DIEGO",-117.19548399,32.834481150000002
6524197,2014,2014-08-06,3711,2014-05-04,2242,4576,,7,5,7,3711,0,0,0,,0,826,"EUCLID AV","POLK AV",49.00,N,N,B,-,N,,,,,,,,,,N,3,0,1,2,A,-,"- ",,,M,G,B,E,A,H,-,D,D,0,Y,,,,Y,,N,60,0,1,0,0,1,0,0,0,0,"- ","- ",,,"SAN DIEGO","SAN DIEGO",-117.09226846999999,32.751484210000001
6668845,2014,2014-12-12,3711,2014-10-10,1733,6648,,5,5,7,3711,0,0,0,,0,825,RIDGEWAY,PALISADES,260.00,E,N,A,-,N,,,,,,,,,,N,3,0,1,2,A,-,21,22106,,N,B,G,A,A,H,-,A,D,0,,Y,,,Y,,-,,0,1,0,0,0,0,1,0,0,"- ","- ",,,"SAN DIEGO","SAN DIEGO",-117.10476849,32.77409917
6731870,2014,2015-01-29,3711,2014-12-07,1300,4759,,7,5,7,3711,0,0,0,,0,122,"LA JOLLA MESA DR","VAN NUYS ST",6.00,N,N,B,-,N,,,,,,,,,,,3,0,1,2,A,-,10,21950,A,N,B,B,B,A,H,-,A,D,0,Y,,,,Y,,-,,0,1,0,0,1,0,0,0,0,"- ","- ",,,"SAN DIEGO","SAN DIEGO",-117.26010479999999,32.811435930000002
5889567,2012,2014-01-03,3711,2012-11-29,0940,3719,,4,5,7,3711,0,0,0,,0,832,ORANGE,"42ND ST",0.00,,Y,A,-,N,,,,,,,,,,N,4,0,1,2,A,-,05,21650,1,N,D,G,A,A,H,-,A,A,0,,Y,,,Y,,L,04,0,0,1,0,0,0,1,0,0,"- ","- ",,,"SAN DIEGO","SAN DIEGO",-117.10507196,32.75320481
5896677,2012,2014-01-03,3711,2012-11-01,2150,6949,,4,5,7,3711,0,0,0,,0,122,"SOLEDAD MOUNTAIN RD","BERYL ST",70.00,S,N,A,-,N,,,,,,,,,,N,3,0,1,2,A,-,03,22350,,N,B,G,A,A,H,-,C,A,0,,Y,,,Y,,L,04,0,1,0,0,0,0,1,0,0,"- ","- ",,,"SAN DIEGO","SAN DIEGO",-117.23005151,32.808950760000002
5961243,2012,2014-01-14,3711,2012-12-21,1723,6940,,5,5,7,3711,0,0,0,,0,511,"HARBOR DR","CESAR E CHAVEZ PKWY",21.00,N,N,A,-,N,,,,,,,,,,N,4,0,1,2,A,-,10,21952,,N,-,G,A,A,H,-,C,A,0,,Y,,,Y,,-,"- ",0,0,1,0,0,0,1,0,0,"- ","- ",,,"SAN DIEGO","SAN DIEGO",-117.14754438999999,32.698221349999997
6015713,2013,2014-10-22,3711,2013-03-18,1936,4320,,1,5,7,3711,0,0,0,,0,529,"DATE ST","4TH AV",4.00,E,N,B,-,Y,SD,11,163,-,-,1.019,R,1,N,N,3,0,1,2,A,-,11,21950,B,N,G,B,D,A,H,-,B,D,0,Y,,,,Y,Y,N,60,0,1,0,0,1,0,0,0,0,"- ","- ",,,"SAN DIEGO","SAN DIEGO",-117.1558718,32.726384799999998
6246402,2013,2014-04-19,3711,2013-10-04,2248,3792,3711,5,5,7,3711,0,0,0,,0,451,"EUCLID AV","FEDERAL BL",29.00,N,N,A,-,N,,,,,,,,,,N,2,0,1,2,A,-,11,21453,D,N,G,B,D,A,H,-,C,A,0,Y,,,,Y,Y,N,60,1,0,0,0,1,0,0,0,0,"- ","- ",,,"SAN DIEGO","SAN DIEGO",-117.08492270000001,32.721474200000003
6251368,2013,2014-04-28,3711,2013-10-14,0805,LFISHER,SANDI,1,5,7,3711,0,0,0,,0,233,"TWIN TRAILS DR","TRAIL DUST AV",58.00,W,N,A,-,N,,,,,,,,,,Y,4,0,2,4,A,-,"- ",,,N,B,B,E,A,H,-,A,D,0,Y,,,,Y,,-,"- ",0,0,2,0,2,0,0,0,0,"- ","- ",,,"SAN DIEGO","SAN DIEGO",-117.13036409999999,32.958055299999998
5795337,2012,2013-10-17,3711,2012-07-29,2104,6624,,7,5,7,3711,0,0,0,,0,531,"UPAS ST",ARNOLD,70.00,E,N,A,-,N,,,,,,,,,,N,3,0,1,1,D,-,00,,,N,H,G,A,A,H,-,C,D,0,,Y,,,Y,,-,"- ",0,1,0,0,0,0,1,0,0,"- ","- ",,,"SAN DIEGO","SAN DIEGO",-117.13664501,32.740944769999999
5811427,2012,2013-12-04,3711,2012-09-11,1151,6366,,2,5,7,3711,0,0,0,,0,321,"FAIRMOUNT AV","LIGHT POLE #6342",16.00,N,N,B,-,N,,,,,,,,,,N,3,0,1,2,A,-,08,22107,,N,B,G,A,A,H,-,A,D,0,,Y,,,Y,,L,04,0,1,0,0,0,0,1,0,0,"- ","- ",,,"SAN DIEGO","SAN DIEGO",,
5893827,2012,2014-03-20,3711,2012-11-27,1120,2454,,2,5,7,3711,0,0,0,,0,124,"VIA CAPRI","VIA SIENNA",0.00,,Y,A,-,N,,,,,,,,,,N,3,0,1,2,A,-,03,22350,,N,D,G,A,A,H,-,A,D,0,,Y,,,Y,,L,04,0,1,0,0,0,0,1,0,0,"- ","- ",,,"SAN DIEGO","SAN DIEGO",-117.25301193,32.844374870000003
5893831,2012,2013-12-31,3711,2012-11-26,2243,6292,,1,5,7,3711,0,0,0,,0,122,"INGRAHAM ST","MOORLAND DR",0.00,,Y,A,-,N,,,,,,,,,,N,3,0,1,2,A,-,08,22107,,N,B,G,A,A,H,-,C,D,0,,Y,,,Y,Y,L,04,0,1,0,0,0,0,1,0,0,"- ","- ",,,"SAN DIEGO","SAN DIEGO",-117.23690194,32.786784859999997
6004098,2013,2014-01-31,3711,2013-02-25,0719,6199,,1,5,7,3711,0,0,0,,0,831,"HIGHLAND AV","EL CAJON BL",117.00,S,N,A,-,N,,,,,,,,,,N,4,0,1,3,A,-,17,22517,,N,H,G,A,A,H,-,A,D,0,,Y,,,Y,,-,"- ",0,0,1,0,0,0,1,0,0,"- ","- ",,,"SAN DIEGO","SAN DIEGO",-117.09870279,32.754819120000001
6017879,2013,2014-02-03,3711,2013-03-21,1015,6531,,4,5,7,3711,0,0,0,,0,524,"5TH ST","A ST",1.00,N,N,A,-,N,,,,,,,,,,N,3,0,1,2,A,-,11,21950,B,N,G,B,B,A,H,-,A,A,0,Y,,,,Y,,-,"- ",0,1,0,0,1,0,0,0,0,"- ","- ",,,"SAN DIEGO","SAN DIEGO",-117.1602219,32.718827500000003
8311880,2017,2017-03-14,3711,2017-01-13,0626,6764,,5,5,7,3711,0,0,0,,0,524,"B ST","6TH AV",5.00,W,N,C,-,N,,,,,,,,,,N,2,0,1,2,A,-,10,21950,A,N,G,B,B,B,H,-,C,A,0,Y,,,,Y,,A,08,1,0,0,0,1,0,0,0,0,"- ","- ",,,"SAN DIEGO","SAN DIEGO",-117.1592862,32.717799999999997
8590323,2018,2018-04-10,3711,2018-03-17,0901,6764,,6,5,7,3711,0,0,0,,0,112,"GENESEE AV","MOUNT FORAKER AV",0.00,,Y,C,-,N,,,,,,,,,,N,3,0,1,2,A,-,10,21950,A,N,G,B,B,B,H,-,A,A,0,Y,,,,Y,,D,22,0,1,0,0,1,0,0,0,0,"- ","- ",,,"SAN DIEGO","SAN DIEGO",-117.18778228759766,32.825061798095703
8592386,2018,2018-04-18,3711,2018-03-19,1400,7136,,1,5,7,3711,0,0,0,,0,521,"14TH ST","J ST",5.00,S,N,A,-,N,,,,,,,,,,N,4,0,1,2,A,-,11,21954,A,N,G,B,B,A,H,-,A,A,0,Y,,,,Y,,N,60,0,0,1,0,1,0,0,0,0,"- ","- ",,,"SAN DIEGO","SAN DIEGO",-117.15189361572266,32.709415435791016
8603758,2018,2018-05-08,3711,2018-04-20,1508,7180,,5,5,7,3711,0,0,0,,0,627,"UNIVERSITY AV","5TH AV",0.00,,Y,A,-,N,,,,,,,,,,N,3,0,1,2,A,-,12,21453,A,N,G,B,B,A,H,-,A,A,0,Y,,,,Y,Y,A,01,0,1,0,0,1,0,0,0,0,"- ","- ",,,"SAN DIEGO","SAN DIEGO",-117.16043853759766,32.748271942138672
8648042,2018,2020-05-26,3711,2018-03-22,0025,4576,,4,5,7,3711,0,0,0,,0,628,"WEST WASHINGTON ST","UNIVERSITY AV",325.00,W,N,B,-,N,,,,,,,,,,N,1,1,0,2,A,-,11,21954,A,F,G,B,E,A,H,-,C,D,0,Y,,,,Y,Y,N,60,0,0,0,1,0,0,0,0,0,"- ","- ",,,"SAN DIEGO","SAN DIEGO",-117.174556,32.748277000000002
7137133,2015,2015-12-17,3711,2015-12-08,0810,4684,,2,5,7,3711,0,0,0,,0,122,"DAMON AV","MISSION BAY",100.00,E,N,A,-,N,,,,,,,,,,N,3,0,1,2,A,-,09,21802,A,N,D,G,A,A,H,-,A,D,0,,Y,,,Y,,-,,0,1,0,0,0,0,1,0,0,"- ","- ",,,"SAN DIEGO","SAN DIEGO",-117.21908659,32.807628149999999
7184557,2016,2016-02-19,3711,2016-02-05,1644,7399,,5,5,7,3711,0,0,0,,0,122,"FANUEL ST","LORING ST",18.00,N,N,A,-,N,,,,,,,,,,N,4,0,1,2,A,-,09,21802,A,N,B,G,A,A,H,-,A,D,0,,Y,Y,,Y,,C,06,0,0,1,0,0,0,1,0,0,"- ","- ",,,"SAN DIEGO","SAN DIEGO",-117.24893462,32.807047750000002
7209363,2016,2016-03-16,3711,2016-03-03,2327,5985,,4,5,7,3711,0,0,0,,0,521,"G ST","14TH ST",97.00,E,N,A,-,N,,,,,,,,,,N,3,0,1,2,A,-,11,21955,,N,G,B,D,A,H,-,C,D,0,Y,,,,Y,Y,N,60,0,1,0,0,1,0,0,0,0,"- ","- ",,,"SAN DIEGO","SAN DIEGO",-117.1516057,32.712612040000003
8095402,2016,2016-08-03,3711,2016-07-24,0048,5555,,7,5,7,3711,0,0,0,,0,522,"ISLAND AV","3RD AV",10.00,S,N,A,-,N,,,,,,,,,,N,4,0,1,2,A,-,12,22450,A,M,D,B,B,A,H,-,C,D,0,Y,,,,Y,Y,-,,0,0,1,0,1,0,0,0,0,"- ","- ",,,"SAN DIEGO","SAN DIEGO",-117.16198,32.710439999999998
8146697,2016,2016-10-18,3711,2016-10-09,1945,7510,,7,5,7,3711,0,0,0,,0,324,"BALLINGER AV","BALLINGER AV 6648",0.00,,Y,A,-,N,,,,,,,,,,N,3,0,1,2,A,-,"- ",,,N,G,B,E,A,H,-,C,D,0,Y,,,,Y,,-,,0,1,0,0,1,0,0,0,0,"- ","- ",,,"SAN DIEGO","SAN DIEGO",-117.02347398000001,32.804821910000001
8203089,2016,2017-01-06,3711,2016-12-21,2159,7265,,3,5,7,3711,0,0,0,,0,624,"MISSISSIPPI ST","HOWARD AV",14.00,N,N,C,-,N,,,,,,,,,,N,4,0,1,2,A,-,08,22107,,N,G,B,B,B,H,-,C,-,0,Y,,,,Y,,-,,0,0,1,0,1,0,0,0,0,"- ","- ",,,"SAN DIEGO","SAN DIEGO",-117.14128062,32.754068349999997
6158658,2013,2014-03-18,3711,2013-07-24,1845,6120,,3,5,7,3711,0,0,0,,0,813,"30TH ST","GUNN ST",85.00,N,N,A,-,N,,,,,,,,,,N,3,0,1,2,B,-,22,,,N,H,G,A,A,H,-,A,D,0,,Y,,,Y,,-,"- ",0,1,0,0,0,0,1,0,0,"- ","- ",,,"SAN DIEGO","SAN DIEGO",-117.13008189999999,32.7465276
6381851,2014,2014-06-18,3711,2014-02-14,1127,6971,MCI,5,5,7,3711,0,0,0,,0,834,"UNIVERSITY AV","43RD ST",0.00,,Y,A,-,N,,,,,,,,,,N,4,0,1,2,A,-,10,21950,A,N,G,B,B,A,H,-,A,A,0,Y,,,,Y,,-,,0,0,1,0,1,0,0,0,0,"- ","- ",,,"SAN DIEGO","SAN DIEGO",-117.10202012000001,32.749620110000002
6382104,2014,2014-06-18,3711,2014-02-06,1744,6174,SD,4,5,7,3711,0,0,0,,0,624,"POLK AV",PARK,172.00,E,N,C,-,N,,,,,,,,,,N,4,0,1,2,A,-,11,21954,A,N,G,B,D,B,H,-,D,D,0,Y,,,,Y,,N,60,0,0,1,0,1,0,0,0,0,"- ","- ",,,"SAN DIEGO","SAN DIEGO",-117.1459579,32.752180000000003
6450992,2014,2014-07-03,3711,2014-03-25,0740,5958,,2,5,7,3711,0,0,0,,0,242,"MIRA MESA BL","MARBURY AV",0.00,,Y,B,-,N,,,,,,,,,,N,3,0,1,2,A,-,09,21453,B,N,G,B,C,A,H,-,A,A,0,Y,,,,Y,,-,,0,1,0,0,1,0,0,0,0,"- ","- ",,,"SAN DIEGO","SAN DIEGO",-117.12986008,32.916110080000003
6955849,2015,2015-07-06,3711,2015-06-02,1619,4116,,2,5,7,3711,0,0,0,,0,312,"PORTOBELO DR","11300 PORTOBELO DR",0.00,,Y,A,-,N,,,,,,,,,,N,3,0,1,2,A,-,09,21804,A,N,D,G,A,A,H,-,A,D,0,,Y,,,Y,,-,,0,1,0,0,0,0,1,0,0,"- ","- ",,,"SAN DIEGO","SAN DIEGO",-117.08503157,32.840688280000002
7099503,2015,2015-10-24,3711,2015-10-01,0727,6213,,4,5,7,3711,0,0,0,,0,446,"FRANKLIN AV","47TH ST",0.00,,N,A,-,N,,,,,,,,,,N,4,0,1,2,A,-,11,21954,A,N,G,B,D,A,H,-,A,D,0,Y,,,,Y,,N,60,0,0,1,0,1,0,0,0,0,"- ","- ",,,"SAN DIEGO","SAN DIEGO",-117.0937201,32.702280029999997
5457205,2012,2013-06-13,3711,2012-01-20,1810,6156,SD,5,5,7,3711,0,0,0,,0,113,"JUTLAND DR","LUNA AV",10.00,E,Y,-,-,N,,,,,,,,,,N,4,0,1,2,A,-,09,21801,A,N,G,B,B,-,G,-,-,D,0,Y,,,,Y,,A,01,0,0,1,0,1,0,0,0,0,"- ","- ",,,"SAN DIEGO","SAN DIEGO",-117.21657930000001,32.831330010000002
5558294,2012,2013-07-30,3711,2012-03-26,1900,6511,,1,5,7,3711,0,0,0,,0,122,"DIAMOND ST","LAMONT ST",0.00,,Y,A,-,N,,,,,,,,,,N,4,0,1,2,A,-,12,22450,A,N,D,G,A,A,H,-,B,A,0,,Y,,,Y,,L,04,0,0,1,0,0,0,1,0,0,"- ","- ",,,"SAN DIEGO","SAN DIEGO",-117.23622193,32.803784829999998
5645715,2012,2013-09-14,3711,2012-05-26,1541,5051,,6,5,7,3711,0,0,0,,0,624,"FLORIDA ST","EL CAJON BL",48.00,S,N,A,-,N,,,,,,,,,,N,3,0,1,2,A,-,09,21804,A,N,D,G,A,A,H,-,A,A,0,,Y,,,Y,,A,07,0,1,0,0,0,0,1,0,0,"- ","- ",,,"SAN DIEGO","SAN DIEGO",-117.1437919,32.75519328
5821447,2012,2014-03-17,3711,2012-10-02,1640,5046,,2,5,7,3711,0,0,0,,0,625,"HARNEY ST","JUAN ST",0.00,,Y,A,-,N,,,,,,,,,,N,3,0,1,2,A,-,12,22450,A,M,-,G,A,A,H,-,A,A,0,,Y,,,Y,,-,99,0,1,0,0,0,0,1,0,0,"- ","- ",,,"SAN DIEGO","SAN DIEGO",-117.19395197,32.753904859999999
5873282,2012,2014-01-07,3711,2012-11-12,0725,5300,,1,5,7,3711,0,0,0,,0,,"DRAPER AV","PEARL ST",0.00,,Y,A,-,N,,,,,,,,,,N,3,0,1,2,A,-,10,21950,A,N,G,B,B,A,H,-,A,A,0,Y,,,,Y,,-,"- ",0,1,0,0,1,0,0,0,0,"- ","- ",,,"SAN DIEGO","SAN DIEGO",-117.27611202999999,32.839664849999998
5972770,2012,2014-01-13,3711,2012-12-19,1617,5812,,3,5,7,3711,0,0,0,,0,124,"AVENIDA MANNA","NAUTILUS ST",0.00,,Y,A,-,N,,,,,,,,,,N,3,0,1,2,A,-,09,21800,D,N,B,G,A,A,H,-,A,D,0,,Y,,,Y,,-,"- ",0,1,0,0,0,0,1,0,0,"- ","- ",,,"SAN DIEGO","SAN DIEGO",-117.26670194,32.831364800000003
8707810,2018,2018-10-10,3711,2018-09-22,1624,7770,SDPD,6,5,7,3711,0,0,0,,0,825,"FAIRMONT AV","FAIRMONT AV 5300",0.00,,-,A,-,N,,,,,,,,,,N,3,0,1,2,A,-,08,22107,,N,C,G,A,A,H,-,A,D,0,,Y,,,Y,,L,04,0,1,0,0,0,0,1,0,0,"- ","- ",,,"SAN DIEGO","SAN DIEGO",-117.09709078,32.77274654
8710640,2018,2018-10-18,3711,2018-09-28,0700,6418,,5,5,7,3711,0,0,0,,0,114,"APPLETON ST","GENESEE AV",0.00,,N,B,-,N,,,,,,,,,,N,3,0,1,2,A,-,10,21950,A,N,G,B,B,A,H,-,B,A,0,Y,,,,Y,,D,22,0,1,0,0,1,0,0,0,0,"- ","- ",,,"SAN DIEGO","SAN DIEGO",-117.19600677490234,32.837680816650391
90827299,2018,2018-10-03,9645,2018-07-08,2154,021359,,7,2,7,3711,0,1,3,,2,006,"STATE ROUTE 94 WESTBOUND","30TH STREET OVERCROSSING",224.00,E,N,A,-,Y,,,94,,,,,,W,N,1,1,0,2,A,-,11,21954,A,F,G,B,E,A,H,-,D,D,0,Y,,,,Y,,N,60,0,0,0,1,0,0,0,0,0,"- ","- ",32.713981628417969,-117.12902069091797,"SAN DIEGO","SAN DIEGO",-117.12900543212891,32.713912963867188
8203008,2016,2017-01-13,3711,2016-12-19,1830,6339,,1,5,7,3711,0,0,0,,0,242,"MIRA MESA BL","CAMINO RUIZ",100.00,E,N,A,-,N,,,,,,,,,,N,4,0,1,2,A,-,09,21804,,M,D,G,A,A,H,-,C,D,0,,Y,,,Y,,-,,0,0,1,0,0,0,1,0,0,"- ","- ",,,"SAN DIEGO","SAN DIEGO",-117.14367559,32.91283