CASE_ID,ACCIDENT_YEAR,PROC_DATE,JURIS,COLLISION_DATE,COLLISION_TIME,OFFICER_ID,REPORTING_DISTRICT,DAY_OF_WEEK,CHP_SHIFT,POPULATION,CNTY_CITY_LOC,SPECIAL_COND,BEAT_TYPE,CHP_BEAT_TYPE,CITY_DIVISION_LAPD,CHP_BEAT_CLASS,BEAT_NUMBER,PRIMARY_RD,SECONDARY_RD,DISTANCE,DIRECTION,INTERSECTION,WEATHER_1,WEATHER_2,STATE_HWY_IND,CALTRANS_COUNTY,CALTRANS_DISTRICT,STATE_ROUTE,ROUTE_SUFFIX,POSTMILE_PREFIX,POSTMILE,LOCATION_TYPE,RAMP_INTERSECTION,SIDE_OF_HWY,TOW_AWAY,COLLISION_SEVERITY,NUMBER_KILLED,NUMBER_INJURED,PARTY_COUNT,PRIMARY_COLL_FACTOR,PCF_CODE_OF_VIOL,PCF_VIOL_CATEGORY,PCF_VIOLATION,PCF_VIOL_SUBSECTION,HIT_AND_RUN,TYPE_OF_COLLISION,MVIW,PED_ACTION,ROAD_SURFACE,ROAD_COND_1,ROAD_COND_2,LIGHTING,CONTROL_DEVICE,CHP_ROAD_TYPE,PEDESTRIAN_ACCIDENT,BICYCLE_ACCIDENT,MOTORCYCLE_ACCIDENT,TRUCK_ACCIDENT,NOT_PRIVATE_PROPERTY,ALCOHOL_INVOLVED,STWD_VEHTYPE_AT_FAULT,CHP_VEHTYPE_AT_FAULT,COUNT_SEVERE_INJ,COUNT_VISIBLE_INJ,COUNT_COMPLAINT_PAIN,COUNT_PED_KILLED,COUNT_PED_INJURED,COUNT_BICYCLIST_KILLED,COUNT_BICYCLIST_INJURED,COUNT_MC_KILLED,COUNT_MC_INJURED,PRIMARY_RAMP,SECONDARY_RAMP,LATITUDE,LONGITUDE,COUNTY,CITY,POINT_X,POINT_Y
8329744,2017,2017-03-29,3711,2017-03-13,0300,6J42,,1,5,7,3711,0,0,0,,0,432,"OLVERA AV","SAN ONOFRE",20.00,E,N,E,-,N,,,,,,,,,,N,4,0,1,1,A,-,21,22106,,N,G,B,A,A,H,-,-,D,0,,,,,Y,Y,-,,0,0,1,0,0,0,0,0,0,"- ","- ",,,"SAN DIEGO","SAN DIEGO",-117.07748719999999,32.698873460000002
8408565,2017,2017-07-31,3711,2017-07-17,1857,7160,SD,1,5,7,3711,0,0,0,,0,312,"SALMON ST","SAMPLE ST",380.00,S,N,A,-,N,,,,,,,,,,N,3,0,1,2,A,-,00,21954,,N,G,B,E,A,H,-,A,D,0,Y,,,,Y,Y,N,60,0,1,0,0,1,0,0,0,0,"- ","- ",,,"SAN DIEGO","SAN DIEGO",-117.10640642,32.802250860000001
8456252,2017,2017-09-27,3711,2017-09-06,2055,7178,CEN,3,5,7,3711,0,0,0,,0,521,"COMMERCIAL ST","16TH ST",0.00,,Y,A,-,N,,,,,,,,,,N,3,0,1,2,A,-,10,21950,A,M,G,B,B,A,H,-,C,A,0,Y,,,,Y,,-,,0,1,0,0,1,0,0,0,0,"- ","- ",,,"SAN DIEGO","SAN DIEGO",-117.14944013,32.70523008
8478172,2017,2017-12-06,3711,2017-10-11,1150,6753,SANDI,3,5,7,3711,0,0,0,,0,627,"5TH AV",5TH,12.00,E,N,A,-,N,,,,,,,,,,N,4,0,1,2,A,-,21,22106,,N,G,B,B,A,H,-,A,A,0,Y,,,,Y,,A,01,0,0,1,0,1,0,0,0,0,"- ","- ",,,"SAN DIEGO","SAN DIEGO",-117.15793005,32.837640039999997
8649264,2018,2018-07-30,3711,2018-07-04,1515,7718,,3,5,7,3711,0,0,0,,0,613,"VOLTAIRE ST","WORDEN ST",162.00,E,N,A,-,N,,,,,,,,,,N,3,0,1,2,A,-,09,21801,A,N,D,G,A,A,H,-,A,D,0,,Y,,,Y,,-,,0,1,0,0,0,0,1,0,0,"- ","- ",,,"SAN DIEGO","SAN DIEGO",-117.22988891601562,32.740676879882812
7103004,2015,2015-10-29,3711,2015-10-07,1637,7330,,3,5,7,3711,0,0,0,,0,831,"FAIRMOUNT AV","ORANGE AV",9.00,S,N,A,-,N,,,,,,,,,,N,4,0,1,2,A,-,05,21202,A,N,H,G,A,A,H,-,A,A,0,,Y,,,Y,,L,04,0,0,1,0,0,0,1,0,0,"- ","- ",,,"SAN DIEGO","SAN DIEGO",-117.10086042,32.753145349999997
7142230,2015,2015-12-28,3711,2015-12-09,0728,6034,,3,5,7,3711,0,0,0,,0,529,"6TH AV","KALMIA ST",0.00,,Y,A,-,N,,,,,,,,,,Y,3,0,1,2,A,-,11,21954,A,N,G,B,B,A,H,-,A,D,0,Y,,,,Y,,N,60,0,1,0,0,1,0,0,0,0,"- ","- ",,,"SAN DIEGO","SAN DIEGO",-117.15941008,32.73034002
8151994,2016,2016-10-28,3711,2016-10-18,0821,7005,"SAN D",2,5,7,3711,0,0,0,,0,813,"ALABAMA ST","UNIVERSITY AV",2.00,N,N,A,-,N,,,,,,,,,,N,3,0,1,2,A,-,03,22350,,N,D,G,A,A,H,-,A,D,0,,Y,,,Y,,L,04,0,1,0,0,0,0,1,0,0,"- ","- ",,,"SAN DIEGO","SAN DIEGO",-117.14251003,32.748445480000001
8164000,2016,2016-12-21,3711,2016-10-26,1723,7492,,3,5,7,3711,0,0,0,,0,517,"A ST","28TH ST",0.00,,Y,A,-,N,,,,,,,,,,N,4,0,1,2,A,-,12,22450,A,N,G,G,A,A,H,-,A,A,0,,Y,,,Y,,L,04,0,0,1,0,0,0,1,0,0,"- ","- ",,,"SAN DIEGO","SAN DIEGO",-117.13387,32.718980109999997
8178672,2016,2016-12-06,3711,2016-11-22,1102,8192,,2,5,7,3711,0,0,0,,0,836,"FAIRMOUNT AV","QUINCE ST",0.00,S,N,A,-,N,,,,,,,,,,N,4,0,1,2,A,-,17,21663,,N,D,G,A,A,H,-,A,-,0,,Y,,,Y,,L,04,0,0,1,0,0,0,1,0,0,"- ","- ",,,"SAN DIEGO","SAN DIEGO",-117.1010101,32.736850060000002
8194546,2016,2017-01-19,3711,2016-12-09,1838,7154,,5,5,7,3711,0,0,0,,0,627,"UNIVERSITY AV","UNIVERSITY AV 100",0.00,,Y,A,-,N,,,,,,,,,,N,4,0,1,2,A,-,10,21950,A,N,D,B,B,A,H,-,C,A,0,Y,,,,Y,,-,,0,0,1,0,1,0,0,0,0,"- ","- ",,,"SAN DIEGO","SAN DIEGO",-117.16389993999999,32.748270050000002
6529792,2014,2014-08-20,3711,2014-06-17,0754,5197,,2,5,7,3711,0,0,0,,0,526,"CEDAR ST","5TH AV",0.00,,Y,A,-,N,,,,,,,,,,N,3,0,1,2,A,-,10,21950,A,N,G,B,B,A,H,-,A,A,0,Y,,,,Y,,A,01,0,1,0,0,1,0,0,0,0,"- ","- ",,,"SAN DIEGO","SAN DIEGO",-117.16022002,32.721970110000001
6585767,2014,2014-08-19,3711,2014-07-19,2117,5972,,6,5,7,3711,0,0,0,,0,614,"CABLE ST","NARRAGANSETT AV",8.00,N,N,A,-,N,,,,,,,,,,N,2,0,2,2,A,-,11,21954,A,N,H,B,D,A,H,-,C,D,0,Y,Y,,,Y,,N,60,1,1,0,0,1,0,1,0,0,"- ","- ",,,"SAN DIEGO","SAN DIEGO",-117.25072502,32.744137889999998
6688933,2014,2014-12-26,3711,2014-10-23,2200,5105,,4,5,7,3711,0,0,0,,0,811,"EL CAJON BL","35TH ST",0.00,,Y,A,-,N,,,,,,,,,,N,4,0,1,2,A,-,"- ",,,N,G,B,B,A,H,-,C,A,0,Y,,,,Y,,N,60,0,0,1,0,1,0,0,0,0,"- ","- ",,,"SAN DIEGO","SAN DIEGO",-117.11792004,32.755300040000002
6843693,2015,2015-03-18,3711,2015-02-21,2352,7176,,6,5,7,3711,0,0,0,,0,516,"E ST","35TH ST",0.00,,Y,B,-,N,,,,,,,,,,N,3,0,1,2,A,-,08,22107,,M,G,B,E,A,H,-,C,D,0,Y,,,,Y,Y,-,,0,1,0,0,1,0,0,0,0,"- ","- ",,,"SAN DIEGO","SAN DIEGO",-117.11885006,32.714450040000003
6934267,2015,2015-06-16,3711,2015-05-06,0731,6960,,3,5,7,3711,0,0,0,,0,115,"GOLDEN HAVEN DR","JUDICIAL DR",4.00,W,N,A,-,N,,,,,,,,,,N,3,0,1,2,A,-,11,21950,B,N,G,B,B,A,H,-,A,A,0,Y,,,,Y,,N,60,0,1,0,0,1,0,0,0,0,"- ","- ",,,"SAN DIEGO","SAN DIEGO",-117.20398854,32.871981740000003
7032562,2015,2015-09-03,3711,2015-08-06,2100,5672,,4,5,7,3711,0,0,0,,0,315,"CAMINO DE LA REINA","MISSION CENTER RD",0.00,,Y,B,-,N,,,,,,,,,,N,4,0,1,2,A,-,11,21950,B,M,G,B,B,A,H,-,C,A,0,Y,,,,Y,,N,60,0,0,1,0,1,0,0,0,0,"- ","- ",,,"SAN DIEGO","SAN DIEGO",-117.15385005,32.768150110000001
6048326,2013,2014-02-15,3711,2013-04-26,0757,6960,,5,5,7,3711,0,0,0,,0,315,"CAMINO DEL RIO N","CAMINO DEL RIO N 4242",0.00,,N,A,-,N,,,,,,,,,,N,4,0,1,2,-,-,"- ",,,N,G,B,-,A,H,-,A,D,0,Y,,,,Y,,-,"- ",0,0,1,0,1,0,0,0,0,"- ","- ",,,"SAN DIEGO","SAN DIEGO",-117.10415661,32.779363240000002
6116264,2013,2014-03-03,3711,2013-06-16,1413,6702,,7,5,7,3711,0,0,0,,0,437,"SOUTH WOODMAN ST","PARADISE HILLS RD",132.00,N,N,A,-,Y,,,,,,,,,,N,3,0,1,2,A,-,11,21954,A,N,G,B,E,A,H,-,A,D,0,Y,,,,Y,,N,60,0,1,0,0,1,0,0,0,0,"- ","- ",,,"SAN DIEGO","SAN DIEGO",-117.047658,32.6902708
6117022,2013,2014-03-03,3711,2013-06-23,1424,6492,,7,5,7,3711,0,0,0,,0,618,"HILL ST","MOANA DR",24.00,E,N,A,-,N,,,,,,,,,,Y,3,0,1,2,A,-,10,21950,A,N,G,B,B,A,H,-,A,D,0,Y,,,,Y,,-,"- ",0,1,0,0,1,0,0,0,0,"- ","- ",,,"SAN DIEGO","SAN DIEGO",-117.248546,32.724310299999999
6230473,2013,2014-04-15,3711,2013-10-01,1745,7006,,2,5,7,3711,0,0,0,,0,838,"37TH ST","ORANGE AV",0.00,,Y,B,-,N,,,,,,,,,,N,3,0,1,2,A,-,08,22107,,N,A,G,A,A,H,-,B,D,0,,Y,,,Y,,-,"- ",0,1,0,0,0,0,1,0,0,"- ","- ",,,"SAN DIEGO","SAN DIEGO",-117.1136619,32.753264799999997
6347736,2016,2016-03-28,3711,2016-03-05,2140,5555,,6,5,7,3711,0,0,0,,0,524,"FRONT ST","W CEDAR ST",5.00,N,N,C,-,N,,,,,,,,,,N,3,0,1,2,A,-,12,21453,A,N,D,B,B,B,H,-,C,A,0,Y,,,,Y,Y,N,60,0,1,0,0,1,0,0,0,0,"- ","- ",,,"SAN DIEGO","SAN DIEGO",-117.16477976,32.721973699999999
6480187,2014,2014-07-24,3711,2014-04-13,0157,5985,,7,5,7,3711,0,0,0,,0,528,"KETTNER BL","HAWTHORN ST",33.00,S,N,A,-,N,,,,,,,,,,N,2,0,1,2,A,-,11,21955,,F,G,B,D,A,H,-,C,D,0,Y,,,,Y,Y,N,60,1,0,0,0,1,0,0,0,0,"- ","- ",,,"SAN DIEGO","SAN DIEGO",-117.17024347,32.726055039999999
5496499,2012,2013-07-13,3711,2012-02-04,0007,5985,,6,5,7,3711,0,0,0,,0,523,"K ST","5TH AV",0.00,,Y,A,-,N,,,,,,,,,,N,4,0,2,3,A,-,10,21950,A,N,G,B,B,A,H,-,C,A,0,Y,,,,Y,,A,01,0,0,2,0,2,0,0,0,0,"- ","- ",,,"SAN DIEGO","SAN DIEGO",-117.16011195,32.70831484
5720091,2012,2013-10-05,3711,2012-06-30,0040,6762,,6,5,7,3711,0,0,0,,0,813,"30TH ST","LANDIS ST",26.00,S,N,A,-,N,,,,,,,,,,N,4,0,1,2,B,-,22,,,N,C,G,A,A,H,-,C,A,0,,Y,,,Y,Y,L,04,0,0,1,0,0,0,1,0,0,"- ","- ",,,"SAN DIEGO","SAN DIEGO",-117.1300919,32.74516354
5854046,2012,2013-12-18,3711,2012-10-18,1544,5972,,4,5,7,3711,0,0,0,,0,813,"EL CAJON BL","EL CAJON BL 2800",39.00,S,N,B,-,N,,,,,,,,,,N,3,0,1,2,A,-,10,21950,A,M,G,B,B,A,H,-,A,A,0,Y,,,,Y,,-,99,0,1,0,0,1,0,0,0,0,"- ","- ",,,"SAN DIEGO","SAN DIEGO",,
5863660,2012,2013-12-20,3711,2012-10-18,1720,4116,,4,5,7,3711,0,0,0,,0,324,"LAKE BADIN AV","LAKE CAYUGA DR",90.00,S,N,A,-,N,,,,,,,,,,N,3,0,1,2,A,-,09,21804,A,N,D,G,A,A,H,-,A,D,0,,Y,,,Y,,L,04,0,1,0,0,0,0,1,0,0,"- ","- ",,,"SAN DIEGO","SAN DIEGO",-117.02210802,32.799078649999998
5865859,2012,2014-01-09,3711,2012-11-19,1900,6783,,1,5,7,3711,0,0,0,,0,821,"EL CAJON BL","MONTEZUMA BL",31.00,S,N,A,-,N,,,,,,,,,,N,3,0,1,2,A,-,11,21950,B,N,G,B,D,A,H,-,C,D,0,Y,,,,Y,,N,60,0,1,0,0,1,0,0,0,0,"- ","- ",,,"SAN DIEGO","SAN DIEGO",-117.05448893000001,32.768342339999997
5961231,2012,2014-01-14,3711,2012-12-29,0351,6822,"SAN D",6,5,7,3711,0,0,0,,0,821,"UNIVERSITY AV","COLLEGE AV",42.00,E,N,B,-,N,,,,,,,,,,N,3,0,1,2,-,-,"- ",,,N,G,B,E,A,H,-,C,D,0,Y,,,,Y,Y,-,"- ",0,1,0,0,1,0,0,0,0,"- ","- ",,,"SAN DIEGO","SAN DIEGO",-117.06436395,32.752884090000002
8664774,2018,2018-08-27,3711,2018-07-08,1015,4294,"SAN D",7,5,7,3711,0,0,0,,0,111,"BALBOA AV","SHOPPING CENTER DR",9.00,W,N,A,-,N,,,,,,,,,,N,4,0,1,2,A,-,05,21650,1,N,D,G,A,A,H,-,A,A,0,,Y,,,Y,,L,04,0,0,1,0,0,0,1,0,0,"- ","- ",,,"SAN DIEGO","SAN DIEGO",-117.18000793457031,32.819877624511719
8721658,2018,2018-11-13,3711,2018-10-04,1730,7718,3711,4,5,7,3711,0,0,0,,0,531,"PARK BL","PRESIDENTS WY",0.00,,Y,A,-,N,,,,,,,,,,N,3,0,1,2,A,-,10,21950,A,N,G,B,B,A,H,-,A,A,0,Y,,,,Y,,-,,0,1,0,0,1,0,0,0,0,"- ","- ",,,"SAN DIEGO","SAN DIEGO",-117.15058898925781,32.725589752197266
8096594,2016,2016-08-11,3711,2016-07-24,0110,7317,SANDI,7,5,7,3711,0,0,0,,0,122,"MISSION BL","THOMAS AV",0.00,,Y,A,-,N,,,,,,,,,,N,3,0,1,2,A,-,11,21950,B,N,A,B,B,A,H,-,C,A,0,Y,,,,Y,Y,N,60,0,1,0,0,1,0,0,0,0,"- ","- ",,,"SAN DIEGO","SAN DIEGO",-117.25459003,32.793630049999997
8117044,2016,2016-09-08,3711,2016-08-26,1732,4243,,5,5,7,3711,0,0,0,,0,116,"CLAIREMONT DR","BURGENER BL",341.00,N,N,A,-,N,,,,,,,,,,N,4,0,1,2,A,-,09,21804,A,N,G,B,E,A,H,-,A,D,0,Y,,,,Y,,A,07,0,0,1,0,1,0,0,0,0,"- ","- ",,,"SAN DIEGO","SAN DIEGO",-117.19353389,32.795120279999999
8146774,2016,2016-10-18,3711,2016-09-24,0453,6774,,6,5,7,3711,0,0,0,,0,115,"GENESEE AV","SCRIPPS HOSPITAL DRIVEWAY",300.00,S,N,A,-,N,,,,,,,,,,N,2,0,1,2,A,-,11,21954,A,F,G,B,E,A,H,-,C,D,0,Y,,,,Y,,N,60,1,0,0,0,1,0,0,0,0,"- ","- ",,,"SAN DIEGO","SAN DIEGO",-117.22192705000001,32.88380386
8169695,2016,2016-11-16,3711,2016-11-05,1355,5888,,6,5,7,3711,0,0,0,,0,433,"FEDERAL AV","WINNETT ST",0.00,,Y,A,-,N,,,,,,,,,,N,4,0,1,2,A,-,08,22107,,N,D,B,A,A,H,-,A,-,0,,,,,Y,,A,01,0,0,1,0,0,0,0,0,0,"- ","- ",,,"SAN DIEGO","SAN DIEGO",-117.06374011,32.7289101
8517075,2017,2017-12-27,3711,2017-12-08,0935,7647,SANDI,5,5,7,3711,0,0,0,,0,G27,"WEST WASHINGTON ST","GOLDFINCH ST",7.00,E,N,A,-,N,,,,,,,,,,N,4,0,1,2,A,-,10,21950,A,N,G,B,B,A,H,-,A,A,0,Y,,,,Y,,-,,0,0,1,0,1,0,0,0,0,"- ","- ",,,"SAN DIEGO","SAN DIEGO",-117.17135731,32.749910249999999
8580088,2018,2018-03-21,3711,2018-03-09,0717,8568,,5,5,7,3711,0,0,0,,0,833,"DWIGHT ST","HIGHLAND AV",11.00,E,N,B,-,N,,,,,,,,,,N,3,0,1,2,A,-,10,21950,A,N,G,B,B,A,H,-,A,D,0,Y,,,,Y,,A,01,0,1,0,0,1,0,0,0,0,"- ","- ",,,"SAN DIEGO","SAN DIEGO",-117.09873199462891,32.743991851806641
5990803,2013,2014-05-12,3711,2013-02-28,1520,5335,,4,5,7,3711,0,0,0,,0,243,"MIRAMAR RD","COMMERCE AV",412.00,E,N,A,-,N,,,,,,,,,,N,3,0,1,1,D,-,00,,,N,E,G,A,A,G,-,A,D,0,,Y,,,Y,,-,"- ",0,1,0,0,0,0,1,0,0,"- ","- ",,,"SAN DIEGO","SAN DIEGO",-117.16706859999999,32.878428599999999
6085774,2013,2014-02-20,3711,2013-05-10,1722,4849,,5,5,7,3711,0,0,0,,0,522,"G ST","UNION ST",0.00,,Y,A,-,N,,,,,,,,,,N,4,0,1,2,A,-,11,21950,B,N,G,B,B,A,H,-,A,A,0,Y,,,,Y,,-,"- ",0,0,1,0,1,0,0,0,0,"- ","- ",,,"SAN DIEGO","SAN DIEGO",-117.1656219,32.7125348
6230479,2013,2014-04-21,3711,2013-10-01,0745,6521,,2,5,7,3711,0,0,0,,0,627,"WASHINGTON ST","EAGLE ST",0.00,,Y,A,-,N,,,,,,,,,,N,3,0,1,2,A,-,08,22107,,N,B,G,A,A,H,-,A,D,0,,Y,,,Y,,-,"- ",0,1,0,0,0,0,1,0,0,"- ","- ",,,"SAN DIEGO","SAN DIEGO",-117.169572,32.7498948
6419110,2014,2014-06-23,3711,2014-03-08,0211,5985,SANDI,6,5,7,3711,0,0,0,,0,523,"G ST","6TH AV",47.00,W,N,A,-,N,,,,,,,,,,N,4,0,1,3,A,-,08,22107,,N,B,G,A,A,H,-,C,D,0,,Y,,,Y,Y,A,01,0,0,1,0,0,0,1,0,0,"- ","- ",,,"SAN DIEGO","SAN DIEGO",-117.1593823,32.712569999999999
7102293,2015,2015-10-26,3711,2015-09-18,0654,5838,,5,5,7,3711,0,0,0,,0,838,"EL CAJON BL","36TH ST",48.00,E,N,A,-,N,,,,,,,,,,N,2,0,3,4,A,-,03,22350,,N,G,B,E,A,G,-,A,A,0,Y,,,,Y,,A,01,1,1,1,0,3,0,0,0,0,"- ","- ",,,"SAN DIEGO","SAN DIEGO",-117.11562441,32.755288530000001
7187120,2016,2016-02-26,3711,2016-02-16,1625,4527,SANDI,2,5,7,3711,0,0,0,,0,529,"4TH AV","ELM AV",102.00,N,N,A,-,N,,,,,,,,,,N,3,0,1,2,A,-,08,22107,A,N,C,G,A,A,H,-,A,D,0,,Y,,,Y,,-,"- ",0,1,0,0,0,0,1,0,0,"- ","- ",,,"SAN DIEGO","SAN DIEGO",-117.16115126,32.72435857
5667989,2012,2013-09-28,3711,2012-06-06,1900,6179,,3,5,7,3711,0,0,0,,0,614,"CORONADO AV","CABLE ST",0.00,,Y,A,-,N,,,,,,,,,,N,3,0,2,3,A,-,03,22350,,N,G,B,B,A,H,-,A,D,0,Y,,,,Y,Y,-,"- ",0,2,0,0,2,0,0,0,0,"- ","- ",,,"SAN DIEGO","SAN DIEGO",-117.25299197,32.741554829999998
5863644,2012,2013-12-20,3711,2012-10-23,1145,6361,,2,5,7,3711,0,0,0,,0,627,"UNIVERSITY AV","RICHMOND ST",240.00,W,N,A,-,N,,,,,,,,,,N,4,0,1,2,A,-,08,22107,,N,D,G,A,A,H,-,A,D,0,,Y,,,Y,,A,01,0,0,1,0,0,0,1,0,0,"- ","- ",,,"SAN DIEGO","SAN DIEGO",-117.15204971999999,32.748550999999999
5956542,2012,2014-01-10,3711,2012-12-28,0920,6179,,5,5,7,3711,0,0,0,,0,611,"SPORTS ARENA BL","HANCOCK ST",0.00,,Y,A,-,N,,,,,,,,,,N,4,0,1,2,A,-,21,22106,,N,G,B,B,A,H,-,A,A,0,Y,,,,Y,,-,"- ",0,0,1,0,1,0,0,0,0,"- ","- ",,,"SAN DIEGO","SAN DIEGO",-117.21717192,32.754664839999997
6079760,2013,2014-02-21,3711,2013-05-08,1738,6393,,3,5,7,3711,0,0,0,,0,122,"OCEAN BL","GRAND AV",0.00,,Y,A,-,N,,,,,,,,,,N,4,0,1,2,A,-,03,22350,,N,A,B,D,A,H,-,A,D,0,Y,Y,,,Y,,L,04,0,0,1,0,1,0,0,0,0,"- ","- ",32.794510000000002,-117.25591,"SAN DIEGO","SAN DIEGO",-117.2560419,32.7944648
6132046,2013,2014-03-12,3711,2013-07-05,1625,3986,,5,5,7,3711,0,0,0,,0,611,"ROSECRANS ST","SPORTS ARENA BL",87.00,N,N,A,-,N,,,,,,,,,,N,4,0,1,2,A,-,08,22107,,N,D,G,A,A,H,-,A,D,0,,Y,,,Y,,-,"- ",0,0,1,0,0,0,1,0,0,"- ","- ",,,"SAN DIEGO","SAN DIEGO",-117.20471352,32.751827239999997
6144436,2013,2014-03-14,3711,2013-07-17,0654,6418,,3,5,7,3711,0,0,0,,0,116,"CLAIREMONT DR","UTE DR",0.00,,Y,A,-,N,,,,,,,,,,N,4,0,1,2,A,-,03,22350,,N,G,B,B,A,H,-,A,A,0,Y,,,,Y,,A,01,0,0,1,0,1,0,0,0,0,"- ","- ",,,"SAN DIEGO","SAN DIEGO",-117.201042,32.8093048
8207688,2016,2017-01-13,3711,2016-12-31,1831,7646,SDPD,6,5,7,3711,0,0,0,,0,828,"EUCLID AV","CASTILE AV",36.00,S,N,C,-,N,,,,,,,,,,N,3,0,1,2,A,-,11,21954,A,N,G,B,D,B,H,-,C,D,0,Y,,,,Y,,N,60,0,1,0,0,1,0,0,0,0,"- ","- ",,,"SAN DIEGO","SAN DIEGO",-117.09234087,32.745511389999997
8443929,2017,2017-09-11,3711,2017-08-30,0630,8192,,3,5,7,3711,0,0,0,,0,822,"UNIVERSITY AV","54TH ST",260.00,E,N,A,-,N,,,,,,,,,,N,3,0,1,2,A,-,11,21955,,N,A,B,D,A,H,-,B,D,0,Y,,,,Y,,N,60,0,1,0,0,1,0,0,0,0,"- ","- ",,,"SAN DIEGO","SAN DIEGO",-117.07868473000001,32.748557179999999
8522286,2017,2018-02-21,3711,2017-12-18,1549,7410,,1,5,7,3711,0,0,0,,0,829,"38TH ST","UNIVERSITY AV",0.00,,Y,A,-,N,,,,,,,,,,N,3,0,1,2,A,-,10,21950,A,N,G,B,B,A,H,-,A,D,0,Y,,,,Y,,-,,0,1,0,0,1,0,0,0,0,"- ","- ",,,"SAN DIEGO","SAN DIEGO",-117.11189003,32.74970003
8619281,2018,2018-05-22,3711,2018-05-05,2150,8334,,6,5,7,3711,0,0,0,,0,446,"LOGAN AV","MAGENTA ST",0.00,,Y,B,-,N,,,,,,,,,,N,3,0,1,2,A,-,"- ",,,N,G,B,E,A,H,-,C,D,0,Y,,,,Y,,N,60,0,1,0,0,1,0,0,0,0,"- ","- ",,,"SAN DIEGO","SAN DIEGO",-117.09203338623047,32.696800231933594
90634813,2017,2018-01-08,9645,2017-10-22,0310,020561,,7,3,7,3711,0,1,1,,2,005,"I-5 N/B FROM INDIA ST.","WASHINGTON ST.",470.00,S,N,B,-,Y,,,5,,,,R,,N,N,3,0,1,2,A,-,11,21954,A,N,G,B,E,A,H,-,E,D,0,Y,,,,Y,,N,60,0,1,0,0,1,0,0,0,0,"- ","- ",32.742019999999997,-117.18071999999999,"SAN DIEGO","SAN DIEGO",-117.18071999999999,32.742019999999997
8011218,2016,2016-04-08,3711,2016-02-20,1210,4243,,6,5,7,3711,0,0,0,,0,121,"WEST MISSION BAY DR","GLEASON RD",0.00,,Y,A,-,N,,,,,,,,,,N,2,0,2,2,A,-,12,21453,A,N,D,G,A,A,H,-,A,A,0,,Y,Y,,Y,,L,04,1,0,1,0,0,0,1,0,1,"- ","- ",,,"SAN DIEGO","SAN DIEGO",-117.24692005999999,32.771180010000002
8027898,2016,2016-04-26,3711,2016-04-17,1542,6880,,7,5,7,3711,0,0,0,,0,442,"S 38TH ST",NATIONAL,3.00,N,N,A,-,N,,,,,,,,,,N,3,0,1,2,A,-,21,22106,,N,G,B,C,A,H,-,A,D,0,Y,,,,Y,,-,,0,1,0,0,1,0,0,0,0,"- ","- ",,,"SAN DIEGO","SAN DIEGO",-117.11247,32.696038219999998
8049319,2016,2016-06-02,3711,2016-05-18,1449,5985,,3,5,7,3711,0,0,0,,0,311,"STONECREST BL","RETAIL CENTER DRIVEWAY",0.00,,Y,A,-,N,,,,,,,,,,N,3,0,2,2,A,-,12,22450,A,N,D,G,A,A,H,-,A,A,0,,Y,,,Y,,L,04,0,2,0,0,0,0,1,0,0,"- ","- ",,,"SAN DIEGO","SAN DIEGO",,
8110881,2016,2016-08-30,3711,2016-08-14,1200,6268,,7,5,7,3711,0,0,0,,0,822,"54TH ST","EL CAJON BL",60.00,S,N,A,-,N,,,,,,,,,,N,4,0,1,2,A,-,11,21954,A,M,D,B,D,A,H,-,A,A,0,Y,,,,Y,Y,N,60,0,0,1,0,1,0,0,0,0,"- ","- ",,,"SAN DIEGO","SAN DIEGO",-117.07935498000001,32.757675710000001
8169753,2016,2016-11-16,3711,2016-11-05,0200,6415,,6,5,7,3711,0,0,0,,0,834,"WIGHTMAN ST","42ND ST",0.00,,Y,B,-,N,,,,,,,,,,N,3,0,1,2,A,-,10,21950,A,M,-,B,D,A,H,-,C,D,0,Y,,,,Y,,-,99,0,1,0,0,1,0,0,0,0,"- ","- ",,,"SAN DIEGO","SAN DIEGO",-117.10449013,32.74776001
8179428,2016,2016-12-06,3711,2016-11-18,0907,6774,,5,5,7,3711,0,0,0,,0,611,"ROSECRANS ST","DEL RIO W",0.00,,Y,A,-,N,,,,,,,,,,N,3,0,1,2,A,-,08,22107,,N,B,G,A,A,H,-,A,A,0,,Y,,,Y,,A,08,0,1,0,0,0,0,1,0,0,"- ","- ",,,"SAN DIEGO","SAN DIEGO",-117.20494419000001,32.751539999999999
6668811,2014,2014-12-15,3711,2014-10-11,1900,6879,,6,5,7,3711,0,0,0,,0,517,"E ST","26TH ST",26.00,E,N,A,-,N,,,,,,,,,,N,4,0,1,2,A,-,10,21950,A,N,B,B,D,A,H,-,-,D,0,Y,,,,Y,,-,,0,0,1,0,1,0,0,0,0,"- ","- ",,,"SAN DIEGO","SAN DIEGO",-117.13806577,32.714771560000003
6802346,2015,2015-02-25,3711,2015-01-25,1606,6833,SANDI,7,5,7,3711,0,0,0,,0,315,"CAMINO DE LA REINA","CAMINO DE LA REINA 1200",3.00,N,N,B,-,N,,,,,,,,,,N,4,0,1,2,A,-,10,21950,A,N,G,B,C,A,H,-,A,D,0,Y,,,,Y,,-,,0,0,1,0,1,0,0,0,0,"- ","- ",,,"SAN DIEGO","SAN DIEGO",,
6894630,2015,2015-05-22,3711,2015-04-15,0646,4923,,3,5,7,3711,0,0,0,,0,233,"CARMEL MOUNTAIN RD","PASEO MONTALBAN",0.00,,Y,A,-,N,,,,,,,,,,N,3,0,1,2,A,-,17,21451,A,N,G,B,B,A,H,-,A,A,0,Y,,,,Y,,-,,0,1,0,0,1,0,0,0,0,"- ","- ",,,"SAN DIEGO","SAN DIEGO",-117.11800008,32.962310080000002