CASE_ID,ACCIDENT_YEAR,PROC_DATE,JURIS,COLLISION_DATE,COLLISION_TIME,OFFICER_ID,REPORTING_DISTRICT,DAY_OF_WEEK,CHP_SHIFT,POPULATION,CNTY_CITY_LOC,SPECIAL_COND,BEAT_TYPE,CHP_BEAT_TYPE,CITY_DIVISION_LAPD,CHP_BEAT_CLASS,BEAT_NUMBER,PRIMARY_RD,SECONDARY_RD,DISTANCE,DIRECTION,INTERSECTION,WEATHER_1,WEATHER_2,STATE_HWY_IND,CALTRANS_COUNTY,CALTRANS_DISTRICT,STATE_ROUTE,ROUTE_SUFFIX,POSTMILE_PREFIX,POSTMILE,LOCATION_TYPE,RAMP_INTERSECTION,SIDE_OF_HWY,TOW_AWAY,COLLISION_SEVERITY,NUMBER_KILLED,NUMBER_INJURED,PARTY_COUNT,PRIMARY_COLL_FACTOR,PCF_CODE_OF_VIOL,PCF_VIOL_CATEGORY,PCF_VIOLATION,PCF_VIOL_SUBSECTION,HIT_AND_RUN,TYPE_OF_COLLISION,MVIW,PED_ACTION,ROAD_SURFACE,ROAD_COND_1,ROAD_COND_2,LIGHTING,CONTROL_DEVICE,CHP_ROAD_TYPE,PEDESTRIAN_ACCIDENT,BICYCLE_ACCIDENT,MOTORCYCLE_ACCIDENT,TRUCK_ACCIDENT,NOT_PRIVATE_PROPERTY,ALCOHOL_INVOLVED,STWD_VEHTYPE_AT_FAULT,CHP_VEHTYPE_AT_FAULT,COUNT_SEVERE_INJ,COUNT_VISIBLE_INJ,COUNT_COMPLAINT_PAIN,COUNT_PED_KILLED,COUNT_PED_INJURED,COUNT_BICYCLIST_KILLED,COUNT_BICYCLIST_INJURED,COUNT_MC_KILLED,COUNT_MC_INJURED,PRIMARY_RAMP,SECONDARY_RAMP,LATITUDE,LONGITUDE,COUNTY,CITY,POINT_X,POINT_Y
6994202,2015,2015-08-17,3711,2015-07-21,1840,6104,,2,5,7,3711,0,0,0,,0,611,"ROSECRANS ST","MIDWAY DR",360.00,N,N,A,-,N,,,,,,,,,,N,4,0,1,2,A,-,05,21650,1,N,D,G,A,A,H,-,A,D,0,,Y,,,Y,,L,04,0,0,1,0,0,0,1,0,0,"- ","- ",,,"SAN DIEGO","SAN DIEGO",-117.20550674,32.75051139
7053095,2015,2015-09-18,3711,2015-08-30,2135,4310,,7,5,7,3711,0,0,0,,0,122,"GARNET AV","MORRELL ST",68.00,E,N,A,-,N,,,,,,,,,,N,2,0,1,2,A,-,03,22350,,F,G,B,D,A,H,-,C,D,0,Y,,,,Y,Y,A,01,1,0,0,0,1,0,0,0,0,"- ","- ",,,"SAN DIEGO","SAN DIEGO",-117.23328694999999,32.801448260000001
7119425,2015,2015-11-20,3711,2015-11-06,0743,7411,,5,5,7,3711,0,0,0,,0,516,"MARKET ST","30TH ST",5.00,E,N,A,-,N,,,,,,,,,,N,4,0,1,2,A,-,10,21950,A,N,G,B,B,A,H,-,A,A,0,Y,,,,Y,,-,,0,0,1,0,1,0,0,0,0,"- ","- ",,,"SAN DIEGO","SAN DIEGO",-117.1301838,32.711650120000002
6180148,2013,2014-03-22,3711,2013-07-25,1200,7006,,4,5,7,3711,0,0,0,,0,311,"KEARNY VILLA RD","RT 805",0.00,,N,A,-,Y,SD,11,805,-,-,19.854,R,4,S,N,3,0,1,2,A,-,10,21950,A,F,G,B,B,A,H,-,A,A,0,Y,,,,Y,,-,"- ",0,1,0,0,1,0,0,0,0,"- ",SO,,,"SAN DIEGO","SAN DIEGO",-117.14963179999999,32.797794799999998
6190120,2013,2014-04-07,3711,2013-09-01,2149,5051,,7,5,7,3711,0,0,0,,0,432,"IMPERIAL AV","EUCLID AV",115.00,E,N,A,-,N,,,,,,,,,,N,3,0,1,2,A,-,11,21954,A,N,G,B,D,A,H,-,C,D,0,Y,,,,Y,Y,N,60,0,1,0,0,1,0,0,0,0,"- ","- ",,,"SAN DIEGO","SAN DIEGO",-117.0846837,32.704723899999998
6491916,2014,2014-07-16,3711,2014-04-23,2232,5046,,3,5,7,3711,0,0,0,,0,523,"MARKET ST","4TH AV",500.00,,N,A,-,N,,,,,,,,,,N,4,0,1,2,A,-,10,21950,A,N,-,B,B,A,H,-,C,A,0,Y,,,,Y,,A,01,0,0,1,0,1,0,0,0,0,"- ","- ",,,"SAN DIEGO","SAN DIEGO",-117.16106003,32.711470079999998
6501142,2014,2014-07-29,3711,2014-05-13,1330,7062,SD,2,5,7,3711,0,0,0,,0,524,"FRONT ST","FRONT ST 1300",0.00,,N,A,-,N,,,,,,,,,,N,4,0,1,2,A,-,11,21950,B,N,G,B,D,A,H,-,A,A,0,Y,,,,Y,,N,60,0,0,1,0,1,0,0,0,0,"- ","- ",,,"SAN DIEGO","SAN DIEGO",-117.16474861,32.718814309999999
6572815,2014,2014-09-02,3711,2014-07-23,1913,4653,,3,5,7,3711,0,0,0,,0,312,"ANTIGUA BL","REPECHO DR",0.00,,Y,A,-,N,,,,,,,,,,N,3,0,1,2,A,-,10,21950,A,M,G,B,B,A,H,-,B,D,0,Y,,,,Y,,A,07,0,1,0,0,1,0,0,0,0,"- ","- ",,,"SAN DIEGO","SAN DIEGO",-117.11238003,32.829530040000002
6661853,2014,2014-12-12,3711,2014-10-02,0604,6852,,4,5,7,3711,0,0,0,,0,312,"TIERRA SANTA BL","LA CUENTA DR",0.00,,Y,A,-,N,,,,,,,,,,N,3,0,1,2,A,-,10,21950,A,N,G,B,B,A,H,-,B,A,0,Y,,,,Y,,-,,0,1,0,0,1,0,0,0,0,"- ","- ",,,"SAN DIEGO","SAN DIEGO",-117.09787,32.821270079999998
5457328,2012,2013-06-15,3711,2012-01-20,1330,5514,,5,5,7,3711,0,0,0,,0,326,"MONTEZUMA AV","CAMPANILE DR",5.00,W,N,A,-,N,,,,,,,,,,N,3,0,1,2,-,-,"- ",,,N,D,G,A,A,H,-,A,D,0,,Y,,,Y,,-,"- ",0,1,0,0,0,0,1,0,0,"- ","- ",,,"SAN DIEGO","SAN DIEGO",-117.0719481,32.770704700000003
5517296,2012,2013-07-18,3711,2012-02-09,1047,4283,,4,5,7,3711,0,0,0,,0,624,WASHINGTON,LINCOLN,0.00,,Y,A,-,N,,,,,,,,,,N,3,0,1,2,A,-,12,21453,A,N,D,G,A,A,H,-,A,A,0,,Y,,,Y,,L,04,0,1,0,0,0,0,1,0,0,"- ","- ",,,"SAN DIEGO","SAN DIEGO",-117.15033200000001,32.751714810000003
5821455,2012,2013-12-26,3711,2012-10-03,0730,5450,,3,5,7,3711,0,0,0,,0,834,"WIGHTMAN ST","HIGHLAND AV",250.00,W,N,A,-,N,,,,,,,,,,N,4,0,1,2,A,-,11,21950,B,N,G,B,B,A,H,-,A,D,0,Y,,,,Y,,N,60,0,0,1,0,1,0,0,0,0,"- ","- ",,,"SAN DIEGO","SAN DIEGO",-117.09959218,32.74773227
5952491,2012,2014-01-18,3711,2012-12-16,2022,4495,,7,5,7,3711,0,0,0,,0,521,BROADWAY,"16TH ST",0.00,,Y,B,-,N,,,,,,,,,,N,2,0,1,2,A,-,12,21453,A,N,D,G,A,B,H,-,C,A,0,,Y,,,Y,,L,04,1,0,0,0,0,0,1,0,0,"- ","- ",,,"SAN DIEGO","SAN DIEGO",-117.14951193,32.71574476
6162757,2013,2014-04-16,3711,2013-08-02,1330,6772,SANDI,5,5,7,3711,0,0,0,,0,721,"DONAX AV","18TH ST",14.00,E,N,A,-,N,,,,,,,,,,N,4,0,1,2,A,-,08,22107,,N,D,G,A,A,H,-,A,D,0,,Y,,,Y,,L,04,0,0,1,0,0,0,1,0,0,"- ","- ",,,"SAN DIEGO","SAN DIEGO",-117.09483659999999,32.582005000000002
6337520,2014,2014-06-30,3711,2014-01-13,1130,4527,,1,5,7,3711,0,0,0,,0,526,5TH,BEECH,0.00,,N,A,-,N,,,,,,,,,,N,3,0,1,2,A,-,10,21950,A,N,-,B,B,A,H,-,A,A,0,Y,,,,Y,,-,,0,1,0,0,1,0,0,0,0,"- ","- ",,,"SAN DIEGO","SAN DIEGO",-117.16021012,32.720900039999997
8384418,2017,2017-07-17,3711,2017-06-18,0237,7605,,7,5,7,3711,0,0,0,,0,521,"9TH AV","MARKET ST",0.00,,Y,A,-,N,,,,,,,,,,N,3,0,1,2,A,-,12,21453,A,N,D,G,A,A,H,-,C,A,0,,Y,,,Y,,L,04,0,1,0,0,0,0,1,0,0,"- ","- ",,,"SAN DIEGO","SAN DIEGO",-117.15650008999999,32.71152009
8584283,2018,2018-03-30,3711,2018-03-15,2015,7064,SANDI,4,5,7,3711,0,0,0,,0,522,"1ST AV","MARKET ST",33.00,N,N,A,-,N,,,,,,,,,,N,4,0,1,2,A,-,11,21954,A,N,G,B,D,A,H,-,C,A,0,Y,,,,Y,,N,60,0,0,1,0,1,0,0,0,0,"- ","- ",,,"SAN DIEGO","SAN DIEGO",-117.16378784179688,32.711601257324219
6953125,2015,2015-06-16,3711,2015-05-21,1047,6418,,4,5,7,3711,0,0,0,,0,113,"MORENA BL","AVATI DR",528.00,N,N,A,-,N,,,,,,,,,,N,4,0,1,2,A,-,08,22107,,M,G,B,E,A,H,-,A,D,0,Y,,,,Y,,-,,0,0,1,0,1,0,0,0,0,"- ","- ",,,"SAN DIEGO","SAN DIEGO",-117.21859268,32.814900909999999
7087691,2015,2015-10-13,3711,2015-09-22,0816,7299,SE1,2,5,7,3711,0,0,0,,0,436,"BROOKHAVEN RD","ROYAL OAK DR",11.00,S,N,A,-,N,,,,,,,,,,N,3,0,1,2,A,-,12,22450,A,N,B,G,A,A,H,-,A,A,0,,Y,,,Y,,L,04,0,1,0,0,0,0,1,0,0,"- ","- ",,,"SAN DIEGO","SAN DIEGO",-117.02681957999999,32.701143199999997
7129032,2015,2015-12-09,3711,2015-11-24,0843,7333,,2,5,7,3711,0,0,0,,0,839,"UNIVERSITY AV",SWIFT,9.00,E,N,A,-,N,,,,,,,,,,N,2,0,1,2,A,-,10,21950,A,N,G,B,B,A,H,-,A,A,0,Y,,,,Y,,-,,1,0,0,0,1,0,0,0,0,"- ","- ",,,"SAN DIEGO","SAN DIEGO",-117.11925083,32.749769999999998
8027909,2016,2016-04-28,3711,2016-04-18,1927,7452,,1,5,7,3711,0,0,0,,0,614,"SUNSET CLIFFS BL","POINT LOMA BL",0.00,,Y,A,-,N,,,,,,,,,,N,4,0,1,2,A,-,09,21801,A,N,B,G,A,A,H,-,B,D,0,,Y,,,Y,,-,,0,0,1,0,0,0,1,0,0,"- ","- ",,,"SAN DIEGO","SAN DIEGO",-117.24227012,32.750940100000001
8037617,2016,2016-05-11,3711,2016-04-28,1521,7425,,4,5,7,3711,0,0,0,,0,833,"UNIVERSITY AV","MENLO AV",35.00,S,N,B,-,N,,,,,,,,,,N,4,0,1,2,C,-,18,,,F,A,B,F,A,H,-,A,D,0,Y,,,,Y,Y,-,"- ",0,0,1,0,1,0,0,0,0,"- ","- ",,,"SAN DIEGO","SAN DIEGO",-117.09443,32.749580000000002
8057987,2016,2016-07-25,3711,2016-07-08,1059,7355,"SAN D",5,5,7,3711,0,0,0,,0,082,"ALTADENA AV","EL CAJON BL",50.00,S,N,A,-,N,,,,,,,,,,N,4,0,1,2,A,-,00,21050,A,N,B,B,D,A,H,-,A,D,0,Y,,,,Y,,A,01,0,0,1,0,1,0,0,0,0,"- ","- ",,,"SAN DIEGO","SAN DIEGO",-117.085752,32.756813049999998
6589773,2014,2014-09-15,3711,2014-08-08,2146,5051,,5,5,7,3711,0,0,0,,0,613,"WEST POINT LOMA BL","NIMITZ BL",263.00,W,N,B,-,N,,,,,,,,,,Y,3,0,1,2,A,-,11,21954,A,N,G,B,D,A,H,-,D,D,0,Y,,,,Y,Y,N,60,0,1,0,0,1,0,0,0,0,"- ","- ",,,"SAN DIEGO","SAN DIEGO",-117.23693315,32.751023549999999
6596001,2014,2016-01-05,3711,2014-08-08,1759,7040,,5,5,7,3711,0,0,0,,0,826,"ESTRELLA AV","ORANGE AV",150.00,S,N,A,-,N,,,,,,,,,,N,4,0,1,2,A,-,11,21954,A,N,G,B,D,A,H,-,A,D,0,Y,,,,Y,,N,60,0,0,1,0,1,0,0,0,0,"- ","- ",,,"SAN DIEGO","SAN DIEGO",-117.09008471999999,32.752669150000003
6616485,2014,2014-09-30,3711,2014-08-31,1943,6943,"SAN D",7,5,7,3711,0,0,0,,0,233,"BLACK MOUNTAIN RD","STARGAZE  AV",15.00,S,N,A,-,N,,,,,,,,,,N,3,0,1,2,A,-,"- ",,,N,G,B,B,A,H,-,C,A,0,Y,,,,Y,,-,,0,1,0,0,1,0,0,0,0,"- ","- ",,,"SAN DIEGO","SAN DIEGO",-117.13150122,32.97461002
6772427,2014,2015-02-13,3711,2014-12-30,0859,5600,,2,5,7,3711,0,0,0,,0,524,"FRONT ST","WEST ASH ST",0.00,,Y,B,-,N,,,,,,,,,,N,2,0,1,2,A,-,10,21950,A,N,G,B,B,A,H,-,A,A,0,Y,,,,Y,,D,22,1,0,0,0,1,0,0,0,0,"- ","- ",,,"SAN DIEGO","SAN DIEGO",-117.16475011,32.719860019999999
6792578,2015,2015-02-25,3711,2015-01-02,1437,5790,,5,5,7,3711,0,0,0,,0,234,"BERNARDO CENTER DR","REGALO LN",0.00,,Y,A,-,N,,,,,,,,,,N,3,0,1,2,A,-,10,21950,A,N,-,B,B,A,H,-,A,A,0,Y,,,,Y,,-,,0,1,0,0,1,0,0,0,0,"- ","- ",,,"SAN DIEGO","SAN DIEGO",-117.07483006,33.02648001
6811164,2015,2015-03-05,3711,2015-02-02,0910,6611,,1,5,7,3711,0,0,0,,0,326,"55TH ST","MONTEZUMA RD",6.00,N,N,A,-,N,,,,,,,,,,N,4,0,1,2,A,-,10,21950,A,N,G,B,B,A,H,-,A,A,0,Y,,,,Y,,-,,0,0,1,0,1,0,0,0,0,"- ","- ",,,"SAN DIEGO","SAN DIEGO",-117.07625921,32.770726420000003
5457217,2012,2013-06-13,3711,2012-01-21,1724,60321,,6,5,7,3711,0,0,0,,0,234,"BERNARDO CENTER","ESCALA DR",12.00,N,N,-,-,N,,,,,,,,,,N,3,0,1,2,A,-,12,21453,A,N,H,G,A,A,H,-,C,A,0,,Y,,,Y,,L,04,0,1,0,0,0,0,1,0,0,"- ","- ",,,"SAN DIEGO","SAN DIEGO",-117.07562144000001,33.032296279999997
5484051,2012,2013-07-08,3711,2012-01-09,1619,6112,,1,5,7,3711,0,0,0,,0,111,"BALBOA AV","SHOPPING CENTER PKWY",15.00,E,N,A,-,N,,,,,,,,,,N,2,0,2,3,A,-,10,21950,C,N,G,B,B,-,H,-,-,D,0,Y,,,,Y,,A,,1,0,1,0,2,0,0,0,0,"- ","- ",,,"SAN DIEGO","SAN DIEGO",-117.17998086999999,32.820050940000002
5514300,2012,2013-07-20,3711,2012-03-06,1900,6521,,2,5,7,3711,0,0,0,,0,611,"SPORTS ARENA BL","PACIFIC HWY",2110.00,W,N,B,-,N,,,,,,,,,,N,4,0,1,2,A,-,11,21956,A,N,B,B,E,A,H,-,D,D,0,Y,,,,Y,,N,60,0,0,1,0,1,0,0,0,0,"- ","- ",,,"SAN DIEGO","SAN DIEGO",-117.20300333,32.75014951
5638450,2012,2012-10-02,9645,2012-08-07,2046,018987,,2,2,7,3711,0,1,3,,2,006,"RT 94","RT 15",260.00,W,N,A,-,Y,SD,11,94,-,-,3.120,H,-,W,N,1,1,0,2,A,-,11,21954,A,N,G,B,D,A,H,-,C,D,1,Y,,,,Y,Y,N,60,0,0,0,1,0,0,0,0,0,"- ","- ",32.717219999999998,-117.11803999999999,"SAN DIEGO","SAN DIEGO",-117.11826385000001,32.71706829
5801680,2012,2013-12-12,3711,2012-09-17,1542,4840,,1,5,7,3711,0,0,0,,0,613,"WORDEN ST","VOLTAIRE ST",180.00,N,N,A,-,N,,,,,,,,,,N,3,0,1,2,A,-,09,21804,A,N,D,G,A,A,H,-,A,D,0,,Y,,,Y,,L,04,0,1,0,0,0,0,1,0,0,"- ","- ",,,"SAN DIEGO","SAN DIEGO",-117.22998814,32.741313220000002
5812097,2012,2013-11-08,3711,2012-08-31,1215,6814,,5,5,7,3711,0,0,0,,0,528,"HAWTHORN ST","INDIA ST",0.00,,Y,A,-,N,,,,,,,,,,N,2,0,1,2,A,-,11,21950,B,N,G,B,B,A,H,-,A,A,0,Y,,,,Y,,-,"- ",1,0,0,0,1,0,0,0,0,"- ","- ",,,"SAN DIEGO","SAN DIEGO",-117.16945195,32.726384799999998
8295350,2017,2017-02-07,3711,2017-01-14,1251,6000,,6,5,7,3711,0,0,0,,0,826,"TROJAN AV","54TH ST",194.00,W,N,A,-,N,,,,,,,,,,N,2,0,1,2,A,-,11,21954,A,N,G,B,D,A,H,-,A,D,0,Y,,,,Y,,N,60,1,0,0,0,1,0,0,0,0,"- ","- ",,,"SAN DIEGO","SAN DIEGO",-117.08002886,32.754869999999997
8387582,2017,2017-06-24,3711,2017-05-27,1620,7544,"SAN D",6,5,7,3711,0,0,0,,0,813,"LINCOLN AV","UTAH ST",5.00,W,N,A,-,N,,,,,,,,,,N,3,0,1,2,A,-,10,21950,A,M,G,B,B,A,H,-,A,A,0,Y,,,,Y,,-,,0,1,0,0,1,0,0,0,0,"- ","- ",,,"SAN DIEGO","SAN DIEGO",-117.13264621,32.750319869999998
8418018,2017,2017-08-03,3711,2017-07-21,0230,7280,,5,5,7,3711,0,0,0,,0,734,"3700 42ND ST","42ND ST",0.00,,Y,A,-,N,,,,,,,,,,N,3,0,1,2,A,-,00,20002,,M,B,G,A,A,H,-,C,D,0,,Y,,,Y,Y,-,,0,1,0,0,0,0,1,0,0,"- ","- ",,,"SAN DIEGO","SAN DIEGO",-117.10449278,32.745891290000003
8603652,2018,2018-05-09,3711,2018-04-17,1529,7642,,2,5,7,3711,0,0,0,,0,122,"INGRAHAM ST","GARNET AV",7.00,S,N,A,-,N,,,,,,,,,,N,3,0,1,2,A,-,03,22350,,N,-,G,A,A,H,-,A,A,0,,Y,,,Y,,L,04,0,1,0,0,0,0,1,0,0,"- ","- ",,,"SAN DIEGO","SAN DIEGO",-117.24083709716797,32.799739837646484
8758447,2018,2019-01-24,3711,2018-11-19,1533,7820,,1,5,7,3711,0,0,0,,0,446,"EUCLID AV","NARANJA ST",40.00,N,N,A,-,N,,,,,,,,,,Y,3,0,1,2,A,-,00,21971,A,N,G,B,D,A,H,-,A,A,0,Y,,,,Y,,N,60,0,1,0,0,1,0,0,0,0,"- ","- ",,,"SAN DIEGO","SAN DIEGO",-117.08503723144531,32.708740234375
6925528,2015,2015-06-09,3711,2015-05-10,1245,6693,,7,5,7,3711,0,0,0,,0,321,"SANTO RD","FRIARS RD",0.00,,Y,A,-,N,,,,,,,,,,N,3,0,1,2,A,-,21,22106,,N,A,G,A,A,H,-,A,A,0,,Y,,,Y,,-,,0,1,0,0,0,0,1,0,0,"- ","- ",,,"SAN DIEGO","SAN DIEGO",-117.10512005,32.790360059999998
6978554,2015,2015-07-13,3711,2015-06-19,1020,5106,,5,5,7,3711,0,0,0,,0,833,"FAIRMOUNT AV","UNIVERSITY AV",10.00,W,N,A,-,N,,,,,,,,,,N,3,0,1,2,A,-,11,21950,B,N,B,B,F,A,H,-,A,A,0,Y,,,,Y,,N,60,0,1,0,0,1,0,0,0,0,"- ","- ",,,"SAN DIEGO","SAN DIEGO",-117.1009,32.749600000000001
6989727,2015,2015-07-18,3711,2015-07-04,0140,6741,"SAN D",6,5,7,3711,0,0,0,,0,524,"A ST","4TH AV",0.00,,Y,A,-,N,,,,,,,,,,Y,3,0,1,2,A,-,12,21453,A,N,D,G,A,A,H,-,C,A,0,,Y,,,Y,,L,04,0,1,0,0,0,0,1,0,0,"- ","- ",,,"SAN DIEGO","SAN DIEGO",-117.16110012999999,32.718850089999997
7142088,2015,2015-12-28,3711,2015-12-14,1028,5901,,1,5,7,3711,0,0,0,,0,627,"UNIVERSITY AV","8TH AV",16.00,W,N,A,-,N,,,,,,,,,,N,3,0,1,2,A,-,11,21461,5,N,G,B,B,A,H,-,A,A,0,Y,,,,Y,,N,60,0,1,0,0,1,0,0,0,0,"- ","- ",,,"SAN DIEGO","SAN DIEGO",-117.15748787,32.748389340000003
7142813,2015,2016-01-07,3711,2015-12-09,1756,4243,,3,5,7,3711,0,0,0,,0,114,"W ALLY ONONDAGA AV","ONONDAGA AV 4500",117.00,W,N,A,-,N,,,,,,,,,,N,3,0,1,2,A,-,08,22107,,N,B,G,A,A,H,-,D,D,0,,Y,,,Y,,L,04,0,1,0,0,0,0,1,0,0,"- ","- ",,,"SAN DIEGO","SAN DIEGO",,
5403297,2012,2014-04-07,3711,2012-02-09,0705,5142,,4,5,7,3711,0,0,0,,0,621,"ULRIC ST","LINDA VISTA RD",289.00,S,N,A,-,N,,,,,,,,,,Y,1,1,0,2,A,-,03,22350,,N,G,B,D,A,H,-,A,D,0,Y,,,,Y,,D,22,0,0,0,1,0,0,0,0,0,"- ","- ",,,"SAN DIEGO","SAN DIEGO",-117.16950473,32.786225690000002
5403310,2012,2012-03-02,3711,2012-02-15,1503,5165,ENCAN,3,5,7,3711,0,0,0,,0,433,"61ST ST","IMPERIAL AV",0.00,,Y,B,-,N,,,,,,,,,,N,1,1,0,3,A,-,12,21453,A,N,H,G,A,A,H,-,A,A,0,,Y,,,Y,,L,04,0,0,0,0,0,1,0,0,0,"- ","- ",,,"SAN DIEGO","SAN DIEGO",-117.06679195,32.709464869999998
5457316,2012,2013-06-15,3711,2012-01-11,0700,3661,SANDE,3,5,7,3711,0,0,0,,0,123,"FIESTA ISLAND RD","FIESTA ISLAND RD 900",3696.00,N,N,A,-,N,,,,,,,,,,N,3,0,1,1,C,-,18,,,N,H,G,A,A,H,-,A,D,0,,Y,,,Y,,-,"- ",0,1,0,0,0,0,1,0,0,"- ","- ",,,"SAN DIEGO","SAN DIEGO",,
5468129,2012,2013-09-11,3711,2012-01-07,0856,05514,,6,5,7,3711,0,0,0,,0,934,"CARMEL VALLEY RD","EL CAMINO REAL",0.00,,Y,A,-,Y,SD,11,56,-,-,0.422,R,4,E,N,3,0,1,2,A,-,08,22107,,N,H,G,A,A,H,-,A,A,0,,Y,,,Y,,L,04,0,1,0,0,0,0,1,0,0,"- ","- ",,,"SAN DIEGO","SAN DIEGO",-117.23703653,32.934110859999997
5486685,2012,2013-07-18,3711,2012-02-09,1740,6787,,4,5,7,3711,0,0,0,,0,524,"4TH AV","ASH ST",18.00,S,N,A,-,N,,,,,,,,,,N,4,0,1,2,A,-,10,21950,A,N,G,B,B,A,H,-,C,A,0,Y,,,,Y,,-,"- ",0,0,1,0,1,0,0,0,0,"- ","- ",,,"SAN DIEGO","SAN DIEGO",-117.16112142,32.719805450000003
5494379,2012,2013-06-22,3711,2012-01-20,1910,6787,,5,5,7,3711,0,0,0,,0,521,"14TH ST","MARKET PL",3.00,S,N,A,-,N,,,,,,,,,,N,4,0,1,2,A,-,10,21950,A,M,E,B,B,A,H,-,C,A,0,Y,,,,Y,Y,-,"- ",0,0,1,0,1,0,0,0,0,"- ","- ",,,"SAN DIEGO","SAN DIEGO",-117.15196182,32.711496539999999
5496150,2012,2013-06-07,3711,2012-01-12,1720,6787,,4,5,7,3711,0,0,0,,0,524,"C ST","11TH AV",48.00,W,N,A,-,N,,,,,,,,,,N,4,0,1,2,A,-,10,21950,A,N,E,B,B,A,H,-,C,A,0,Y,,,,Y,,-,"- ",0,0,1,0,1,0,0,0,0,"- ","- ",,,"SAN DIEGO","SAN DIEGO",-117.15486744,32.71677476
5499679,2012,2013-07-11,3711,2012-01-13,1613,3815,,5,5,7,3711,0,0,0,,0,114,"CLAIREMONT DR","CLAIREMONT DR 4827",0.00,,-,A,-,N,,,,,,,,,,N,4,0,2,3,B,-,22,,,N,G,B,F,A,G,-,A,D,0,Y,,,,Y,,A,07,0,0,2,0,2,0,0,0,0,"- ","- ",,,"SAN DIEGO","SAN DIEGO",-117.20586151000001,32.830945679999999
5502347,2012,2013-07-10,3711,2012-02-05,1606,6706,MIDCI,7,5,7,3711,0,0,0,,0,822,"EL CAJON BL","60TH ST",3.00,W,N,A,-,N,,,,,,,,,,N,4,0,1,2,A,-,10,21950,A,M,G,B,B,A,H,-,A,A,0,Y,,,,Y,,-,"- ",0,0,1,0,1,0,0,0,0,"- ","- ",,,"SAN DIEGO","SAN DIEGO",-117.06885035000001,32.760550709999997
5514383,2012,2013-06-18,3711,2012-01-31,0740,6503,SANDI,2,5,7,3711,0,0,0,,0,446,"LOGAN AV","MAGENTA DR",42.00,E,N,A,F,N,,,,,,,,,,N,3,0,1,2,C,-,18,,,N,A,B,D,A,H,-,A,A,0,Y,,,,Y,,-,"- ",0,1,0,0,1,0,0,0,0,"- ","- ",,,"SAN DIEGO","SAN DIEGO",-117.09192584,32.696796380000002
5517344,2012,2013-07-13,3711,2012-02-15,0632,6003,,3,5,7,3711,0,0,0,,0,442,"ALPHA ST","40TH ST",9.00,E,N,A,-,N,,,,,,,,,,N,3,0,1,2,A,-,11,21950,B,N,G,B,B,A,H,-,A,A,0,Y,,,,Y,,N,60,0,1,0,0,0,0,0,0,0,"- ","- ",,,"SAN DIEGO","SAN DIEGO",-117.10807276,32.692323790000003
5526215,2012,2013-08-03,3711,2012-03-01,2015,6311,,4,5,7,3711,0,0,0,,0,627,"RICHMOND ST","ESSEX ST",0.00,,-,A,-,N,,,,,,,,,,N,4,0,1,2,A,-,11,21954,A,N,G,B,D,A,H,-,C,D,0,Y,,,,Y,,N,60,0,0,1,0,1,0,0,0,0,"- ","- ",,,"SAN DIEGO","SAN DIEGO",-117.15127192,32.747424789999997
5538516,2012,2013-08-03,3711,2012-03-13,1425,5745,,2,5,7,3711,0,0,0,,0,437,"POTOMAC ST","PARADISE VALLEY RD",500.00,S,N,A,-,N,,,,,,,,,,N,3,0,1,2,A,-,17,21663,,N,G,B,F,A,H,-,A,D,0,Y,,,,Y,,A,01,0,1,0,0,1,0,0,0,0,"- ","- ",,,"SAN DIEGO","SAN DIEGO",-117.04880425,32.686919240000002
5539542,2012,2014-04-11,3711,2012-03-17,0632,5061,,6,5,7,3711,0,0,0,,0,521,"HARBOR BL","PARK BL",168.00,E,N,B,-,N,,,,,,,,,,Y,1,1,0,2,A,-,08,22107,,N,G,B,F,B,H,-,B,A,0,Y,,,,Y,,A,01,0,0,0,1,0,0,0,0,0,"- ","- ",,,"SAN DIEGO","SAN DIEGO",-117.15724346,32.704708140000001
5555289,2012,2013-09-18,3711,2012-02-28,0036,6080,,2,5,7,3711,0,0,0,,0,529,"COLUMBIA ST","W FIR ST",0.00,,Y,A,-,N,,,,,,,,,,N,3,0,1,2,A,-,21,22106,,N,G,B,E,A,H,-,C,D,0,Y,,,,Y,Y,-,"- ",0,1,0,0,1,0,0,0,0,"- ","- ",,,"SAN DIEGO","SAN DIEGO",-117.16775199,32.72467486
5558510,2012,2013-07-30,3711,2012-03-19,1615,6811,SD,1,5,7,3711,0,0,0,,0,327,"EL CAJON BL","EL CAJON BL 7100",0.00,,-,B,-,N,,,,,,,,,,N,3,0,1,2,A,-,10,21952,,M,G,B,F,A,H,-,A,D,0,Y,,,,Y,,-,"- ",0,1,0,0,1,0,0,0,0,"- ","- ",,,"SAN DIEGO","SAN DIEGO",-117.04484046,32.768734330000001
5559783,2012,2013-09-19,3711,2012-03-11,1330,6831,,7,5,7,3711,0,0,0,,0,721,"SATURN BL","ELM AV",27.00,N,N,A,-,N,,,,,,,,,,Y,4,0,1,2,A,-,10,21950,A,N,G,B,B,A,H,-,A,A,0,Y,,,,Y,,-,"- ",0,0,1,0,1,0,0,0,0,"- ","- ",,,"SAN DIEGO","SAN DIEGO",-117.09270284,32.580718699999998