CASE_ID,ACCIDENT_YEAR,PROC_DATE,JURIS,COLLISION_DATE,COLLISION_TIME,OFFICER_ID,REPORTING_DISTRICT,DAY_OF_WEEK,CHP_SHIFT,POPULATION,CNTY_CITY_LOC,SPECIAL_COND,BEAT_TYPE,CHP_BEAT_TYPE,CITY_DIVISION_LAPD,CHP_BEAT_CLASS,BEAT_NUMBER,PRIMARY_RD,SECONDARY_RD,DISTANCE,DIRECTION,INTERSECTION,WEATHER_1,WEATHER_2,STATE_HWY_IND,CALTRANS_COUNTY,CALTRANS_DISTRICT,STATE_ROUTE,ROUTE_SUFFIX,POSTMILE_PREFIX,POSTMILE,LOCATION_TYPE,RAMP_INTERSECTION,SIDE_OF_HWY,TOW_AWAY,COLLISION_SEVERITY,NUMBER_KILLED,NUMBER_INJURED,PARTY_COUNT,PRIMARY_COLL_FACTOR,PCF_CODE_OF_VIOL,PCF_VIOL_CATEGORY,PCF_VIOLATION,PCF_VIOL_SUBSECTION,HIT_AND_RUN,TYPE_OF_COLLISION,MVIW,PED_ACTION,ROAD_SURFACE,ROAD_COND_1,ROAD_COND_2,LIGHTING,CONTROL_DEVICE,CHP_ROAD_TYPE,PEDESTRIAN_ACCIDENT,BICYCLE_ACCIDENT,MOTORCYCLE_ACCIDENT,TRUCK_ACCIDENT,NOT_PRIVATE_PROPERTY,ALCOHOL_INVOLVED,STWD_VEHTYPE_AT_FAULT,CHP_VEHTYPE_AT_FAULT,COUNT_SEVERE_INJ,COUNT_VISIBLE_INJ,COUNT_COMPLAINT_PAIN,COUNT_PED_KILLED,COUNT_PED_INJURED,COUNT_BICYCLIST_KILLED,COUNT_BICYCLIST_INJURED,COUNT_MC_KILLED,COUNT_MC_INJURED,PRIMARY_RAMP,SECONDARY_RAMP,LATITUDE,LONGITUDE,COUNTY,CITY,POINT_X,POINT_Y
5559827,2012,2013-09-24,3711,2012-03-12,2010,6425,SANDI,1,5,7,3711,0,0,0,,0,512,"NATIONAL AV","RT 5",24.00,,N,A,-,Y,SD,11,5,-,R,13.172,R,1,N,N,3,0,1,2,A,-,12,21453,A,M,H,G,A,A,H,-,C,A,0,,Y,,,Y,Y,-,"- ",0,1,0,0,0,0,1,0,0,"- ","- ",,,"SAN DIEGO","SAN DIEGO",-117.12931184,32.69458479
5562411,2012,2013-08-26,3711,2012-04-11,1535,6252,,3,5,7,3711,0,0,0,,0,613,"WEST POINT LOMA BL","MONTALVO ST",3.00,W,N,B,-,N,,,,,,,,,,N,4,0,1,2,A,-,08,22107,,N,-,G,A,A,H,-,A,D,0,,Y,,,Y,,L,04,0,0,1,0,0,0,1,0,0,"- ","- ",,,"SAN DIEGO","SAN DIEGO",-117.23511014,32.751610370000002
5576391,2012,2013-08-19,3711,2012-04-13,1410,3376,,5,5,7,3711,0,0,0,,0,625,"JUAN ST",TAYLOR,0.00,,Y,B,C,N,,,,,,,,,,N,4,0,1,2,A,-,10,21950,A,N,G,B,B,B,H,-,A,A,0,Y,,,,Y,,-,"- ",0,0,1,0,1,0,0,0,0,"- ","- ",,,"SAN DIEGO","SAN DIEGO",-117.19862191,32.756764840000002
5577513,2012,2013-08-20,3711,2012-04-05,1735,3548,,4,5,7,3711,0,0,0,,0,124,"LA JOLLA SHORES DR","DOWNWIND WY",252.00,S,N,A,-,N,,,,,,,,,,N,3,0,1,2,A,-,08,22107,,N,D,G,A,A,H,-,A,D,0,,Y,,,Y,,-,"- ",0,1,0,0,0,0,1,0,0,"- ","- ",,,"SAN DIEGO","SAN DIEGO",-117.25215375000001,32.867247570000004
5598220,2012,2013-08-19,3711,2012-04-25,2110,6521,,3,5,7,3711,0,0,0,,0,613,"KEMPER ST","MIDWAY DR",4.00,W,N,B,C,N,,,,,,,,,,N,4,0,1,2,A,-,"- ",,,N,H,G,A,A,H,-,C,A,0,,Y,,,Y,,L,04,0,0,1,0,0,0,1,0,0,"- ","- ",,,"SAN DIEGO","SAN DIEGO",-117.21515678999999,32.752104610000004
5598276,2012,2013-09-03,3711,2012-04-23,1200,6389,,1,5,7,3711,0,0,0,,0,714,"RAIL CT 5900","EAST CURB LINE",57.00,W,N,B,-,,,,,,,,,,,N,4,0,1,2,A,-,21,22106,,N,G,B,E,A,H,-,A,D,0,Y,,,,Y,,-,"- ",0,0,1,0,1,0,0,0,0,"- ","- ",,,"SAN DIEGO","SAN DIEGO",,
5598304,2012,2013-08-10,3711,2012-04-21,1515,6914,,6,5,7,3711,0,0,0,,0,627,"UNIVERSITY AV","PARK BL 3900",0.00,,Y,A,B,N,,,,,,,,,,N,4,0,1,2,A,-,"- ",,,N,G,B,B,A,H,-,A,A,0,Y,,,,Y,,-,"- ",0,0,1,0,1,0,0,0,0,"- ","- ",,,"SAN DIEGO","SAN DIEGO",-117.14640993,32.748450050000002
5613688,2012,2013-09-12,3711,2012-05-09,1658,5491,,3,5,7,3711,0,0,0,,0,232,"TED WILLIAM PY","LINDAMERE LN",15.00,W,N,A,-,N,,,,,,,,,,Y,4,0,1,2,A,-,08,22107,,N,D,G,A,A,H,-,A,D,0,,Y,,,Y,,-,"- ",0,0,1,0,0,0,1,0,0,"- ","- ",,,"SAN DIEGO","SAN DIEGO",-117.07134755,32.971320380000002
5619520,2012,2013-09-18,3711,2012-05-16,1618,5803,,3,5,7,3711,0,0,0,,0,114,"CLAIREMONT MESA BL","CLAIREMONT MESA BL 3800",0.00,,Y,A,-,N,,,,,,,,,,N,4,0,1,2,A,-,12,21453,A,N,D,G,A,A,H,-,A,A,0,,Y,,,Y,,L,04,0,0,1,0,0,0,1,0,0,"- ","- ",,,"SAN DIEGO","SAN DIEGO",-117.20614993,32.827710039999999
5637519,2012,2013-09-20,3711,2012-05-31,2500,6861,,4,5,7,3711,0,0,0,,0,627,"FAIRMONT AV","FAIRMONT AV 3200",0.00,,-,A,-,N,,,,,,,,,,N,3,0,1,2,A,-,03,22350,,N,G,B,D,A,H,-,A,D,0,Y,,,,Y,,-,"- ",0,1,0,0,1,0,0,0,0,"- ","- ",,,"SAN DIEGO","SAN DIEGO",-117.10099160999999,32.738412510000003
5638426,2012,2014-04-02,9645,2012-06-10,0227,019676,,7,3,7,3711,0,1,1,,2,009,"RT 805","IMPERIAL AV",1000.00,S,N,A,-,Y,SD,11,805,-,-,11.910,H,-,N,Y,1,2,1,4,A,-,03,22350,,N,G,B,E,A,C,-,C,D,1,Y,,,,Y,,D,22,0,1,0,2,0,0,0,0,0,"- ","- ",32.694760000000002,-117.84752,"SAN DIEGO","SAN DIEGO",-117.0947432,32.697674659999997
5638613,2012,2012-10-16,3711,2012-09-17,2334,5051,,1,5,7,3711,0,0,0,,0,611,"ROSECRANS ST","SPORTS ARENA BL",47.00,S,N,A,-,N,,,,,,,,,,N,1,1,0,2,A,-,11,21954,A,N,G,B,D,A,H,-,C,D,0,Y,,,,Y,,N,60,0,0,0,1,0,0,0,0,0,"- ","- ",,,"SAN DIEGO","SAN DIEGO",-117.20500011999999,32.751390129999997
5639344,2012,2013-01-28,9645,2012-05-19,2209,019712,,6,3,7,3711,0,1,1,,2,010,"RT 8","SPORTS ARENA BL",2640.00,E,N,B,-,Y,SD,11,8,-,L,1.780,H,-,E,Y,1,1,0,2,A,-,11,21954,A,N,G,B,E,A,H,-,D,D,1,Y,,,,Y,,N,60,0,0,0,1,0,0,0,0,0,"- ","- ",32.758330000000001,-117.21463,"SAN DIEGO","SAN DIEGO",-117.21364813,32.758392780000001
5645719,2012,2013-09-14,3711,2012-05-26,1317,5899,,6,5,7,3711,0,0,0,,0,813,"UNIVERSITY AV","ALABAMA ST",5.00,E,N,A,-,N,,,,,,,,,,N,4,0,1,2,A,-,11,21950,B,N,G,B,D,A,H,-,A,A,0,Y,,,,Y,,N,60,0,0,1,0,1,0,0,0,0,"- ","- ",,,"SAN DIEGO","SAN DIEGO",-117.14248569,32.74842477
5645748,2012,2013-09-14,3711,2012-05-25,1830,6913,SANDI,5,5,7,3711,0,0,0,,0,445,"C ST","C ST 3900 BLK",0.00,,-,A,-,N,,,,,,,,,,N,3,0,1,2,A,-,11,21953,,M,G,B,D,A,H,-,A,D,0,Y,,,,Y,,N,60,0,1,0,0,1,0,0,0,0,"- ","- ",,,"SAN DIEGO","SAN DIEGO",,
5666599,2012,2013-09-24,3711,2012-05-29,1800,6173,,2,5,7,3711,0,0,0,,0,122,"CASS ST","FELSPAR ST",75.00,S,N,A,-,N,,,,,,,,,,N,4,0,1,2,A,-,08,22107,,M,A,B,D,A,H,-,A,D,0,Y,,,,Y,Y,-,99,0,0,1,0,1,0,0,0,0,"- ","- ",,,"SAN DIEGO","SAN DIEGO",-117.25207933,32.798096209999997
5678728,2012,2013-09-26,3711,2012-06-11,2345,6224,SD,1,5,7,3711,0,0,0,,0,833,"CHAMOUNE AV","CHAMOUNE AV 3800",0.00,,-,A,-,N,,,,,,,,,,N,3,0,1,2,A,-,03,22350,,N,H,G,A,A,H,-,C,A,0,,Y,,,Y,,L,04,0,1,0,0,0,0,1,0,0,"- ","- ",,,"SAN DIEGO","SAN DIEGO",-117.09659456999999,32.747707310000003
5683551,2012,2013-08-22,3711,2012-04-16,0750,6686,,1,5,7,3711,0,0,0,,0,934,"EL CAMINO REAL","DEL MAR HEIGHTS RD",0.00,,Y,A,-,N,,,,,,,,,,N,4,0,1,2,A,-,04,21703,,N,B,G,A,A,H,-,A,A,0,,Y,,,Y,,L,04,0,0,1,0,0,0,1,0,0,"- ","- ",,,"SAN DIEGO","SAN DIEGO",-117.23417204,32.953824869999998
5683997,2012,2013-09-26,3711,2012-06-11,0845,4806,,1,5,7,3711,0,0,0,,0,123,"FIESTA ISLAND RD","FIESTA ISLAND RD 900",0.00,,-,B,-,N,,,,,,,,,,N,4,0,1,1,A,-,03,22350,,N,H,G,A,A,H,-,A,D,0,,Y,,,Y,,L,04,0,0,1,0,0,0,1,0,0,"- ","- ",,,"SAN DIEGO","SAN DIEGO",-117.21671104000001,32.788780789999997
5687633,2012,2013-10-15,3711,2012-06-24,1715,5905,,7,5,7,3711,0,0,0,,0,615,"ROSECRANS ST","NIMITZ BL",21.00,N,N,A,-,N,,,,,,,,,,N,3,0,1,2,A,-,12,21453,A,N,H,G,A,A,H,-,A,A,0,,Y,,,Y,,L,04,0,1,0,0,0,0,1,0,0,"- ","- ",,,"SAN DIEGO","SAN DIEGO",-117.22580797000001,32.728608700000002
5721012,2012,2014-01-02,3711,2012-06-15,1917,5857,,5,5,7,3711,0,0,0,,0,524,"A ST","4TH AV",0.00,,Y,A,-,N,,,,,,,,,,N,3,0,1,2,A,-,11,21453,D,N,G,B,B,A,H,-,A,A,0,Y,,,,Y,,N,60,0,1,0,0,1,0,0,0,0,"- ","- ",,,"SAN DIEGO","SAN DIEGO",-117.16111191,32.718824789999999
5721451,2012,2013-10-03,3711,2012-06-29,1625,6000,,5,5,7,3711,0,0,0,,0,521,"16TH ST","NATIONAL AV",17.00,N,N,A,-,N,,,,,,,,,,Y,3,0,1,2,A,-,05,21650,1,N,H,G,A,A,H,-,A,A,0,,Y,,,Y,,L,04,0,1,0,0,0,0,1,0,0,"- ","- ",,,"SAN DIEGO","SAN DIEGO",-117.15007669000001,32.704130569999997
5724999,2012,2013-10-26,3711,2012-07-03,1630,6000,,2,5,7,3711,0,0,0,,0,451,"BAYVIEW HEIGHTS DR","BAYVIEW HEIGHTS PL",129.00,E,N,A,-,N,,,,,,,,,,N,3,0,1,2,C,-,18,,,M,G,B,E,A,H,-,A,D,0,Y,,,,Y,,-,"- ",0,1,0,0,1,0,0,0,0,"- ","- ",,,"SAN DIEGO","SAN DIEGO",-117.07763228,32.724261169999998
5730936,2012,2013-11-04,3711,2012-07-07,1545,5097,,6,5,7,3711,0,0,0,,0,531,"VILLAGE PL","PARK BL",0.00,W,N,A,-,N,,,,,,,,,,N,3,0,1,2,A,-,17,22517,,N,H,G,A,A,H,-,A,D,0,,Y,,,Y,,A,01,0,1,0,0,0,0,1,0,0,"- ","- ",,,"SAN DIEGO","SAN DIEGO",-117.14612198,32.733054850000002
5734453,2012,2013-10-26,3711,2012-07-12,1800,5565,,4,5,7,3711,0,0,0,,0,321,"ALVARADO CANYON RD","MISSION GORGE PL",2112.00,W,N,B,-,N,,,,,,,,,,N,3,0,1,2,B,-,22,,,N,H,G,A,A,H,-,A,D,0,,Y,,,Y,,L,04,0,1,0,0,0,0,1,0,0,"- ","- ",,,"SAN DIEGO","SAN DIEGO",-117.09856138000001,32.779947909999997
5734659,2012,2013-10-30,3711,2012-07-09,1627,4849,,1,5,7,3711,0,0,0,,0,512,"30TH ST","BETWEEN  OCEAN VIEW BL/FRANKLIN AV",0.00,,N,A,-,N,,,,,,,,,,Y,3,0,1,2,A,-,11,21954,A,N,G,B,D,A,H,-,A,A,0,Y,,,,Y,,N,60,0,1,0,0,1,0,0,0,0,"- ","- ",,,"SAN DIEGO","SAN DIEGO",-117.12952672999999,32.701691599999997
5734718,2012,2013-11-01,3711,2012-07-11,1818,5417,,3,5,7,3711,0,0,0,,0,243,"MIRAMAR RD","CAMINO RUIZ",27.00,W,N,A,-,N,,,,,,,,,,N,4,0,1,2,A,-,08,22101,D,N,D,G,A,A,H,-,A,A,0,,Y,,,Y,,L,04,0,0,1,0,0,0,1,0,0,"- ","- ",,,"SAN DIEGO","SAN DIEGO",-117.13380955,32.893663109999999
5740539,2012,2013-11-05,9645,2012-07-13,0310,018871,,5,3,7,3711,0,1,3,,2,023,"RT 163","LAUREL ST",15.00,N,N,B,-,Y,SD,11,163,-,-,1.430,H,-,N,N,2,0,1,2,A,-,11,21954,A,N,G,B,E,A,H,-,D,B,1,Y,,,,Y,Y,N,60,1,0,0,0,1,0,0,0,0,"- ","- ",32.731740000000002,-117.1544,"SAN DIEGO","SAN DIEGO",-117.15452601,32.731680359999999
5749630,2012,2013-09-18,3711,2012-05-24,1630,5737,,4,5,7,3711,0,0,0,,0,712,"CAMINO DE LA PLAZA","4300 CAMINO DE LA PLAZA",0.00,,N,A,-,N,,,,,,,,,,N,4,0,1,2,A,-,10,21952,,N,G,B,F,A,H,-,A,D,0,Y,,,,Y,,-,"- ",0,0,1,0,1,0,0,0,0,"- ","- ",,,"SAN DIEGO","SAN DIEGO",-117.04032362,32.545403819999997
5751682,2012,2013-11-25,3711,2012-08-01,1124,5838,,3,5,7,3711,0,0,0,,0,436,"LISBON ST","IMPERIAL AV",18.00,S,N,A,-,N,,,,,,,,,,N,3,0,1,2,A,-,03,22350,,N,B,G,A,A,H,-,A,A,0,,Y,,,Y,,L,04,0,1,0,0,0,0,1,0,0,"- ","- ",,,"SAN DIEGO","SAN DIEGO",-117.04931070000001,32.712071139999999
5756899,2012,2014-04-18,3711,2012-07-22,1410,5257,,7,5,7,3711,0,0,0,,0,122,"LAMONT ST","GRAND AV",165.00,S,N,A,-,N,,,,,,,,,,,3,0,1,2,A,-,05,21650,1,N,B,G,A,A,H,-,A,-,0,,Y,,,Y,,L,04,0,1,0,0,0,0,1,0,0,"- ","- ",,,"SAN DIEGO","SAN DIEGO",-117.23464826999999,32.798707049999997
5787795,2012,2013-11-25,3711,2012-08-31,2000,6896,,5,5,7,3711,0,0,0,,0,832,"EL CAJON BL","COPELAND AV",4.00,E,N,A,-,N,,,,,,,,,,Y,3,0,1,2,A,-,10,21950,A,N,D,G,A,A,H,-,C,A,0,,Y,,,Y,,-,"- ",0,1,0,0,0,0,1,0,0,"- ","- ",,,"SAN DIEGO","SAN DIEGO",-117.10400893000001,32.75519465
5789098,2012,2013-11-21,3711,2012-08-25,1215,6286,,6,5,7,3711,0,0,0,,0,241,"SCRIPPS RANCH BL","ERMA RD",303.00,N,N,B,-,N,,,,,,,,,,N,3,0,1,2,A,-,08,22107,,N,H,G,A,A,H,-,A,D,0,,Y,,,Y,,A,01,0,1,0,0,0,0,1,0,0,"- ","- ",,,"SAN DIEGO","SAN DIEGO",-117.11131679,32.919903130000002
5790072,2012,2013-11-23,3711,2012-08-10,2330,6646,"SAN D",5,5,7,3711,0,0,0,,0,122,"GRAND AV","BAYARD ST",0.00,,Y,A,-,N,,,,,,,,,,N,4,0,1,2,A,-,10,21950,A,N,G,B,B,A,H,-,C,A,0,Y,,,,Y,,-,"- ",0,0,1,0,1,0,0,0,0,"- ","- ",,,"SAN DIEGO","SAN DIEGO",-117.25313194,32.795114839999997
5795488,2012,2013-11-21,3711,2012-08-27,1646,6210,SDSC,1,5,7,3711,0,0,0,,0,313,"CLAREMONT MESA BL","MERCURY ST",0.00,,Y,A,-,N,,,,,,,,,,N,4,0,1,2,A,-,21,22106,,N,G,B,B,A,H,-,A,A,0,Y,,,,Y,,A,01,0,0,1,0,1,0,0,0,0,"- ","- ",,,"SAN DIEGO","SAN DIEGO",-117.14890192999999,32.832834810000001
5795689,2012,2013-11-09,3711,2012-08-29,1716,6912,,3,5,7,3711,0,0,0,,0,611,TUSCALOOSA,GUAM,0.00,,-,A,-,N,,,,,,,,,,N,3,0,1,2,A,-,11,21950,B,N,G,B,D,A,H,-,A,A,0,Y,,,,Y,,N,60,0,1,0,0,1,0,0,0,0,"- ","- ",,,"SAN DIEGO","SAN DIEGO",-117.20439996,32.745060029999998
5796082,2012,2013-11-23,3711,2012-08-02,1739,6914,,4,5,7,3711,0,0,0,,0,834,"DWIGHT ST","FAIRMOUNT AV",110.00,S,N,A,-,N,,,,,,,,,,N,3,0,1,2,A,-,05,21650,1,M,G,G,A,A,H,-,A,D,0,,Y,,,Y,,L,04,0,1,0,0,0,0,1,0,0,"- ","- ",,,"SAN DIEGO","SAN DIEGO",,
5807726,2012,2013-12-21,3711,2012-10-10,1910,5582,,3,5,7,3711,0,0,0,,0,614,"WEST POINT LOMA BL","W POINT LOMA BL 4700",0.00,,-,B,-,N,,,,,,,,,,N,3,0,1,2,A,-,14,21201,D,N,A,G,A,A,H,-,C,D,0,,Y,,,Y,,L,04,0,1,0,0,0,0,1,0,0,"- ","- ",,,"SAN DIEGO","SAN DIEGO",-117.23990499999999,32.750587289999999
5808567,2012,2013-12-05,3711,2012-09-27,2141,5051,,4,5,7,3711,0,0,0,,0,611,"ROSECRANS ST","ROSECRANS ST 3300",7.00,N,N,A,-,N,,,,,,,,,,N,4,0,1,2,A,-,08,22107,,M,C,G,A,A,H,-,C,D,0,,Y,,,Y,,-,99,0,0,1,0,0,0,1,0,0,"- ","- ",,,"SAN DIEGO","SAN DIEGO",,
5812154,2012,2013-11-08,3711,2012-08-22,1111,5114,,3,5,7,3711,0,0,0,,0,242,"GOLD COAST DR","BLACK MOUNTAIN RD",134.00,W,N,A,-,N,,,,,,,,,,N,3,0,1,2,A,-,11,21954,A,N,A,B,D,A,H,-,A,D,0,Y,,,,Y,,N,60,0,1,0,0,1,0,0,0,0,"- ","- ",,,"SAN DIEGO","SAN DIEGO",-117.12464704,32.905334789999998
5813044,2012,2013-11-27,3711,2012-08-22,1958,6032,,3,5,7,3711,0,0,0,,0,233,"PENASQUITOS BL",AZUAGA,9.00,S,N,B,-,N,,,,,,,,,,N,4,0,1,2,A,-,10,21952,,N,G,B,B,A,H,-,C,A,0,Y,,,,Y,,-,"- ",0,0,1,0,1,0,0,0,0,"- ","- ",,,"SAN DIEGO","SAN DIEGO",-117.11248487,32.957801869999997
5821284,2012,2014-02-10,3711,2012-09-01,1840,6776,,6,5,7,3711,0,0,0,,0,833,"UNIVERSITY AV","MENLO AV",1.00,W,N,A,-,N,,,,,,,,,,N,3,0,1,2,A,-,10,21952,,N,G,B,B,A,H,-,A,D,0,Y,,,,Y,,A,01,0,1,0,0,1,0,0,0,0,"- ","- ",,,"SAN DIEGO","SAN DIEGO",-117.09444513,32.749554799999999
5825299,2012,2014-04-18,3711,2012-09-08,0925,6858,,6,5,7,3711,0,0,0,,0,625,"PACIFIC HWY","TOWN TRL",0.00,,N,A,-,N,,,,,,,,,,N,4,0,1,2,A,-,08,22107,,N,B,G,A,A,H,-,A,D,0,,Y,,,Y,,-,"- ",0,0,1,0,0,0,1,0,0,"- ","- ",,,"SAN DIEGO","SAN DIEGO",,
5832610,2012,2014-04-18,3711,2012-09-22,1555,3986,,6,5,7,3711,0,0,0,,0,617,"CABRILLO MEMORIAL DR","CABRILLO RD",3696.00,N,N,A,-,N,,,,,,,,,,N,3,0,1,2,A,-,08,22107,,M,H,G,A,A,H,-,A,D,0,,Y,,,Y,,-,"- ",0,1,0,0,0,0,1,0,0,"- ","- ",,,"SAN DIEGO","SAN DIEGO",-117.24474767,32.686363790000001
5835902,2012,2013-12-11,3711,2012-09-25,2000,5051,,2,5,7,3711,0,0,0,,0,621,"OSLER ST","PIERCE ST",52.00,W,N,A,-,N,,,,,,,,,,N,2,0,1,2,A,-,11,21954,A,N,G,B,D,A,H,-,C,D,0,Y,,,,Y,,N,60,1,0,0,0,1,0,0,0,0,"- ","- ",,,"SAN DIEGO","SAN DIEGO",-117.17733054999999,32.792143099999997
5844544,2012,2013-12-09,3711,2012-09-23,1330,6910,,7,5,7,3711,0,0,0,,0,715,"CAMINO DE LA REINA","CAMINO DE LA SIESTA",13.00,E,N,A,-,N,,,,,,,,,,N,4,0,1,2,A,-,03,22350,,N,H,G,A,A,H,-,A,A,0,,Y,,,Y,,L,04,0,0,1,0,0,0,1,0,0,"- ","- ",,,"SAN DIEGO","SAN DIEGO",-117.16071976000001,32.766484769999998
5844608,2012,2013-12-09,3711,2012-09-26,2018,3792,3711,3,5,7,3711,0,0,0,,0,528,"W HAWTHORNE ST","COLUMBIA ST",0.00,,Y,A,-,N,,,,,,,,,,Y,2,0,1,2,A,-,12,21453,A,N,D,G,A,A,H,-,C,A,0,,Y,,,Y,Y,L,04,1,0,0,0,0,0,1,0,0,"- ","- ",,,"SAN DIEGO","SAN DIEGO",-117.16861193,32.726644819999997
5845592,2012,2014-01-02,3711,2012-11-07,0634,6914,"SAN D",3,5,7,3711,0,0,0,,0,515,"28TH ST","K ST",54.00,N,N,B,-,N,,,,,,,,,,N,3,0,1,2,A,-,11,21954,A,N,G,B,D,A,H,-,B,D,0,Y,,,,Y,,N,60,0,1,0,0,1,0,0,0,0,"- ","- ",,,"SAN DIEGO","SAN DIEGO",-117.13388190000001,32.708572680000003
5857601,2012,2013-12-18,3711,2012-10-25,1540,5046,,4,5,7,3711,0,0,0,,0,521,"A ST","PARK BL",0.00,,Y,A,-,N,,,,,,,,,,N,4,0,1,2,A,-,10,21950,A,N,G,B,B,A,H,-,A,A,0,Y,,,,Y,,A,01,0,0,1,0,1,0,0,0,0,"- ","- ",,,"SAN DIEGO","SAN DIEGO",-117.15389195,32.718854839999999
5863140,2012,2014-01-03,3711,2012-10-26,0934,4653,,5,5,7,3711,0,0,0,,0,721,"THERMAL AV","CORONADO AV",0.00,,Y,A,-,N,,,,,,,,,,N,4,0,1,2,A,-,10,21950,A,N,G,B,B,A,H,-,A,A,0,Y,,,,Y,,A,01,0,0,1,0,1,0,0,0,0,"- ","- ",,,"SAN DIEGO","SAN DIEGO",-117.09710195,32.57650486
5864299,2012,2013-12-17,3711,2012-10-28,0203,6411,SDPD,7,5,7,3711,0,0,0,,0,122,"GRAND AV","DAWES ST",0.00,,Y,A,-,N,,,,,,,,,,N,3,0,1,2,A,-,11,21954,A,N,G,B,D,A,H,-,C,D,0,Y,,,,Y,Y,N,60,0,1,0,0,1,0,0,0,0,"- ","- ",,,"SAN DIEGO","SAN DIEGO",-117.24946203,32.795914869999997
5864315,2012,2013-12-17,3711,2012-10-26,1230,6897,,5,5,7,3711,0,0,0,,0,526,"3RD AV","BEECH ST",0.00,,Y,A,-,N,,,,,,,,,,N,3,0,1,2,A,-,09,21802,A,N,D,G,A,A,H,-,A,A,0,,Y,,,Y,,-,"- ",0,1,0,0,0,0,1,0,0,"- ","- ",,,"SAN DIEGO","SAN DIEGO",-117.16204198,32.720914809999996
5865270,2012,2013-12-11,9645,2012-09-28,0445,018146,,5,3,7,3711,0,1,1,,2,019,"RT 15","CAMINO DEL NORTE",200.00,S,N,D,-,Y,SD,11,15,-,M,21.880,H,-,S,N,3,0,1,2,A,-,11,21954,A,N,G,B,E,A,H,-,C,D,1,Y,,,,Y,,N,60,0,1,0,0,1,0,0,0,0,"- ","- ",32.996290000000002,-117.08402,"SAN DIEGO","SAN DIEGO",-117.08394167,32.995040660000001
5865868,2012,2014-01-09,3711,2012-11-18,1300,6933,,7,5,7,3711,0,0,0,,0,512,"CEASAR CHAVEZ","KEARNEY AV",77.00,S,N,A,-,N,,,,,,,,,,N,4,0,1,2,A,-,11,21955,,N,G,B,D,A,H,-,A,A,0,Y,,,,Y,,N,60,0,0,1,0,1,0,0,0,0,"- ","- ",,,"SAN DIEGO","SAN DIEGO",-117.14366554999999,32.702154299999997
5873271,2012,2014-01-07,3711,2012-11-16,1837,4523,,5,5,7,3711,0,0,0,,0,124,"GILMAN DR","EVENING WY",81.00,S,N,A,-,N,,,,,,,,,,N,3,0,1,2,A,-,11,21954,A,N,G,B,C,A,H,-,D,D,0,Y,,,,Y,,N,60,0,1,0,0,1,0,0,0,0,"- ","- ",,,"SAN DIEGO","SAN DIEGO",-117.23810428,32.868975149999997
5879259,2012,2014-01-02,3711,2012-11-14,0738,4283,,3,5,7,3711,0,0,0,,0,432,"IMPERIAL AV","54TH ST",3.00,E,N,A,-,N,,,,,,,,,,N,4,0,1,2,A,-,10,21950,A,M,G,B,B,A,H,-,A,A,0,Y,,,,Y,,-,"- ",0,0,1,0,1,0,0,0,0,"- ","- ",,,"SAN DIEGO","SAN DIEGO",-117.07880253,32.707076979999997
5894422,2012,2014-01-16,3711,2012-12-05,0700,3858,,3,5,7,3711,0,0,0,,0,441,"RT 805","SOUTH 43RD ST",0.00,,Y,B,-,Y,SD,11,805,-,-,11.025,R,1,N,N,3,0,1,2,A,-,11,21950,B,N,G,B,B,A,H,-,A,A,0,Y,,,,Y,,-,"- ",0,1,0,0,1,0,0,0,0,"- ","- ",,,"SAN DIEGO","SAN DIEGO",-117.09041182999999,32.685614790000002
5894454,2012,2014-01-16,3711,2012-12-04,1849,6000,,2,5,7,3711,0,0,0,,0,723,"DEL SOL BL","TWINING AV",0.00,,Y,B,-,N,,,,,,,,,,Y,3,0,1,2,A,-,10,21950,A,N,G,B,B,A,H,-,C,D,0,Y,,,,Y,,A,01,0,1,0,0,1,0,0,0,0,"- ","- ",,,"SAN DIEGO","SAN DIEGO",-117.04544193,32.573604770000003
5895395,2013,2014-01-18,3711,2013-01-11,2037,5340,,5,5,7,3711,0,0,0,,0,521,"11TH AV","MARKET ST",0.00,,Y,A,-,N,,,,,,,,,,Y,4,0,1,2,A,-,10,21950,A,N,G,B,B,A,H,-,C,A,0,Y,,,,Y,Y,D,22,0,0,1,0,1,0,0,0,0,"- ","- ",,,"SAN DIEGO","SAN DIEGO",-117.1547119,32.711494799999997
5896480,2012,2014-01-08,3711,2012-11-05,1555,3432,,1,5,7,3711,0,0,0,,0,124,"PEARL ST","CUVIER ST",33.00,W,N,A,-,N,,,,,,,,,,N,3,0,1,2,A,-,08,22107,,N,B,G,A,A,H,-,A,D,0,,Y,,,Y,,-,"- ",0,1,0,0,0,0,1,0,0,"- ","- ",,,"SAN DIEGO","SAN DIEGO",-117.27741542,32.839361490000002
5896650,2012,2014-01-03,3711,2012-11-05,1430,6801,,1,5,7,3711,0,0,0,,0,441,"OCEAN VIEW BL","MARKETPLACE AV",48.00,W,N,A,-,N,,,,,,,,,,N,4,0,1,2,A,-,11,21950,B,N,G,B,D,A,H,-,A,D,0,Y,,,,Y,,N,60,0,0,1,0,1,0,0,0,0,"- ","- ",,,"SAN DIEGO","SAN DIEGO",-117.10104704,32.700549520000003