CASE_ID,ACCIDENT_YEAR,PROC_DATE,JURIS,COLLISION_DATE,COLLISION_TIME,OFFICER_ID,REPORTING_DISTRICT,DAY_OF_WEEK,CHP_SHIFT,POPULATION,CNTY_CITY_LOC,SPECIAL_COND,BEAT_TYPE,CHP_BEAT_TYPE,CITY_DIVISION_LAPD,CHP_BEAT_CLASS,BEAT_NUMBER,PRIMARY_RD,SECONDARY_RD,DISTANCE,DIRECTION,INTERSECTION,WEATHER_1,WEATHER_2,STATE_HWY_IND,CALTRANS_COUNTY,CALTRANS_DISTRICT,STATE_ROUTE,ROUTE_SUFFIX,POSTMILE_PREFIX,POSTMILE,LOCATION_TYPE,RAMP_INTERSECTION,SIDE_OF_HWY,TOW_AWAY,COLLISION_SEVERITY,NUMBER_KILLED,NUMBER_INJURED,PARTY_COUNT,PRIMARY_COLL_FACTOR,PCF_CODE_OF_VIOL,PCF_VIOL_CATEGORY,PCF_VIOLATION,PCF_VIOL_SUBSECTION,HIT_AND_RUN,TYPE_OF_COLLISION,MVIW,PED_ACTION,ROAD_SURFACE,ROAD_COND_1,ROAD_COND_2,LIGHTING,CONTROL_DEVICE,CHP_ROAD_TYPE,PEDESTRIAN_ACCIDENT,BICYCLE_ACCIDENT,MOTORCYCLE_ACCIDENT,TRUCK_ACCIDENT,NOT_PRIVATE_PROPERTY,ALCOHOL_INVOLVED,STWD_VEHTYPE_AT_FAULT,CHP_VEHTYPE_AT_FAULT,COUNT_SEVERE_INJ,COUNT_VISIBLE_INJ,COUNT_COMPLAINT_PAIN,COUNT_PED_KILLED,COUNT_PED_INJURED,COUNT_BICYCLIST_KILLED,COUNT_BICYCLIST_INJURED,COUNT_MC_KILLED,COUNT_MC_INJURED,PRIMARY_RAMP,SECONDARY_RAMP,LATITUDE,LONGITUDE,COUNTY,CITY,POINT_X,POINT_Y
5896706,2012,2014-01-03,3711,2012-11-05,1037,6482,,1,5,7,3711,0,0,0,,0,723,"PALM AV","PICCARD AV",51.00,W,N,A,-,N,,,,,,,,,,N,3,0,1,2,A,-,12,21453,A,N,G,B,D,A,H,-,A,A,0,Y,,,,Y,,-,"- ",0,1,0,0,1,0,0,0,0,"- ","- ",,,"SAN DIEGO","SAN DIEGO",-117.05065684,32.583677180000002
5899845,2013,2014-01-18,3711,2013-01-15,0742,5600,,2,5,7,3711,0,0,0,,0,242,"GOLD COAST DR","SAN RAMON DR",0.00,,Y,A,-,N,,,,,,,,,,N,3,0,3,4,A,-,10,21950,A,N,G,B,B,A,H,-,A,A,0,Y,,,,Y,,D,22,0,3,0,0,3,0,0,0,0,"- ","- ",,,"SAN DIEGO","SAN DIEGO",-117.139482,32.905464799999997
5901134,2012,2014-01-10,3711,2012-12-13,1745,3548,,4,5,7,3711,0,0,0,,0,122,"INGRAHAM ST",LAPLAYA,0.00,,Y,A,-,N,,,,,,,,,,N,3,0,1,2,A,-,10,21950,C,N,G,B,B,A,H,-,C,A,0,Y,,,,Y,Y,-,"- ",0,1,0,0,1,0,0,0,0,"- ","- ",,,"SAN DIEGO","SAN DIEGO",-117.23751197999999,32.788744809999997
5901141,2012,2014-01-13,3711,2012-12-10,1511,4897,,1,5,7,3711,0,0,0,,0,813,"UNIVERSITY AV","KANSAS ST",0.00,,Y,A,-,N,,,,,,,,,,N,4,0,1,3,A,-,06,21951,,N,G,B,B,A,H,-,A,D,0,Y,,,,Y,,A,01,0,0,1,0,1,0,0,0,0,"- ","- ",,,"SAN DIEGO","SAN DIEGO",-117.13138193,32.748434869999997
5902271,2012,2014-01-13,3711,2012-12-01,1645,3696,,6,5,7,3711,0,0,0,,0,114,"CLAIREMONT MESA BL","LIGHT POLE #22552",16.00,W,N,B,-,Y,SD,11,805,-,-,22.381,R,4,N,N,3,0,1,2,A,-,08,22107,,N,B,G,A,A,H,-,B,D,0,,Y,,,Y,,L,04,0,1,0,0,0,0,1,0,0,"- ","- ",,,"SAN DIEGO","SAN DIEGO",-117.16791555,32.831061720000001
5903583,2013,2014-01-16,3711,2013-01-21,1420,6781,,1,5,7,3711,0,0,0,,0,826,"52ND ST","EL CAJON",51.00,S,N,A,-,N,,,,,,,,,,N,3,0,1,2,A,-,09,21804,A,N,G,B,A,A,H,-,A,A,0,,Y,,,Y,,L,04,0,1,0,0,0,0,1,0,0,"- ","- ",,,"SAN DIEGO","SAN DIEGO",-117.0836223,32.757145399999999
5906034,2013,2014-01-18,3711,2013-01-15,1957,5257,,2,5,7,3711,0,0,0,,0,528,"KETTNER BL","W FIR ST",47.00,N,N,A,-,N,,,,,,,,,,,3,0,1,2,B,-,22,,,N,G,B,F,A,H,-,C,D,0,Y,,,,Y,Y,-,"- ",0,1,0,0,1,0,0,0,0,"- ","- ",,,"SAN DIEGO","SAN DIEGO",-117.1695064,32.724254999999999
5906073,2013,2014-01-18,3711,2013-01-16,0735,3773,,3,5,7,3711,0,0,0,,0,512,"IMPERIAL AV","24TH ST",0.00,,Y,A,-,N,,,,,,,,,,N,4,0,1,2,A,-,10,21950,A,N,G,B,B,A,H,-,A,A,0,Y,,,,Y,,-,"- ",0,0,1,0,1,0,0,0,0,"- ","- ",,,"SAN DIEGO","SAN DIEGO",-117.14246199999999,32.7062849
5907164,2012,2013-12-31,3711,2012-11-26,1803,00001,,1,5,7,3711,0,0,0,,0,,"RT 15","TED WILLIAMS PKWY",148.00,E,N,A,-,Y,,,,,,,,,,N,3,0,1,2,A,-,08,22107,,N,H,G,A,A,H,-,C,A,0,,Y,,,Y,,A,01,0,1,0,0,0,0,1,0,0,FR,"- ",32.964700000000001,-117.09365,"SAN DIEGO","SAN DIEGO",-117.09542168,32.964955109999998
5910025,2013,2015-01-08,3711,2013-04-09,2002,4897,,2,5,7,3711,0,0,0,,0,838,"UNIVERSITY AV","36TH ST",0.00,,Y,A,-,N,,,,,,,,,,N,1,1,0,2,A,-,11,21954,A,N,G,B,D,A,H,-,C,D,0,Y,,,,Y,,N,60,0,0,0,1,0,0,0,0,0,"- ","- ",,,"SAN DIEGO","SAN DIEGO",-117.1155919,32.749734799999999
5930821,2013,2014-10-28,9645,2013-02-25,0115,19445,,1,3,7,3711,0,1,1,,2,001,"RT 5","INTERNATIONAL BORDER",119.00,N,N,A,-,N,,,,,,,,,,N,3,0,1,2,A,-,11,21954,A,N,G,B,E,A,G,-,C,A,0,Y,,,,Y,,N,60,0,1,0,0,1,0,0,0,0,"- ","- ",32.5428,-117.02898999999999,"SAN DIEGO","SAN DIEGO",-117.0297128,32.542645350000001
5952028,2012,2014-03-21,3711,2012-11-25,1537,6945,,7,5,7,3711,0,0,0,,0,311,"AFTON RD","AFTON RD 3200",4.00,E,N,A,-,N,,,,,,,,,,N,3,0,1,2,A,-,06,21754,,N,D,G,A,A,H,-,A,A,0,,Y,,,Y,,-,"- ",0,1,0,0,0,0,1,0,0,"- ","- ",,,"SAN DIEGO","SAN DIEGO",-117.14501649,32.802586220000002
5952752,2012,2014-01-16,3711,2012-12-16,1235,6950,,7,5,7,3711,0,0,0,,0,811,"ADAMS AV","33RD ST",117.00,E,N,B,-,N,,,,,,,,,,N,4,0,1,2,A,-,11,21954,A,M,G,B,D,B,H,-,A,D,0,Y,,,,Y,,N,60,0,0,1,0,1,0,0,0,0,"- ","- ",,,"SAN DIEGO","SAN DIEGO",-117.1225026,32.763351380000003
5956527,2012,2014-01-13,3711,2012-12-16,1833,6771,,7,5,7,3711,0,0,0,,0,834,"UNIVERSITY AV","UNIVERSITY AV 4300",0.00,,N,C,-,N,,,,,,,,,,N,4,0,1,2,A,-,11,21955,,N,G,B,D,B,H,-,C,D,0,Y,,,,Y,,N,60,0,0,1,0,1,0,0,0,0,"- ","- ",,,"SAN DIEGO","SAN DIEGO",-117.10149586,32.74960299
5972794,2012,2014-01-24,3711,2012-12-22,2212,4495,,6,5,7,3711,0,0,0,,0,611,"CAMINO DEL RIO W","HANCOCK ST",0.00,,Y,A,-,Y,,,,,,,,,,N,3,0,1,2,A,-,11,21950,B,N,G,B,B,A,H,-,C,A,0,Y,,,,Y,,N,60,0,1,0,0,1,0,0,0,0,"- ","- ",,,"SAN DIEGO","SAN DIEGO",-117.20511196,32.754244780000001
5977195,2013,2014-01-18,3711,2013-01-09,1610,5555,,3,5,7,3711,0,0,0,,0,721,"SATURN BL","SOUTHLAND PLZ DRIVEWAY",5.00,N,N,A,-,N,,,,,,,,,,N,3,0,1,2,D,-,00,,,N,B,B,B,A,H,-,A,A,0,Y,,,,Y,,-,"- ",0,1,0,0,1,0,0,0,0,"- ","- ",,,"SAN DIEGO","SAN DIEGO",-117.092619,32.585805999999998
5981862,2013,2014-01-28,3711,2013-02-15,2210,6553,,5,5,7,3711,0,0,0,,0,813,"EL CAJON BL","TEXAS ST",0.00,,Y,A,-,N,,,,,,,,,,N,3,0,1,2,A,-,12,21453,A,N,H,G,A,A,H,-,C,A,0,,Y,,,Y,,L,04,0,1,0,0,0,0,1,0,0,"- ","- ",,,"SAN DIEGO","SAN DIEGO",-117.138842,32.755344800000003
5988168,2013,2014-02-07,3711,2013-03-07,1458,6677,,4,5,7,3711,0,0,0,,0,123,"NORTH MISSION BAY DR","DEANZA RD",360.00,W,N,B,-,N,,,,,,,,,,N,3,0,1,2,A,-,05,21202,A,N,C,G,A,A,H,-,A,D,0,,Y,,,Y,,L,04,0,1,0,0,0,0,1,0,0,"- ","- ",,,"SAN DIEGO","SAN DIEGO",-117.2170095,32.798712199999997
5992308,2013,2014-02-08,3711,2013-03-17,1356,6097,,7,5,7,3711,0,0,0,,0,114,"CLAIREMONT MESA BL","CLAIREMONT DR",136.00,W,N,A,-,N,,,,,,,,,,N,3,0,1,2,A,-,05,21650,1,N,D,G,A,A,H,-,A,D,0,,Y,,,Y,,L,,0,1,0,0,0,0,1,0,0,"- ","- ",,,"SAN DIEGO","SAN DIEGO",-117.2065932,32.827704799999999
6008438,2013,2014-04-07,3711,2013-02-16,1003,6961,,6,5,7,3711,0,0,0,,0,516,"30TH ST","IMPERIAL AV",0.00,,Y,A,-,N,,,,,,,,,,N,4,0,1,2,A,-,11,21456,B,N,B,G,A,A,H,-,A,A,0,,Y,,,Y,,L,04,0,0,1,0,0,0,1,0,0,"- ","- ",,,"SAN DIEGO","SAN DIEGO",-117.129542,32.706424900000002
6008450,2013,2014-01-24,3711,2013-02-18,1050,6866,,1,5,7,3711,0,0,0,,0,122,"REVERE AV","GLENDORA ST",0.00,,Y,A,-,N,,,,,,,,,,N,4,0,1,3,A,-,21,22106,,N,G,B,E,A,H,-,A,D,0,Y,,,,Y,,-,"- ",0,0,1,0,1,0,0,0,0,"- ","- ",,,"SAN DIEGO","SAN DIEGO",-117.214572,32.801954799999997
6008462,2013,2014-01-24,3711,2013-02-19,2000,6704,CENTR,2,5,7,3711,0,0,0,,0,524,BROADWAY,"8TH AV",0.00,,Y,C,-,N,,,,,,,,,,N,4,0,1,2,A,-,"- ",,,N,A,B,B,B,H,-,C,A,0,Y,,,,Y,,-,"- ",0,0,1,0,1,0,0,0,0,"- ","- ",,,"SAN DIEGO","SAN DIEGO",-117.15744189999999,32.715704799999997
6012714,2013,2014-02-05,3711,2013-03-09,2136,4308,,6,5,7,3711,0,0,0,,0,451,"54TH ST","WESTOVER PL",0.00,,Y,A,-,N,,,,,,,,,,N,2,0,1,2,A,-,11,21954,A,N,A,B,D,A,H,-,C,A,0,Y,,,,Y,Y,N,60,1,0,0,0,1,0,0,0,0,"- ","- ",,,"SAN DIEGO","SAN DIEGO",-117.0839919,32.724814899999998
6017630,2013,2014-02-08,3711,2013-03-25,0830,4300,,1,5,7,3711,0,0,0,,0,447,"IMPERIAL AV","40TH ST",0.00,,Y,A,-,N,,,,,,,,,,N,3,0,1,2,-,-,"- ",,,M,-,G,A,A,H,-,A,A,0,,Y,,,Y,,-,"- ",0,1,0,0,0,0,1,0,0,"- ","- ",,,"SAN DIEGO","SAN DIEGO",-117.1078619,32.704084799999997
6017908,2013,2014-02-03,3711,2013-03-23,1108,6801,,6,5,7,3711,0,0,0,,0,443,"BOSTON AV","38TH ST",2.00,E,N,A,-,N,,,,,,,,,,N,3,0,1,2,A,-,11,21950,B,N,H,B,E,A,H,-,A,D,0,Y,,,,Y,,N,60,0,1,0,0,1,0,0,0,0,"- ","- ",,,"SAN DIEGO","SAN DIEGO",-117.11242540000001,32.693914800000002
6024189,2013,2014-02-06,3711,2013-03-25,1430,6553,,1,5,7,3711,0,0,0,,0,833,"WIGHTMAN ST","EUCLID AV",0.00,,Y,A,-,N,,,,,,,,,,N,3,0,1,2,A,-,11,21953,,N,G,B,B,A,H,-,A,A,0,Y,,,,Y,,N,60,0,1,0,0,1,0,0,0,0,"- ","- ",,,"SAN DIEGO","SAN DIEGO",-117.0923219,32.747664800000003
6026813,2013,2014-02-05,3711,2013-03-27,1227,6836,,3,5,7,3711,0,0,0,,0,315,"FRIARS RD","FENTON PKWY",0.00,,Y,A,-,N,,,,,,,,,,N,4,0,1,2,A,-,10,21950,A,N,G,B,B,A,H,-,A,A,0,Y,,,,Y,,D,22,0,0,1,0,1,0,0,0,0,"- ","- ",,,"SAN DIEGO","SAN DIEGO",-117.13156189999999,32.781264800000002
6044778,2013,2014-04-05,3711,2013-04-13,1000,6224,SD,6,5,7,3711,0,0,0,,0,834,"ORANGE AV","HIGHLAND AV",50.00,E,N,B,-,Y,,,,,,,,,,N,3,0,1,2,A,-,09,21804,A,N,E,G,A,A,H,-,A,A,0,,Y,,,Y,,-,"- ",0,1,0,0,0,0,1,0,0,"- ","- ",,,"SAN DIEGO","SAN DIEGO",-117.0985498,32.753153300000001
6044795,2013,2014-02-13,3711,2013-04-14,1750,6334,,7,5,7,3711,0,0,0,,0,,"IMPERIAL AV","RT 805",0.00,,Y,B,-,Y,SD,11,805,-,-,12.507,R,1,S,N,4,0,1,2,A,-,12,21453,A,M,B,B,B,B,H,-,A,A,0,Y,,,,Y,,-,"- ",0,0,1,0,1,0,0,0,0,"- ",SF,,,"SAN DIEGO","SAN DIEGO",-117.0970818,32.7073848
6055556,2013,2014-02-12,3711,2013-03-24,1200,5311,,7,5,7,3711,0,0,0,,0,,"BACON ST","VOLTAIRE ST",10.00,N,N,A,-,N,,,,,,,,,,N,3,0,1,2,A,-,08,22107,,N,G,B,D,A,H,-,A,D,0,Y,,,,Y,,-,"- ",0,1,0,0,1,0,0,0,0,"- ","- ",,,"SAN DIEGO","SAN DIEGO",-117.2466326,32.752026800000003
6060361,2013,2014-02-13,3711,2013-04-18,1828,6555,,4,5,7,3711,0,0,0,,0,813,"UNIVERSITY AV","FLORIDA ST",0.00,,Y,A,-,N,,,,,,,,,,N,3,0,1,2,A,-,00,23103,,N,D,G,A,A,H,-,A,-,0,,Y,,,Y,,L,04,0,1,0,0,0,0,1,0,0,"- ","- ",,,"SAN DIEGO","SAN DIEGO",-117.1437519,32.7484149
6060868,2013,2014-02-19,3711,2013-04-23,0810,6614,,2,5,7,3711,0,0,0,,0,126,"TORREY PINES RD","LA JOLLA DR",18.00,S,N,B,-,N,,,,,,,,,,N,4,0,1,2,A,-,12,21453,A,N,D,G,A,A,H,-,A,A,0,,Y,,,Y,,L,04,0,0,1,0,0,0,1,0,0,"- ","- ",,,"SAN DIEGO","SAN DIEGO",-117.25114882,32.850484639999998
6065878,2013,2014-04-02,3711,2013-05-10,2300,6734,,5,5,7,3711,0,0,0,,0,813,"UNIVERSITY AV","32ND ST",18.00,W,N,A,-,N,,,,,,,,,,N,3,0,1,2,A,-,12,21453,A,N,D,G,A,A,H,-,C,A,0,,Y,,,Y,,L,04,0,1,0,0,0,0,1,0,0,"- ","- ",,,"SAN DIEGO","SAN DIEGO",-117.12528020000001,32.748474799999997
6072285,2013,2014-02-24,3711,2013-05-01,1700,6712,,3,5,7,3711,0,0,0,,0,813,"HAMILTON ST","HAMILTON AV",6.00,W,N,A,-,N,,,,,,,,,,N,3,0,1,2,A,-,08,22107,,M,B,G,A,A,H,-,A,D,0,,Y,,,Y,Y,-,"- ",0,1,0,0,0,0,1,0,0,"- ","- ",,,"SAN DIEGO","SAN DIEGO",,
6082740,2013,2014-02-22,3711,2013-05-05,0030,6357,,7,5,7,3711,0,0,0,,0,523,"5TH AV","5TH AV 700",0.00,,N,B,-,N,,,,,,,,,,N,3,0,1,2,A,-,08,22107,,N,B,G,A,A,H,-,C,A,0,,Y,,,Y,Y,L,04,0,1,0,0,0,0,1,0,0,"- ","- ",,,"SAN DIEGO","SAN DIEGO",-117.16014414999999,32.712564729999997
6083043,2013,2014-02-25,9645,2013-05-02,2311,014625,,4,3,7,3711,0,1,3,,2,023,"RT 163","RT 8",1600.00,S,N,A,-,Y,SD,11,163,-,-,3.440,H,-,S,N,2,0,1,2,A,-,03,22350,,N,G,B,E,A,H,-,C,D,1,Y,,,,Y,Y,A,01,1,0,0,0,1,0,0,0,0,"- ","- ",32.758490000000002,-117.16118,"SAN DIEGO","SAN DIEGO",-117.16095660000001,32.758310000000002
6090892,2013,2014-02-26,3711,2013-05-30,1745,6982,,4,5,7,3711,0,0,0,,0,111,"BALBOA AV","GENESEE AV",900.00,E,N,B,-,N,,,,,,,,,,,4,0,1,2,A,-,21,22106,,M,G,B,E,A,H,-,A,A,0,Y,,,,Y,,-,99,0,0,1,0,1,0,0,0,0,"- ","- ",,,"SAN DIEGO","SAN DIEGO",-117.17928999999999,32.820185199999997
6096084,2013,2014-04-17,3711,2013-05-15,1630,6998,,3,5,7,3711,0,0,0,,0,242,"MIRA MESA BL","TARGET DRIVEWAY",0.00,,Y,A,-,N,,,,,,,,,,N,4,0,1,2,A,-,10,21950,C,M,G,B,B,A,H,-,A,A,0,Y,,,,Y,,-,99,0,0,1,0,1,0,0,0,0,"- ","- ",,,"SAN DIEGO","SAN DIEGO",-117.14683056,32.912583959999999
6103648,2013,2014-03-03,3711,2013-06-03,0736,4650,,1,5,7,3711,0,0,0,,0,115,"CHARMANT DR","LEBON DR",1056.00,S,N,B,-,N,,,,,,,,,,,2,0,1,2,A,-,09,21804,A,N,G,B,F,A,H,-,A,D,0,Y,,,,Y,Y,-,"- ",1,0,0,0,1,0,0,0,0,"- ","- ",,,"SAN DIEGO","SAN DIEGO",-117.22517431,32.862083089999999
6110796,2013,2014-03-11,3711,2013-06-04,1805,6594,,2,5,7,3711,0,0,0,,0,447,"RIDGEVIEW DR","JOCELYN ST",5.00,E,N,A,-,N,,,,,,,,,,N,3,0,1,2,A,-,11,21954,A,N,G,B,D,B,H,-,A,D,0,Y,,,,Y,,N,60,0,1,0,0,1,0,0,0,0,"- ","- ",,,"SAN DIEGO","SAN DIEGO",-117.0997866,32.725729399999999
6115448,2013,2014-03-04,9645,2013-06-08,0325,019678,,6,3,7,3711,0,1,1,,2,010,"RT 8","COLLEGE AV",2112.00,E,N,A,-,Y,SD,11,8,-,-,8.740,H,-,E,N,2,0,1,2,A,-,11,21954,A,N,G,B,E,A,H,-,C,D,1,Y,,,,Y,,N,60,1,0,0,0,1,0,0,0,0,"- ","- ",32.777619999999999,-117.05672,"SAN DIEGO","SAN DIEGO",-117.0588175,32.777957000000001
6116276,2013,2014-03-03,3711,2013-06-14,1145,6483,,5,5,7,3711,0,0,0,,0,838,"EL CAJON BL","SWIFT AV",5.00,W,N,A,-,N,,,,,,,,,,N,4,0,1,2,A,-,12,22450,A,N,D,G,A,A,H,-,A,A,0,,Y,,,Y,,-,"- ",0,0,1,0,0,0,1,0,0,"- ","- ",,,"SAN DIEGO","SAN DIEGO",-117.11902809999999,32.755315199999998
6116280,2013,2014-03-03,3711,2013-06-14,1750,6414,SDPD,5,5,7,3711,0,0,0,,0,813,"UNIVERSITY AV","ALABAMA ST",15.00,W,N,A,-,N,,,,,,,,,,N,3,0,1,2,A,-,"- ",,,N,C,G,A,A,H,-,A,A,0,,Y,,,Y,,L,04,0,1,0,0,0,0,1,0,0,"- ","- ",,,"SAN DIEGO","SAN DIEGO",-117.1425505,32.748424399999998
6116990,2013,2014-03-03,3711,2013-06-21,1618,4864,,5,5,7,3711,0,0,0,,0,524,"WEST ASH ST","INDIA ST",61.00,E,N,A,-,N,,,,,,,,,,N,4,0,2,2,A,-,17,22517,,N,B,G,A,A,H,-,A,D,0,,Y,,,Y,,A,01,0,0,2,0,0,0,1,0,0,"- ","- ",,,"SAN DIEGO","SAN DIEGO",-117.16814429999999,32.7198189
6124946,2013,2015-01-14,3711,2013-06-26,1620,6339,,3,5,7,3711,0,0,0,,0,234,"BERNARDO CENTER DR","RT 15",300.00,E,N,A,-,N,,,,,,,,,,,3,0,1,2,A,-,08,22107,,N,C,G,A,A,H,-,A,D,0,,Y,,,Y,,-,"- ",0,1,0,0,0,0,1,0,0,"- ",NF,,,"SAN DIEGO","SAN DIEGO",-117.0791461,33.012501800000003
6124954,2013,2014-03-04,3711,2013-06-26,1447,6518,,3,5,7,3711,0,0,0,,0,813,"LINCOLN AV","32ND ST",0.00,,Y,A,-,N,,,,,,,,,,N,3,0,2,3,A,-,10,21950,A,N,G,B,B,A,H,-,A,A,0,Y,,,,Y,,-,"- ",0,2,0,0,2,0,0,0,0,"- ","- ",,,"SAN DIEGO","SAN DIEGO",-117.125242,32.750374800000003
6134603,2013,2014-03-13,3711,2013-07-05,1452,5916,,5,5,7,3711,0,0,0,,0,115,"ERLANGER ST","GOVERNOR DR",10.00,S,N,A,-,N,,,,,,,,,,N,4,0,1,2,A,-,12,22450,A,N,G,B,B,A,H,-,A,A,0,Y,,,,Y,,A,01,0,0,1,0,1,0,0,0,0,"- ","- ",,,"SAN DIEGO","SAN DIEGO",-117.1948251,32.852157499999997
6134604,2013,2014-03-13,3711,2013-07-05,1553,5916,,5,5,7,3711,0,0,0,,0,124,"LA JOLLA SHORES DR","AVENIDA DE LA PLAYA",0.00,,Y,A,-,N,,,,,,,,,,N,4,0,1,2,A,-,09,21801,A,N,D,G,A,A,H,-,A,A,0,,Y,,,Y,,A,01,0,0,1,0,0,0,1,0,0,"- ","- ",,,"SAN DIEGO","SAN DIEGO",-117.2537619,32.853754899999998
6134612,2013,2014-03-14,3711,2013-07-05,1010,6753,,5,5,7,3711,0,0,0,,0,826,"ESTRELLA AV","EL CAJON BL",15.00,S,N,A,-,N,,,,,,,,,,N,4,0,1,2,A,-,11,21950,B,N,G,B,D,A,H,-,A,D,0,Y,,,,Y,,N,60,0,0,1,0,1,0,0,0,0,"- ","- ",,,"SAN DIEGO","SAN DIEGO",-117.0900919,32.756243699999999
6134619,2013,2014-03-13,3711,2013-07-04,0840,5226,,4,5,7,3711,0,0,0,,0,518,"30TH ST","ELM ST",11.00,S,N,A,-,N,,,,,,,,,,N,3,0,1,2,A,-,08,22107,,N,C,G,A,A,H,-,A,A,0,,Y,,,Y,,L,04,0,1,0,0,0,0,1,0,0,"- ","- ",,,"SAN DIEGO","SAN DIEGO",-117.13022220000001,32.7244046
6139614,2013,2014-03-14,3711,2013-07-04,1900,6653,,4,5,7,3711,0,0,0,,0,834,"VAN DYKE AV","DWIGHT ST",0.00,,Y,A,-,N,,,,,,,,,,N,3,0,1,2,A,-,12,22450,A,N,D,G,A,A,H,-,A,A,0,,Y,,,Y,,L,04,0,1,0,0,0,0,1,0,0,"- ","- ",,,"SAN DIEGO","SAN DIEGO",-117.10330190000001,32.744024799999998
6144449,2013,2014-03-13,3711,2013-07-15,2316,4495,,1,5,7,3711,0,0,0,,0,524,"STATE ST","WEST ASH ST",0.00,,Y,A,-,N,,,,,,,,,,N,3,0,1,2,B,-,22,,,N,B,B,E,A,H,-,C,A,0,Y,,,,Y,,N,60,0,1,0,0,1,0,0,0,0,"- ","- ",,,"SAN DIEGO","SAN DIEGO",-117.16652190000001,32.719844799999997
6144480,2013,2014-03-14,3711,2013-07-20,0100,6276,,6,5,7,3711,0,0,0,,0,627,"ROBINSON AV","5TH AV",0.00,,Y,A,-,N,,,,,,,,,,N,3,0,1,2,A,-,11,21950,B,N,G,B,B,A,H,-,C,A,0,Y,,,,Y,Y,D,22,0,1,0,0,1,0,0,0,0,"- ","- ",,,"SAN DIEGO","SAN DIEGO",-117.160432,32.746954799999997
6158690,2013,2014-03-18,3711,2013-07-22,1050,5555,,1,5,7,3711,0,0,0,,0,723,"IRIS AV","30TH ST",10.00,E,N,A,-,N,,,,,,,,,,N,3,0,1,2,A,-,06,21750,,N,A,G,A,A,H,-,A,D,0,,Y,,,Y,,-,"- ",0,1,0,0,0,0,1,0,0,"- ","- ",,,"SAN DIEGO","SAN DIEGO",-117.0650895,32.569104699999997
6173799,2013,2014-03-25,3711,2013-08-11,1910,7000,SANDI,7,5,7,3711,0,0,0,,0,122,"GRAND AV","LAMONT ST",0.00,,Y,A,-,N,,,,,,,,,,N,3,0,1,3,A,-,09,21802,A,N,D,G,A,A,H,-,A,A,0,,Y,,,Y,,L,04,0,1,0,0,0,0,1,0,0,"- ","- ",,,"SAN DIEGO","SAN DIEGO",-117.2347819,32.799144800000001
6173807,2013,2014-03-25,3711,2013-08-08,1930,6960,,4,5,7,3711,0,0,0,,0,122,"MISSION BL","GARNET AV",0.00,,Y,A,-,N,,,,,,,,,,N,2,0,2,2,A,-,12,21453,A,N,D,G,A,A,H,-,A,A,0,,Y,,,Y,,L,04,1,1,0,0,0,0,1,0,0,"- ","- ",,,"SAN DIEGO","SAN DIEGO",-117.2555019,32.796554800000003
6173856,2013,2014-04-05,3711,2013-08-19,1230,5981,,1,5,7,3711,0,0,0,,0,8303,"FAIRMONT AV","FAIRMONT AV 3500",15.00,W,N,A,-,N,,,,,,,,,,N,4,0,1,2,A,-,11,21950,B,N,G,B,B,A,H,-,A,A,0,Y,,,,Y,,-,"- ",0,0,1,0,1,0,0,0,0,"- ","- ",,,"SAN DIEGO","SAN DIEGO",-117.10100233999999,32.742106479999997
6173920,2013,2014-04-05,3711,2013-08-19,0857,5197,,1,5,7,3711,0,0,0,,0,529,"WEST LAUREL ST","STATE ST",90.00,E,N,B,-,N,,,,,,,,,,N,3,0,1,2,A,-,08,22107,,N,C,G,A,A,-,-,A,D,0,,Y,,,Y,,L,04,0,1,0,0,0,0,1,0,0,"- ","- ",,,"SAN DIEGO","SAN DIEGO",-117.1692156,32.730893700000003
6174068,2013,2014-04-01,3711,2013-08-11,1847,5985,,7,5,7,3711,0,0,0,,0,327,"MONTEZUMA RD","E FALLS VIEW DR",234.00,W,N,A,-,N,,,,,,,,,,N,3,0,1,2,A,-,11,21954,A,N,G,B,D,A,H,-,A,D,0,Y,,,,Y,Y,N,60,0,1,0,0,1,0,0,0,0,"- ","- ",,,"SAN DIEGO","SAN DIEGO",-117.06585889999999,32.770694800000001
6175947,2013,2014-03-25,3711,2013-08-08,2003,6702,,4,5,7,3711,0,0,0,,0,438,"POTOMAC ST","CALLE TORTUOSA",48.00,E,N,A,-,N,,,,,,,,,,N,4,0,1,2,A,-,11,21954,A,N,G,B,D,A,H,-,C,A,0,Y,,,,Y,,N,60,0,0,1,0,1,0,0,0,0,"- ","- ",,,"SAN DIEGO","SAN DIEGO",-117.0558865,32.680354100000002
6186021,2013,2014-09-06,3711,2013-08-22,1614,5600,,4,5,7,3711,0,0,0,,0,936,"CAMINO DEL SUR","FALL HAVEN RD",0.00,,Y,A,-,N,,,,,,,,,,N,3,0,1,2,A,-,12,21453,A,N,D,G,A,A,H,-,A,A,0,,Y,,,Y,,L,04,0,1,0,0,0,0,1,0,0,"- ","- ",,,"SAN DIEGO","SAN DIEGO",-117.14665995999999,32.966580030000003