CASE_ID,ACCIDENT_YEAR,PROC_DATE,JURIS,COLLISION_DATE,COLLISION_TIME,OFFICER_ID,REPORTING_DISTRICT,DAY_OF_WEEK,CHP_SHIFT,POPULATION,CNTY_CITY_LOC,SPECIAL_COND,BEAT_TYPE,CHP_BEAT_TYPE,CITY_DIVISION_LAPD,CHP_BEAT_CLASS,BEAT_NUMBER,PRIMARY_RD,SECONDARY_RD,DISTANCE,DIRECTION,INTERSECTION,WEATHER_1,WEATHER_2,STATE_HWY_IND,CALTRANS_COUNTY,CALTRANS_DISTRICT,STATE_ROUTE,ROUTE_SUFFIX,POSTMILE_PREFIX,POSTMILE,LOCATION_TYPE,RAMP_INTERSECTION,SIDE_OF_HWY,TOW_AWAY,COLLISION_SEVERITY,NUMBER_KILLED,NUMBER_INJURED,PARTY_COUNT,PRIMARY_COLL_FACTOR,PCF_CODE_OF_VIOL,PCF_VIOL_CATEGORY,PCF_VIOLATION,PCF_VIOL_SUBSECTION,HIT_AND_RUN,TYPE_OF_COLLISION,MVIW,PED_ACTION,ROAD_SURFACE,ROAD_COND_1,ROAD_COND_2,LIGHTING,CONTROL_DEVICE,CHP_ROAD_TYPE,PEDESTRIAN_ACCIDENT,BICYCLE_ACCIDENT,MOTORCYCLE_ACCIDENT,TRUCK_ACCIDENT,NOT_PRIVATE_PROPERTY,ALCOHOL_INVOLVED,STWD_VEHTYPE_AT_FAULT,CHP_VEHTYPE_AT_FAULT,COUNT_SEVERE_INJ,COUNT_VISIBLE_INJ,COUNT_COMPLAINT_PAIN,COUNT_PED_KILLED,COUNT_PED_INJURED,COUNT_BICYCLIST_KILLED,COUNT_BICYCLIST_INJURED,COUNT_MC_KILLED,COUNT_MC_INJURED,PRIMARY_RAMP,SECONDARY_RAMP,LATITUDE,LONGITUDE,COUNTY,CITY,POINT_X,POINT_Y
6189714,2013,2014-10-10,3711,2013-08-21,1030,7080,,3,5,7,3711,0,0,0,,0,611,"ROSECRANS ST","SPORTS ARENA BL",69.00,N,N,A,-,N,,,,,,,,,,N,3,0,1,2,A,-,05,21202,A,N,H,G,A,A,H,-,A,D,0,,Y,,,Y,,L,04,0,1,0,0,0,0,1,0,0,"- ","- ",,,"SAN DIEGO","SAN DIEGO",-117.20490843,32.751727979999998
6189720,2013,2014-03-28,3711,2013-08-14,1123,3815,,3,5,7,3711,0,0,0,,0,315,"CAM DEL RIO NORTH","WARD RD",2640.00,W,N,A,-,N,,,,,,,,,,N,4,0,1,2,A,-,09,21804,A,N,D,G,A,A,H,-,A,D,0,,Y,,,Y,,-,"- ",0,0,1,0,0,0,1,0,0,"- ","- ",,,"SAN DIEGO","SAN DIEGO",-117.11805671,32.778653630000001
6198499,2013,2014-06-12,3711,2013-09-03,1930,7021,,2,5,7,3711,0,0,0,,0,826,"EL CAJON BL","ESTRELLA AV",0.00,,Y,A,-,N,,,,,,,,,,N,4,0,1,2,A,-,10,21950,A,N,G,B,B,A,H,-,B,D,0,Y,,,,Y,,-,"- ",0,0,1,0,1,0,0,0,0,"- ","- ",,,"SAN DIEGO","SAN DIEGO",-117.090092,32.756284899999997
6198527,2013,2014-04-04,3711,2013-09-01,2222,6461,"SAN D",7,5,7,3711,0,0,0,,0,122,"OLNEY ST","REED ST",60.00,S,N,A,-,N,,,,,,,,,,N,3,0,1,2,A,-,03,22350,,M,C,G,A,A,H,-,D,D,0,,Y,,,Y,Y,-,"- ",0,1,0,0,0,0,1,0,0,"- ","- ",,,"SAN DIEGO","SAN DIEGO",-117.22865400000001,32.798195499999999
6200554,2013,2014-04-03,3711,2013-09-07,2011,5916,,6,5,7,3711,0,0,0,,0,122,"MISSION BL","HORNBLEND ST",5.00,N,N,A,-,N,,,,,,,,,,N,2,0,2,3,A,-,10,21950,A,N,G,B,B,A,H,-,C,D,0,Y,,,,Y,Y,A,07,1,1,0,0,2,0,0,0,0,"- ","- ",,,"SAN DIEGO","SAN DIEGO",-117.25522599999999,32.795648
6203129,2013,2014-04-04,3711,2013-09-16,2118,4576,,1,5,7,3711,0,0,0,,0,831,"HIGHLAND AV","ORANGE AV",0.00,,Y,A,-,N,,,,,,,,,,N,4,0,1,2,A,-,09,21804,A,N,D,G,A,A,H,-,C,A,0,,Y,,,Y,,L,04,0,0,1,0,0,0,1,0,0,"- ","- ",,,"SAN DIEGO","SAN DIEGO",-117.09871200000001,32.753154799999997
6212543,2013,2014-04-09,3711,2013-09-12,0755,7007,SANDI,4,5,7,3711,0,0,0,,0,712,"POCITOS WY","DAIRY MART RD",0.00,,Y,A,-,N,,,,,,,,,,N,4,0,1,2,A,-,12,22450,A,N,D,G,A,A,H,-,A,D,0,,Y,,,Y,,-,"- ",0,0,1,0,0,0,1,0,0,"- ","- ",,,"SAN DIEGO","SAN DIEGO",-117.0624019,32.565094799999997
6218828,2013,2014-04-12,9645,2013-09-16,1543,012777,,1,2,7,3711,0,1,1,,2,007,"RT 5","GENESEE AV",100.00,N,N,B,-,Y,SD,11,5,-,R,29.628,R,2,N,N,3,0,1,2,A,-,09,21803,A,N,B,G,A,A,H,-,A,A,1,,Y,,,Y,,A,08,0,1,0,0,0,0,1,0,0,FR,"- ",32.88758,-117.22678999999999,"SAN DIEGO","SAN DIEGO",-117.22719189999999,32.891584799999997
6230777,2013,2014-04-12,3711,2013-09-12,2024,3792,,4,5,7,3711,0,0,0,,0,432,"SOUTH EUCLID AV","CHURCHWARD ST",99.00,S,N,A,-,N,,,,,,,,,,,2,0,1,2,A,-,10,21954,B,F,G,B,D,A,H,-,C,D,0,Y,,,,Y,Y,A,01,1,0,0,0,1,0,0,0,0,"- ","- ",,,"SAN DIEGO","SAN DIEGO",-117.0850119,32.7038236
6231114,2013,2014-04-15,3711,2013-10-03,1315,4283,,4,5,7,3711,0,0,0,,0,627,"WASHINGTON ST",3RD,70.00,E,N,B,-,Y,,,,,,,,,,N,3,0,1,1,A,-,08,22107,,N,E,G,A,A,H,-,A,D,0,,Y,,,Y,,L,04,0,1,0,0,0,0,1,0,0,"- ","- ",,,"SAN DIEGO","SAN DIEGO",-117.16258500000001,32.749906699999997
6234718,2013,2014-04-18,3711,2013-10-04,2040,5340,,5,5,7,3711,0,0,0,,0,446,"SOUTH 47TH ST","LOGAN AV",117.00,N,N,A,-,N,,,,,,,,,,N,2,0,1,2,A,-,11,21954,A,N,G,B,D,A,H,-,C,D,0,Y,,,,Y,,N,60,1,0,0,0,1,0,0,0,0,"- ","- ",,,"SAN DIEGO","SAN DIEGO",-117.09376020000001,32.697105200000003
6248372,2013,2014-07-03,3711,2013-10-19,2230,7021,,6,5,7,3711,0,0,0,,0,813,"UNIVERSITY AV","UTAH ST",0.00,,Y,A,-,N,,,,,,,,,,N,3,0,1,2,A,-,08,22107,,M,D,G,A,A,H,-,C,A,0,,Y,,,Y,Y,A,01,0,1,0,0,0,0,1,0,0,"- ","- ",,,"SAN DIEGO","SAN DIEGO",-117.1328419,32.748444900000003
6251364,2013,2014-06-02,3711,2013-10-19,2205,6418,,6,5,7,3711,0,0,0,,0,115,"EXECUTIVE WY","LA JOLLA VILLAGE DR",8.00,N,N,A,-,N,,,,,,,,,,Y,4,0,1,2,A,-,10,21950,A,N,G,B,B,A,H,-,C,A,0,Y,,,,Y,Y,A,01,0,0,1,0,1,0,0,0,0,"- ","- ",,,"SAN DIEGO","SAN DIEGO",-117.20969220000001,32.873816699999999
6252519,2013,2014-04-29,3711,2013-10-17,1230,610,,4,5,7,3711,0,0,0,,0,001,"GILMAN DR","GILMAN DR 9500",0.00,,-,A,-,N,,,,,,,,,,N,4,0,1,2,A,-,03,22350,,N,G,B,D,A,H,-,A,D,0,Y,,,,Y,,D,22,0,0,1,0,1,0,0,0,0,"- ","- ",,,"SAN DIEGO","SAN DIEGO",-117.23871946,32.876727879999997
6257456,2013,2014-04-25,3711,2013-10-11,1430,5755,,5,5,7,3711,0,0,0,,0,242,"BLACK MOUNTAIN RD","BLACK MOUNTAIN RD 10200",3.00,S,N,A,-,N,,,,,,,,,,N,3,0,1,2,A,-,03,22350,,N,H,G,A,A,H,-,A,D,0,,Y,,,Y,,L,04,0,1,0,0,0,0,1,0,0,"- ","- ",,,"SAN DIEGO","SAN DIEGO",,
6257472,2013,2014-04-28,3711,2013-10-27,1544,5509,,7,5,7,3711,0,0,0,,0,931,"MIRAMAR RD","CAMINO SANTA FE",0.00,,Y,A,-,N,,,,,,,,,,N,3,0,1,2,A,-,05,21650,1,N,H,G,A,A,H,-,A,A,0,,Y,,,Y,,L,04,0,1,0,0,0,0,1,0,0,"- ","- ",,,"SAN DIEGO","SAN DIEGO",-117.172742,32.877904800000003
6257488,2013,2014-04-28,3711,2013-10-25,0828,6855,,5,5,7,3711,0,0,0,,0,621,"GENESEE AV","PARK MESA WY",21.00,S,N,B,-,N,,,,,,,,,,N,3,0,1,2,A,-,12,21453,A,N,H,G,A,A,H,-,A,A,0,,Y,,,Y,,L,04,0,1,0,0,0,0,1,0,0,"- ","- ",,,"SAN DIEGO","SAN DIEGO",-117.17166469999999,32.797537599999998
6265166,2013,2014-04-22,3711,2013-10-16,2005,4576,,3,5,7,3711,0,0,0,,0,621,"LINDA VISTA TER","ULRIC ST",190.00,S,N,A,-,N,,,,,,,,,,N,2,0,1,2,A,-,11,21955,,F,G,B,D,A,H,-,C,D,0,Y,,,,Y,Y,N,60,1,0,0,0,1,0,0,0,0,"- ","- ",,,"SAN DIEGO","SAN DIEGO",-117.1705905,32.7860382
6265170,2013,2014-04-22,3711,2013-10-30,0123,4576,,3,5,7,3711,0,0,0,,0,813,"LINCOLN AV","IDAHO ST",20.00,E,N,B,-,N,,,,,,,,,,N,3,0,1,2,A,-,11,21954,A,F,G,B,D,A,H,-,C,A,0,Y,,,,Y,,N,60,0,1,0,0,1,0,0,0,0,"- ","- ",,,"SAN DIEGO","SAN DIEGO",-117.1337971,32.750323199999997
6277635,2013,2014-04-26,3711,2013-10-27,1335,5395,,7,5,7,3711,0,0,0,,0,627,ROBINSON,"ROBINSON 1700",0.00,,N,A,-,N,,,,,,,,,,N,3,0,1,2,A,-,10,21952,,N,D,G,A,A,H,-,A,D,0,,Y,,,Y,,-,"- ",0,1,0,0,0,0,1,0,0,"- ","- ",,,"SAN DIEGO","SAN DIEGO",-117.14823961,32.746419930000002
6278193,2013,2014-05-01,3711,2013-11-21,1832,6394,,4,5,7,3711,0,0,0,,0,315,"FRIARS RD","FRAZEE RD",6.00,E,N,A,-,N,,,,,,,,,,N,4,0,1,2,A,-,10,21950,A,N,A,B,B,A,H,-,C,A,0,Y,,,,Y,,-,"- ",0,0,1,0,1,0,0,0,0,"- ","- ",,,"SAN DIEGO","SAN DIEGO",-117.1574207,32.772758199999998
6284407,2013,2014-05-20,3711,2013-12-04,1040,6704,,3,5,7,3711,0,0,0,,0,627,"WEST WASHINGTON ST","DOVE ST",0.00,,Y,A,-,N,,,,,,,,,,N,4,0,1,2,A,-,10,21950,A,N,G,B,B,A,H,-,A,A,0,Y,,,,Y,,-,"- ",0,0,1,0,1,0,0,0,0,"- ","- ",,,"SAN DIEGO","SAN DIEGO",-117.168662,32.749904800000003
6291114,2014,2014-08-15,3711,2014-05-01,2000,5972,,4,5,7,3711,0,0,0,,0,827,"UNIVERSITY AV","SHILOH RD",351.00,W,N,A,-,N,,,,,,,,,,N,1,1,0,2,A,-,11,21954,A,N,G,B,D,A,H,-,C,D,0,Y,,,,Y,,N,60,0,0,0,1,0,0,0,0,0,"- ","- ",,,"SAN DIEGO","SAN DIEGO",-117.08266766,32.749089400000003
6291600,2014,2016-01-12,3711,2014-10-07,2312,5051,,2,5,7,3711,0,0,0,,0,611,"HANCOCK ST","CAMINO DEL RIO W",0.00,,Y,A,-,N,,,,,,,,,,Y,1,1,0,2,B,-,22,,,N,H,G,A,A,H,-,D,A,0,,Y,,,Y,Y,L,04,0,0,0,0,0,1,0,0,0,"- ","- ",,,"SAN DIEGO","SAN DIEGO",-117.20508012000001,32.754250120000002
6291912,2014,2015-12-28,9645,2014-11-10,1915,015580,,1,2,7,3711,0,1,1,,2,007,"RT 5","VIA DE LA VALLE",349.00,E,N,A,-,Y,SD,11,5,-,R,36.496,R,2,N,Y,1,1,0,2,A,-,11,21954,A,N,G,B,D,A,H,-,D,A,0,Y,,,,Y,Y,N,60,0,0,0,1,0,0,0,0,0,FR,"- ",32.980510000000002,-117.25194,"SAN DIEGO","SAN DIEGO",-117.25411723000001,32.982987860000001
6292660,2015,2015-09-15,3711,2015-08-13,1823,5046,,4,5,7,3711,0,0,0,,0,324,"NAVAJO RD","GOLFCREST DR",0.00,,Y,A,-,N,,,,,,,,,,Y,1,1,0,2,A,-,12,21453,A,N,G,B,B,A,H,-,A,A,0,Y,,,,Y,Y,D,23,0,0,0,1,0,0,0,0,0,"- ","- ",,,"SAN DIEGO","SAN DIEGO",-117.03810003,32.804150010000001
6292683,2015,2015-09-21,3711,2015-08-31,1726,5600,,1,5,7,3711,0,0,0,,0,122,"GRAND AV","DAWES ST",0.00,,Y,A,-,N,,,,,,,,,,Y,1,1,0,2,A,-,10,21950,A,N,G,B,B,A,H,-,A,A,0,Y,,,,Y,,D,22,0,0,0,1,0,0,0,0,0,"- ","- ",,,"SAN DIEGO","SAN DIEGO",-117.24945,32.795930009999999
6295741,2013,2014-05-20,3711,2013-12-09,0819,4308,,1,5,7,3711,0,0,0,,0,437,"BRIARWOOD RD","GOODE ST",0.00,,Y,A,-,N,,,,,,,,,,N,4,0,1,2,A,-,10,21950,A,N,D,B,B,A,H,-,A,A,0,Y,,,,Y,,A,01,0,0,1,0,1,0,0,0,0,"- ","- ",,,"SAN DIEGO","SAN DIEGO",-117.033502,32.6841048
6295804,2013,2014-05-27,3711,2013-11-13,1000,4938,,3,5,7,3711,0,0,0,,0,111,ARMSTRONG,BALTIC,0.00,,-,A,-,N,,,,,,,,,,N,4,0,1,2,D,-,00,,,N,H,G,A,A,H,-,A,A,0,,Y,,,Y,,-,"- ",0,0,1,0,0,0,1,0,0,"- ","- ",,,"SAN DIEGO","SAN DIEGO",-117.162262,32.805734800000003
6300260,2013,2014-05-05,3711,2013-11-09,1450,5097,,6,5,7,3711,0,0,0,,0,531,"LAUREL ST","BALBOA DR",39.00,W,N,A,-,N,,,,,,,,,,N,3,0,1,2,A,-,09,21804,A,N,D,G,A,A,H,-,A,D,0,,Y,,,Y,,L,,0,1,0,0,0,0,1,0,0,"- ","- ",,,"SAN DIEGO","SAN DIEGO",-117.07701802,32.731921370000002
6310511,2013,2014-12-22,3711,2013-12-26,2150,6203,"SAN D",4,5,7,3711,0,0,0,,0,822,"UNIVERSITY AV","UNIVERSITY SQ",6.00,S,N,A,-,N,,,,,,,,,,N,4,0,1,2,A,-,11,21456,B,N,A,B,B,A,H,-,C,A,0,Y,,,,Y,,N,60,0,0,1,0,1,0,0,0,0,"- ","- ",,,"SAN DIEGO","SAN DIEGO",-117.1639313,32.748233900000002
6317215,2013,2014-05-30,3711,2013-12-12,1539,7053,,4,5,7,3711,0,0,0,,0,614,"EBERS ST","POINT LOMA BL",22.00,S,N,A,-,N,,,,,,,,,,N,4,0,1,2,A,-,11,21954,A,N,G,B,D,A,H,-,A,D,0,Y,,,,Y,Y,N,60,0,0,1,0,1,0,0,0,0,"- ","- ",,,"SAN DIEGO","SAN DIEGO",-117.2400517,32.750524800000001
6317247,2013,2014-05-30,3711,2013-12-13,1100,6969,,5,5,7,3711,0,0,0,,0,721,"ELM AV","SATURN BL",0.00,,Y,A,-,N,,,,,,,,,,N,4,0,1,2,A,-,10,21950,A,N,G,B,B,A,H,-,A,A,0,Y,,,,Y,,-,"- ",0,0,1,0,1,0,0,0,0,"- ","- ",,,"SAN DIEGO","SAN DIEGO",-117.092702,32.580644800000002
6317271,2013,2014-05-30,3711,2013-12-14,1743,7021,,6,5,7,3711,0,0,0,,0,441,"S 45TH ST","S 45TH ST 900",21.00,N,N,A,-,N,,,,,,,,,,N,3,0,1,2,A,-,10,21954,B,N,G,B,E,A,H,-,C,D,0,Y,,,,Y,Y,-,"- ",0,1,0,0,1,0,0,0,0,"- ","- ",,,"SAN DIEGO","SAN DIEGO",,
6330432,2013,2014-05-27,3711,2013-12-05,1200,522,,4,5,7,3711,0,0,0,,0,,"BROADWAY AV","6TH AV",0.00,,Y,A,-,N,,,,,,,,,,N,4,0,1,2,D,-,00,,,M,B,B,B,A,H,-,A,A,0,Y,,,,Y,,-,"- ",0,0,1,0,1,0,0,0,0,"- ","- ",,,"SAN DIEGO","SAN DIEGO",-117.1592619,32.715694800000001
6337525,2014,2014-06-04,3711,2014-01-12,1827,6113,,7,5,7,3711,0,0,0,,0,521,"IMPERIAL AV","16TH ST",12.00,W,N,A,-,N,,,,,,,,,,N,4,0,1,2,A,-,09,21801,A,N,D,G,A,A,H,-,C,A,0,,Y,,,Y,,-,,0,0,1,0,0,0,1,0,0,"- ","- ",,,"SAN DIEGO","SAN DIEGO",-117.14948888000001,32.70628043
6341081,2014,2014-06-02,3711,2014-01-02,2129,6736,"SAN D",4,5,7,3711,0,0,0,,0,512,"27TH ST",IMPERIAL,15.00,N,N,A,-,N,,,,,,,,,,N,3,0,1,2,A,-,08,22107,,N,D,G,A,A,H,-,C,D,0,,Y,,,Y,,-,,0,1,0,0,0,0,1,0,0,"- ","- ",,,"SAN DIEGO","SAN DIEGO",-117.13599000000001,32.706411090000003
6342223,2013,2014-06-27,3711,2013-12-21,1245,6459,,6,5,7,3711,0,0,0,,0,123,"FIESTA ISLAND RD","FIESTA ISLAND RD 1000",0.00,,Y,A,-,N,,,,,,,,,,N,2,0,2,2,A,-,03,22350,,N,C,G,A,A,H,-,A,D,0,,Y,,,Y,,-,"- ",1,1,0,0,0,0,2,0,0,"- ","- ",,,"SAN DIEGO","SAN DIEGO",-117.22214699,32.77990973
6346577,2014,2014-06-06,3711,2014-01-15,1240,6418,,3,5,7,3711,0,0,0,,0,114,"LUNA AV","MORAGA AV",17.00,E,N,A,-,N,,,,,,,,,,N,3,0,2,3,A,-,08,22107,,N,G,B,B,A,H,-,A,D,0,Y,,,,Y,,A,01,0,2,0,0,2,0,0,0,0,"- ","- ",,,"SAN DIEGO","SAN DIEGO",-117.21263455,32.829273610000001
6352432,2014,2014-06-05,3711,2014-01-21,1825,6499,,2,5,7,3711,0,0,0,,0,433,"AKINS AV","FERGUS ST",0.00,,Y,A,-,N,,,,,,,,,,N,4,0,1,2,A,-,09,21801,A,N,G,B,B,A,H,-,C,D,0,Y,,,,Y,Y,-,,0,0,1,0,1,0,0,0,0,"- ","- ",,,"SAN DIEGO","SAN DIEGO",-117.06545,32.709990019999999
6358107,2014,2015-08-14,3711,2014-01-08,1525,4897,,3,5,7,3711,0,0,0,,0,241,"MESA MADERA DR","WIDE VALLEY LN",178.00,N,N,A,-,N,,,,,,,,,,N,2,0,1,4,A,-,13,22515,A,N,G,B,E,A,H,-,A,D,0,Y,,,Y,Y,,F,26,1,0,0,0,1,0,0,0,0,"- ","- ",,,"SAN DIEGO","SAN DIEGO",-117.08789951,32.910256920000002
6374068,2014,2014-06-18,3711,2014-02-08,1217,7064,SANDI,6,5,7,3711,0,0,0,,0,521,"G ST","16TH ST",0.00,,Y,A,-,N,,,,,,,,,,N,3,0,1,2,A,-,11,21456,B,N,G,B,B,A,H,-,A,A,0,Y,,,,Y,Y,N,60,0,1,0,0,1,0,0,0,0,"- ","- ",,,"SAN DIEGO","SAN DIEGO",-117.14949011,32.71261002
6376557,2014,2014-06-26,3711,2014-02-05,1008,3773,,3,5,7,3711,0,0,0,,0,521,"A ST","PARK BL",0.00,,Y,A,-,N,,,,,,,,,,N,3,0,1,2,A,-,10,21950,A,N,G,B,B,A,H,-,A,A,0,Y,,,,Y,,-,,0,1,0,0,1,0,0,0,0,"- ","- ",,,"SAN DIEGO","SAN DIEGO",-117.15385006,32.7188801
6400194,2014,2014-04-12,3711,2014-02-13,1042,5925,,4,5,7,3711,0,0,0,,0,311,"AERO DR","MURPHY CANYON RD",0.00,,Y,A,-,N,,,,,,,,,,N,3,0,1,2,A,-,17,21451,A,N,A,G,A,A,H,-,A,A,0,,Y,,,Y,,J,48,0,1,0,0,0,0,1,0,0,"- ","- ",,,"SAN DIEGO","SAN DIEGO",-117.11664009,32.809590120000003
6405855,2014,2014-06-26,3711,2014-02-12,1614,62521,,3,5,7,3711,0,0,0,,0,627,"UNIVERSITY AV","6TH AV",0.00,,Y,A,-,N,,,,,,,,,,N,4,0,1,2,A,-,11,21950,B,N,G,B,B,A,H,-,A,A,0,Y,,,,Y,,A,01,0,0,1,0,1,0,0,0,0,"- ","- ",,,"SAN DIEGO","SAN DIEGO",-117.15952995000001,32.748330019999997
6405979,2014,2014-06-25,3711,2014-02-16,0800,3661,TRAFF,7,5,7,3711,0,0,0,,0,111,"ASHFORD ST","HATTON ST",37.00,S,N,A,-,N,,,,,,,,,,N,4,0,1,2,A,-,17,22517,,N,H,G,A,A,H,-,A,D,0,,Y,,,Y,,A,01,0,0,1,0,0,0,1,0,0,"- ","- ",,,"SAN DIEGO","SAN DIEGO",-117.16262484000001,32.818208570000003
6411072,2014,2014-06-19,3711,2014-02-25,1325,3773,,2,5,7,3711,0,0,0,,0,521,"14TH ST","IMPERIAL AV",0.00,,Y,A,-,N,,,,,,,,,,N,4,0,1,2,A,-,10,21950,A,N,G,B,B,A,H,-,A,A,0,Y,,,,Y,,-,,0,0,1,0,1,0,0,0,0,"- ","- ",,,"SAN DIEGO","SAN DIEGO",-117.15188001,32.70628009
6414112,2014,2014-06-11,3711,2014-01-22,2150,5046,,3,5,7,3711,0,0,0,,0,122,"INGRAHAM ST","GRAND AV",143.00,S,N,A,-,N,,,,,,,,,,N,2,0,1,2,A,-,11,21954,A,N,G,B,D,A,H,-,C,D,0,Y,,,,Y,,N,60,1,0,0,0,1,0,0,0,0,"- ","- ",,,"SAN DIEGO","SAN DIEGO",-117.24017000000001,32.797550010000002
6415027,2013,2014-05-21,3711,2013-11-04,1347,5652,SD,1,5,7,3711,0,0,0,,0,233,"PENASQUITOS BL","PASEO MONTRIL",528.00,S,N,A,-,N,,,,,,,,,,N,3,0,1,2,A,-,08,22107,,N,H,G,A,A,H,-,A,-,0,,Y,,,Y,,A,01,0,1,0,0,0,0,1,0,0,"- ","- ",,,"SAN DIEGO","SAN DIEGO",-117.10717678,32.950275660000003
6416841,2014,2014-06-27,3711,2014-03-09,1826,5072,,7,5,7,3711,0,0,0,,0,831,"EL CAJON BL","47TH ST",0.00,,Y,A,-,N,,,,,,,,,,N,3,0,1,2,A,-,10,21950,A,N,G,B,B,A,H,-,A,D,0,Y,,,,Y,,A,01,0,1,0,0,1,0,0,0,0,"- ","- ",,,"SAN DIEGO","SAN DIEGO",-117.09327001,32.755910030000003
6439789,2014,2014-06-26,3711,2014-03-14,0810,5908,,5,5,7,3711,0,0,0,,0,511,"NATIONAL AV","SAMPSON ST",14.00,W,N,A,-,N,,,,,,,,,,N,4,0,1,2,A,-,12,21453,A,M,D,B,B,A,H,-,A,A,0,Y,,,,Y,,-,,0,0,1,0,1,0,0,0,0,"- ","- ",,,"SAN DIEGO","SAN DIEGO",-117.14009566,32.697243700000001
6439813,2014,2014-06-26,3711,2014-03-23,1745,6247,,7,5,7,3711,0,0,0,,0,611,"MIDWAY DR",ROSECRANS,1.00,W,N,B,-,N,,,,,,,,,,N,3,0,1,2,A,-,17,21200,A,N,D,G,A,A,H,-,A,A,0,,Y,,,Y,,L,04,0,1,0,0,0,0,1,0,0,"- ","- ",,,"SAN DIEGO","SAN DIEGO",-117.20617265999999,32.749701569999999
6439889,2014,2015-08-14,3711,2014-03-13,1744,6753,"SAN D",4,5,7,3711,0,0,0,,0,823,"STREAMVIEW DR",EGAN,21.00,S,N,A,-,N,,,,,,,,,,N,3,0,1,2,A,-,05,21202,A,N,B,G,A,A,H,-,A,D,0,,Y,,,Y,,L,04,0,1,0,0,0,0,1,0,0,"- ","- ",,,"SAN DIEGO","SAN DIEGO",-117.06206,32.744030000000002
6443733,2014,2014-07-03,3711,2014-03-28,0916,6357,SANDI,5,5,7,3711,0,0,0,,0,516,"MARKET ST","MARKET ST 3300",0.00,,N,B,-,N,,,,,,,,,,N,4,0,1,2,A,-,08,22107,,N,D,G,A,A,H,-,A,D,0,,Y,,,Y,,-,,0,0,1,0,0,0,1,0,0,"- ","- ",32.711840000000002,-117.12088,"SAN DIEGO","SAN DIEGO",-117.12315559,32.711769580000002
6449091,2014,2014-07-08,3711,2014-03-12,0840,3391,,3,5,7,3711,0,0,0,,0,437,"PARADISE VALLEY RD","DEEP DELL RD",0.00,,Y,A,-,N,,,,,,,,,,N,3,0,1,2,A,-,10,21950,A,N,D,B,B,A,H,-,A,A,0,Y,,,,Y,,-,,0,1,0,0,1,0,0,0,0,"- ","- ",,,"SAN DIEGO","SAN DIEGO",-117.02935013,32.695420050000003
6459495,2014,2016-03-26,3711,2014-05-15,1544,6896,,4,5,7,3711,0,0,0,,0,837,"HOME AV","RT 805",3.00,E,N,A,-,Y,SD,11,805,-,-,14.225,R,1,S,N,3,0,1,2,A,-,11,21950,B,N,G,B,B,A,H,-,A,A,0,Y,,,,Y,,N,60,0,1,0,0,1,0,0,0,0,"- ",SF,,,"SAN DIEGO","SAN DIEGO",-117.10610557,32.728759080000003
6471209,2014,2014-07-30,3711,2014-04-18,2230,4576,,5,5,7,3711,0,0,0,,0,327,"RESERVOIR RD","MONTEZUMA RD",0.00,,Y,B,-,N,,,,,,,,,,N,3,0,1,2,A,-,10,21950,A,M,G,B,B,A,H,-,C,A,0,Y,,,,Y,,-,99,0,1,0,0,1,0,0,0,0,"- ","- ",,,"SAN DIEGO","SAN DIEGO",-117.05652009000001,32.769010059999999
6495393,2014,2014-07-30,3711,2014-05-19,0739,5209,,1,5,7,3711,0,0,0,,0,811,"ADAMS AV","ADAMS AV 3300",0.00,,-,A,-,N,,,,,,,,,,N,3,0,1,2,A,-,10,21950,A,N,G,B,B,A,H,-,A,A,0,Y,,,,Y,,A,01,0,1,0,0,1,0,0,0,0,"- ","- ",,,"SAN DIEGO","SAN DIEGO",-117.12284535000001,32.763345340000001
6495422,2014,2014-08-04,3711,2014-05-22,1000,6760,,4,5,7,3711,0,0,0,,0,,"FARRAGUT RD","TRUXTUN RD",0.00,,Y,A,-,N,,,,,,,,,,,3,0,1,2,A,-,10,21950,A,N,A,B,B,A,H,-,A,-,0,Y,,,,Y,,-,,0,1,0,0,1,0,0,0,0,"- ","- ",,,"SAN DIEGO","SAN DIEGO",-117.21961013000001,32.733970059999997
6501197,2014,2014-07-29,3711,2014-05-14,1548,7126,,3,5,7,3711,0,0,0,,0,516,"K ST","25TH ST",40.00,E,N,A,-,N,,,,,,,,,,N,3,0,1,2,A,-,03,22350,,N,C,G,A,A,H,-,A,A,0,,Y,,,Y,,L,04,0,1,0,0,0,0,1,0,0,"- ","- ",,,"SAN DIEGO","SAN DIEGO",-117.1400804,32.70843
6513952,2014,2015-02-11,3711,2014-06-16,1450,7118,C2,1,5,7,3711,0,0,0,,0,517,"30TH ST",BROADWAY,12.00,N,N,A,-,N,,,,,,,,,,N,4,0,1,2,A,-,17,21454,C,M,G,B,B,A,H,-,A,A,0,Y,,,,Y,,-,99,0,0,1,0,1,0,0,0,0,"- ","- ",,,"SAN DIEGO","SAN DIEGO",-117.12959078,32.71590286
6516330,2014,2014-08-11,3711,2014-06-13,1800,7056,,5,5,7,3711,0,0,0,,0,431,"ROSWELL ST","CRESTON DR",39.00,W,N,A,-,N,,,,,,,,,,N,3,0,1,2,A,-,11,21950,B,N,G,B,E,A,H,-,A,D,0,Y,,,,Y,,N,60,0,1,0,0,1,0,0,0,0,"- ","- ",,,"SAN DIEGO","SAN DIEGO",-117.07697664,32.715278910000002
6517688,2014,2014-08-07,3711,2014-06-10,2026,6553,,2,5,7,3711,0,0,0,,0,432,"EUCLID AV","GROVELAND DR",0.00,,Y,A,-,N,,,,,,,,,,N,2,0,1,2,A,-,10,21950,A,F,G,B,B,A,H,-,C,D,0,Y,,,,Y,Y,-,99,1,0,0,0,1,0,0,0,0,"- ","- ",,,"SAN DIEGO","SAN DIEGO",-117.08505012000001,32.70770005