CASE_ID,ACCIDENT_YEAR,PROC_DATE,JURIS,COLLISION_DATE,COLLISION_TIME,OFFICER_ID,REPORTING_DISTRICT,DAY_OF_WEEK,CHP_SHIFT,POPULATION,CNTY_CITY_LOC,SPECIAL_COND,BEAT_TYPE,CHP_BEAT_TYPE,CITY_DIVISION_LAPD,CHP_BEAT_CLASS,BEAT_NUMBER,PRIMARY_RD,SECONDARY_RD,DISTANCE,DIRECTION,INTERSECTION,WEATHER_1,WEATHER_2,STATE_HWY_IND,CALTRANS_COUNTY,CALTRANS_DISTRICT,STATE_ROUTE,ROUTE_SUFFIX,POSTMILE_PREFIX,POSTMILE,LOCATION_TYPE,RAMP_INTERSECTION,SIDE_OF_HWY,TOW_AWAY,COLLISION_SEVERITY,NUMBER_KILLED,NUMBER_INJURED,PARTY_COUNT,PRIMARY_COLL_FACTOR,PCF_CODE_OF_VIOL,PCF_VIOL_CATEGORY,PCF_VIOLATION,PCF_VIOL_SUBSECTION,HIT_AND_RUN,TYPE_OF_COLLISION,MVIW,PED_ACTION,ROAD_SURFACE,ROAD_COND_1,ROAD_COND_2,LIGHTING,CONTROL_DEVICE,CHP_ROAD_TYPE,PEDESTRIAN_ACCIDENT,BICYCLE_ACCIDENT,MOTORCYCLE_ACCIDENT,TRUCK_ACCIDENT,NOT_PRIVATE_PROPERTY,ALCOHOL_INVOLVED,STWD_VEHTYPE_AT_FAULT,CHP_VEHTYPE_AT_FAULT,COUNT_SEVERE_INJ,COUNT_VISIBLE_INJ,COUNT_COMPLAINT_PAIN,COUNT_PED_KILLED,COUNT_PED_INJURED,COUNT_BICYCLIST_KILLED,COUNT_BICYCLIST_INJURED,COUNT_MC_KILLED,COUNT_MC_INJURED,PRIMARY_RAMP,SECONDARY_RAMP,LATITUDE,LONGITUDE,COUNTY,CITY,POINT_X,POINT_Y
6524150,2014,2014-07-17,3711,2014-04-17,2022,6989,SOUTH,4,5,7,3711,0,0,0,,0,721,"GAYWOOD ST",CORONADO,6.00,S,N,B,-,N,,,,,,,,,,N,4,0,1,2,A,-,10,21950,A,N,G,B,B,A,H,-,C,-,0,Y,,,,Y,,A,01,0,0,1,0,1,0,0,0,0,"- ","- ",,,"SAN DIEGO","SAN DIEGO",-117.10046027,32.576493569999997
6524455,2014,2014-08-07,3711,2014-05-23,0545,6594,,5,5,7,3711,0,0,0,,0,,"BUNNELL ST","BUNNELL ST 4900",3.00,S,N,A,-,N,,,,,,,,,,N,3,0,1,2,A,-,21,22106,,N,G,B,F,A,H,-,C,D,0,Y,,,,Y,,-,,0,1,0,0,1,0,0,0,0,"- ","- ",,,"SAN DIEGO","SAN DIEGO",,
6525029,2014,2014-08-08,3711,2014-06-09,1458,4653,,1,5,7,3711,0,0,0,,0,813,"EL CAJON BL","30TH ST",156.00,E,N,B,-,N,,,,,,,,,,N,3,0,1,2,A,-,08,22107,,N,D,G,A,A,H,-,A,D,0,,Y,,,Y,,L,04,0,1,0,0,0,0,1,0,0,"- ","- ",,,"SAN DIEGO","SAN DIEGO",-117.12966428,32.755400000000002
6529136,2014,2014-09-04,3711,2014-06-17,1035,5313,,2,5,7,3711,0,0,0,,0,714,"RAIL CT","EAST SAN YSIDRO BL",130.00,E,N,A,-,N,,,,,,,,,,N,3,0,1,2,A,-,11,21950,B,N,G,B,D,A,H,-,A,D,0,Y,,,,Y,,N,60,0,1,0,0,1,0,0,0,0,"- ","- ",,,"SAN DIEGO","SAN DIEGO",-117.02852054,32.543886569999998
6529776,2014,2014-08-20,3711,2014-06-13,1535,,,5,5,7,3711,0,0,0,,0,832,"43RD ST","POLK AV",0.00,,Y,A,-,N,,,,,,,,,,N,4,0,1,2,A,-,09,21802,A,N,D,G,A,A,H,-,A,A,0,,Y,,,Y,,L,04,0,0,1,0,0,0,1,0,0,"- ","- ",,,"SAN DIEGO","SAN DIEGO",-117.10199006000001,32.75140004
6538406,2014,2014-08-12,3711,2014-06-29,1156,6872,,7,5,7,3711,0,0,0,,0,621,"LINDA VISTA RD","ULRIC ST",90.00,S,N,A,-,N,,,,,,,,,,N,4,0,1,2,A,-,11,21954,A,N,G,B,D,A,H,-,A,D,0,Y,,,,Y,,N,60,0,0,1,0,1,0,0,0,0,"- ","- ",,,"SAN DIEGO","SAN DIEGO",-117.17039602,32.786270289999997
6543987,2014,2016-02-06,9645,2014-06-17,1515,019257,,2,2,7,3711,0,1,1,,2,001,"RT 5","PALM AV",3.00,S,N,A,-,Y,SD,11,5,-,-,4.848,R,1,S,N,3,0,1,2,A,-,21,22106,,N,D,G,A,A,H,-,A,A,1,,Y,,,Y,,D,22,0,1,0,0,0,0,1,0,0,TO,"- ",32.584180000000003,-117.0889,"SAN DIEGO","SAN DIEGO",-117.0877309,32.586861849999998
6545116,2014,2014-08-19,3711,2014-06-26,2102,6759,,4,5,7,3711,0,0,0,,0,433,"KLAUBER AV","ATTIX ST",154.00,S,N,A,-,N,,,,,,,,,,N,3,0,2,2,A,-,06,21751,,N,A,G,A,A,H,-,C,D,0,,Y,Y,,Y,,C,02,0,1,1,0,0,0,1,0,1,"- ","- ",,,"SAN DIEGO","SAN DIEGO",-117.05568332999999,32.722165570000001
6550183,2014,2014-08-25,3711,2014-06-30,1605,4881,,1,5,7,3711,0,0,0,,0,518,"DATE ST","DALE ST",1600.00,,N,A,-,N,,,,,,,,,,N,4,0,1,2,A,-,12,22450,A,N,D,G,A,A,H,-,A,A,0,,Y,,,Y,,L,04,0,0,1,0,0,0,1,0,0,"- ","- ",,,"SAN DIEGO","SAN DIEGO",-117.13113007,32.723400050000002
6560125,2014,2014-08-26,3711,2014-07-08,1605,4507,,2,5,7,3711,0,0,0,,0,111,"CLAIREMONT MESA BL","DOLIVA DR",30.00,E,N,A,-,N,,,,,,,,,,N,3,0,1,2,A,-,11,21954,A,N,A,B,E,A,H,-,A,A,0,Y,,,,Y,,N,60,0,1,0,0,1,0,0,0,0,"- ","- ",,,"SAN DIEGO","SAN DIEGO",-117.17555267,32.834378549999997
6560182,2014,2014-08-26,3711,2014-07-02,1915,7137,,3,5,7,3711,0,0,0,,0,432,PITA,"MARKET ST",0.00,,Y,A,-,N,,,,,,,,,,N,4,0,1,2,A,-,11,21954,A,N,G,B,D,A,H,-,B,A,0,Y,,,,Y,,N,60,0,0,1,0,1,0,0,0,0,"- ","- ",,,"SAN DIEGO","SAN DIEGO",-117.07276011,32.710060069999997
6560198,2014,2014-08-21,3711,2014-07-01,1510,6947,,2,5,7,3711,0,0,0,,0,723,"DOOLITTLE AV","LINDBERGH ST",387.00,S,N,A,-,N,,,,,,,,,,N,3,0,1,2,A,-,21,22106,,M,G,B,F,A,H,-,A,D,0,Y,,,,Y,,-,,0,1,0,0,1,0,0,0,0,"- ","- ",,,"SAN DIEGO","SAN DIEGO",-117.05810767,32.586000089999999
6564187,2014,2014-09-03,3711,2014-07-26,2050,6827,,6,5,7,3711,0,0,0,,0,826,"EL CAJON BL","50TH ST",0.00,,Y,A,-,N,,,,,,,,,,N,4,0,1,2,A,-,10,21950,A,M,G,B,B,A,H,-,C,D,0,Y,,,,Y,,-,,0,0,1,0,1,0,0,0,0,"- ","- ",,,"SAN DIEGO","SAN DIEGO",-117.08683004,32.756790109999997
6564388,2014,2014-08-25,3711,2014-07-03,2253,5051,,4,5,7,3711,0,0,0,,0,611,"SPORTS ARENA BL","ROSECRANS ST",0.00,,Y,A,-,N,,,,,,,,,,N,4,0,1,2,A,-,12,21453,A,N,D,G,A,A,H,-,C,A,0,,Y,,,Y,,L,04,0,0,1,0,0,0,1,0,0,"- ","- ",,,"SAN DIEGO","SAN DIEGO",-117.20494006,32.751530010000003
6567976,2014,2014-08-25,3711,2014-07-15,1500,4965,,2,5,7,3711,0,0,0,,0,813,"30TH ST","KALMIA ST",88.00,S,N,B,-,N,,,,,,,,,,N,3,0,1,2,A,-,17,22517,,N,B,G,A,A,H,-,A,D,0,,Y,,,Y,,-,,0,1,0,0,0,0,1,0,0,"- ","- ",,,"SAN DIEGO","SAN DIEGO",-117.12956572,32.730559929999998
6573153,2014,2014-08-29,3711,2014-07-15,0825,HB3855,,2,5,7,3711,0,0,0,,0,504,"WEST HARBOR DR","WEST HARBOR DR 550",0.00,,N,A,-,N,,,,,,,,,,N,3,0,1,3,A,-,17,22517,,N,A,G,A,A,H,-,A,D,0,,Y,,,Y,,-,,0,1,0,0,0,0,1,0,0,"- ","- ",,,"SAN DIEGO","SAN DIEGO",-117.16755241,32.710574219999998
6580689,2014,2014-09-03,3711,2014-07-24,1735,6775,,4,5,7,3711,0,0,0,,0,623,"SEFTON PARK","HOTEL CIRCLE PL",528.00,W,N,A,-,N,,,,,,,,,,Y,3,0,1,2,A,-,09,21801,A,N,D,G,A,A,H,-,A,D,0,,Y,,,Y,,-,,0,1,0,0,0,0,1,0,0,"- ","- ",,,"SAN DIEGO","SAN DIEGO",-117.189814,32.760624
6589736,2014,2014-09-05,3711,2014-08-11,2219,6487,SD,1,5,7,3711,0,0,0,,0,834,"WIGHTMAN ST","41ST ST",10.00,W,N,A,-,N,,,,,,,,,,N,3,0,1,2,A,-,10,21950,A,M,G,B,B,A,H,-,C,A,0,Y,,,,Y,Y,-,,0,1,0,0,1,0,0,0,0,"- ","- ",,,"SAN DIEGO","SAN DIEGO",-117.10698241,32.747789470000001
6589746,2014,2014-09-04,3711,2014-08-09,0850,7012,,6,5,7,3711,0,0,0,,0,934,"CARMEL COUNTRY RD","SAGAMORE WY",0.00,,Y,B,-,N,,,,,,,,,,N,3,0,1,2,A,-,03,22350,,N,H,G,A,A,H,-,A,D,0,,Y,,,Y,,L,04,0,1,0,0,0,0,1,0,0,"- ","- ",,,"SAN DIEGO","SAN DIEGO",-117.20825008,32.934520040000002
6595632,2014,2014-08-28,3711,2014-07-30,0744,6814,,3,5,7,3711,0,0,0,,0,524,"1ST AV","A ST",4.00,S,N,A,-,N,,,,,,,,,,N,4,0,1,2,A,-,17,21200,A,N,D,G,A,A,H,-,A,A,0,,Y,,,Y,,L,04,0,0,1,0,0,0,1,0,0,"- ","- ",,,"SAN DIEGO","SAN DIEGO",-117.16384021,32.71881904
6601757,2014,2014-09-10,3711,2014-08-20,1706,5985,,3,5,7,3711,0,0,0,,0,524,"B ST","4TH AV",0.00,,Y,A,-,N,,,,,,,,,,N,4,0,1,2,A,-,10,21950,A,N,G,B,B,A,H,-,A,A,0,Y,,,,Y,,A,01,0,0,1,0,1,0,0,0,0,"- ","- ",,,"SAN DIEGO","SAN DIEGO",-117.16108001000001,32.717790059999999
6609420,2014,2014-09-16,3711,2014-08-19,1515,5555,,2,5,7,3711,0,0,0,,0,721,"SATURN BL","ELM AV",5.00,N,N,A,-,N,,,,,,,,,,N,4,0,2,3,A,-,10,21950,A,N,-,B,B,A,H,-,A,A,0,Y,,,,Y,Y,-,,0,0,2,0,2,0,0,0,0,"- ","- ",,,"SAN DIEGO","SAN DIEGO",-117.09265965,32.580633689999999
6609982,2014,2015-11-09,3711,2014-08-22,2038,4849,,5,5,7,3711,0,0,0,,0,521,"11TH AV","F ST",0.00,,Y,A,-,N,,,,,,,,,,N,4,0,1,2,A,-,11,21950,B,M,-,B,B,A,H,-,C,A,0,Y,,,,Y,,-,99,0,0,1,0,1,0,0,0,0,"- ","- ",,,"SAN DIEGO","SAN DIEGO",-117.1546901,32.713640079999998
6614849,2014,2016-05-21,9645,2014-08-07,1948,20867,,4,2,7,3711,0,1,1,,2,015,"RT 805","OTHELLO AV",1320.00,S,N,A,-,Y,SD,11,805,-,-,21.030,H,-,N,N,2,0,1,2,A,-,08,22107,,N,D,G,A,A,H,-,C,D,1,,Y,,,Y,,L,04,1,0,0,0,0,0,1,0,0,"- ","- ",,,"SAN DIEGO","SAN DIEGO",-117.15731769999999,32.813728130000001
6629911,2014,2014-09-30,3711,2014-09-13,0035,6432,"SAN D",6,5,7,3711,0,0,0,,0,512,"DEWEY ST","FRANKLIN ST",108.00,S,N,A,-,N,,,,,,,,,,N,4,0,1,3,A,-,13,22515,B,N,C,B,E,A,H,-,C,D,0,Y,,,,Y,,-,,0,0,1,0,1,0,0,0,0,"- ","- ",,,"SAN DIEGO","SAN DIEGO",-117.13815451000001,32.704968049999998
6636803,2014,2014-10-31,3711,2014-09-17,1930,4939,,3,5,7,3711,0,0,0,,0,828,"UNIVERSITY AV","EUCLID AV",0.00,,Y,A,-,N,,,,,,,,,,N,4,0,1,2,A,-,03,22350,,N,G,B,B,A,H,-,C,A,0,Y,,,,Y,,N,60,0,0,1,0,1,0,0,0,0,"- ","- ",,,"SAN DIEGO","SAN DIEGO",-117.09229010999999,32.7495501
6640633,2014,2014-10-13,3711,2014-09-10,1826,7189,,3,5,7,3711,0,0,0,,0,831,"EUCLID AV","UNIVERSITY AV",105.00,N,N,A,-,N,,,,,,,,,,N,3,0,1,2,A,-,03,22350,,M,G,B,D,A,H,-,A,D,0,Y,,,,Y,Y,-,99,0,1,0,0,1,0,0,0,0,"- ","- ",,,"SAN DIEGO","SAN DIEGO",-117.09228571,32.749837589999998
6644836,2014,2014-10-21,3711,2014-09-25,1445,7184,,4,5,7,3711,0,0,0,,0,324,"BISBY LAKE AV","TOMMY DR",0.00,,Y,A,-,N,,,,,,,,,,N,3,0,1,2,A,-,11,21954,A,N,G,B,D,A,H,-,A,A,0,Y,,,,Y,,-,,0,1,0,0,1,0,0,0,0,"- ","- ",,,"SAN DIEGO","SAN DIEGO",-117.01362003,32.80372011
6664596,2014,2014-12-10,3711,2014-10-06,1913,6888,,1,5,7,3711,0,0,0,,0,612,"ROSECRANS ST","ELLIOTT ST",0.00,,Y,A,-,N,,,,,,,,,,N,3,0,1,2,A,-,08,22107,,N,D,G,A,A,H,-,D,D,0,,Y,,,Y,,L,04,0,1,0,0,0,0,1,0,0,"- ","- ",,,"SAN DIEGO","SAN DIEGO",-117.21614005000001,32.740070090000003
6666814,2014,2014-11-14,3711,2014-10-03,1625,6959,,5,5,7,3711,0,0,0,,0,831,"EL CAJON BL","HIGHLAND AV",0.00,,Y,A,-,N,,,,,,,,,,N,3,0,1,2,A,-,09,21801,A,N,D,G,A,A,H,-,A,A,0,,Y,,,Y,,-,,0,1,0,0,0,0,1,0,0,"- ","- ",,,"SAN DIEGO","SAN DIEGO",-117.09920013,32.755100040000002
6666940,2014,2014-10-29,3711,2014-09-27,1350,7122,,6,5,7,3711,0,0,0,,0,611,"ROSECRANS ST","MIDWAY DR",603.00,S,N,A,-,N,,,,,,,,,,N,3,0,2,3,A,-,08,22107,,N,G,G,A,A,H,-,A,A,0,,Y,,,Y,,-,,0,1,1,0,0,0,2,0,0,"- ","- ",,,"SAN DIEGO","SAN DIEGO",-117.20741834,32.748432970000003
6668856,2014,2014-11-21,3711,2014-10-09,2354,5388,,4,5,7,3711,0,0,0,,0,611,"CAMINO DEL RIO W","SPORTS ARENA BL",136.00,N,N,A,-,N,,,,,,,,,,N,3,0,1,2,A,-,11,21954,A,N,G,B,D,A,H,-,C,D,0,Y,,,,Y,Y,N,60,0,1,0,0,1,0,0,0,0,"- ","- ",,,"SAN DIEGO","SAN DIEGO",-117.20489382,32.751899700000003
6672437,2014,2014-12-18,3711,2014-10-10,1529,5582,,5,5,7,3711,0,0,0,,0,612,"ELLIOTT ST","CHATSWORTH BL",7.00,W,N,A,-,N,,,,,,,,,,N,3,0,1,2,A,-,05,21202,A,N,D,G,A,A,H,-,A,D,0,,Y,,,Y,,L,04,0,1,0,0,0,0,1,0,0,"- ","- ",,,"SAN DIEGO","SAN DIEGO",-117.22196819,32.743601460000001
6678362,2017,2019-04-05,3711,2017-10-02,0711,6034,,1,5,7,3711,0,0,0,,0,521,"15TH ST","MARKET ST",69.00,S,N,A,-,N,,,,,,,,,,N,1,1,0,2,A,-,21,22106,,F,G,B,E,A,H,-,A,D,0,Y,,,,Y,,A,07,0,0,0,1,0,0,0,0,0,"- ","- ",,,"SAN DIEGO","SAN DIEGO",-117.1503747,32.711341040000001
6689151,2014,2014-12-22,3711,2014-10-28,0825,4759,,2,5,7,3711,0,0,0,,0,116,"MORENA BL","LISTER ST",49.00,N,N,A,-,N,,,,,,,,,,N,3,0,1,2,A,-,17,22517,,N,B,G,A,A,H,-,A,D,0,,Y,,,Y,,-,,0,1,0,0,0,0,1,0,0,"- ","- ",,,"SAN DIEGO","SAN DIEGO",-117.20645657,32.786152770000001
6689544,2014,2015-01-23,9645,2014-10-15,1500,20541,,3,2,7,3711,1,4,S,,2,901,"WILLOW RD","WILLOW RD 226",10.00,E,N,A,-,N,,,,,,,,,,N,3,0,1,2,C,-,18,,,N,G,B,D,A,H,-,A,D,0,Y,,,,Y,,-,"- ",0,1,0,0,1,0,0,0,0,"- ","- ",32.548139999999997,-117.0423,"SAN DIEGO","SAN DIEGO",,
6691754,2014,2014-11-20,3711,2014-09-19,0607,6493,,5,5,7,3711,0,0,0,,0,315,"FRIARS RD","QUALCOMM WY",1056.00,W,N,B,-,N,,,,,,,,,,N,4,0,1,2,A,-,07,21658,A,N,C,G,A,A,H,-,B,D,0,,Y,,,Y,,-,,0,0,1,0,0,0,1,0,0,"- ","- ",,,"SAN DIEGO","SAN DIEGO",-117.14491940000001,32.776673629999998
6695296,2014,2015-01-02,3711,2014-10-29,1327,6515,,3,5,7,3711,0,0,0,,0,528,"INDIA ST","DATE ST",18.00,E,N,A,-,N,,,,,,,,,,N,3,0,1,2,A,-,10,21950,A,N,G,B,B,A,H,-,A,-,0,Y,,,,Y,,-,,0,1,0,0,1,0,0,0,0,"- ","- ",,,"SAN DIEGO","SAN DIEGO",-117.1683,32.72298
6695328,2014,2015-01-02,3711,2014-10-28,0915,5854,,2,5,7,3711,0,0,0,,0,521,"K ST","14TH ST",75.00,W,N,A,-,N,,,,,,,,,,N,3,0,1,2,A,-,08,22107,,N,G,B,E,A,H,-,A,D,0,Y,,,,Y,Y,-,,0,1,0,0,1,0,0,0,0,"- ","- ",,,"SAN DIEGO","SAN DIEGO",-117.15214301,32.708370000000002
6697409,2014,2014-12-12,3711,2014-09-29,2020,6045,,1,5,7,3711,0,0,0,,0,114,"CLAIREMONT MESA BL","ROLFE RD",0.00,,Y,A,-,N,,,,,,,,,,N,4,0,1,2,A,-,10,21950,A,N,G,B,B,A,H,-,C,A,0,Y,,,,Y,,-,,0,0,1,0,1,0,0,0,0,"- ","- ",,,"SAN DIEGO","SAN DIEGO",-117.20245001000001,32.82832003
6710950,2014,2015-01-08,3711,2014-11-11,1824,4897,,2,5,7,3711,0,0,0,,0,234,"RANCHO BERNARDO RD","ACENA DR",16.00,E,N,A,-,N,,,,,,,,,,N,3,0,1,2,A,-,03,22350,,M,G,B,E,A,H,-,E,A,0,Y,,,,Y,,-,99,0,1,0,0,1,0,0,0,0,"- ","- ",,,"SAN DIEGO","SAN DIEGO",-117.0700932,33.022550860000003
6721771,2014,2015-01-13,3711,2014-11-18,0522,7195,SANDI,2,5,7,3711,0,0,0,,0,451,"COLLEGE GROVE DR","CAMINITO CHOLLAS",181.00,W,N,A,-,N,,,,,,,,,,N,2,0,1,2,A,-,11,21954,A,N,G,B,E,A,H,-,C,D,0,Y,,,,Y,,N,60,1,0,0,0,1,0,0,0,0,"- ","- ",,,"SAN DIEGO","SAN DIEGO",-117.07203745,32.735878630000002
6721836,2014,2015-01-13,3711,2014-11-21,0149,3815,,5,5,7,3711,0,0,0,,0,122,"MISSION BL","GARNET AV",0.00,,Y,A,-,N,,,,,,,,,,N,4,0,2,3,A,-,10,21950,A,N,G,B,B,A,H,-,C,A,0,Y,,,,Y,Y,A,01,0,0,2,0,2,0,0,0,0,"- ","- ",,,"SAN DIEGO","SAN DIEGO",-117.25549005000001,32.796580089999999
6727946,2014,2015-01-14,3711,2014-11-30,1945,7168,,7,5,7,3711,0,0,0,,0,122,"GARNET AV","HAINES ST",90.00,W,N,A,-,N,,,,,,,,,,N,4,0,1,2,A,-,11,21954,A,N,G,B,D,A,H,-,C,D,0,Y,,,,Y,Y,N,60,0,0,1,0,1,0,0,0,0,"- ","- ",,,"SAN DIEGO","SAN DIEGO",-117.24299006,32.799320369999997
6727975,2014,2015-01-15,3711,2014-11-23,1632,7176,,7,5,7,3711,0,0,0,,0,436,"IMPERIAL AV","68TH ST",1227.00,E,N,A,-,N,,,,,,,,,,N,4,0,1,2,A,-,09,21804,A,N,D,G,A,A,H,-,A,D,0,,Y,,,Y,Y,A,07,0,0,1,0,0,0,1,0,0,"- ","- ",,,"SAN DIEGO","SAN DIEGO",-117.04781846,32.713371780000003
6731853,2014,2015-02-17,3711,2014-12-09,1035,7204,,2,5,7,3711,0,0,0,,0,626,"WEST WASHINGTON ST","DOVE ST",15.00,E,N,A,-,N,,,,,,,,,,N,4,0,1,2,A,-,10,21950,A,N,G,B,B,A,H,-,A,A,0,Y,,,,Y,,-,,0,0,1,0,1,0,0,0,0,"- ","- ",,,"SAN DIEGO","SAN DIEGO",-117.16860139000001,32.749921110000002
6731913,2014,2015-01-30,3711,2014-12-06,1140,5983,,6,5,7,3711,0,0,0,,0,826,"EL CAJON BL","WINONA AV",0.00,,Y,A,-,N,,,,,,,,,,N,3,0,1,2,A,-,10,21950,A,N,G,B,B,A,H,-,A,A,0,Y,,,,Y,,A,01,0,1,0,0,1,0,0,0,0,"- ","- ",,,"SAN DIEGO","SAN DIEGO",-117.08789007999999,32.756650090000001
6732664,2014,2015-01-29,3711,2014-12-03,1700,5842,,3,5,7,3711,0,0,0,,0,931,"SORRENTO VALLEY BL","VISTA SORRENTO PKWY",86.00,W,N,B,C,N,,,,,,,,,,N,3,0,1,3,A,-,11,21955,,N,G,B,D,B,H,-,C,A,0,Y,,,,Y,,N,60,0,1,0,0,1,0,0,0,0,"- ","- ",,,"SAN DIEGO","SAN DIEGO",-117.221598,32.902312870000003
6750330,2014,2015-02-04,3711,2014-12-09,1931,7174,W2,2,5,7,3711,0,0,0,,0,614,"POINT LOMA AV",EBERS,278.00,W,N,A,-,N,,,,,,,,,,N,4,0,1,2,A,-,11,21954,A,M,B,B,D,A,H,-,D,D,0,Y,,,,Y,,-,"- ",0,0,1,0,1,0,0,0,0,"- ","- ",,,"SAN DIEGO","SAN DIEGO",-117.25384812,32.735710070000003
6774508,2015,2015-02-20,3711,2015-01-05,1937,7186,3711,1,5,7,3711,0,0,0,,0,529,"ASH ST","2ND AV",0.00,,Y,A,-,N,,,,,,,,,,N,4,0,1,2,A,-,09,21801,A,N,G,G,A,A,H,-,C,A,0,,Y,,,Y,,-,,0,0,1,0,0,0,1,0,0,"- ","- ",,,"SAN DIEGO","SAN DIEGO",-117.16294000000001,32.71988005
6775032,2015,2015-02-19,3711,2015-01-04,1001,5652,SANDI,7,5,7,3711,0,0,0,,0,242,"BLACK MOUNTAIN RD","BABAUTA RD",14.00,N,N,A,-,N,,,,,,,,,,N,3,0,1,2,A,-,09,21801,A,N,A,G,A,A,H,-,A,D,0,,Y,,,Y,,A,01,0,1,0,0,0,0,1,0,0,"- ","- ",,,"SAN DIEGO","SAN DIEGO",-117.12605859,32.935575
6781346,2015,2015-02-18,3711,2015-01-14,1710,4507,,3,5,7,3711,0,0,0,,0,124,"LA JOLLA MESA DR","BAJA MAR",6.00,N,N,A,-,N,,,,,,,,,,N,3,0,1,2,A,-,08,22107,,N,B,G,A,A,H,-,B,D,0,,Y,,,Y,,-,,0,1,0,0,0,0,1,0,0,"- ","- ",,,"SAN DIEGO","SAN DIEGO",-117.25939522,32.818660690000002
6784148,2015,2016-04-07,3711,2015-01-07,0805,6776,SANDI,3,5,7,3711,0,0,0,,0,822,"EL CAJON BL","DAYTON ST",24.00,E,N,A,-,N,,,,,,,,,,N,4,0,1,2,A,-,03,22350,,N,G,B,D,A,H,-,A,A,0,Y,,,,Y,,-,,0,0,1,0,1,0,0,0,0,"- ","- ",,,"SAN DIEGO","SAN DIEGO",-117.07734332,32.758131120000002
6784156,2015,2015-02-18,3711,2015-01-03,0949,5678,SANDI,6,5,7,3711,0,0,0,,0,447,"47TH ST","A ST",50.00,N,N,A,-,N,,,,,,,,,,N,3,0,1,2,A,-,11,21950,B,N,G,B,D,A,H,-,A,D,0,Y,,,,Y,Y,N,60,0,1,0,0,1,0,0,0,0,"- ","- ",,,"SAN DIEGO","SAN DIEGO",-117.09355796,32.718886949999998
6785319,2015,2015-02-19,3711,2015-01-04,1138,6994,,7,5,7,3711,0,0,0,,0,441,"NATIONAL AV","S 40TH ST",219.00,E,N,A,-,N,,,,,,,,,,N,3,0,1,2,A,-,05,21650,1,N,G,B,A,A,H,-,A,D,0,,Y,,,Y,,L,04,0,1,0,0,0,0,1,0,0,"- ","- ",,,"SAN DIEGO","SAN DIEGO",-117.10745057,32.696072569999998
6785429,2015,2015-02-18,3711,2015-01-01,1654,7216,,4,5,7,3711,0,0,0,,0,113,"CLAIREMONT DR","CHIPPEWA CT",82.00,S,N,A,-,N,,,,,,,,,,N,3,0,1,2,A,-,09,21804,A,N,G,B,D,A,H,-,B,D,0,Y,,,,Y,,-,,0,1,0,0,1,0,0,0,0,"- ","- ",,,"SAN DIEGO","SAN DIEGO",-117.20104375,32.813412489999997
6789047,2015,2015-02-27,3711,2015-01-31,1359,5916,,6,5,7,3711,0,0,0,,0,432,"SOUTH EUCLID AV","TRINIDAD WY",0.00,,Y,B,-,N,,,,,,,,,,N,3,0,1,2,A,-,10,21950,A,N,G,B,B,A,H,-,A,D,0,Y,,,,Y,,A,01,0,1,0,0,1,0,0,0,0,"- ","- ",,,"SAN DIEGO","SAN DIEGO",-117.0851,32.700040080000001
6792627,2015,2015-02-25,3711,2015-01-16,1800,6676,SD,5,5,7,3711,0,0,0,,0,813,"LINCOLN AV","30TH ST",69.00,E,N,A,-,N,,,,,,,,,,N,4,0,1,2,A,-,11,21954,A,N,D,B,D,A,H,-,C,D,0,Y,,,,Y,,N,60,0,0,1,0,1,0,0,0,0,"- ","- ",,,"SAN DIEGO","SAN DIEGO",-117.12993634,32.75033182
6802351,2015,2015-02-25,3711,2015-01-19,1730,7171,,1,5,7,3711,0,0,0,,0,611,"SPORTS ARENA BL",ROSECRANS,450.00,W,N,A,-,N,,,,,,,,,,N,3,0,1,2,A,-,05,21650,1,N,D,G,A,A,H,-,B,D,0,,Y,,,Y,,L,04,0,1,0,0,0,0,1,0,0,"- ","- ",,,"SAN DIEGO","SAN DIEGO",-117.20620536,32.752077960000001
6806175,2015,2015-02-24,3711,2015-01-21,0816,5046,,3,5,7,3711,0,0,0,,0,841,"COLLEGE AV","UNIVERSITY AV",19.00,N,N,A,-,N,,,,,,,,,,N,2,0,1,2,A,-,11,21950,B,N,G,B,B,A,H,-,A,A,0,Y,,,,Y,,N,60,1,0,0,0,1,0,0,0,0,"- ","- ",,,"SAN DIEGO","SAN DIEGO",-117.06450347000001,32.752908120000001
6809192,2015,2015-03-06,3711,2015-02-03,1400,6304,,2,5,7,3711,0,0,0,,0,115,"LA JOLLA VILLAGE DR","REGENTS RD",6.00,W,N,A,-,N,,,,,,,,,,N,3,0,1,2,A,-,11,21456,B,N,D,G,A,A,H,-,A,A,0,,Y,,,Y,,L,04,0,1,0,0,0,0,1,0,0,"- ","- ",,,"SAN DIEGO","SAN DIEGO",-117.21839668,32.871351509999997
6809553,2015,2015-02-27,3711,2015-01-29,1725,4505,,4,5,7,3711,0,0,0,,0,931,"CAMINO SANTA FE","CALLE CRISTOBAL",186.00,S,N,B,-,N,,,,,,,,,,N,3,0,1,2,A,-,03,22350,,N,C,G,A,A,H,-,C,D,0,,Y,,,Y,,A,01,0,1,0,0,0,0,1,0,0,"- ","- ",,,"SAN DIEGO","SAN DIEGO",-117.17815606000001,32.918207879999997