CASE_ID,ACCIDENT_YEAR,PROC_DATE,JURIS,COLLISION_DATE,COLLISION_TIME,OFFICER_ID,REPORTING_DISTRICT,DAY_OF_WEEK,CHP_SHIFT,POPULATION,CNTY_CITY_LOC,SPECIAL_COND,BEAT_TYPE,CHP_BEAT_TYPE,CITY_DIVISION_LAPD,CHP_BEAT_CLASS,BEAT_NUMBER,PRIMARY_RD,SECONDARY_RD,DISTANCE,DIRECTION,INTERSECTION,WEATHER_1,WEATHER_2,STATE_HWY_IND,CALTRANS_COUNTY,CALTRANS_DISTRICT,STATE_ROUTE,ROUTE_SUFFIX,POSTMILE_PREFIX,POSTMILE,LOCATION_TYPE,RAMP_INTERSECTION,SIDE_OF_HWY,TOW_AWAY,COLLISION_SEVERITY,NUMBER_KILLED,NUMBER_INJURED,PARTY_COUNT,PRIMARY_COLL_FACTOR,PCF_CODE_OF_VIOL,PCF_VIOL_CATEGORY,PCF_VIOLATION,PCF_VIOL_SUBSECTION,HIT_AND_RUN,TYPE_OF_COLLISION,MVIW,PED_ACTION,ROAD_SURFACE,ROAD_COND_1,ROAD_COND_2,LIGHTING,CONTROL_DEVICE,CHP_ROAD_TYPE,PEDESTRIAN_ACCIDENT,BICYCLE_ACCIDENT,MOTORCYCLE_ACCIDENT,TRUCK_ACCIDENT,NOT_PRIVATE_PROPERTY,ALCOHOL_INVOLVED,STWD_VEHTYPE_AT_FAULT,CHP_VEHTYPE_AT_FAULT,COUNT_SEVERE_INJ,COUNT_VISIBLE_INJ,COUNT_COMPLAINT_PAIN,COUNT_PED_KILLED,COUNT_PED_INJURED,COUNT_BICYCLIST_KILLED,COUNT_BICYCLIST_INJURED,COUNT_MC_KILLED,COUNT_MC_INJURED,PRIMARY_RAMP,SECONDARY_RAMP,LATITUDE,LONGITUDE,COUNTY,CITY,POINT_X,POINT_Y
6810586,2015,2015-03-02,3711,2015-01-30,0200,7139,,5,5,7,3711,0,0,0,,0,524,"A ST","8TH ST",25.00,E,N,B,-,N,,,,,,,,,,N,4,0,1,2,A,-,11,21955,,N,G,B,D,A,H,-,C,A,0,Y,,,,Y,Y,N,60,0,0,1,0,1,0,0,0,0,"- ","- ",,,"SAN DIEGO","SAN DIEGO",-117.15737899,32.718859999999999
6810614,2015,2015-03-02,3711,2015-01-22,1443,4495,,4,5,7,3711,0,0,0,,0,436,"IMPERIAL AV","66TH ST",69.00,E,N,A,-,N,,,,,,,,,,N,2,0,1,2,A,-,00,21854,A,N,G,B,D,A,G,-,A,D,0,Y,,,,Y,,N,60,1,0,0,0,1,0,0,0,0,"- ","- ",,,"SAN DIEGO","SAN DIEGO",-117.055999,32.710788460000003
6811196,2015,2015-03-20,3711,2015-02-02,1625,6521,,1,5,7,3711,0,0,0,,0,837,"HOME AV","FEDERAL BL",0.00,,Y,A,-,N,,,,,,,,,,N,3,0,1,2,A,-,08,22107,,M,H,G,A,A,H,-,A,A,0,,Y,,,Y,,-,99,0,1,0,0,0,0,1,0,0,"- ","- ",,,"SAN DIEGO","SAN DIEGO",-117.11036009,32.71956007
6811200,2015,2015-03-13,3711,2015-02-02,0645,6304,,1,5,7,3711,0,0,0,,0,122,"OLNEY ST","OLNEY ST 4400",0.00,,Y,A,-,N,,,,,,,,,,N,3,0,1,2,A,-,10,21950,A,M,A,B,B,A,H,-,B,A,0,Y,,,,Y,Y,-,99,0,1,0,0,1,0,0,0,0,"- ","- ",,,"SAN DIEGO","SAN DIEGO",-117.22928702999999,32.80035273
6816132,2015,2015-03-20,3711,2015-02-01,2020,7184,,7,5,7,3711,0,0,0,,0,521,"PARK BL","F ST",200.00,N,N,A,-,N,,,,,,,,,,N,3,0,1,2,A,-,11,21950,B,N,G,B,D,A,H,-,C,D,0,Y,,,,Y,Y,N,60,0,1,0,0,1,0,0,0,0,"- ","- ",,,"SAN DIEGO","SAN DIEGO",-117.15375517,32.714187860000003
6816136,2015,2015-03-06,3711,2015-02-01,0209,7186,3711,7,5,7,3711,0,0,0,,0,523,"6TH AV","J ST",45.00,S,N,A,-,N,,,,,,,,,,N,4,0,1,2,A,-,"- ",,,N,B,B,D,A,H,-,C,D,0,Y,,,,Y,Y,N,60,0,0,1,0,1,0,0,0,0,"- ","- ",,,"SAN DIEGO","SAN DIEGO",-117.15919821,32.70927674
6816144,2015,2015-03-06,3711,2015-02-01,1920,6070,,7,5,7,3711,0,0,0,,0,122,"GRAND AV","DAWES ST",150.00,W,N,A,-,N,,,,,,,,,,N,4,0,1,2,A,-,11,21954,A,N,A,B,D,A,H,-,C,D,0,Y,,,,Y,Y,N,60,0,0,1,0,1,0,0,0,0,"- ","- ",,,"SAN DIEGO","SAN DIEGO",-117.24991926,32.795821580000002
6816148,2015,2015-03-06,3711,2015-02-01,1730,4884,SDPD,7,5,7,3711,0,0,0,,0,234,"FONTICELLO WY","PASEO DEL VERANO NORTE",21.00,S,N,A,-,N,,,,,,,,,,N,3,0,1,2,A,-,10,21952,,N,D,B,D,A,H,-,D,A,0,Y,,,,Y,,-,,0,1,0,0,1,0,0,0,0,"- ","- ",,,"SAN DIEGO","SAN DIEGO",-117.04818985,33.036828270000001
6819007,2015,2015-03-16,3711,2015-02-05,1225,6434,SD,4,5,7,3711,0,0,0,,0,627,"1ST AV","W PENNSYLVANIA",33.00,S,N,A,-,N,,,,,,,,,,N,4,0,1,2,A,-,21,22106,,N,C,B,D,A,H,-,A,D,0,Y,,,,Y,,-,,0,0,1,0,1,0,0,0,0,"- ","- ",,,"SAN DIEGO","SAN DIEGO",-117.1638595,32.745019599999999
6820571,2015,2015-03-10,3711,2015-02-05,1845,6704,,4,5,7,3711,0,0,0,,0,625,"MOORE ST","OLD TOWN AV",71.00,S,N,A,-,N,,,,,,,,,,Y,4,0,1,3,A,-,21,22106,,N,C,B,F,A,H,-,C,D,0,Y,,,,Y,Y,-,,0,0,1,0,1,0,0,0,0,"- ","- ",,,"SAN DIEGO","SAN DIEGO",-117.19307288,32.748016739999997
6820578,2015,2015-03-10,3711,2015-02-05,1045,5876,WESTE,4,5,7,3711,0,0,0,,0,627,"UNIVERSITY AV","UNIVERSITY AV 1090",0.00,,N,A,-,N,,,,,,,,,,N,4,0,2,4,A,-,03,22350,,N,C,B,F,A,H,-,A,A,0,Y,,,,Y,,-,,0,0,2,0,1,0,0,0,0,"- ","- ",,,"SAN DIEGO","SAN DIEGO",-117.15378106,32.748529949999998
6833691,2015,2015-03-12,3711,2015-02-16,1839,7092,SD,1,5,7,3711,0,0,0,,0,622,"MORENA BL","NAPA ST",300.00,S,N,A,-,N,,,,,,,,,,N,3,0,1,2,A,-,05,21650,1,N,A,G,A,A,H,-,C,A,0,,Y,,,Y,Y,L,04,0,1,0,0,0,0,1,0,0,"- ","- ",,,"SAN DIEGO","SAN DIEGO",-117.19802137000001,32.76501605
6833705,2015,2015-03-13,3711,2015-02-15,2300,5600,,7,5,7,3711,0,0,0,,0,445,"47TH ST","MARKET ST",0.00,,Y,A,-,N,,,,,,,,,,N,2,0,1,2,A,-,12,21453,A,N,D,G,A,A,H,-,C,A,0,,Y,,,Y,,L,04,1,0,0,0,0,0,1,0,0,"- ","- ",,,"SAN DIEGO","SAN DIEGO",-117.09360004,32.711430069999999
6835176,2015,2015-03-12,3711,2015-02-23,1900,6657,SD,1,5,7,3711,0,0,0,,0,524,"WEST ASH ST","COLUMBIA ST",20.00,E,N,B,-,N,,,,,,,,,,N,3,0,1,2,A,-,08,22107,,N,B,G,A,A,H,-,C,A,0,,Y,,,Y,,-,,0,1,0,0,0,0,1,0,0,"- ","- ",,,"SAN DIEGO","SAN DIEGO",-117.16734519000001,32.719859999999997
6843709,2015,2015-03-18,3711,2015-02-26,0530,6743,,4,5,7,3711,0,0,0,,0,712,"SAN YSIDRO BL","VIA DE SAN YSIDRO",0.00,,Y,A,-,N,,,,,,,,,,N,4,0,1,2,A,-,10,21950,A,N,G,B,B,A,H,-,B,A,0,Y,,,,Y,,-,,0,0,1,0,1,0,0,0,0,"- ","- ",,,"SAN DIEGO","SAN DIEGO",-117.04496001,32.552460109999998
6844383,2015,2015-03-25,3711,2015-03-01,1600,6026,,7,5,7,3711,0,0,0,,0,522,"4TH AV","4TH AV 400",26.00,E,N,C,-,N,,,,,,,,,,N,4,0,1,2,A,-,03,22350,,N,D,B,D,B,H,-,A,D,0,Y,,,,Y,,-,,0,0,1,0,1,0,0,0,0,"- ","- ",,,"SAN DIEGO","SAN DIEGO",-117.1610713,32.709496190000003
6845517,2015,2015-03-23,3711,2015-03-03,1515,7278,NORTH,2,5,7,3711,0,0,0,,0,121,"SEAWORLD DR","SEA WORLD WY",9.00,W,N,A,-,N,,,,,,,,,,N,4,0,1,2,A,-,12,21453,A,N,D,G,A,A,H,-,A,A,0,,Y,,,Y,,L,04,0,0,1,0,0,0,1,0,0,"- ","- ",,,"SAN DIEGO","SAN DIEGO",-117.23085808,32.76112329
6850701,2015,2015-03-20,3711,2015-03-06,1826,4523,,5,5,7,3711,0,0,0,,0,114,"CLAIREMONT MESA BL","CLAIREMONT DR",51.00,W,N,A,-,N,,,,,,,,,,N,3,0,1,2,A,-,09,21804,A,N,-,G,A,A,H,-,C,A,0,,Y,,,Y,,L,04,0,1,0,0,0,0,1,0,0,"- ","- ",,,"SAN DIEGO","SAN DIEGO",-117.20631548,32.827710000000003
6850703,2015,2015-03-20,3711,2015-03-06,1540,5787,,5,5,7,3711,0,0,0,,0,124,"TORREY PINES RD","ARDATH LN",1320.00,N,N,A,-,N,,,,,,,,,,N,3,0,1,2,A,-,09,21801,A,N,B,G,A,A,H,-,A,D,0,,Y,,,Y,,-,"- ",0,1,0,0,0,0,1,0,0,"- ","- ",,,"SAN DIEGO","SAN DIEGO",-117.24640298,32.851774050000003
6854758,2015,2015-07-16,3711,2015-06-14,1524,4653,,7,5,7,3711,0,0,0,,0,937,"CAMINO DEL SUR","CAMINITO LAZANJA",2112.00,S,N,B,-,N,,,,,,,,,,Y,1,1,0,2,A,-,08,22107,,N,C,G,A,A,H,-,A,D,0,,Y,,,Y,,A,07,0,0,0,0,0,1,0,0,0,"- ","- ",,,"SAN DIEGO","SAN DIEGO",-117.15516,32.979979999999998
6859109,2015,2015-04-07,3711,2015-03-17,1905,6224,SD,2,5,7,3711,0,0,0,,0,122,"GARNET AV","HAINES ST",75.00,E,N,A,-,N,,,,,,,,,,N,4,0,1,2,A,-,03,22350,,N,D,G,A,A,H,-,C,A,0,,Y,,,Y,,L,04,0,0,1,0,0,0,1,0,0,"- ","- ",,,"SAN DIEGO","SAN DIEGO",-117.24247312999999,32.799436870000001
6859984,2015,2015-04-16,3711,2015-03-14,0007,7172,,6,5,7,3711,0,0,0,,0,822,"54TH PL","54TH ST",45.00,E,N,A,-,N,,,,,,,,,,N,3,0,1,2,A,-,"- ",,,M,G,B,E,A,-,-,D,D,0,Y,,,,Y,,-,,0,1,0,0,1,0,0,0,0,"- ","- ",,,"SAN DIEGO","SAN DIEGO",-117.07935945,32.752219670000002
6861300,2015,2015-04-03,3711,2015-02-14,1945,6859,,6,5,7,3711,0,0,0,,0,524,"1ST AV","W C ST",9.00,N,N,A,-,N,,,,,,,,,,N,4,0,1,3,A,-,11,21456,B,N,G,B,B,A,H,-,C,A,0,Y,,,,Y,,N,60,0,0,1,0,1,0,0,0,0,"- ","- ",,,"SAN DIEGO","SAN DIEGO",-117.16382047,32.716754649999999
6866775,2015,2015-05-15,3711,2015-03-03,0134,4310,,2,5,7,3711,0,0,0,,0,116,"MORENA BL","AVATI DR",1513.00,S,N,A,-,N,,,,,,,,,,Y,1,1,0,2,A,-,11,21954,A,N,G,B,E,A,H,-,D,D,0,Y,,,,Y,,N,60,0,0,0,1,0,0,0,0,0,"- ","- ",,,"SAN DIEGO","SAN DIEGO",-117.21472043,32.810378450000002
6877513,2015,2015-04-14,3711,2015-03-23,1550,118,,1,5,7,3711,0,0,0,,0,521,"16TH ST","B ST",4.00,S,N,A,-,N,,,,,,,,,,N,3,0,1,2,A,-,11,21950,B,N,G,B,B,A,H,-,A,A,0,Y,,,,Y,,A,01,0,1,0,0,1,0,0,0,0,"- ","- ",,,"SAN DIEGO","SAN DIEGO",-117.14954958,32.717829049999999
6882259,2015,2015-05-13,3711,2015-04-08,2035,5315,,3,5,7,3711,0,0,0,,0,122,"FELSPAR ST","SOLEDAD MOUNTAIN RD",10.00,E,N,B,-,N,,,,,,,,,,N,4,0,1,2,A,-,08,22107,,N,D,B,B,A,H,-,C,D,0,Y,,,,Y,,-,,0,0,1,0,1,0,0,0,0,"- ","- ",,,"SAN DIEGO","SAN DIEGO",-117.2242,32.805840000000003
6882371,2015,2015-04-22,3711,2015-04-01,1044,6035,,3,5,7,3711,0,0,0,,0,831,"UNIVERSITY AV","EUCLID AV",39.00,W,N,A,-,N,,,,,,,,,,N,3,0,2,2,A,-,05,21650,1,N,D,G,A,A,H,-,A,A,0,,Y,,,Y,,L,04,0,1,1,0,0,0,2,0,0,"- ","- ",,,"SAN DIEGO","SAN DIEGO",-117.09241638,32.749552379999997
6887110,2015,2015-04-30,3711,2015-04-14,1613,6781,SANDI,2,5,7,3711,0,0,0,,0,821,"COLLEGE AV","ACORN ST",150.00,N,N,A,-,N,,,,,,,,,,N,4,0,1,2,A,-,09,21804,A,N,G,B,F,A,H,-,A,D,0,Y,,,,Y,,-,,0,0,1,0,1,0,0,0,0,"- ","- ",,,"SAN DIEGO","SAN DIEGO",-117.06659728,32.759957180000001
6910523,2015,2015-05-12,3711,2015-04-20,2222,5600,,1,5,7,3711,0,0,0,,0,315,"FRIARS RD","FRAZEE RD",0.00,,Y,A,-,N,,,,,,,,,,N,4,0,1,2,A,-,10,21950,A,M,G,B,B,A,H,-,C,A,0,Y,,,,Y,,-,99,0,0,1,0,1,0,0,0,0,"- ","- ",,,"SAN DIEGO","SAN DIEGO",-117.15739003,32.772600079999997
6916228,2015,2015-06-11,3711,2015-04-11,1115,7273,,6,5,7,3711,0,0,0,,0,81L,"EL CAJON BL","33RD ST",9.00,W,N,A,-,N,,,,,,,,,,N,3,0,1,2,A,-,10,21950,A,N,G,B,B,A,H,-,A,A,0,Y,,,,Y,,-,,0,1,0,0,1,0,0,0,0,"- ","- ",,,"SAN DIEGO","SAN DIEGO",-117.12225917000001,32.755210320000003
6920902,2015,2016-06-06,3711,2015-05-07,2015,5985,,4,5,7,3711,0,0,0,,0,315,"CAMINO DEL RIO S","TEXAS ST",0.00,,Y,B,-,N,,,,,,,,,,N,4,0,1,2,D,-,00,,,M,D,G,A,A,H,-,C,A,0,,Y,,,Y,,-,"- ",0,0,1,0,0,0,1,0,0,"- ","- ",,,"SAN DIEGO","SAN DIEGO",-117.13927009,32.767300079999998
6921405,2015,2015-06-08,3711,2015-05-08,1338,7108,,5,5,7,3711,0,0,0,,0,723,"TWINING AV","TWINING / DAVIS INTERSECTION",50.00,S,N,A,-,N,,,,,,,,,,N,4,0,1,2,A,-,08,22107,,N,G,B,E,A,H,-,A,D,0,Y,,,,Y,,A,01,0,0,1,0,1,0,0,0,0,"- ","- ",,,"SAN DIEGO","SAN DIEGO",-117.04540819,32.580041829999999
6921556,2015,2015-05-26,3711,2015-05-05,0829,7292,"SAN D",2,5,7,3711,0,0,0,,0,234,"RANCHO BERNARDO RD","MATINAL RD",90.00,E,N,B,-,N,,,,,,,,,,N,3,0,1,2,-,-,"- ",,,N,H,G,A,A,H,-,A,D,0,,Y,,,Y,,-,"- ",0,1,0,0,0,0,1,0,0,"- ","- ",,,"SAN DIEGO","SAN DIEGO",-117.09193068,33.024363510000001
6921576,2015,2016-11-19,3711,2015-05-05,0808,5046,,2,5,7,3711,0,0,0,,0,526,"4TH AV","DATE ST",0.00,,Y,B,-,Y,SD,11,163,-,-,1.019,R,1,S,N,4,0,1,2,A,-,10,21950,A,N,-,B,B,A,H,-,A,A,0,Y,,,,Y,,A,01,0,0,1,0,1,0,0,0,0,"- ","- ",,,"SAN DIEGO","SAN DIEGO",-117.15604190000001,32.725934760000001
6922437,2015,2015-06-10,3711,2015-05-01,1730,7123,SANDI,5,5,7,3711,0,0,0,,0,934,"CARMEL CANYON RD","CARMEL KNOLLS DR",0.00,,Y,A,-,N,,,,,,,,,,,3,0,1,2,A,-,10,21950,A,M,G,B,B,A,H,-,A,A,0,Y,,,,Y,,-,,0,1,0,0,1,0,0,0,0,"- ","- ",,,"SAN DIEGO","SAN DIEGO",-117.21338004,32.949620039999999
6935478,2015,2015-07-01,3711,2015-05-08,1729,7124,,5,5,7,3711,0,0,0,,0,437,"ALSACIA ST","RITVA PL",69.00,W,N,B,C,N,,,,,,,,,,Y,4,0,1,2,D,-,00,,,N,C,B,A,B,H,-,A,D,0,,,,,Y,,-,"- ",0,0,1,0,0,0,0,0,0,"- ","- ",,,"SAN DIEGO","SAN DIEGO",-117.04617637,32.68186978
6940058,2015,2015-08-19,3711,2015-05-19,1815,7162,,2,5,7,3711,0,0,0,,0,447,"47TH ST",FEDERAL,0.00,,Y,A,-,N,,,,,,,,,,N,4,0,1,2,A,-,09,21801,A,N,B,G,A,A,-,-,A,A,0,,Y,,,Y,,-,"- ",0,0,1,0,0,0,1,0,0,"- ","- ",,,"SAN DIEGO","SAN DIEGO",-117.09354002000001,32.721450019999999
6947470,2015,2015-06-26,3711,2015-05-25,0200,7297,3711,1,5,7,3711,0,0,0,,0,122,"RIVIERA CT","PACIFIC BEACH DR",213.00,S,N,B,-,N,,,,,,,,,,N,3,0,1,2,C,-,18,,,N,G,B,D,A,H,-,C,D,0,Y,,,,Y,,-,"- ",0,1,0,0,1,0,0,0,0,"- ","- ",,,"SAN DIEGO","SAN DIEGO",-117.24165327999999,32.792855869999997
6966448,2015,2016-06-06,3711,2015-05-28,1835,7257,,4,5,7,3711,0,0,0,,0,826,"WEST ALY 4200 52ND ST","TROJAN AV",0.00,,Y,A,-,N,,,,,,,,,,N,3,0,1,2,A,-,09,21804,A,M,A,G,A,A,H,-,A,D,0,,Y,,,Y,,L,04,0,1,0,0,0,0,1,0,0,"- ","- ",,,"SAN DIEGO","SAN DIEGO",,
6970014,2015,2016-06-06,3711,2015-06-11,1400,4897,,4,5,7,3711,0,0,0,,0,116,"MISSION BAY DR","ROSEWOOD ST",228.00,S,N,B,-,N,,,,,,,,,,Y,2,0,1,2,A,-,11,21954,A,N,G,B,D,A,H,-,A,D,0,Y,,,,Y,,N,60,1,0,0,0,1,0,0,0,0,"- ","- ",,,"SAN DIEGO","SAN DIEGO",-117.21316933,32.80013495
6970218,2015,2015-07-07,3711,2015-06-12,1138,5197,,5,5,7,3711,0,0,0,,0,531,"VILLAGE PL","PARK BL",225.00,W,N,B,-,N,,,,,,,,,,N,3,0,1,2,D,-,00,,,N,G,B,E,A,H,-,A,D,0,Y,,,,Y,,-,"- ",0,1,0,0,1,0,0,0,0,"- ","- ",,,"SAN DIEGO","SAN DIEGO",-117.14679888000001,32.733081069999997
6981234,2015,2015-07-10,3711,2015-05-21,1830,7067,,4,5,7,3711,0,0,0,,0,627,"ROBINSON AV",5TH,15.00,E,N,A,-,N,,,,,,,,,,N,4,0,1,2,A,-,08,22107,,N,B,G,A,A,H,-,A,A,0,,Y,,,Y,,L,04,0,0,1,0,0,0,1,0,0,"- ","- ",,,"SAN DIEGO","SAN DIEGO",-117.16036138,32.746939449999999
6989735,2015,2015-07-18,3711,2015-07-04,1915,4965,"SAN D",6,5,7,3711,0,0,0,,0,121,"SAN JOSE PL","SAN JOSE PL 800",11.00,S,N,B,-,N,,,,,,,,,,Y,4,0,1,2,A,-,10,21950,A,M,B,B,B,A,H,-,B,A,0,Y,,,,Y,Y,-,,0,0,1,0,1,0,0,0,0,"- ","- ",,,"SAN DIEGO","SAN DIEGO",,
6994671,2015,2015-08-29,3711,2015-07-20,1710,7314,,1,5,7,3711,0,0,0,,0,437,"PARADISE ST","BRIARWOOD RD",14.00,S,N,A,-,N,,,,,,,,,,N,3,0,1,2,A,-,11,21456,B,N,H,G,A,A,H,-,A,A,0,,Y,,,Y,,L,04,0,1,0,0,0,0,1,0,0,"- ","- ",,,"SAN DIEGO","SAN DIEGO",-117.03684658,32.691744159999999
7000650,2015,2016-07-19,3711,2015-07-03,1520,6495,SD,5,5,7,3711,0,0,0,,0,834,"UNIVERSITY AV","UNIVERSITY AV 4300",0.00,,-,A,-,N,,,,,,,,,,N,4,0,1,2,C,-,18,,,N,H,G,A,A,H,-,A,A,0,,Y,,,Y,,-,"- ",0,0,1,0,0,0,1,0,0,"- ","- ",,,"SAN DIEGO","SAN DIEGO",-117.10146189,32.749610509999997
7004174,2015,2015-08-05,3711,2015-07-15,0527,5972,,3,5,7,3711,0,0,0,,0,511,"CESAR E CHAVEZ PKWY","LOGAN AV",2.00,S,N,A,-,N,,,,,,,,,,N,2,0,1,2,A,-,12,21453,A,F,G,B,B,A,H,-,C,A,0,Y,,,,Y,,-,99,1,0,0,0,1,0,0,0,0,"- ","- ",,,"SAN DIEGO","SAN DIEGO",-117.14427401,32.701455699999997
7004215,2015,2015-08-18,3711,2015-07-26,0032,7289,,7,5,7,3711,0,0,0,,0,611,"CAMINO DEL RIO W","KURTZ ST",0.00,,Y,A,-,N,,,,,,,,,,N,3,0,1,2,A,-,11,21456,B,N,D,G,A,A,H,-,C,A,0,,Y,,,Y,Y,L,04,0,1,0,0,0,0,1,0,0,"- ","- ",,,"SAN DIEGO","SAN DIEGO",-117.20503006,32.753020050000003
7006284,2015,2015-11-13,3711,2015-09-25,1602,5046,,5,5,7,3711,0,0,0,,0,626,"WEST WASHINGTON ST","INDIA ST",0.00,,Y,A,-,N,,,,,,,,,,N,1,1,0,2,A,-,10,21950,A,N,G,B,B,A,H,-,A,A,0,Y,,,,Y,,I,10,0,0,0,1,0,0,0,0,0,"- ","- ",,,"SAN DIEGO","SAN DIEGO",-117.18129012999999,32.743280059999996
7010366,2015,2015-08-18,3711,2015-07-28,2020,5395,,2,5,7,3711,0,0,0,,0,627,"6TH AV","PENNSYLVANIA AV",8.00,S,N,A,-,N,,,,,,,,,,N,4,0,1,2,A,-,11,21456,B,N,G,B,B,A,H,-,C,A,0,Y,,,,Y,,N,60,0,0,1,0,1,0,0,0,0,"- ","- ",,,"SAN DIEGO","SAN DIEGO",-117.15957064,32.745108090000002
7010507,2015,2015-08-04,3711,2015-07-26,1847,4653,,7,5,7,3711,0,0,0,,0,833,"UNIVERSITY AV","44TH ST",0.00,,Y,A,-,N,,,,,,,,,,Y,3,0,1,2,A,-,10,21950,,N,G,B,B,A,H,-,A,A,0,Y,,,,Y,Y,A,01,0,1,0,0,1,0,0,0,0,"- ","- ",,,"SAN DIEGO","SAN DIEGO",-117.09981006,32.74961012
7010919,2015,2015-08-07,3711,2015-06-09,1605,7154,,2,5,7,3711,0,0,0,,0,615,"CANON ST","LOCUST ST",104.00,E,N,A,-,N,,,,,,,,,,N,3,0,1,2,A,-,00,21959,A,N,-,B,D,A,-,-,A,D,0,Y,,,,Y,,N,60,0,1,0,0,1,0,0,0,0,"- ","- ",,,"SAN DIEGO","SAN DIEGO",-117.23259431,32.721946080000002
7036450,2015,2015-09-03,3711,2015-08-12,2027,7083,,3,5,7,3711,0,0,0,,0,315,"FRAZEE RD","HAZARD CENTER DR",0.00,,Y,A,-,N,,,,,,,,,,N,4,0,1,2,A,-,10,21950,A,N,G,B,B,C,H,-,A,A,0,Y,,,,Y,,A,01,0,0,1,0,1,0,0,0,0,"- ","- ",,,"SAN DIEGO","SAN DIEGO",-117.15635013000001,32.770790079999998
7047988,2015,2015-09-10,3711,2015-08-22,1737,7021,,6,5,7,3711,0,0,0,,0,627,"WEST WASHINGTON ST","BRANT ST",100.00,W,N,A,-,N,,,,,,,,,,N,3,0,1,2,A,-,00,21809,A,N,D,G,A,A,H,-,A,D,0,,Y,,,Y,,L,04,0,1,0,0,0,0,1,0,0,"- ","- ",,,"SAN DIEGO","SAN DIEGO",-117.16757416,32.749818449999999
7050066,2015,2015-12-30,3711,2015-08-19,0131,3815,,3,5,7,3711,0,0,0,,0,122,"GARNET AV","DAWES ST",150.00,W,N,A,-,N,,,,,,,,,,Y,3,0,1,2,A,-,11,21954,A,N,G,B,D,A,H,-,C,D,0,Y,,,,Y,Y,N,60,0,1,0,0,1,0,0,0,0,"- ","- ",,,"SAN DIEGO","SAN DIEGO",-117.25048163,32.797628940000003
7053080,2015,2015-09-19,3711,2015-08-28,1102,6931,,5,5,7,3711,0,0,0,,0,521,"16TH ST","IMPERIAL AV",0.00,,Y,A,-,N,,,,,,,,,,N,4,0,1,2,A,-,10,21950,A,N,G,B,B,A,H,-,A,A,0,Y,,,,Y,,-,"- ",0,0,1,0,1,0,0,0,0,"- ","- ",,,"SAN DIEGO","SAN DIEGO",-117.14945001,32.706280049999997
7053108,2015,2015-09-19,3711,2015-08-28,1723,7236,,5,5,7,3711,0,0,0,,0,311,"SANDROCK RD","MURRAY RIDGE RD",78.00,W,N,A,-,N,,,,,,,,,,N,4,0,3,4,A,-,10,21950,A,N,G,B,B,A,H,-,A,A,0,Y,,,,Y,,A,07,0,0,3,0,3,0,0,0,0,"- ","- ",,,"SAN DIEGO","SAN DIEGO",-117.14007601,32.804606270000001
7061899,2015,2015-11-06,3711,2015-10-11,0137,6342,,7,5,7,3711,0,0,0,,0,821,"EL CAJON BL","EL CAJON BL 7059",0.00,,Y,A,-,N,,,,,,,,,,N,4,0,1,2,A,-,11,21954,A,N,A,B,D,A,H,-,C,D,0,Y,,,,Y,,-,"- ",0,0,1,0,1,0,0,0,0,"- ","- ",,,"SAN DIEGO","SAN DIEGO",-117.04572558,32.768740340000001
7063515,2015,2015-11-13,3711,2015-10-26,1540,7354,,1,5,7,3711,0,0,0,,0,446,"SOUTH 47TH ST","SOLOLA ST",180.00,S,N,A,-,N,,,,,,,,,,N,4,0,1,2,A,-,05,21460,A,N,G,B,D,A,H,-,A,D,0,Y,,,,Y,,A,01,0,0,1,0,1,0,0,0,0,"- ","- ",,,"SAN DIEGO","SAN DIEGO",-117.09377521,32.693106970000002
7066343,2015,2015-09-21,3711,2015-07-25,0257,6553,,6,5,7,3711,0,0,0,,0,521,"11TH AV",BROADWAY,22.00,N,N,A,-,N,,,,,,,,,,N,2,0,1,2,A,-,11,21954,A,N,G,B,D,A,H,-,C,A,0,Y,,Y,,Y,,N,60,1,0,0,0,1,0,0,0,0,"- ","- ",,,"SAN DIEGO","SAN DIEGO",-117.15472878999999,32.715800260000002
7067314,2015,2015-09-22,3711,2015-09-04,2013,6532,,5,5,7,3711,0,0,0,,0,611,"SPORTS ARENA BL","SPORTS ARENA BL 3400",528.00,W,N,A,-,N,,,,,,,,,,N,4,0,1,2,A,-,03,22350,,N,D,G,A,A,H,-,C,D,0,,Y,,,Y,,-,,0,0,1,0,0,0,1,0,0,"- ","- ",,,"SAN DIEGO","SAN DIEGO",,
7080188,2015,2015-10-08,3711,2015-09-13,1630,7039,,7,5,7,3711,0,0,0,,0,122,"GARNET AV","MISSION BL",30.00,E,N,A,-,N,,,,,,,,,,N,3,0,2,3,A,-,17,21663,,N,G,B,F,A,H,-,A,A,0,Y,,,,Y,,-,,0,2,0,0,2,0,0,0,0,"- ","- ",,,"SAN DIEGO","SAN DIEGO",-117.25539641,32.796602530000001
7082010,2015,2015-10-17,3711,2015-09-30,1545,6060,,3,5,7,3711,0,0,0,,0,315,"FENTON PKWY","FENTON PKWY 2345",0.00,,N,A,-,N,,,,,,,,,,N,4,0,1,2,A,-,21,22106,,M,G,B,F,A,H,-,A,D,0,Y,,,,Y,,-,,0,0,1,0,1,0,0,0,0,"- ","- ",,,"SAN DIEGO","SAN DIEGO",-117.13092684999999,32.78075613