CASE_ID,ACCIDENT_YEAR,PROC_DATE,JURIS,COLLISION_DATE,COLLISION_TIME,OFFICER_ID,REPORTING_DISTRICT,DAY_OF_WEEK,CHP_SHIFT,POPULATION,CNTY_CITY_LOC,SPECIAL_COND,BEAT_TYPE,CHP_BEAT_TYPE,CITY_DIVISION_LAPD,CHP_BEAT_CLASS,BEAT_NUMBER,PRIMARY_RD,SECONDARY_RD,DISTANCE,DIRECTION,INTERSECTION,WEATHER_1,WEATHER_2,STATE_HWY_IND,CALTRANS_COUNTY,CALTRANS_DISTRICT,STATE_ROUTE,ROUTE_SUFFIX,POSTMILE_PREFIX,POSTMILE,LOCATION_TYPE,RAMP_INTERSECTION,SIDE_OF_HWY,TOW_AWAY,COLLISION_SEVERITY,NUMBER_KILLED,NUMBER_INJURED,PARTY_COUNT,PRIMARY_COLL_FACTOR,PCF_CODE_OF_VIOL,PCF_VIOL_CATEGORY,PCF_VIOLATION,PCF_VIOL_SUBSECTION,HIT_AND_RUN,TYPE_OF_COLLISION,MVIW,PED_ACTION,ROAD_SURFACE,ROAD_COND_1,ROAD_COND_2,LIGHTING,CONTROL_DEVICE,CHP_ROAD_TYPE,PEDESTRIAN_ACCIDENT,BICYCLE_ACCIDENT,MOTORCYCLE_ACCIDENT,TRUCK_ACCIDENT,NOT_PRIVATE_PROPERTY,ALCOHOL_INVOLVED,STWD_VEHTYPE_AT_FAULT,CHP_VEHTYPE_AT_FAULT,COUNT_SEVERE_INJ,COUNT_VISIBLE_INJ,COUNT_COMPLAINT_PAIN,COUNT_PED_KILLED,COUNT_PED_INJURED,COUNT_BICYCLIST_KILLED,COUNT_BICYCLIST_INJURED,COUNT_MC_KILLED,COUNT_MC_INJURED,PRIMARY_RAMP,SECONDARY_RAMP,LATITUDE,LONGITUDE,COUNTY,CITY,POINT_X,POINT_Y
7082021,2015,2015-10-17,3711,2015-09-29,0741,6213,,2,5,7,3711,0,0,0,,0,452,"S VALENCIA PKWY","WESMEAD ST",10.00,N,N,A,-,N,,,,,,,,,,N,4,0,1,2,A,-,21,22106,,M,G,B,B,A,H,-,A,A,0,Y,,,,Y,,-,,0,0,1,0,1,0,0,0,0,"- ","- ",,,"SAN DIEGO","SAN DIEGO",-117.07011965,32.695527390000002
7087687,2015,2015-10-08,3711,2015-09-18,0700,6213,,5,5,7,3711,0,0,0,,0,441,"IMPERIAL AV","4415 IMPERIAL AV",0.00,,Y,A,-,N,,,,,,,,,,N,3,0,1,2,A,-,03,22350,,N,G,B,D,A,H,-,A,D,0,Y,,,,Y,,-,,0,1,0,0,1,0,0,0,0,"- ","- ",,,"SAN DIEGO","SAN DIEGO",-117.10132419999999,32.70412168
7087699,2015,2015-10-08,3711,2015-09-22,1745,7048,,2,5,7,3711,0,0,0,,0,123,"FIESTA ISLAND RD","MIDDLE FIESTA ISLAND RD",1000.00,N,N,A,-,N,,,,,,,,,,N,3,0,1,2,A,-,04,21703,,N,C,G,A,A,H,-,A,D,0,,Y,,,Y,,L,04,0,1,0,0,0,0,1,0,0,"- ","- ",,,"SAN DIEGO","SAN DIEGO",,
7088032,2015,2015-10-09,3711,2015-09-08,2143,4576,,2,5,7,3711,0,0,0,,0,531,"PERSHING DR","REDWOOD ST",0.00,,Y,A,-,N,,,,,,,,,,N,2,0,1,2,A,-,05,21460,A,N,A,G,A,A,H,-,D,A,0,,Y,,,Y,,L,04,1,0,0,0,0,0,1,0,0,"- ","- ",,,"SAN DIEGO","SAN DIEGO",-117.13459005,32.73706009
7088496,2015,2015-10-31,3711,2015-09-27,2007,6045,,7,5,7,3711,0,0,0,,0,124,"VILLA LA JOLLA DR","LA JOLLA VILLAGE DR",4.00,S,N,A,-,N,,,,,,,,,,N,4,0,1,2,A,-,11,21456,B,N,G,B,B,A,H,-,C,A,0,Y,,,,Y,Y,N,60,0,0,1,0,1,0,0,0,0,"- ","- ",,,"SAN DIEGO","SAN DIEGO",-117.23389666,32.871769409999999
7090803,2015,2015-10-30,3711,2015-09-27,2111,4819,,7,5,7,3711,0,0,0,,0,529,"1ST AV","IVY ST",90.00,N,N,A,-,N,,,,,,,,,,N,4,0,1,2,A,-,11,21954,A,N,D,B,D,A,H,-,C,D,0,Y,,,,Y,,N,60,0,0,1,0,1,0,0,0,0,"- ","- ",,,"SAN DIEGO","SAN DIEGO",-117.16391141,32.728456360000003
7090827,2015,2015-10-15,3711,2015-09-22,1415,6620,,2,5,7,3711,0,0,0,,0,438,"DUSK 2300","KEEN 2500",56.00,N,N,A,-,N,,,,,,,,,,N,3,0,1,2,A,-,11,21950,B,N,G,B,D,A,H,-,A,D,0,Y,,,,Y,,N,60,0,1,0,0,1,0,0,0,0,"- ","- ",,,"SAN DIEGO","SAN DIEGO",,
7098612,2015,2015-10-26,3711,2015-10-05,1221,7124,,1,5,7,3711,0,0,0,,0,446,"NOGAL ST","ESCUELA ST",0.00,,Y,B,C,N,,,,,,,,,,N,4,0,1,2,A,-,11,21954,A,N,B,B,E,B,H,-,A,D,0,Y,,,,Y,,-,"- ",0,0,1,0,1,0,0,0,0,"- ","- ",,,"SAN DIEGO","SAN DIEGO",-117.09278007,32.705930080000002
7098617,2015,2016-08-10,3711,2015-10-03,2124,6686,,6,5,7,3711,0,0,0,,0,813,"KANSAS ST",UNIVERSITY,400.00,W,N,A,-,N,,,,,,,,,,N,3,0,1,2,A,-,08,22107,,N,G,B,F,A,H,-,C,D,0,Y,,,,Y,Y,-,,0,1,0,0,1,0,0,0,0,"- ","- ",,,"SAN DIEGO","SAN DIEGO",-117.13137,32.748449999999998
7098619,2015,2015-10-21,3711,2015-10-05,1851,6676,SD,1,5,7,3711,0,0,0,,0,831,"POLK AV","44TH ST",90.00,W,N,A,-,N,,,,,,,,,,N,3,0,1,2,A,-,11,21950,B,M,G,B,D,A,H,-,C,D,0,Y,,,,Y,,N,60,0,1,0,0,1,0,0,0,0,"- ","- ",,,"SAN DIEGO","SAN DIEGO",-117.10009173,32.75141
7102933,2015,2015-10-29,3711,2015-09-30,1430,6939,SANDI,3,5,7,3711,0,0,0,,0,614,"NEWPORT AV","BACON ST",45.00,W,N,A,-,N,,,,,,,,,,N,4,0,1,2,A,-,10,21950,A,N,G,B,B,A,H,-,A,D,0,Y,,,,Y,,-,,0,0,1,0,1,0,0,0,0,"- ","- ",,,"SAN DIEGO","SAN DIEGO",-117.25116885,32.746941499999998
7108638,2015,2015-11-06,3711,2015-10-14,0945,HB4132,,3,5,7,3711,0,0,0,,0,720,"NORTH HARBOR DR","AIRPORT TERMINAL RD",0.00,,Y,A,-,N,,,,,,,,,,Y,3,0,2,3,A,-,21,22106,,N,G,B,E,A,H,-,A,D,0,Y,,,,Y,,A,01,0,2,0,0,1,0,0,0,0,"- ","- ",,,"SAN DIEGO","SAN DIEGO",-117.20459282,32.729487540000001
7119421,2015,2015-11-20,3711,2015-11-04,0745,5259,,3,5,7,3711,0,0,0,,0,324,"BISBY LAKE",HUDSON,48.00,S,N,A,-,N,,,,,,,,,,N,4,0,1,2,A,-,10,21950,A,N,B,B,B,A,H,-,A,-,0,Y,,Y,,Y,,C,06,0,0,1,0,1,0,0,0,0,"- ","- ",,,"SAN DIEGO","SAN DIEGO",-117.01443236999999,32.805551340000001
7119572,2015,2015-11-30,3711,2015-11-13,1923,7157,,5,5,7,3711,0,0,0,,0,441,"35TH ST","VALLE AV",74.00,N,N,A,-,N,,,,,,,,,,N,4,0,1,2,A,-,11,21954,A,N,G,B,D,A,H,-,C,D,0,Y,,,,Y,,N,60,0,0,1,0,1,0,0,0,0,"- ","- ",,,"SAN DIEGO","SAN DIEGO",-117.11874173,32.700492580000002
7123987,2015,2015-12-01,3711,2015-11-13,0816,4923,,5,5,7,3711,0,0,0,,0,242,AQUARIUS,"CAMINO RUIZ",0.00,,Y,A,-,N,,,,,,,,,,N,4,0,1,2,A,-,11,21950,B,N,-,B,B,A,H,-,A,A,0,Y,,,,Y,,N,60,0,0,1,0,1,0,0,0,0,"- ","- ",,,"SAN DIEGO","SAN DIEGO",-117.14408002,32.930580040000002
7127696,2015,2016-08-10,3711,2015-11-17,0750,6897,,2,5,7,3711,0,0,0,,0,838,"ORANGE AV","35TH ST",0.00,,Y,A,-,N,,,,,,,,,,N,3,0,1,2,A,-,08,22107,,N,G,B,B,A,H,-,A,A,0,Y,,,,Y,,-,,0,1,0,0,1,0,0,0,0,"- ","- ",,,"SAN DIEGO","SAN DIEGO",-117.11796013,32.753290020000001
7127836,2015,2015-12-03,3711,2015-10-10,2117,6268,,6,5,7,3711,0,0,0,,0,823,"UNIVERSITY AV","COLLEGE AV",135.00,W,N,A,-,N,,,,,,,,,,N,3,0,1,2,A,-,11,21955,,N,G,B,D,A,H,-,C,A,0,Y,,,,Y,Y,N,60,0,1,0,0,1,0,0,0,0,"- ","- ",,,"SAN DIEGO","SAN DIEGO",-117.06490563,32.752801310000002
7130776,2015,2015-12-14,3711,2015-11-30,1706,5611,,1,5,7,3711,0,0,0,,0,242,"CAMINO RUIZ","NEW SALEM ST",0.00,,Y,A,-,N,,,,,,,,,,N,3,0,1,2,A,-,10,21950,A,N,G,B,-,A,H,-,B,A,0,Y,,,,Y,,A,08,0,1,0,0,1,0,0,0,0,"- ","- ",,,"SAN DIEGO","SAN DIEGO",-117.14399011,32.91569002
7137138,2015,2017-01-27,3711,2015-12-03,2030,7177,,4,5,7,3711,0,0,0,,0,447,"RT 805","MARKET ST",4.00,S,N,A,-,Y,SD,11,805,-,-,12.779,R,4,N,N,3,0,1,2,A,-,09,21804,,N,B,G,A,A,H,-,C,A,0,,Y,,,Y,,-,,0,1,0,0,0,0,1,0,0,"- ","- ",,,"SAN DIEGO","SAN DIEGO",-117.09863008000001,32.709497759999998
7141526,2015,2015-12-29,3711,2015-12-14,0725,6966,,1,5,7,3711,0,0,0,,0,712,"BEYER BL","ALAQUINAS DR",0.00,,Y,B,-,N,,,,,,,,,,N,4,0,1,2,A,-,09,21801,A,N,G,B,B,A,H,-,A,A,0,Y,,,,Y,,-,,0,0,1,0,1,0,0,0,0,"- ","- ",,,"SAN DIEGO","SAN DIEGO",-117.04454,32.558320019999996
7141893,2015,2015-12-30,3711,2015-12-18,1813,7165,,5,5,7,3711,0,0,0,,0,831,"47TH ST","EL CAJON BL",15.00,S,N,A,-,N,,,,,,,,,,N,3,0,1,2,A,-,11,21950,B,N,G,B,D,A,-,-,D,D,0,Y,,,,Y,,N,60,0,1,0,0,1,0,0,0,0,"- ","- ",,,"SAN DIEGO","SAN DIEGO",-117.09327058,32.755868919999998
7145137,2015,2015-12-29,3711,2015-12-15,0757,5901,,2,5,7,3711,0,0,0,,0,627,"FRONT ST","W ARBOR DR",10.00,N,N,A,-,N,,,,,,,,,,N,3,0,1,2,A,-,09,21802,A,N,G,B,-,A,H,-,A,D,0,Y,,,,Y,,-,,0,1,0,0,1,0,0,0,0,"- ","- ",,,"SAN DIEGO","SAN DIEGO",-117.16498,32.753807389999999
7146147,2015,2017-02-03,3711,2015-12-17,2044,7328,,4,5,7,3711,0,0,0,,0,233,"CARMEL MOUNTAIN RD","RT 15",45.00,E,N,A,-,Y,SD,11,15,-,-,20.428,R,1,N,N,3,0,1,2,A,-,05,21651,B,N,D,G,A,A,H,-,C,A,0,,Y,,,Y,,L,04,0,1,0,0,0,0,1,0,0,"- ",NF,,,"SAN DIEGO","SAN DIEGO",-117.08748370000001,32.976823959999997
7152263,2015,2016-01-26,3711,2015-12-30,2355,7045,,3,5,7,3711,0,0,0,,0,813,"EL CAJON BL","OHIO ST",0.00,,Y,A,-,N,,,,,,,,,,N,3,0,2,2,A,-,05,21650,1,N,D,G,A,A,H,-,C,D,0,,Y,Y,,Y,,-,"- ",0,1,1,0,0,0,1,0,1,"- ","- ",,,"SAN DIEGO","SAN DIEGO",-117.12893999000001,32.755400100000003
7157103,2016,2016-01-22,3711,2016-01-08,1208,6827,,5,5,7,3711,0,0,0,,0,111,"STALMER ST","ATLAS ST",0.00,,Y,A,-,N,,,,,,,,,,N,3,0,1,2,A,-,10,21950,A,N,G,B,-,A,H,-,A,A,0,Y,,,,Y,,-,,0,1,0,0,1,0,0,0,0,"- ","- ",,,"SAN DIEGO","SAN DIEGO",-117.15820013,32.80772004
7158201,2016,2016-02-01,3711,2016-01-01,2057,5600,,5,5,7,3711,0,0,0,,0,813,"EL CAJON BL","HAMILTON ST",4300.00,,N,A,-,N,,,,,,,,,,N,3,0,1,3,A,-,11,21954,A,N,G,B,E,A,H,-,C,D,0,Y,,,,Y,Y,N,60,0,1,0,0,1,0,0,0,0,"- ","- ",,,"SAN DIEGO","SAN DIEGO",-117.13636002,32.755380080000002
7173989,2015,2016-02-04,3711,2015-12-29,0740,6034,,2,5,7,3711,0,0,0,,0,446,"LOGAN AV","SOUTH EUCLID AV",316.00,W,N,A,-,N,,,,,,,,,,N,2,0,1,2,A,-,11,21954,A,N,G,B,D,B,H,-,A,D,0,Y,,,,Y,,N,60,1,0,0,0,1,0,0,0,0,"- ","- ",,,"SAN DIEGO","SAN DIEGO",-117.08612180999999,32.69679
7175246,2016,2016-02-05,3711,2016-01-12,1057,6418,,2,5,7,3711,0,0,0,,0,115,"VILLA LA JOLLA DR","LA JOLLA VILLAGE DR",223.00,S,N,A,-,N,,,,,,,,,,N,3,0,1,2,A,-,09,21804,A,N,D,G,A,A,H,-,A,D,0,,Y,,,Y,,A,01,0,1,0,0,0,0,1,0,0,"- ","- ",,,"SAN DIEGO","SAN DIEGO",-117.23384647,32.871175729999997
7175983,2016,2016-02-08,3711,2016-01-27,0850,6418,,3,5,7,3711,0,0,0,,0,116,"ILLION ST","GARDENA AV",721.00,N,N,A,-,N,,,,,,,,,,N,3,0,1,2,A,-,09,21801,A,N,A,G,A,A,H,-,A,D,0,,Y,,,Y,,A,07,0,1,0,0,0,0,1,0,0,"- ","- ",,,"SAN DIEGO","SAN DIEGO",-117.19936907,32.779951140000001
7184507,2016,2016-02-19,3711,2016-02-08,1605,5558,,1,5,7,3711,0,0,0,,0,821,"EL CAJON BL","62ND ST",78.00,W,N,A,-,N,,,,,,,,,,N,3,0,1,2,A,-,12,21453,A,M,D,G,A,A,H,-,A,A,0,,Y,,,Y,,-,,0,1,0,0,0,0,1,0,0,"- ","- ",,,"SAN DIEGO","SAN DIEGO",-117.06479785000001,32.762806959999999
7190070,2016,2018-09-24,3711,2016-02-14,1701,4495,,7,5,7,3711,0,0,0,,0,512,"IMPERIAL AV","32ND ST",0.00,,Y,A,-,N,,,,,,,,,,N,1,1,0,2,A,-,11,21456,B,N,G,B,B,A,H,-,A,A,0,Y,,,,Y,Y,N,60,0,0,0,1,0,0,0,0,0,"- ","- ",,,"SAN DIEGO","SAN DIEGO",-117.12521004,32.706450080000003
7190543,2016,2018-09-26,3711,2016-10-05,1906,6000,,3,5,7,3711,0,0,0,,0,611,"ROSECRANS ST","CAUBY ST",255.00,S,N,A,-,N,,,,,,,,,,Y,1,1,0,2,A,-,11,21954,A,N,G,B,D,A,H,-,C,D,0,Y,,,,Y,Y,N,60,0,0,0,1,0,0,0,0,0,"- ","- ",,,"SAN DIEGO","SAN DIEGO",-117.20792677999999,32.748035610000002
7195599,2016,2017-02-10,3711,2016-02-16,0750,7403,,2,5,7,3711,0,0,0,,0,324,"NAVAJO RD","RT 125",6.00,E,N,A,-,Y,SD,11,125,-,-,19.542,R,3,S,N,3,0,1,2,A,-,10,21950,A,N,H,G,A,A,H,-,A,A,0,,Y,,,Y,,-,,0,1,0,0,0,0,1,0,0,"- ",SO,,,"SAN DIEGO","SAN DIEGO",-117.00562484,32.799841659999998
7196314,2016,2016-03-02,3711,2016-02-17,1405,5555,,3,5,7,3711,0,0,0,,0,525,"BROADWAY CIR","2ND AV",10.00,E,N,A,-,N,,,,,,,,,,N,4,0,1,2,A,-,10,21950,A,N,G,B,D,A,H,-,A,D,0,Y,,,,Y,,-,,0,0,1,0,1,0,0,0,0,"- ","- ",,,"SAN DIEGO","SAN DIEGO",-117.16284763,32.715778839999999
7199918,2017,2017-02-15,3711,2017-01-19,0716,5600,,4,5,7,3711,0,0,0,,0,438,"ALBEMARLE ST","SEA BREEZE DR",201.00,W,N,B,C,N,,,,,,,,,,N,1,1,0,4,A,-,05,21650,,F,G,B,E,B,H,-,B,D,0,Y,,,,Y,,A,01,0,0,0,1,0,0,0,0,0,"- ","- ",,,"SAN DIEGO","SAN DIEGO",-117.06292888,32.677629279999998
7200095,2017,2017-05-12,3711,2017-04-05,2015,6686,,3,5,7,3711,0,0,0,,0,446,"4TH ST","SOLOLA  AV",229.00,N,N,A,-,N,,,,,,,,,,N,1,1,0,2,A,-,00,21954,,F,A,B,D,A,H,-,C,D,0,Y,,,,Y,,N,60,0,0,0,1,0,0,0,0,0,"- ","- ",,,"SAN DIEGO","SAN DIEGO",-117.09376912,32.6942272
7204431,2016,2016-03-14,3711,2016-02-27,1711,7183,CE371,6,5,7,3711,0,0,0,,0,521,"15TH ST","MARKET ST",10.00,N,N,A,-,N,,,,,,,,,,N,3,0,1,2,A,-,09,21802,A,N,D,G,A,A,H,-,A,A,0,,Y,,,Y,,-,,0,1,0,0,0,0,1,0,0,"- ","- ",,,"SAN DIEGO","SAN DIEGO",-117.15038,32.711557390000003
7209382,2016,2016-03-23,3711,2016-03-07,2112,7404,,1,5,7,3711,0,0,0,,0,627,"UNIVERSITY AV","7TH AV",0.00,,Y,B,C,N,,,,,,,,,,N,4,0,1,2,A,-,10,21950,A,N,G,B,B,B,H,-,C,A,0,Y,,,,Y,,A,01,0,0,1,0,1,0,0,0,0,"- ","- ",,,"SAN DIEGO","SAN DIEGO",-117.15837009000001,32.748380079999997
7209428,2016,2017-02-14,3711,2016-03-05,1212,4759,"SAN D",6,5,7,3711,0,0,0,,0,115,"GILMAN DR","RT 5",0.00,,Y,B,-,Y,SD,11,5,-,R,26.624,R,4,N,Y,4,0,1,2,A,-,08,22101,D,N,D,G,A,A,H,-,A,A,0,,Y,,,Y,,-,,0,0,1,0,0,0,1,0,0,"- ","- ",,,"SAN DIEGO","SAN DIEGO",-117.23585893000001,32.846965879999999
8002479,2016,2016-03-29,3711,2016-03-20,1915,3696,,7,5,7,3711,0,0,0,,0,121,"MISSION BL","SAN FERNANDO PL",0.00,,Y,A,-,N,,,,,,,,,,N,4,0,1,2,A,-,10,21950,A,M,G,B,D,A,H,-,B,D,0,Y,,,,Y,,N,60,0,0,1,0,1,0,0,0,0,"- ","- ",,,"SAN DIEGO","SAN DIEGO",-117.2510001,32.767720099999998
8011440,2016,2016-04-08,3711,2016-03-25,1456,7024,,5,5,7,3711,0,0,0,,0,529,"HAWTHORN ST","BRANT ST",10.00,W,N,A,-,N,,,,,,,,,,N,3,0,1,2,A,-,05,21202,A,M,B,G,A,A,H,-,A,D,0,,Y,,,Y,,L,04,0,1,0,0,0,0,1,0,0,"- ","- ",,,"SAN DIEGO","SAN DIEGO",-117.16669218,32.72719678
8014869,2016,2016-08-24,3711,2016-03-22,1041,5929,,2,5,7,3711,0,0,0,,0,123,"MISSION BAY DR","MISSION BAY DR 2601",0.00,,-,A,-,N,,,,,,,,,,N,3,0,1,2,A,-,09,21801,A,N,D,G,A,A,H,-,A,D,0,,Y,,,Y,,-,,0,1,0,0,0,0,1,0,0,"- ","- ",,,"SAN DIEGO","SAN DIEGO",,
8016334,2016,2016-04-15,3711,2016-04-01,2105,7404,,5,5,7,3711,0,0,0,,0,712,"SUNSET LN","SOUTH VISTA AV",0.00,,Y,A,-,N,,,,,,,,,,N,3,0,1,2,A,-,10,21950,A,N,G,B,D,A,H,-,D,D,0,Y,,,,Y,,A,01,0,1,0,0,1,0,0,0,0,"- ","- ",,,"SAN DIEGO","SAN DIEGO",-117.04854003,32.558170029999999
8020413,2016,2016-04-13,3711,2016-03-19,1134,6252,,6,5,7,3711,0,0,0,,0,122,"HORNBLEND ST","MISSION BL",5.00,W,N,A,-,N,,,,,,,,,,N,2,0,1,3,A,-,12,22450,A,N,D,G,A,A,A,-,A,A,0,,Y,,,Y,Y,L,04,1,0,0,0,0,0,1,0,0,"- ","- ",,,"SAN DIEGO","SAN DIEGO",-117.25523567,32.795656460000004
8024160,2016,2016-04-19,3711,2016-04-09,1220,7010,,6,5,7,3711,0,0,0,,0,522,"FRONT ST","FRONT ST 100",20.00,W,N,B,-,N,,,,,,,,,,N,3,0,1,2,A,-,09,21804,A,N,H,G,A,A,H,-,A,A,0,,Y,,,Y,,L,04,0,1,0,0,0,0,1,0,0,"- ","- ",,,"SAN DIEGO","SAN DIEGO",,
8031050,2016,2016-05-06,3711,2016-04-26,1840,5813,PACIF,2,5,7,3711,0,0,0,,0,122,"TURQUOISE ST","CASS ST",0.00,,Y,A,-,N,,,,,,,,,,N,3,0,1,2,A,-,10,21950,A,N,G,B,B,A,H,-,A,A,0,Y,,,,Y,,A,01,0,1,0,0,1,0,0,0,0,"- ","- ",,,"SAN DIEGO","SAN DIEGO",-117.25551012,32.809440119999998
8031160,2016,2017-02-14,3711,2016-04-26,1831,6823,SANDI,2,5,7,3711,0,0,0,,0,313,"BALBOA AV","RT 805",196.00,E,N,A,-,Y,SD,11,805,-,-,21.730,R,4,N,N,3,0,1,2,A,-,00,21760,C,N,C,G,A,A,H,-,A,D,0,,Y,,,Y,,-,,0,1,0,0,0,0,1,0,0,"- ",NF,,,"SAN DIEGO","SAN DIEGO",-117.16289897999999,32.822696530000002
8031943,2016,2016-05-12,3711,2016-05-02,1628,6495,,1,5,7,3711,0,0,0,,0,826,"EUCLID AV","EL CAJON BL",90.00,S,N,A,-,N,,,,,,,,,,N,4,0,1,2,A,-,08,22107,,N,-,G,A,A,H,-,A,D,0,,Y,,,Y,,L,04,0,0,1,0,0,0,1,0,0,"- ","- ",,,"SAN DIEGO","SAN DIEGO",-117.09221226,32.755793480000001
8035215,2016,2017-02-18,3711,2016-05-11,2000,5521,SANDI,3,5,7,3711,0,0,0,,0,232,"CARMEL MOUNTAIN RD","RT 15",0.00,,Y,A,-,Y,SD,11,15,-,M,20.428,R,1,N,N,4,0,1,2,A,-,10,21950,A,N,A,B,B,A,H,-,C,A,0,Y,,,,Y,,A,01,0,0,1,0,1,0,0,0,0,"- ",NF,,,"SAN DIEGO","SAN DIEGO",-117.08748370000001,32.976823959999997
8037661,2016,2016-05-11,3711,2016-04-30,1733,6482,,6,5,7,3711,0,0,0,,0,712,"SHOOTING STAR CT","SHOOTING STAR DR",108.00,S,N,A,-,N,,,,,,,,,,N,4,0,1,2,A,-,11,21950,B,N,G,B,E,A,H,-,A,D,0,Y,,,,Y,,N,60,0,0,1,0,1,0,0,0,0,"- ","- ",,,"SAN DIEGO","SAN DIEGO",-117.05613477999999,32.566944450000001
8043329,2016,2016-05-18,3711,2016-04-29,1634,7156,,5,5,7,3711,0,0,0,,0,518,"FERN ST","DATE ST",78.00,S,N,A,-,N,,,,,,,,,,N,4,0,1,2,A,-,17,22517,,N,A,G,A,A,H,-,A,D,0,,Y,,,Y,,-,,0,0,1,0,0,0,1,0,0,"- ","- ",,,"SAN DIEGO","SAN DIEGO",-117.1292756,32.72317674
8047621,2016,2016-05-24,3711,2016-05-14,1514,7083,,6,5,7,3711,0,0,0,,0,315,"FENTON PKWY","FENTON PKWY 2345",0.00,,N,B,-,N,,,,,,,,,,N,4,0,1,2,A,-,21,22106,,N,G,B,-,A,H,-,A,A,0,Y,,,,Y,,A,01,0,0,1,0,1,0,0,0,0,"- ","- ",,,"SAN DIEGO","SAN DIEGO",-117.13080524999999,32.780665929999998
8047638,2016,2016-05-23,3711,2016-05-15,1551,6437,,7,5,7,3711,0,0,0,,0,811,"MONROE AV","36TH ST",108.00,W,N,B,-,N,,,,,,,,,,N,3,0,1,2,A,-,08,22107,,N,C,B,E,A,H,-,A,D,0,Y,,,,Y,,-,,0,1,0,0,1,0,0,0,0,"- ","- ",,,"SAN DIEGO","SAN DIEGO",-117.11557003,32.758996670000002
8049939,2016,2016-06-08,3711,2016-05-29,1823,7048,,7,5,7,3711,0,0,0,,0,122,"PACIFIC BEACH DR",LAMONT,25.00,E,N,A,-,N,,,,,,,,,,N,3,0,1,2,A,-,08,22107,,N,B,G,A,A,H,-,A,D,0,,Y,,,Y,,L,04,0,1,0,0,0,0,1,0,0,"- ","- ",,,"SAN DIEGO","SAN DIEGO",-117.23352158,32.795407429999997
8053188,2016,2016-06-13,3711,2016-05-24,0926,5498,,2,5,7,3711,0,0,0,,0,521,"F ST","15TH ST",177.00,W,N,B,-,N,,,,,,,,,,N,3,0,1,2,A,-,17,22517,,N,B,G,A,A,H,-,A,D,0,,Y,,,Y,,A,07,0,1,0,0,0,0,1,0,0,"- ","- ",,,"SAN DIEGO","SAN DIEGO",-117.15095352,32.713666279999998
8057409,2016,2016-06-14,3711,2016-05-24,1152,7030,,2,5,7,3711,0,0,0,,0,625,"HARNEY ST","SAN DIEGO  AV",0.00,,Y,A,-,N,,,,,,,,,,N,4,0,1,2,-,-,"- ",,,N,G,B,B,A,H,-,A,A,0,Y,,,,Y,,-,"- ",0,0,1,0,1,0,0,0,0,"- ","- ",,,"SAN DIEGO","SAN DIEGO",-117.19490002000001,32.75277011
8064942,2016,2016-06-17,3711,2016-06-06,1350,7135,,1,5,7,3711,0,0,0,,0,526,"4TH AV","DATE ST",12.00,S,N,A,-,N,,,,,,,,,,N,4,0,1,2,A,-,10,21950,A,N,G,B,B,A,H,-,A,D,0,Y,,,,Y,,-,,0,0,1,0,1,0,0,0,0,"- ","- ",,,"SAN DIEGO","SAN DIEGO",-117.16113788,32.72299718
8066705,2016,2016-06-23,3711,2016-06-08,0804,6857,"SAN D",3,5,7,3711,0,0,0,,0,821,"EL CAJON BL","EL CAJON BL 6000",3.00,E,N,B,-,N,,,,,,,,,,N,2,0,1,2,A,-,10,21950,A,N,A,B,B,A,H,-,A,A,0,Y,,,,Y,,A,01,1,0,0,0,1,0,0,0,0,"- ","- ",,,"SAN DIEGO","SAN DIEGO",,
8068093,2016,2016-06-24,3711,2016-06-11,2111,5958,,6,5,7,3711,0,0,0,,0,234,"WEST BERNARDO DR","POBLADO RD",15.00,S,N,A,-,N,,,,,,,,,,N,4,0,1,2,A,-,12,21453,A,N,D,G,A,A,H,-,C,A,0,,Y,,,Y,,L,04,0,0,1,0,0,0,1,0,0,"- ","- ",,,"SAN DIEGO","SAN DIEGO",-117.08242405,33.026329220000001
8072474,2016,2016-07-12,3711,2016-06-20,1835,6376,,1,5,7,3711,0,0,0,,0,826,"TROJAN AV","52ND ST",10.00,W,N,A,-,N,,,,,,,,,,N,3,0,1,2,A,-,12,22450,A,N,D,G,A,A,H,-,A,D,0,,Y,,,Y,,L,04,0,1,0,0,0,0,1,0,0,"- ","- ",,,"SAN DIEGO","SAN DIEGO",-117.08366241,32.754870599999997
8080946,2016,2016-08-01,3711,2016-07-23,1845,7361,N2,6,5,7,3711,0,0,0,,0,122,"MISSION BL","FELSPAR ST",6.00,N,N,A,-,N,,,,,,,,,,N,4,0,1,2,A,-,10,21950,A,M,G,B,B,A,H,-,A,A,0,Y,,,,Y,,-,,0,0,1,0,1,0,0,0,0,"- ","- ",,,"SAN DIEGO","SAN DIEGO",-117.25576508,32.797495869999999
8087376,2016,2016-07-22,3711,2016-07-08,1447,7181,SD,5,5,7,3711,0,0,0,,0,115,"GENESEE AV","LA JOLLA VILLAGE DR",0.00,,Y,A,-,N,,,,,,,,,,N,4,0,1,2,A,-,11,21456,B,N,D,B,A,A,H,-,A,A,0,,,,,Y,,-,,0,0,1,0,0,0,0,0,0,"- ","- ",,,"SAN DIEGO","SAN DIEGO",-117.21416013,32.872610039999998
8087570,2016,2016-07-25,3711,2016-07-11,1707,7130,,1,5,7,3711,0,0,0,,0,831,"ORANGE AV","46TH ST",0.00,,Y,A,-,N,,,,,,,,,,N,4,0,1,2,A,-,12,22450,A,N,D,G,A,A,H,-,A,D,0,,Y,,,Y,,A,07,0,0,1,0,0,0,1,0,0,"- ","- ",,,"SAN DIEGO","SAN DIEGO",-117.09546002,32.75312005