CASE_ID,ACCIDENT_YEAR,PROC_DATE,JURIS,COLLISION_DATE,COLLISION_TIME,OFFICER_ID,REPORTING_DISTRICT,DAY_OF_WEEK,CHP_SHIFT,POPULATION,CNTY_CITY_LOC,SPECIAL_COND,BEAT_TYPE,CHP_BEAT_TYPE,CITY_DIVISION_LAPD,CHP_BEAT_CLASS,BEAT_NUMBER,PRIMARY_RD,SECONDARY_RD,DISTANCE,DIRECTION,INTERSECTION,WEATHER_1,WEATHER_2,STATE_HWY_IND,CALTRANS_COUNTY,CALTRANS_DISTRICT,STATE_ROUTE,ROUTE_SUFFIX,POSTMILE_PREFIX,POSTMILE,LOCATION_TYPE,RAMP_INTERSECTION,SIDE_OF_HWY,TOW_AWAY,COLLISION_SEVERITY,NUMBER_KILLED,NUMBER_INJURED,PARTY_COUNT,PRIMARY_COLL_FACTOR,PCF_CODE_OF_VIOL,PCF_VIOL_CATEGORY,PCF_VIOLATION,PCF_VIOL_SUBSECTION,HIT_AND_RUN,TYPE_OF_COLLISION,MVIW,PED_ACTION,ROAD_SURFACE,ROAD_COND_1,ROAD_COND_2,LIGHTING,CONTROL_DEVICE,CHP_ROAD_TYPE,PEDESTRIAN_ACCIDENT,BICYCLE_ACCIDENT,MOTORCYCLE_ACCIDENT,TRUCK_ACCIDENT,NOT_PRIVATE_PROPERTY,ALCOHOL_INVOLVED,STWD_VEHTYPE_AT_FAULT,CHP_VEHTYPE_AT_FAULT,COUNT_SEVERE_INJ,COUNT_VISIBLE_INJ,COUNT_COMPLAINT_PAIN,COUNT_PED_KILLED,COUNT_PED_INJURED,COUNT_BICYCLIST_KILLED,COUNT_BICYCLIST_INJURED,COUNT_MC_KILLED,COUNT_MC_INJURED,PRIMARY_RAMP,SECONDARY_RAMP,LATITUDE,LONGITUDE,COUNTY,CITY,POINT_X,POINT_Y
8089384,2016,2016-09-20,3711,2016-08-30,1206,7494,,2,5,7,3711,0,0,0,,0,512,WEBSTER,"31ST ST",0.00,,Y,A,-,N,,,,,,,,,,N,3,0,1,2,A,-,12,22450,A,N,-,G,A,A,H,-,A,-,0,,Y,,,Y,,L,04,0,1,0,0,0,0,1,0,0,"- ","- ",,,"SAN DIEGO","SAN DIEGO",-117.12735008999999,32.704320010000004
8095409,2016,2016-09-27,3711,2016-07-26,1813,7073,,2,5,7,3711,0,0,0,,0,611,"CAMINO DEL RIO W","SPORTS ARENA BL",300.00,S,N,A,-,N,,,,,,,,,,,3,0,1,2,A,-,05,21650,,N,D,G,A,A,H,-,A,D,0,,Y,,,Y,,L,04,0,1,0,0,0,0,1,0,0,"- ","- ",,,"SAN DIEGO","SAN DIEGO",-117.20493999999999,32.751530000000002
8095443,2016,2016-08-05,3711,2016-07-26,1907,7026,,2,5,7,3711,0,0,0,,0,813,"UNIVERSITY AV","GRIM AV",60.00,E,N,A,-,N,,,,,,,,,,N,3,0,1,2,A,-,11,21950,B,N,G,B,C,A,H,-,A,A,0,Y,,,,Y,Y,N,60,0,1,0,0,1,0,0,0,0,"- ","- ",,,"SAN DIEGO","SAN DIEGO",-117.12803551,32.748489999999997
8095548,2016,2016-08-03,3711,2016-07-21,0846,5072,,4,5,7,3711,0,0,0,,0,528,"WEST BEACH ST","KETTNER BL",0.00,,Y,A,-,N,,,,,,,,,,N,4,0,1,2,A,-,10,21950,A,N,G,B,B,A,H,-,A,A,0,Y,,,,Y,,A,08,0,0,1,0,1,0,0,0,0,"- ","- ",,,"SAN DIEGO","SAN DIEGO",-117.16921003,32.720900039999997
8096658,2016,2016-08-11,3711,2016-08-02,1447,5762,,2,5,7,3711,0,0,0,,0,326,"54TH ST","CHAPARRAL WY",145.00,W,N,A,-,N,,,,,,,,,,N,3,0,1,2,A,-,03,22350,,N,C,G,A,A,H,-,A,D,0,,Y,,,Y,,L,04,0,1,0,0,0,0,1,0,0,"- ","- ",,,"SAN DIEGO","SAN DIEGO",-117.07992525,32.767439619999998
8104727,2016,2016-08-29,3711,2016-08-13,1515,5046,,6,5,7,3711,0,0,0,,0,231,"SABRE SPRINGS PKWY","SABRE SPRINGS PKWY 13538",0.00,,N,A,-,N,,,,,,,,,,N,3,0,1,2,C,-,18,,,N,H,B,-,A,H,-,A,D,0,Y,,,,Y,,-,"- ",0,1,0,0,1,0,0,0,0,"- ","- ",,,"SAN DIEGO","SAN DIEGO",-117.09134281,32.962934509999997
8105399,2016,2016-08-25,3711,2016-08-11,1715,5985,,4,5,7,3711,0,0,0,,0,524,"5TH AV","B ST",0.00,,Y,A,-,N,,,,,,,,,,N,3,0,1,2,A,-,10,21950,A,N,G,B,B,A,H,-,A,A,0,Y,,,,Y,,A,01,0,1,0,0,1,0,0,0,0,"- ","- ",,,"SAN DIEGO","SAN DIEGO",-117.16019004,32.717800109999999
8105404,2016,2016-08-26,3711,2016-08-16,1818,7082,,2,5,7,3711,0,0,0,,0,832,"40TH ST","ORANGE AV",0.00,,Y,A,-,N,,,,,,,,,,N,3,0,1,3,A,-,09,21801,A,N,D,G,A,A,H,-,A,A,0,,Y,,,Y,,A,01,0,1,0,0,0,0,1,0,0,"- ","- ",,,"SAN DIEGO","SAN DIEGO",-117.10941007,32.75324011
8105439,2016,2016-08-26,3711,2016-08-09,0203,8861,,2,5,7,3711,0,0,0,,0,627,"UNIVERSITY AV","4TH AV",7.00,E,N,A,-,N,,,,,,,,,,N,3,0,1,2,A,-,11,21456,B,N,G,B,B,A,H,-,C,A,0,Y,,,,Y,Y,N,60,0,1,0,0,1,0,0,0,0,"- ","- ",,,"SAN DIEGO","SAN DIEGO",-117.16159731,32.748279619999998
8110915,2016,2016-10-18,3711,2016-08-12,1425,7396,,5,5,7,3711,0,0,0,,0,521,"16TH ST","J ST",156.00,S,N,A,-,N,,,,,,,,,,N,4,0,1,2,A,-,08,22107,,M,G,B,E,A,H,-,A,D,0,Y,,,,Y,,-,,0,0,1,0,1,0,0,0,0,"- ","- ",,,"SAN DIEGO","SAN DIEGO",-117.14944814,32.708982720000002
8111418,2016,2016-08-30,3711,2016-07-13,2025,7420,SANDI,3,5,7,3711,0,0,0,,0,531,"UPAS ST","JACARANDA DR",22.00,E,N,A,-,N,,,,,,,,,,N,2,0,1,2,A,-,12,22450,A,N,D,G,A,A,H,-,C,A,0,,Y,,,Y,,-,,1,0,0,0,0,0,1,0,0,"- ","- ",,,"SAN DIEGO","SAN DIEGO",-117.13676871,32.741008719999996
8117051,2016,2016-09-07,3711,2016-08-24,1833,7397,,3,5,7,3711,0,0,0,,0,627,"5TH AV","WALNUT AV",0.00,,Y,A,-,N,,,,,,,,,,N,3,0,1,2,A,-,09,21801,A,N,D,G,A,A,H,-,A,D,0,,Y,,,Y,,-,,0,1,0,0,0,0,1,0,0,"- ","- ",,,"SAN DIEGO","SAN DIEGO",-117.1603801,32.741480019999997
8117064,2016,2016-09-08,3711,2016-08-24,2248,8861,,3,5,7,3711,0,0,0,,0,627,"UNIVERSITY AV","CENTRE ST",15.00,E,N,A,-,N,,,,,,,,,,N,4,0,1,2,A,-,03,22350,,N,H,G,A,A,H,-,C,A,0,,Y,,,Y,,L,04,0,0,1,0,0,0,1,0,0,"- ","- ",,,"SAN DIEGO","SAN DIEGO",-117.14833138,32.74841
8118137,2016,2016-09-09,3711,2016-08-28,1758,6986,,7,5,7,3711,0,0,0,,0,233,"RANCHO PENASQUITOS BL","PASEO MONTRIL",350.00,E,N,A,-,N,,,,,,,,,,N,3,0,1,2,A,-,03,22350,,N,D,G,A,A,H,-,A,D,0,,Y,,,Y,,L,04,0,1,0,0,0,0,1,0,0,"- ","- ",,,"SAN DIEGO","SAN DIEGO",-117.10752001,32.950760039999999
8129050,2016,2016-09-26,3711,2016-09-15,1520,4507,SANDI,4,5,7,3711,0,0,0,,0,114,"COBB DR","NOAH WY",15.00,W,N,A,-,N,,,,,,,,,,N,3,0,1,2,A,-,09,21801,A,N,B,G,A,A,H,-,A,D,0,,Y,,,Y,,-,,0,1,0,0,0,0,1,0,0,"- ","- ",,,"SAN DIEGO","SAN DIEGO",-117.1890985,32.84070346
8129109,2016,2016-11-15,3711,2016-09-15,1928,6959,,4,5,7,3711,0,0,0,,0,826,"EL CAJON BL","52ND ST",156.00,E,N,A,-,N,,,,,,,,,,N,4,0,1,2,A,-,11,21950,B,N,G,B,D,A,H,-,C,D,0,Y,,,,Y,,N,60,0,0,1,0,1,0,0,0,0,"- ","- ",,,"SAN DIEGO","SAN DIEGO",-117.08308965000001,32.757301949999999
8131252,2016,2016-09-29,3711,2016-09-12,1750,7042,,1,5,7,3711,0,0,0,,0,611,"PACIFIC HWY","WRIGHT ST",200.00,N,N,A,-,N,,,,,,,,,,N,4,0,1,2,D,-,00,,,N,H,G,A,A,H,-,A,D,0,,Y,,,Y,,-,"- ",0,0,1,0,0,0,1,0,0,"- ","- ",,,"SAN DIEGO","SAN DIEGO",-117.19026119999999,32.743289160000003
8131279,2016,2016-09-28,3711,2016-09-18,1455,4617,,7,5,7,3711,0,0,0,,0,241,"HIBERT ST","TREENA ST",65.00,N,N,A,-,N,,,,,,,,,,N,3,0,1,2,A,-,03,22350,,N,D,G,A,A,H,-,A,D,0,,Y,,,Y,Y,L,04,0,1,0,0,0,0,1,0,0,"- ","- ",,,"SAN DIEGO","SAN DIEGO",-117.11388438,32.914018009999999
8135564,2016,2016-10-06,3711,2016-09-23,2034,7474,,5,5,7,3711,0,0,0,,0,122,"DIAMOND ST","LAMONT ST",13.00,S,N,A,-,N,,,,,,,,,,Y,4,0,1,2,A,-,12,22450,A,M,G,B,B,A,H,-,C,D,0,Y,,,,Y,,-,,0,0,1,0,1,0,0,0,0,"- ","- ",,,"SAN DIEGO","SAN DIEGO",-117.2362208,32.803761000000002
8141928,2016,2016-10-13,3711,2016-10-02,1905,6876,,7,5,7,3711,0,0,0,,0,833,"FAIRMOUNT AV","DWIGHT ST",8.00,N,N,B,-,N,,,,,,,,,,N,4,0,1,2,A,-,05,21650,1,N,A,G,A,A,H,-,D,A,0,,Y,,,Y,,L,04,0,0,1,0,0,0,1,0,0,"- ","- ",,,"SAN DIEGO","SAN DIEGO",-117.10097953,32.744031909999997
8141984,2016,2016-10-13,3711,2016-10-02,2240,6203,,7,5,7,3711,0,0,0,,0,813,"UNIVERSITY AV","30TH ST",150.00,W,N,A,-,N,,,,,,,,,,N,4,0,1,2,A,-,11,21950,B,N,A,B,D,A,H,-,C,D,0,Y,,,,Y,Y,-,"- ",0,0,1,0,1,0,0,0,0,"- ","- ",,,"SAN DIEGO","SAN DIEGO",-117.13059622999999,32.748449999999998
8143689,2016,2017-01-19,3711,2016-10-31,1624,6468,3711,1,5,7,3711,0,0,0,,0,616,"TALBOT ST","GAGE ST",0.00,,Y,A,-,N,,,,,,,,,,N,3,0,1,2,A,-,09,21801,A,N,B,G,A,A,H,-,A,D,0,,Y,,,Y,,A,07,0,1,0,0,0,0,1,0,0,"- ","- ",,,"SAN DIEGO","SAN DIEGO",-117.23934013,32.721450050000001
8144668,2016,2016-12-19,3711,2016-11-20,2100,7444,,7,5,7,3711,0,0,0,,0,521,"MARKET ST","13TH ST",18.00,E,N,C,-,,,,,,,,,,,N,3,0,1,2,A,-,"- ",,,M,G,B,B,B,H,-,C,A,0,Y,,,,Y,,-,,0,1,0,0,1,0,0,0,0,"- ","- ",,,"SAN DIEGO","SAN DIEGO",-117.15275167999999,32.711539999999999
8146528,2016,2016-10-19,3711,2016-10-10,1107,5985,,1,5,7,3711,0,0,0,,0,524,"PACIFIC HWY","WEST ASH ST",0.00,,Y,A,-,N,,,,,,,,,,N,4,0,1,2,A,-,05,21650,1,N,H,G,A,A,H,-,A,A,0,,Y,,,Y,,L,04,0,0,1,0,0,0,1,0,0,"- ","- ",,,"SAN DIEGO","SAN DIEGO",-117.17104008,32.719870010000001
8154693,2016,2016-11-01,3711,2016-10-19,0720,005450,,3,5,7,3711,0,0,0,,0,326,"COLLEGE AV","LINDA PASEO",345.00,N,N,A,-,N,,,,,,,,,,N,4,0,1,2,A,-,11,21950,B,N,G,B,D,A,H,-,A,D,0,Y,,,,Y,,N,60,0,0,1,0,1,0,0,0,0,"- ","- ",,,"SAN DIEGO","SAN DIEGO",-117.06991155999999,32.772572740000001
8166596,2016,2017-01-18,3711,2016-12-24,1323,6998,,6,5,7,3711,0,0,0,,0,446,"LOGAN AV","EUCLID AV",564.00,W,N,B,G,N,,,,,,,,,,N,1,1,0,2,A,-,11,21950,B,N,G,B,D,A,H,-,A,D,0,Y,,,,Y,,N,60,0,0,0,1,0,0,0,0,0,"- ","- ",,,"SAN DIEGO","SAN DIEGO",-117.08692519,32.696790010000001
8169500,2016,2016-11-16,3711,2016-10-31,1945,7354,,1,5,7,3711,0,0,0,,0,712,"BEYER BL","BEYER BL 3500",24.00,W,N,B,-,N,,,,,,,,,,N,4,0,1,2,A,-,11,21950,B,N,G,B,D,A,H,-,D,D,0,Y,,,,Y,,N,60,0,0,1,0,1,0,0,0,0,"- ","- ",,,"SAN DIEGO","SAN DIEGO",,
8169698,2016,2016-11-16,3711,2016-11-05,1255,7490,,6,5,7,3711,0,0,0,,0,124,"DESERT VIEW DR","SOLEDAD MOUNTAIN RD",300.00,E,N,A,-,N,,,,,,,,,,N,3,0,1,2,A,-,21,22106,,N,B,G,A,A,H,-,A,D,0,,Y,,,Y,,A,01,0,1,0,0,0,0,1,0,0,"- ","- ",,,"SAN DIEGO","SAN DIEGO",-117.23438612,32.823304899999997
8169719,2016,2016-11-16,3711,2016-11-03,1902,6712,NORTH,4,5,7,3711,0,0,0,,0,115,"LEBON DR","CHARMANT DR",80.00,N,N,A,-,N,,,,,,,,,,N,4,0,1,2,A,-,08,22107,,N,D,G,A,A,H,-,C,A,0,,Y,,,Y,,L,04,0,0,1,0,0,0,1,0,0,"- ","- ",,,"SAN DIEGO","SAN DIEGO",-117.22532955,32.865032329999998
8170812,2016,2016-11-18,3711,2016-11-08,1830,4759,SANDI,2,5,7,3711,0,0,0,,0,122,"GRAND AV","OLNEY ST",3.00,E,N,A,-,N,,,,,,,,,,N,3,0,1,2,A,-,10,21950,A,N,D,G,A,A,H,-,C,A,0,,Y,,,Y,,-,,0,1,0,0,0,0,1,0,0,"- ","- ",,,"SAN DIEGO","SAN DIEGO",-117.22928056000001,32.800351990000003
8170824,2016,2016-11-21,3711,2016-11-08,1510,6877,,2,5,7,3711,0,0,0,,0,712,"EAST SAN YSIDRO BL","BORDER VILLAGE RD",0.00,,Y,A,-,N,,,,,,,,,,N,3,0,1,2,A,-,10,21950,A,N,G,B,B,A,H,-,A,A,0,Y,,,,Y,,-,,0,1,0,0,1,0,0,0,0,"- ","- ",,,"SAN DIEGO","SAN DIEGO",-117.03894013,32.551210019999999
8170856,2016,2016-11-21,3711,2016-11-07,1000,7385,,1,5,7,3711,0,0,0,,0,627,"UNIVERSITY AV","7TH ST",3.00,E,N,A,-,N,,,,,,,,,,N,4,0,1,2,A,-,08,22100,B,N,G,B,B,A,H,-,A,A,0,Y,,,,Y,,A,01,0,0,1,0,1,0,0,0,0,"- ","- ",,,"SAN DIEGO","SAN DIEGO",-117.15836028,32.748380099999999
8172355,2016,2016-11-30,3711,2016-11-11,1204,7490,"SAN D",5,5,7,3711,0,0,0,,0,121,"PACIFIC BEACH DR","MISSION BL",0.00,,Y,A,-,N,,,,,,,,,,N,4,0,1,2,A,-,00,21760,C,N,B,G,A,A,H,-,A,A,0,,Y,,,Y,,A,07,0,0,1,0,0,0,1,0,0,"- ","- ",,,"SAN DIEGO","SAN DIEGO",-117.25377012,32.790940069999998
8178566,2016,2016-12-07,3711,2016-11-09,1716,5046,,3,5,7,3711,0,0,0,,0,313,"RONSON RD","ARIAL SURVEY SCE HV4",15.00,S,N,A,-,N,,,,,,,,,,N,2,0,1,2,A,-,11,21954,A,N,G,B,D,A,H,-,D,D,0,Y,,,,Y,Y,N,60,1,0,0,0,1,0,0,0,0,"- ","- ",,,"SAN DIEGO","SAN DIEGO",,
8178658,2016,2016-12-06,3711,2016-11-25,1449,5972,,5,5,7,3711,0,0,0,,0,621,"MORLEY ST","MORLEY WY",0.00,,Y,A,-,N,,,,,,,,,,N,2,0,1,2,A,-,12,22450,A,F,H,G,A,A,H,-,A,A,0,,Y,,,Y,Y,L,04,1,0,0,0,0,0,1,0,0,"- ","- ",,,"SAN DIEGO","SAN DIEGO",-117.17211009,32.783460069999997
8179473,2016,2016-12-09,3711,2016-11-21,0856,6774,,1,5,7,3711,0,0,0,,0,826,"51ST ST","EL CAJON BL",2.00,S,N,B,-,N,,,,,,,,,,N,4,0,1,2,A,-,09,21802,A,N,D,G,A,A,H,-,A,A,0,,Y,,,Y,,A,01,0,0,1,0,0,0,1,0,0,"- ","- ",,,"SAN DIEGO","SAN DIEGO",-117.08468000000001,32.757084519999999
8189547,2016,2016-12-19,3711,2016-11-30,0911,6398,,3,5,7,3711,0,0,0,,0,445,"EUCLID AV","LAKIBA PALMER AV",0.00,,Y,A,-,N,,,,,,,,,,N,4,0,1,2,A,-,08,22107,,N,C,G,A,A,H,-,A,D,0,,Y,,,Y,,-,,0,0,1,0,0,0,1,0,0,"- ","- ",,,"SAN DIEGO","SAN DIEGO",-117.08503989,32.713770050000001
8193736,2016,2017-01-12,3711,2016-12-13,0729,6247,,2,5,7,3711,0,0,0,,0,621,"GOODWIN ST",DRESCHER,15.00,W,N,B,-,N,,,,,,,,,,N,4,0,1,2,A,-,03,22350,,N,G,B,B,A,H,-,A,A,0,Y,,,,Y,,-,,0,0,1,0,1,0,0,0,0,"- ","- ",,,"SAN DIEGO","SAN DIEGO",-117.17359829999999,32.778234830000002
8194873,2016,2017-01-23,3711,2016-12-15,1130,4643,,4,5,7,3711,0,0,0,,0,813,"ILLINOIS ST","EL CAJON BL",170.00,S,N,B,-,N,,,,,,,,,,N,3,0,1,2,A,-,03,22350,,N,D,G,A,A,H,-,A,D,0,,Y,,,Y,,L,04,0,1,0,0,0,0,1,0,0,"- ","- ",,,"SAN DIEGO","SAN DIEGO",-117.1277,32.75494432
8198191,2016,2017-01-26,3711,2016-12-25,1740,6734,,7,5,7,3711,0,0,0,,0,614,"VOLTAIRE ST","VOLTAIRE ST 4700",0.00,,-,A,-,N,,,,,,,,,,N,4,0,1,2,A,-,11,21456,B,N,G,B,B,A,H,-,C,A,0,Y,,,,Y,Y,-,"- ",0,0,1,0,1,0,0,0,0,"- ","- ",,,"SAN DIEGO","SAN DIEGO",-117.24146426,32.748871340000001
8199203,2016,2017-01-04,3711,2016-12-16,0702,7124,,5,5,7,3711,0,0,0,,0,442,"S 39TH ST","NATIONAL AV",20.00,S,N,B,C,N,,,,,,,,,,N,4,0,1,2,A,-,10,21952,,N,G,B,D,B,H,-,A,D,0,Y,,,,Y,,A,01,0,0,1,0,1,0,0,0,0,"- ","- ",,,"SAN DIEGO","SAN DIEGO",-117.11029000000001,32.696005210000003
8199215,2016,2017-01-26,3711,2016-12-19,2245,5769,,1,5,7,3711,0,0,0,,0,521,"COMMERCIAL ST","17TH ST",8.00,W,N,A,-,N,,,,,,,,,,N,3,0,1,2,A,-,08,22107,,M,G,B,E,A,H,-,D,D,0,Y,,,,Y,,-,"- ",0,1,0,0,1,0,0,0,0,"- ","- ",,,"SAN DIEGO","SAN DIEGO",-117.14854592,32.70523
8200535,2017,2017-03-23,3711,2017-02-25,1302,7413,,6,5,7,3711,0,0,0,,0,841,"DUCHESS ST","SUFFOLK DR",0.00,,Y,A,-,N,,,,,,,,,,N,4,0,1,2,A,-,09,21801,A,N,D,G,A,A,H,-,A,D,0,,Y,Y,,Y,,L,04,0,0,1,0,0,0,1,0,0,"- ","- ",,,"SAN DIEGO","SAN DIEGO",-117.05048007000001,32.744740020000002
8201614,2017,2017-03-30,3711,2017-03-11,0202,6461,,6,5,7,3711,0,0,0,,0,122,HORNBLEND,INGRAHAM,0.00,,Y,A,-,N,,,,,,,,,,N,4,0,1,2,A,-,08,22107,,N,G,B,B,A,H,-,D,D,0,Y,,,,Y,,A,01,0,0,1,0,1,0,0,0,0,"- ","- ",,,"SAN DIEGO","SAN DIEGO",-117.24056001,32.798820050000003
8304920,2017,2017-02-15,3711,2017-01-17,1920,7425,,2,5,7,3711,0,0,0,,0,112,"GENESEE AV","MOUNT ETNA DR",10.00,S,N,A,-,N,,,,,,,,,,N,3,0,1,3,A,-,10,21950,A,N,G,B,B,A,H,-,C,A,0,Y,,,,Y,,D,22,0,1,0,0,1,0,0,0,0,"- ","- ",,,"SAN DIEGO","SAN DIEGO",-117.1830379,32.821334579999998
8306172,2017,2017-02-27,3711,2017-02-01,2342,8861,,3,5,7,3711,0,0,0,,0,621,"LINDA VISTA RD","NORTH RIM CT",178.00,N,N,A,-,N,,,,,,,,,,N,3,0,1,2,A,-,11,21950,B,N,G,B,D,A,H,-,C,D,0,Y,,,,Y,Y,N,60,0,1,0,0,1,0,0,0,0,"- ","- ",,,"SAN DIEGO","SAN DIEGO",-117.17506256999999,32.774028129999998
8323477,2017,2017-03-16,3711,2017-02-27,2130,7250,,1,5,7,3711,0,0,0,,0,828,"EUCLID AV","CASTLE AV",20.00,S,N,C,-,N,,,,,,,,,,N,3,0,1,2,A,-,11,21954,A,N,A,B,D,B,H,-,C,D,0,Y,,,,Y,,N,60,0,1,0,0,1,0,0,0,0,"- ","- ",,,"SAN DIEGO","SAN DIEGO",-117.09234048,32.74555522
8323532,2017,2017-03-16,3711,2017-02-28,0823,4759,SD,2,5,7,3711,0,0,0,,0,122,"PACIFIC BEACH DR","FANUEL ST",7.00,E,N,B,-,N,,,,,,,,,,N,3,0,1,2,A,-,10,21950,A,N,D,B,B,A,H,-,A,A,0,Y,,,,Y,,-,,0,1,0,0,1,0,0,0,0,"- ","- ",,,"SAN DIEGO","SAN DIEGO",-117.24460804,32.792944869999999
8330962,2017,2017-04-04,3711,2017-03-21,0929,5498,,2,5,7,3711,0,0,0,,0,512,"GREELY AV","S 30TH ST",9.00,E,N,A,-,N,,,,,,,,,,N,4,0,1,2,A,-,10,21950,A,N,G,B,B,A,H,-,A,D,0,Y,,,,Y,,A,01,0,0,1,0,1,0,0,0,0,"- ","- ",,,"SAN DIEGO","SAN DIEGO",-117.12945085,32.698010400000001
8333486,2017,2017-03-24,3711,2017-03-11,0835,7428,"SAN D",6,5,7,3711,0,0,0,,0,122,"GARNET AV","JEWELL ST",0.00,,Y,A,-,N,,,,,,,,,,N,3,0,1,2,A,-,10,21950,A,N,G,B,B,A,H,-,A,A,0,Y,,,,Y,,-,,0,1,0,0,1,0,0,0,0,"- ","- ",,,"SAN DIEGO","SAN DIEGO",-117.2389701,32.800200080000003
8334700,2017,2017-03-30,3711,2017-03-07,1345,8192,,2,5,7,3711,0,0,0,,0,813,"UNIVERSITY AV","32ND ST",0.00,,Y,A,-,N,,,,,,,,,,N,4,0,1,2,A,-,11,21955,,N,D,B,B,A,H,-,A,A,0,Y,,,,Y,,N,60,0,0,1,0,1,0,0,0,0,"- ","- ",,,"SAN DIEGO","SAN DIEGO",-117.12521005000001,32.748500010000001
8347224,2017,2017-04-17,3711,2017-04-04,1618,5985,,2,5,7,3711,0,0,0,,0,524,BROADWAY,"8TH AV",0.00,,Y,A,-,N,,,,,,,,,,N,4,0,1,2,A,-,05,21650,,N,H,G,A,A,H,-,A,A,0,,Y,,,Y,,L,04,0,0,1,0,0,0,1,0,0,"- ","- ",,,"SAN DIEGO","SAN DIEGO",-117.15741009,32.715720009999998
8347256,2017,2017-04-17,3711,2017-04-03,1136,7559,,1,5,7,3711,0,0,0,,0,526,"BEECH ST","3RD AV",0.00,,Y,A,-,N,,,,,,,,,,N,3,0,1,2,A,-,11,21950,B,N,G,B,B,A,H,-,A,-,0,Y,,,,Y,,N,60,0,1,0,0,1,0,0,0,0,"- ","- ",,,"SAN DIEGO","SAN DIEGO",-117.16202005,32.720900020000002
8359299,2017,2017-05-10,3711,2017-04-29,2250,4310,,6,5,7,3711,0,0,0,,0,529,"6TH AV","FIR ST",147.00,N,N,A,-,N,,,,,,,,,,N,3,0,1,2,A,-,03,22350,,N,G,B,D,A,H,-,C,D,0,Y,,,,Y,Y,D,22,0,1,0,0,1,0,0,0,0,"- ","- ",,,"SAN DIEGO","SAN DIEGO",-117.15941339,32.725522679999997
8359363,2017,2017-05-09,3711,2017-04-21,0705,5429,,5,5,7,3711,0,0,0,,0,613,"FAMOSA BL","FAMOSA BL 2300",0.00,,Y,A,-,N,,,,,,,,,,N,4,0,1,2,A,-,10,21950,A,M,G,B,B,A,H,-,A,D,0,Y,,,,Y,Y,-,,0,0,1,0,1,0,0,0,0,"- ","- ",,,"SAN DIEGO","SAN DIEGO",-117.23281682,32.74469337
8359422,2017,2017-05-09,3711,2017-04-26,1830,6795,,3,5,7,3711,0,0,0,,0,839,"CHEROKEE AV",UNIVERSITY,9.00,N,N,A,-,N,,,,,,,,,,N,4,0,1,2,A,-,09,21804,,N,D,G,A,A,H,-,A,D,0,,Y,,,Y,,L,04,0,0,1,0,0,0,1,0,0,"- ","- ",,,"SAN DIEGO","SAN DIEGO",-117.11433986,32.749744649999997
8359730,2017,2017-05-09,3711,2017-04-27,1615,7314,,4,5,7,3711,0,0,0,,0,126,"NORTH TORREY PINES RD","JOHN J HOPKINS DR",515.00,S,N,A,-,N,,,,,,,,,,N,3,0,1,1,A,-,03,22350,,N,B,G,A,A,G,-,A,D,0,,Y,,,Y,,L,04,0,1,0,0,0,0,1,0,0,"- ","- ",,,"SAN DIEGO","SAN DIEGO",-117.24154830000001,32.896688419999997
8359758,2017,2017-05-09,3711,2017-04-30,1820,6986,,7,5,7,3711,0,0,0,,0,615,"NORTH HARBOR DR","ROSECRANS ST",0.00,,Y,A,-,N,,,,,,,,,,N,4,0,1,2,A,-,09,21801,A,N,D,G,A,A,H,-,A,A,0,,Y,,,Y,,-,,0,0,1,0,0,0,1,0,0,"- ","- ",,,"SAN DIEGO","SAN DIEGO",-117.22790001,32.72618001
8361153,2017,2017-05-30,3711,2017-05-03,2319,7622,,3,5,7,3711,0,0,0,,0,614,"BACON ST","NEWPORT AV",35.00,N,N,A,-,N,,,,,,,,,,Y,4,0,1,2,A,-,08,22107,,M,G,B,F,A,H,-,C,D,0,Y,,,,Y,,D,22,0,0,1,0,1,0,0,0,0,"- ","- ",,,"SAN DIEGO","SAN DIEGO",-117.25098224,32.746946909999998
8361431,2017,2017-05-16,3711,2017-05-04,1821,7298,SANDI,4,5,7,3711,0,0,0,,0,122,"SOLEDAD MOUNTAIN RD","CROWNHILL RD",0.00,,Y,A,-,N,,,,,,,,,,N,3,0,1,2,A,-,09,21801,A,N,D,G,A,A,H,-,B,D,0,,Y,,,Y,,A,01,0,1,0,0,0,0,1,0,0,"- ","- ",,,"SAN DIEGO","SAN DIEGO",-117.23231011999999,32.81208006
8370458,2017,2017-05-19,3711,2017-04-28,0828,7154,,5,5,7,3711,0,0,0,,0,627,"WEST WASHINGTON ST","GOLDFINCH ST",0.00,,Y,A,-,N,,,,,,,,,,N,3,0,1,2,A,-,00,22950,A,N,G,B,B,A,H,-,A,A,0,Y,,,,Y,,-,,0,1,0,0,1,0,0,0,0,"- ","- ",,,"SAN DIEGO","SAN DIEGO",-117.17138011999999,32.749910059999998
8372325,2017,2017-05-25,3711,2017-05-10,2040,6781,,3,5,7,3711,0,0,0,,0,,"LEMONA AV","STERLING CT",3.00,S,N,A,-,N,,,,,,,,,,N,3,0,1,2,A,-,09,21801,A,N,A,G,A,A,H,-,C,D,0,,Y,,,Y,,A,01,0,1,0,0,0,0,1,0,0,"- ","- ",,,"SAN DIEGO","SAN DIEGO",-117.08422689,32.745132220000002