CASE_ID,ACCIDENT_YEAR,PROC_DATE,JURIS,COLLISION_DATE,COLLISION_TIME,OFFICER_ID,REPORTING_DISTRICT,DAY_OF_WEEK,CHP_SHIFT,POPULATION,CNTY_CITY_LOC,SPECIAL_COND,BEAT_TYPE,CHP_BEAT_TYPE,CITY_DIVISION_LAPD,CHP_BEAT_CLASS,BEAT_NUMBER,PRIMARY_RD,SECONDARY_RD,DISTANCE,DIRECTION,INTERSECTION,WEATHER_1,WEATHER_2,STATE_HWY_IND,CALTRANS_COUNTY,CALTRANS_DISTRICT,STATE_ROUTE,ROUTE_SUFFIX,POSTMILE_PREFIX,POSTMILE,LOCATION_TYPE,RAMP_INTERSECTION,SIDE_OF_HWY,TOW_AWAY,COLLISION_SEVERITY,NUMBER_KILLED,NUMBER_INJURED,PARTY_COUNT,PRIMARY_COLL_FACTOR,PCF_CODE_OF_VIOL,PCF_VIOL_CATEGORY,PCF_VIOLATION,PCF_VIOL_SUBSECTION,HIT_AND_RUN,TYPE_OF_COLLISION,MVIW,PED_ACTION,ROAD_SURFACE,ROAD_COND_1,ROAD_COND_2,LIGHTING,CONTROL_DEVICE,CHP_ROAD_TYPE,PEDESTRIAN_ACCIDENT,BICYCLE_ACCIDENT,MOTORCYCLE_ACCIDENT,TRUCK_ACCIDENT,NOT_PRIVATE_PROPERTY,ALCOHOL_INVOLVED,STWD_VEHTYPE_AT_FAULT,CHP_VEHTYPE_AT_FAULT,COUNT_SEVERE_INJ,COUNT_VISIBLE_INJ,COUNT_COMPLAINT_PAIN,COUNT_PED_KILLED,COUNT_PED_INJURED,COUNT_BICYCLIST_KILLED,COUNT_BICYCLIST_INJURED,COUNT_MC_KILLED,COUNT_MC_INJURED,PRIMARY_RAMP,SECONDARY_RAMP,LATITUDE,LONGITUDE,COUNTY,CITY,POINT_X,POINT_Y
8377378,2017,2017-07-12,3711,2017-05-26,0932,5498,,5,5,7,3711,0,0,0,,0,521,"F ST","16TH ST",83.00,E,N,A,-,N,,,,,,,,,,N,3,0,1,2,B,-,22,,,N,G,B,E,A,H,-,A,D,0,Y,,,Y,Y,,F,26,0,1,0,0,1,0,0,0,0,"- ","- ",,,"SAN DIEGO","SAN DIEGO",-117.14916105,32.71367
8384354,2017,2017-07-03,3711,2017-06-13,1921,6979,3711,2,5,7,3711,0,0,0,,0,111,"CLAIREMONT MESA RD",DIANE,0.00,,Y,A,-,N,,,,,,,,,,N,4,0,1,2,A,-,09,21801,A,N,B,B,B,A,H,-,B,A,0,Y,,,,Y,,-,,0,0,1,0,1,0,0,0,0,"- ","- ",,,"SAN DIEGO","SAN DIEGO",-117.18705011999999,32.834530030000003
8388202,2017,2017-07-12,3711,2017-06-04,1010,7599,,7,5,7,3711,0,0,0,,0,527,BROADWAY,"NORTH HARBOR DR",0.00,,Y,B,-,N,,,,,,,,,,N,4,0,1,2,A,-,08,22107,,M,C,G,A,A,H,-,A,A,0,,Y,,,Y,,-,"- ",0,0,1,0,0,0,1,0,0,"- ","- ",,,"SAN DIEGO","SAN DIEGO",-117.17312003000001,32.71570011
8388929,2017,2017-06-15,3711,2017-06-01,2054,005450,,4,5,7,3711,0,0,0,,0,524,"10TH AV",BROADWAY,0.00,,Y,A,-,N,,,,,,,,,,N,3,0,1,2,A,-,05,21650,1,N,D,G,A,A,H,-,C,A,0,,Y,,,Y,,L,04,0,1,0,0,0,0,1,0,0,"- ","- ",,,"SAN DIEGO","SAN DIEGO",-117.15561008,32.715720079999997
8390285,2017,2017-06-20,3711,2017-06-06,2000,386,,2,5,7,3711,0,0,0,,0,625,"TAYLOR ST","CONGRESS ST",0.00,,Y,A,-,N,,,,,,,,,,N,4,0,1,2,A,-,01,23152,A,M,D,G,A,A,H,-,C,A,0,,Y,,,Y,,-,,0,0,1,0,0,0,1,0,0,"- ","- ",,,"SAN DIEGO","SAN DIEGO",-117.19958004999999,32.755630109999998
8390465,2017,2018-07-20,3711,2017-06-08,1543,7376,,4,5,7,3711,0,0,0,,0,113,"BALBOA AV","MORAGA AV",0.00,,Y,A,-,N,,,,,,,,,,N,3,0,1,2,A,-,03,22350,,N,D,G,A,A,H,-,A,A,0,,Y,,,Y,Y,L,04,0,1,0,0,0,0,1,0,0,"- ","- ",,,"SAN DIEGO","SAN DIEGO",-117.21061003,32.808000110000002
8390604,2017,2017-07-25,3711,2017-06-07,2500,7419,CENTR,3,5,7,3711,0,0,0,,0,521,"14TH ST","14TH ST 950",0.00,,-,A,-,N,,,,,,,,,,N,4,0,1,2,A,-,21,22106,,M,G,B,E,A,H,-,A,D,0,Y,,,,Y,,-,"- ",0,0,1,0,1,0,0,0,0,"- ","- ",,,"SAN DIEGO","SAN DIEGO",-117.10321069,32.579842939999999
8404729,2017,2019-04-09,3711,2017-03-09,2352,6366,,4,5,7,3711,0,0,0,,0,312,"SANTO RD","ANTIGUA BL",360.00,N,N,A,-,N,,,,,,,,,,N,1,1,0,2,A,-,11,21956,A,F,G,B,E,A,H,-,D,D,0,Y,,,,Y,Y,N,60,0,0,0,1,0,0,0,0,0,"- ","- ",,,"SAN DIEGO","SAN DIEGO",-117.10068167,32.834590679999998
8406054,2017,2017-07-20,3711,2017-06-26,1735,7502,,1,5,7,3711,0,0,0,,0,627,"ROBINSON ST","5TH AV",0.00,,Y,A,-,N,,,,,,,,,,N,4,0,1,3,A,-,10,21950,A,M,E,B,B,A,H,-,A,A,0,Y,,,,Y,,-,,0,0,1,0,1,0,0,0,0,"- ","- ",,,"SAN DIEGO","SAN DIEGO",-117.16041009,32.746940119999998
8409608,2017,2017-08-04,3711,2017-07-06,0724,6018,,4,5,7,3711,0,0,0,,0,627,"BACHMAN PL",LEWIS,6.00,N,N,A,-,N,,,,,,,,,,N,4,0,1,2,A,-,11,21950,B,N,G,B,D,A,H,-,A,-,0,Y,,,,Y,,-,,0,0,1,0,1,0,0,0,0,"- ","- ",,,"SAN DIEGO","SAN DIEGO",-117.16321050000001,32.751876430000003
8410373,2017,2017-07-26,3711,2017-06-30,1930,4576,,5,5,7,3711,0,0,0,,0,313,"COPLEY DR","HICKMAN FIELD DR",528.00,W,N,A,-,N,,,,,,,,,,N,2,0,1,2,A,-,11,21954,A,F,G,B,D,A,H,-,B,D,0,Y,,,,Y,Y,N,60,1,0,0,0,1,0,0,0,0,"- ","- ",,,"SAN DIEGO","SAN DIEGO",-117.16915622,32.840699549999997
8410598,2017,2017-07-27,3711,2017-07-11,1235,8192,,2,5,7,3711,0,0,0,,0,826,"ORANGE AV","EUCLID AV",0.00,,Y,A,-,N,,,,,,,,,,Y,3,0,1,2,A,-,08,22107,,N,D,G,A,A,H,-,A,D,0,,Y,,,Y,,A,01,0,1,0,0,0,0,1,0,0,"- ","- ",,,"SAN DIEGO","SAN DIEGO",-117.09225003,32.753100029999999
8411650,2017,2017-08-25,3711,2017-05-14,0241,7420,"SAN D",7,5,7,3711,0,0,0,,0,S21,"MARKET ST",11TH,7.00,W,N,A,-,N,,,,,,,,,,N,3,0,1,2,A,-,09,21453,C,N,D,G,A,A,H,-,C,A,0,,Y,,,Y,,-,,0,1,0,0,0,0,1,0,0,"- ","- ",,,"SAN DIEGO","SAN DIEGO",-117.15468267999999,32.71152
8412778,2017,2017-09-01,3711,2017-08-18,0913,6774,,5,5,7,3711,0,0,0,,0,115,"UNIVERSITY CENTER LN","CAMINITO PLAZA CENTRO",138.00,W,N,A,-,N,,,,,,,,,,Y,2,0,1,2,A,-,09,21801,A,N,D,G,A,A,H,-,A,D,0,,Y,,,Y,,L,04,1,0,0,0,0,0,1,0,0,"- ","- ",,,"SAN DIEGO","SAN DIEGO",-117.22626993999999,32.870360349999999
8414003,2017,2017-09-28,3711,2017-07-29,2329,8861,,6,5,7,3711,0,0,0,,0,621,"LINDA VISTA RD","TAIT ST",1.00,N,N,A,-,N,,,,,,,,,,N,3,0,1,2,A,-,21,22106,,M,B,G,A,A,H,-,C,A,0,,Y,,,Y,,-,,0,1,0,0,0,0,1,0,0,"- ","- ",,,"SAN DIEGO","SAN DIEGO",-117.17277952000001,32.780752710000002
8424934,2017,2017-08-16,3711,2017-08-04,1230,7477,,5,5,7,3711,0,0,0,,0,315,"CAMINO DEL RIO SOUTH","CAMINO DEL RIO SOUTH 1433",0.00,,-,A,-,N,,,,,,,,,,N,3,0,1,2,D,-,00,,,M,G,B,F,A,H,-,A,A,0,Y,,,,Y,Y,-,"- ",0,1,0,0,1,0,0,0,0,"- ","- ",,,"SAN DIEGO","SAN DIEGO",-117.15068758,32.765880490000001
8427916,2017,2017-08-16,3711,2017-07-27,2012,7594,,4,5,7,3711,0,0,0,,0,813,"30TH ST","LINCOLN AV",269.00,S,N,A,-,N,,,,,,,,,,N,3,0,1,2,A,-,08,22102,,N,D,G,A,A,H,-,C,D,0,,Y,,,Y,,A,01,0,1,0,0,0,0,1,0,0,"- ","- ",,,"SAN DIEGO","SAN DIEGO",-117.13015572,32.749593140000002
8434512,2017,2017-08-23,3711,2017-08-10,0815,7547,,4,5,7,3711,0,0,0,,0,936,"CAMINO DEL SUR","RT 56",0.00,,Y,A,-,N,,,,,,,,,,N,3,0,1,2,A,-,11,21456,B,N,D,G,A,A,H,-,A,A,0,,Y,,,Y,,L,04,0,1,0,0,0,0,1,0,0,"- ",EO,,,"SAN DIEGO","SAN DIEGO",-117.15292633,32.958841630000002
8450721,2017,2018-05-08,3711,2017-09-15,2140,7649,,5,5,7,3711,0,0,0,,0,243,"KEARNY VILLA RD","KEARNY VILLA RD 6700",0.00,,N,A,-,N,,,,,,,,,,Y,3,0,1,2,A,-,08,22107,,N,H,G,A,A,H,-,C,D,0,,Y,,,Y,Y,-,,0,1,0,0,0,0,1,0,0,"- ","- ",32.852409999999999,-117.1199,"SAN DIEGO","SAN DIEGO",-117.11990833,32.852408189999998
8455153,2017,2017-09-25,3711,2017-07-21,0640,HB5908,,5,5,7,3711,0,0,0,,0,504,"W HARBOR DR","5TH AV",0.00,,Y,A,-,N,,,,,,,,,,N,4,0,1,2,A,-,17,22517,,N,H,G,A,A,-,-,A,A,0,,Y,,,Y,,-,,0,0,1,0,0,0,1,0,0,"- ","- ",,,"SAN DIEGO","SAN DIEGO",-117.16058004999999,32.706850119999999
8465526,2018,2020-05-22,3711,2018-11-12,0105,4576,,1,5,7,3711,0,0,0,,0,712,"EAST SAN YSIDRO BL","LOUISIANA AV",136.00,S,N,A,-,N,,,,,,,,,,Y,1,1,0,2,A,-,11,21954,A,N,G,B,D,A,H,-,E,D,0,Y,,,,Y,,N,60,0,0,0,1,0,0,0,0,0,"- ","- ",,,"SAN DIEGO","SAN DIEGO",-117.03719329833984,32.550380706787109
8465646,2018,2019-02-21,3711,2018-12-24,1909,6000,,1,5,7,3711,0,0,0,,0,311,"RUFFIN RD","VILLAGE GLEN DR",0.00,,Y,A,-,N,,,,,,,,,,N,1,1,0,2,A,-,10,21950,C,N,G,B,B,A,H,-,C,A,0,Y,,,,Y,,A,01,0,0,0,1,0,0,0,0,0,"- ","- ",,,"SAN DIEGO","SAN DIEGO",-117.12879180908203,32.804939270019531
8468583,2017,2017-11-08,3711,2017-10-03,1856,7434,,2,5,7,3711,0,0,0,,0,512,"OCEANVIEW BL","SOUTH 28TH ST",0.00,,Y,A,-,N,,,,,,,,,,N,3,0,1,2,A,-,10,21950,A,N,G,B,B,A,H,-,C,A,0,Y,,,,Y,,A,01,0,1,0,0,1,0,0,0,0,"- ","- ",,,"SAN DIEGO","SAN DIEGO",-117.13386010000001,32.70114006
8478240,2017,2017-11-30,3711,2017-10-19,1644,7654,,4,5,7,3711,0,0,0,,0,521,"16TH ST","J ST",85.00,N,N,A,-,N,,,,,,,,,,N,4,0,1,2,A,-,08,22107,,N,A,B,E,A,H,-,A,A,0,Y,,,,Y,,-,"- ",0,0,1,0,1,0,0,0,0,"- ","- ",,,"SAN DIEGO","SAN DIEGO",-117.14944448,32.709642819999999
8487073,2017,2017-11-17,3711,2017-10-28,1905,7360,3711,6,5,7,3711,0,0,0,,0,834,"ORANGE AV","34TH ST",0.00,,Y,A,-,N,,,,,,,,,,N,4,0,1,2,A,-,12,22450,A,M,D,B,B,A,H,-,B,D,0,Y,,,,Y,,-,,0,0,1,0,1,0,0,0,0,"- ","- ",,,"SAN DIEGO","SAN DIEGO",-117.12048006000001,32.753310069999998
8488592,2017,2018-03-09,3711,2017-11-05,2100,7607,,7,5,7,3711,0,0,0,,0,083,"FAIRMONT AV","REDWOOD ST",12.00,N,N,A,-,N,,,,,,,,,,N,3,0,1,2,A,-,10,21950,A,N,D,G,A,A,H,-,C,A,0,,Y,,,Y,,A,08,0,1,0,0,0,0,1,0,0,"- ","- ",,,"SAN DIEGO","SAN DIEGO",-117.10099,32.738452870000003
8496741,2017,2017-12-09,3711,2017-11-09,1535,5226,,4,5,7,3711,0,0,0,,0,531,"PARK BL","ZOO PL",0.00,,Y,A,-,N,,,,,,,,,,N,3,0,1,2,A,-,10,21950,A,N,G,B,B,A,H,-,A,A,0,Y,,,,Y,,A,01,0,1,0,0,1,0,0,0,0,"- ","- ",,,"SAN DIEGO","SAN DIEGO",-117.14585002,32.735210029999998
8506209,2017,2017-12-18,3711,2017-11-21,1542,7593,,2,5,7,3711,0,0,0,,0,723,"CORONADO AV","CORONDO AV 2909",10.00,E,N,A,-,N,,,,,,,,,,N,3,0,1,2,A,-,00,21850,,N,G,B,D,A,H,-,A,D,0,Y,,,,Y,,A,01,0,1,0,0,1,0,0,0,0,"- ","- ",,,"SAN DIEGO","SAN DIEGO",,
8506509,2017,2018-06-29,3711,2017-11-20,1148,7503,,1,5,7,3711,0,0,0,,0,722,"SATURN BL","PALM AV",0.00,,Y,A,-,Y,SD,11,75,-,-,9.310,I,6,S,,4,0,1,2,A,-,05,21651,B,N,H,G,A,A,H,-,A,A,0,,Y,,,Y,,-,"- ",0,0,1,0,0,0,1,0,0,"- ","- ",32.583970000000001,-117.09273,"SAN DIEGO","SAN DIEGO",-117.09267041,32.583757939999998
8512133,2017,2017-12-27,3711,2017-11-25,1358,7374,,6,5,7,3711,0,0,0,,0,121,"WEST MISSION BAY DR","W MISSION BAY DR 800",0.00,,N,A,-,N,,,,,,,,,,N,4,0,1,2,D,-,00,,,M,B,G,A,A,H,-,A,A,0,,Y,,,Y,,-,"- ",0,0,1,0,0,0,1,0,0,"- ","- ",,,"SAN DIEGO","SAN DIEGO",-117.25112826,32.772035369999998
8517048,2017,2017-12-27,3711,2017-12-08,0811,7127,,5,5,7,3711,0,0,0,,0,517,"28TH ST","B ST",0.00,,Y,A,-,N,,,,,,,,,,N,4,0,1,2,A,-,10,21950,A,N,A,B,B,A,H,-,A,D,0,Y,,,,Y,,A,01,0,0,1,0,1,0,0,0,0,"- ","- ",,,"SAN DIEGO","SAN DIEGO",-117.13380011,32.717940069999997
8517079,2017,2017-12-27,3711,2017-12-08,0922,5826,WESTE,5,5,7,3711,0,0,0,,0,627,"CLEVELAND AV","VERMONT ST",8.00,E,N,A,-,N,,,,,,,,,,N,3,0,1,2,A,-,10,21950,A,N,-,B,B,-,H,-,A,A,0,Y,,,,Y,,-,,0,1,0,0,1,0,0,0,0,"- ","- ",,,"SAN DIEGO","SAN DIEGO",-117.15339538000001,32.748946889999999
8519483,2017,2018-01-04,3711,2017-12-12,0757,5522,,2,5,7,3711,0,0,0,,0,327,"ALVARADO CT","ALVARADO RD",0.00,,N,A,-,N,,,,,,,,,,N,4,0,1,2,A,-,09,21804,A,N,D,G,A,A,H,-,A,D,0,,Y,,,Y,,L,04,0,0,1,0,0,0,1,0,0,"- ","- ",,,"SAN DIEGO","SAN DIEGO",-117.06213006999999,32.77854001
8522277,2017,2018-01-03,3711,2017-12-15,1438,6174,50,5,5,7,3711,0,0,0,,0,112,"MOUNT ACADIA BL","MOUNT ALIFAN DR",0.00,,Y,A,-,N,,,,,,,,,,N,4,0,1,2,A,-,10,21950,A,N,G,B,B,A,H,-,A,D,0,Y,,,,Y,,-,,0,0,1,0,1,0,0,0,0,"- ","- ",,,"SAN DIEGO","SAN DIEGO",-117.18280004,32.81653008
8522293,2017,2018-01-03,3711,2017-12-14,0842,6502,,4,5,7,3711,0,0,0,,0,529,"ELM ST","2ND AV",0.00,,Y,A,-,N,,,,,,,,,,N,4,0,1,2,A,-,21,22106,,N,G,B,B,A,H,-,A,A,0,Y,,,,Y,,A,07,0,0,1,0,1,0,0,0,0,"- ","- ",,,"SAN DIEGO","SAN DIEGO",-117.16296008,32.724070040000001
8522603,2017,2018-01-12,3711,2017-12-13,0941,7467,SD,3,5,7,3711,0,0,0,,0,521,"14TH ST","IMPERIAL AV",0.00,,Y,A,-,N,,,,,,,,,,N,4,0,1,2,A,-,10,21950,,N,G,B,B,A,H,-,A,D,0,Y,,,,Y,,-,,0,0,1,0,1,0,0,0,0,"- ","- ",,,"SAN DIEGO","SAN DIEGO",-117.15188001,32.70628009
8523149,2017,2018-01-12,3711,2017-12-18,1705,7593,800,1,5,7,3711,0,0,0,,0,722,"ORO VISTA RD","ORO VISTA RD  1300",5.00,S,N,A,-,N,,,,,,,,,,N,4,0,1,2,A,-,10,21950,A,N,G,B,C,A,H,-,C,D,0,Y,,,,Y,,A,01,0,0,1,0,1,0,0,0,0,"- ","- ",,,"SAN DIEGO","SAN DIEGO",,
8523170,2017,2018-01-12,3711,2017-12-15,1845,7531,,5,5,7,3711,0,0,0,,0,314,"HEALTH CENTER DR","HEALTH CENTER DR 2900",0.00,,-,A,-,N,,,,,,,,,,N,4,0,1,2,A,-,08,22107,,N,C,B,A,A,H,-,C,D,0,,,,,Y,,A,01,0,0,1,0,0,0,0,0,0,"- ","- ",32.796300000000002,-117.15689999999999,"SAN DIEGO","SAN DIEGO",-117.15696394,32.796324480000003
8523182,2017,2018-01-11,3711,2017-12-21,0702,8568,,4,5,7,3711,0,0,0,,0,835,"REDWOOD ST","FAIRMOUNT AV",17.00,E,N,A,-,N,,,,,,,,,,N,4,0,1,3,A,-,03,22350,,N,-,G,A,A,H,-,A,A,0,,Y,,,Y,,L,04,0,0,1,0,0,0,1,0,0,"- ","- ",,,"SAN DIEGO","SAN DIEGO",-117.1009349,32.738419999999998
8523194,2017,2018-01-11,3711,2017-12-19,0905,5498,,2,5,7,3711,0,0,0,,0,523,"G ST","4TH AV",0.00,,Y,A,-,N,,,,,,,,,,N,3,0,1,2,A,-,10,21950,A,N,G,B,B,A,H,-,A,A,0,Y,,,,Y,,A,01,0,1,0,0,1,0,0,0,0,"- ","- ",,,"SAN DIEGO","SAN DIEGO",-117.16105999,32.712570069999998
8527676,2017,2018-01-18,3711,2017-12-29,0906,6034,,5,5,7,3711,0,0,0,,0,529,"SPRUCE ST","4TH AV",0.00,,Y,A,-,N,,,,,,,,,,N,3,0,1,2,A,-,10,21950,A,N,G,B,B,A,H,-,A,A,0,Y,,,,Y,,A,01,0,1,0,0,1,0,0,0,0,"- ","- ",,,"SAN DIEGO","SAN DIEGO",-117.16127001,32.738690089999999
8527685,2017,2018-01-31,3711,2017-12-29,1313,6812,,5,5,7,3711,0,0,0,,0,124,"LA JOLLA BL","CHELSEA PL",15.00,N,N,A,-,N,,,,,,,,,,N,3,0,1,2,A,-,08,22107,,N,D,G,A,A,H,-,A,D,0,,Y,,,Y,,A,01,0,1,0,0,0,0,1,0,0,"- ","- ",,,"SAN DIEGO","SAN DIEGO",-117.26976285000001,32.814186290000002
8531648,2018,2018-01-26,3711,2018-01-01,1715,5769,,1,5,7,3711,0,0,0,,0,521,"F ST","10TH AV",0.00,,Y,A,-,N,,,,,,,,,,N,4,0,1,2,A,-,03,22350,,N,D,B,B,B,H,-,B,A,0,Y,,,,Y,,-,99,0,0,1,0,1,0,0,0,0,"- ","- ",,,"SAN DIEGO","SAN DIEGO",-117.15560150146484,32.713630676269531
8531652,2017,2018-01-20,3711,2017-12-15,2022,6372,,5,5,7,3711,0,0,0,,0,441,"OCEAN VIEW BL","MILBRAE ST",26.00,W,N,A,-,N,,,,,,,,,,Y,2,0,1,2,A,-,10,21950,A,F,G,B,B,A,H,-,C,D,0,Y,,,,Y,,-,99,1,0,0,0,1,0,0,0,0,"- ","- ",,,"SAN DIEGO","SAN DIEGO",-117.11365422999999,32.701259999999998
8544220,2018,2018-01-31,3711,2018-01-20,0130,7447,"SAN D",6,5,7,3711,0,0,0,,0,523,"ISLAND AV","5TH AV",0.00,,Y,B,-,N,,,,,,,,,,N,4,0,1,2,A,-,10,21950,A,N,G,B,B,A,H,-,C,D,0,Y,,,,Y,,A,01,0,0,1,0,1,0,0,0,0,"- ","- ",,,"SAN DIEGO","SAN DIEGO",-117.16011047363281,32.710430145263672
8544501,2018,2018-02-01,3711,2018-01-14,1936,7310,,7,5,7,3711,0,0,0,,0,322,"ZION AV","MISSION GORGE",528.00,E,N,A,-,N,,,,,,,,,,N,3,0,1,2,A,-,11,21955,,N,A,B,D,A,H,-,C,D,0,Y,,,,Y,,N,60,0,1,0,0,1,0,0,0,0,"- ","- ",,,"SAN DIEGO","SAN DIEGO",-117.09587097167969,32.792949676513672
8548755,2018,2018-02-15,3711,2018-02-04,2006,6657,,7,5,7,3711,0,0,0,,0,516,"32ND ST","F ST",0.00,,Y,A,-,N,,,,,,,,,,N,3,0,1,2,A,-,09,21801,A,N,A,G,A,A,H,-,C,D,0,,Y,,,Y,,A,01,0,1,0,0,0,0,1,0,0,"- ","- ",,,"SAN DIEGO","SAN DIEGO",-117.12525939941406,32.713790893554688
8550236,2018,2018-02-12,3711,2018-01-27,0930,7288,,6,5,7,3711,0,0,0,,0,722,"HOLLISTER ST","ILEX AV",0.00,,Y,A,-,N,,,,,,,,,,N,3,0,1,2,A,-,08,22107,,M,H,G,A,A,H,-,A,A,0,,Y,,,Y,Y,-,,0,1,0,0,0,0,1,0,0,"- ","- ",32.570098876953125,-117.08399963378906,"SAN DIEGO","SAN DIEGO",-117.08409881591797,32.569869995117188
8550477,2018,2018-03-20,3711,2018-01-27,1045,7072,,6,5,7,3711,0,0,0,,0,121,"MISSION BL","SAN RAFAEL PL",3.00,N,N,A,-,N,,,,,,,,,,N,3,0,1,2,A,-,09,21802,A,N,G,G,A,A,H,-,A,A,0,,Y,,,Y,,-,,0,1,0,0,0,0,1,0,0,"- ","- ",,,"SAN DIEGO","SAN DIEGO",-117.25357055664062,32.787147521972656
8551644,2018,2018-02-20,3711,2018-01-31,1953,5395,,3,5,7,3711,0,0,0,,0,611,"SPORTS ARENA","SPORTS ARENA 3200",0.00,,Y,A,-,N,,,,,,,,,,N,3,0,1,2,A,-,12,21453,A,N,D,G,A,A,H,-,C,A,0,,Y,,,Y,,L,04,0,1,0,0,0,0,1,0,0,"- ","- ",,,"SAN DIEGO","SAN DIEGO",-117.20673232999999,32.752413740000001
8559126,2018,2018-03-02,3711,2018-02-06,0956,7560,SDPD,2,5,7,3711,0,0,0,,0,821,"73RD ST","EL CAJON BL",24.00,N,N,A,-,N,,,,,,,,,,N,4,0,1,2,A,-,09,21801,,N,D,G,A,A,H,-,A,A,0,,Y,,,Y,,-,,0,0,1,0,0,0,1,0,0,"- ","- ",,,"SAN DIEGO","SAN DIEGO",-117.0404052734375,32.768886566162109
8559146,2018,2018-02-26,3711,2018-02-01,1732,5600,,4,5,7,3711,0,0,0,,0,123,"DE ANZA RD","NORTH MISSION BAY DR",74.00,S,N,A,-,N,,,,,,,,,,N,2,0,2,2,A,-,08,22107,,N,B,G,A,A,H,-,A,D,0,,Y,,,Y,,L,04,1,0,1,0,0,0,2,0,0,"- ","- ",,,"SAN DIEGO","SAN DIEGO",-117.21580505371094,32.798488616943359
8563570,2018,2018-03-05,3711,2018-02-16,1450,5840,,5,5,7,3711,0,0,0,,0,625,"JUAN ST","WALLACE ST",46.00,S,N,A,-,N,,,,,,,,,,N,3,0,1,2,A,-,08,22107,,N,B,G,A,A,H,-,A,D,0,,Y,,,Y,,A,01,0,1,0,0,0,0,1,0,0,"- ","- ",,,"SAN DIEGO","SAN DIEGO",-117.19715881347656,32.755886077880859
8580484,2018,2018-03-23,3711,2018-03-04,0806,7464,4DPD,7,5,7,3711,0,0,0,,0,838,"UNIVERSITY AV","38TH ST",17.00,E,N,A,-,N,,,,,,,,,,N,4,0,1,2,A,-,05,21650,1,N,A,G,A,A,H,-,A,D,0,,Y,,,Y,,L,04,0,0,1,0,0,0,1,0,0,"- ","- ",,,"SAN DIEGO","SAN DIEGO",-117.11183166503906,32.749698638916016
8580755,2018,2018-03-23,3711,2018-02-13,0902,HB4715,,2,5,7,3711,0,0,0,,0,720,"NORTH HARBOR DR","EXPANSION JOINT",0.00,,Y,A,-,N,,,,,,,,,,N,3,0,1,2,A,-,17,22517,,N,B,B,E,A,H,-,A,D,0,Y,,,,Y,,N,60,0,1,0,0,1,0,0,0,0,"- ","- ",,,"SAN DIEGO","SAN DIEGO",,
8584280,2018,2018-04-05,3711,2018-03-17,0830,7564,SANDI,6,5,7,3711,0,0,0,,0,441,"IMPERIAL AV","S 45TH ST",3.00,E,N,B,C,N,,,,,,,,,,N,4,0,1,2,A,-,10,21950,A,N,G,B,B,B,-,-,A,A,0,Y,,,,Y,,A,01,0,0,1,0,1,0,0,0,0,"- ","- ",,,"SAN DIEGO","SAN DIEGO",-117.09796142578125,32.704151153564453
8586845,2018,2018-04-02,3711,2018-03-13,1600,7305,,2,5,7,3711,0,0,0,,0,511,"HARBOR DR","CESAR CHAVEZ PKWY",0.00,,Y,B,-,N,,,,,,,,,,N,4,0,1,2,A,-,12,21453,,N,A,G,A,A,H,-,A,A,0,,Y,,,Y,,A,01,0,0,1,0,0,0,1,0,0,"- ","- ",,,"SAN DIEGO","SAN DIEGO",-117.14735895,32.698310460000002
8592374,2018,2018-04-18,3711,2018-03-29,1253,7100,,4,5,7,3711,0,0,0,,0,521,"K ST","14TH ST",153.00,W,N,A,-,N,,,,,,,,,,N,4,0,1,2,A,-,08,22107,,N,B,G,A,A,H,-,A,D,0,,Y,,,Y,,L,04,0,0,1,0,0,0,1,0,0,"- ","- ",,,"SAN DIEGO","SAN DIEGO",-117.15239715576172,32.708370208740234
8594589,2018,2018-04-20,3711,2018-03-26,0838,6774,,1,5,7,3711,0,0,0,,0,436,"PARADISE VALLEY RD","SOUTH MEADOWBROOK",0.00,,Y,B,-,N,,,,,,,,,,Y,2,0,1,2,A,-,12,21453,A,N,D,G,A,A,H,-,A,A,0,,Y,,,Y,,L,04,1,0,0,0,0,0,1,0,0,"- ","- ",,,"SAN DIEGO","SAN DIEGO",-117.02584838867188,32.697509765625
8595413,2018,2018-04-27,3711,2018-04-07,1252,7674,,6,5,7,3711,0,0,0,,0,112,"GENESEE AV","MOUNT ETNA DR",0.00,,Y,A,-,N,,,,,,,,,,N,4,0,1,2,A,-,10,21950,A,N,G,B,B,-,A,H,A,A,0,Y,,,,Y,,A,01,0,0,1,0,1,0,0,0,0,"- ","- ",,,"SAN DIEGO","SAN DIEGO",-117.18305206298828,32.821361541748047
8598029,2018,2018-04-20,3711,2018-03-30,0922,8568,,5,5,7,3711,0,0,0,,0,814,"ADAMS AV","FELTON ST",68.00,E,N,A,-,N,,,,,,,,,,N,3,0,1,2,A,-,17,22517,,N,E,G,A,A,H,-,A,D,0,,Y,,,Y,,A,01,0,1,0,0,0,0,1,0,0,"- ","- ",,,"SAN DIEGO","SAN DIEGO",-117.12155914306641,32.763378143310547
8603754,2018,2018-05-08,3711,2018-04-23,1715,7516,SAPD,1,5,7,3711,0,0,0,,0,524,"11TH AV","11TH AV  1000",12.00,E,N,A,-,N,,,,,,,,,,N,3,0,1,2,A,-,12,21453,A,N,D,G,A,A,H,-,A,A,0,,Y,,,Y,,A,01,0,1,0,0,0,0,1,0,0,"- ","- ",,,"SAN DIEGO","SAN DIEGO",-117.15473175048828,32.715724945068359