CASE_ID,ACCIDENT_YEAR,PROC_DATE,JURIS,COLLISION_DATE,COLLISION_TIME,OFFICER_ID,REPORTING_DISTRICT,DAY_OF_WEEK,CHP_SHIFT,POPULATION,CNTY_CITY_LOC,SPECIAL_COND,BEAT_TYPE,CHP_BEAT_TYPE,CITY_DIVISION_LAPD,CHP_BEAT_CLASS,BEAT_NUMBER,PRIMARY_RD,SECONDARY_RD,DISTANCE,DIRECTION,INTERSECTION,WEATHER_1,WEATHER_2,STATE_HWY_IND,CALTRANS_COUNTY,CALTRANS_DISTRICT,STATE_ROUTE,ROUTE_SUFFIX,POSTMILE_PREFIX,POSTMILE,LOCATION_TYPE,RAMP_INTERSECTION,SIDE_OF_HWY,TOW_AWAY,COLLISION_SEVERITY,NUMBER_KILLED,NUMBER_INJURED,PARTY_COUNT,PRIMARY_COLL_FACTOR,PCF_CODE_OF_VIOL,PCF_VIOL_CATEGORY,PCF_VIOLATION,PCF_VIOL_SUBSECTION,HIT_AND_RUN,TYPE_OF_COLLISION,MVIW,PED_ACTION,ROAD_SURFACE,ROAD_COND_1,ROAD_COND_2,LIGHTING,CONTROL_DEVICE,CHP_ROAD_TYPE,PEDESTRIAN_ACCIDENT,BICYCLE_ACCIDENT,MOTORCYCLE_ACCIDENT,TRUCK_ACCIDENT,NOT_PRIVATE_PROPERTY,ALCOHOL_INVOLVED,STWD_VEHTYPE_AT_FAULT,CHP_VEHTYPE_AT_FAULT,COUNT_SEVERE_INJ,COUNT_VISIBLE_INJ,COUNT_COMPLAINT_PAIN,COUNT_PED_KILLED,COUNT_PED_INJURED,COUNT_BICYCLIST_KILLED,COUNT_BICYCLIST_INJURED,COUNT_MC_KILLED,COUNT_MC_INJURED,PRIMARY_RAMP,SECONDARY_RAMP,LATITUDE,LONGITUDE,COUNTY,CITY,POINT_X,POINT_Y
8608288,2018,2018-04-27,3711,2018-04-13,1943,7538,,5,5,7,3711,0,0,0,,0,,"HAMILTON ST","EL CAJON BL",0.00,,Y,A,-,N,,,,,,,,,,N,3,0,2,3,A,-,10,21950,A,N,G,B,B,A,H,-,C,D,0,Y,,,,Y,,A,01,0,2,0,0,2,0,0,0,0,"- ","- ",,,"SAN DIEGO","SAN DIEGO",-117.13636016845703,32.755378723144531
8608316,2018,2018-08-21,3711,2018-04-13,1228,5718,,5,5,7,3711,0,0,0,,0,234,"BERNARDO CENTER DR","RT 15",102.00,E,N,A,-,Y,SD,11,15,-,M,23.130,R,4,S,N,3,0,1,2,A,-,08,22107,,N,B,B,A,A,H,-,A,A,0,,,,,Y,,-,,0,1,0,0,0,0,0,0,0,"- ",SO,,,"SAN DIEGO","SAN DIEGO",-117.07991790771484,33.015003204345703
8608348,2018,2018-04-27,3711,2018-04-13,1350,4490,,5,5,7,3711,0,0,0,,0,326,"EL CAJON BL","COLLEGE AV",0.00,,Y,A,-,N,,,,,,,,,,N,4,0,1,2,A,-,21,22106,,M,G,B,B,A,H,-,A,A,0,Y,,,,Y,,-,,0,0,1,0,1,0,0,0,0,"- ","- ",,,"SAN DIEGO","SAN DIEGO",-117.06703186035156,32.761348724365234
8608826,2018,2018-05-18,3711,2018-03-29,1900,6753,"SAN D",4,5,7,3711,0,0,0,,0,623,"HOTEL CIRCLE SOUTH",BACHMAN,6.00,S,N,A,-,N,,,,,,,,,,N,3,0,2,3,A,-,12,21453,A,N,G,B,B,A,H,-,A,A,0,Y,,,,Y,,-,,0,2,0,0,2,0,0,0,0,"- ","- ",,,"SAN DIEGO","SAN DIEGO",-117.16763305664062,32.76055908203125
8616065,2018,2018-05-18,3711,2018-05-03,1832,7492,,4,5,7,3711,0,0,0,,0,511,"NATIONAL AV","S EVANS",85.00,W,N,A,-,N,,,,,,,,,,N,3,0,1,2,A,-,03,22350,A,M,B,B,-,A,H,-,A,D,0,Y,,,,Y,Y,-,99,0,1,0,0,1,0,0,0,0,"- ","- ",,,"SAN DIEGO","SAN DIEGO",-117.14199829101562,32.698520660400391
8616130,2018,2018-05-16,3711,2018-04-27,0900,7552,,5,5,7,3711,0,0,0,,0,521,"K ST","6TH AV",9.00,N,N,A,-,N,,,,,,,,,,N,4,0,1,2,A,-,10,21950,A,N,G,B,B,A,H,-,A,A,0,Y,,,,Y,,-,,0,0,1,0,1,0,0,0,0,"- ","- ",,,"SAN DIEGO","SAN DIEGO",-117.1591796875,32.708328247070312
8616146,2018,2018-05-16,3711,2018-04-27,0730,7434,,5,5,7,3711,0,0,0,,0,521,"PERSHING DR",FLORIDA,0.00,,Y,B,-,N,,,,,,,,,,N,4,0,1,2,A,-,08,22107,,N,B,G,A,A,H,-,A,A,0,,Y,,,Y,,A,01,0,0,1,0,0,0,1,0,0,"- ","- ",,,"SAN DIEGO","SAN DIEGO",-117.14261627197266,32.722721099853516
8618406,2018,2018-05-30,3711,2018-05-11,2220,7129,,5,5,7,3711,0,0,0,,0,437,"PARADISE VALLEY RD","PARADISE VALLEY RD 7900",0.00,,N,A,-,N,,,,,,,,,,N,4,0,1,2,A,-,08,22107,,N,G,B,F,A,A,-,C,D,0,Y,,,,Y,,I,09,0,0,1,0,1,0,0,0,0,"- ","- ",,,"SAN DIEGO","SAN DIEGO",-117.0266211,32.697047169999998
8618410,2018,2018-05-30,3711,2018-05-11,1620,6786,,5,5,7,3711,0,0,0,,0,514,"IMPERIAL AV","IMPERIAL AV 1900",0.00,,N,B,-,N,,,,,,,,,,N,3,0,1,2,A,-,"- ",,,N,B,G,A,A,H,-,A,A,0,,Y,,,Y,Y,L,04,0,1,0,0,0,0,1,0,0,"- ","- ",,,"SAN DIEGO","SAN DIEGO",-117.14658022,32.706259789999997
8618808,2018,2018-05-23,3711,2018-05-03,1232,6334,,4,5,7,3711,0,0,0,,0,442,"43RD ST","ALPHA AV",300.00,S,N,A,-,N,,,,,,,,,,N,4,0,1,2,D,-,00,,,M,G,B,F,A,H,-,A,D,0,Y,,,,Y,,-,"- ",0,0,1,0,1,0,0,0,0,"- ","- ",,,"SAN DIEGO","SAN DIEGO",-117.10243988037109,32.692367553710938
8621332,2018,2018-06-04,3711,2018-05-09,1055,8192,,3,5,7,3711,0,0,0,,0,821,"ROLANDO CT","EL CAJON BL",0.00,,Y,A,-,N,,,,,,,,,,N,4,0,1,2,-,-,"- ",,,M,D,B,B,A,H,-,A,A,0,Y,,,,Y,,-,"- ",0,0,1,0,1,0,0,0,0,"- ","- ",,,"SAN DIEGO","SAN DIEGO",-117.057373046875,32.766998291015625
8626114,2018,2018-06-04,3711,2018-05-19,1129,5790,,6,5,7,3711,0,0,0,,0,231,"SPRINGHURST DR","SABRE SPRINGS PKWY",0.00,,Y,B,-,N,,,,,,,,,,N,3,0,1,2,A,-,09,21802,A,N,D,G,A,A,H,-,A,D,0,,Y,,,Y,,-,,0,1,0,0,0,0,1,0,0,"- ","- ",,,"SAN DIEGO","SAN DIEGO",-117.07717132568359,32.945949554443359
8627037,2018,2018-06-06,3711,2018-05-17,2013,5968,,4,5,7,3711,0,0,0,,0,821,"54TH ST","WAVERLY AV",0.00,,Y,B,-,N,,,,,,,,,,N,4,0,1,2,A,-,21,22106,,N,G,B,E,A,H,-,C,A,0,Y,,,,Y,,-,,0,0,1,0,1,0,0,0,0,"- ","- ",,,"SAN DIEGO","SAN DIEGO",,
8629651,2018,2018-06-27,3711,2018-05-17,0807,7592,SD,4,5,7,3711,0,0,0,,0,115,"GENESEE AV","CALGARY DR",765.00,N,-,A,-,N,,,,,,,,,,N,3,0,1,2,A,-,08,22107,,N,B,G,A,A,H,-,A,D,0,,Y,,,Y,,-,,0,1,0,0,0,0,1,0,0,"- ","- ",,,"SAN DIEGO","SAN DIEGO",-117.20724487304688,32.859638214111328
8633626,2018,2018-06-18,3711,2018-05-17,1019,7628,,4,5,7,3711,0,0,0,,0,,"BALBOA AV",CHARGER,2640.00,W,N,A,-,N,,,,,,,,,,N,4,0,1,2,A,-,11,21456,B,N,G,B,B,A,H,-,A,A,0,Y,,,,Y,,-,,0,0,1,0,1,0,0,0,0,"- ","- ",,,"SAN DIEGO","SAN DIEGO",-117.17565155029297,32.820384979248047
8636525,2018,2018-06-20,3711,2018-06-04,1418,64E1,,1,5,7,3711,0,0,0,,0,,"FEDERAL BL","FEDERAL BL 5916",0.00,,N,A,-,N,,,,,,,,,,N,3,0,1,3,A,-,05,21202,A,N,G,G,A,A,H,-,A,D,0,,Y,,,Y,,L,04,0,1,0,0,0,0,1,0,0,"- ","- ",,,"SAN DIEGO","SAN DIEGO",-117.06946313,32.727126599999998
8639810,2018,2018-06-25,3711,2018-03-07,1918,7080,,3,5,7,3711,0,0,0,,0,451,"COLLEGE GROVE DR","KRENNING ST",69.00,E,N,A,-,N,,,,,,,,,,N,3,0,1,1,C,-,18,,,M,G,B,E,A,H,-,C,D,0,Y,,,,Y,,-,"- ",0,1,0,0,1,0,0,0,0,"- ","- ",,,"SAN DIEGO","SAN DIEGO",-117.07942962646484,32.73583984375
8640957,2018,2018-06-29,3711,2018-06-10,1630,7340,SD,7,5,7,3711,0,0,0,,0,0R2,"VENTURA PL","MISSION BL",100.00,W,N,A,-,N,,,,,,,,,,N,3,0,1,2,A,-,03,22350,A,N,A,B,E,A,H,-,A,D,0,Y,,,,Y,,A,01,0,1,0,0,1,0,0,0,0,"- ","- ",,,"SAN DIEGO","SAN DIEGO",-117.25154113769531,32.772041320800781
8641675,2018,2018-06-21,3711,2018-06-09,0034,4310,,6,5,7,3711,0,0,0,,0,122,"MISSION BL","GRAND AV",0.00,,Y,A,-,N,,,,,,,,,,N,3,0,1,2,A,-,11,21954,A,N,G,B,D,A,H,-,C,A,0,Y,,,,Y,Y,N,60,0,1,0,0,1,0,0,0,0,"- ","- ",,,"SAN DIEGO","SAN DIEGO",-117.25492095947266,32.794708251953125
8643804,2018,2018-06-29,3711,2018-06-15,2115,7056,,5,5,7,3711,0,0,0,,0,441,"OCEAN VIEW BL","38TH ST",20.00,E,N,A,-,N,,,,,,,,,,N,4,0,2,3,A,-,10,21950,A,N,G,B,B,A,H,-,C,A,0,Y,,,,Y,,-,,0,0,2,0,2,0,0,0,0,"- ","- ",,,"SAN DIEGO","SAN DIEGO",-117.11244201660156,32.701271057128906
8643835,2018,2018-06-28,3711,2018-06-14,2045,5840,,4,5,7,3711,0,0,0,,0,626,"HANCOCK ST",WASHINGTON,0.00,,N,A,-,N,,,,,,,,,,N,4,0,1,2,A,-,11,21950,B,N,A,B,D,A,H,-,C,D,0,Y,,,,Y,Y,N,60,0,0,1,0,1,0,0,0,0,"- ","- ",,,"SAN DIEGO","SAN DIEGO",-117.18321228027344,32.741989135742188
8647045,2018,2018-07-10,3711,2018-06-18,1030,6753,"SAN D",1,5,7,3711,0,0,0,,0,627,"1ST AV","W WASHINGTON",180.00,N,N,A,-,N,,,,,,,,,,N,3,0,1,2,A,-,08,22107,,M,G,B,E,A,H,-,A,D,0,Y,,,,Y,,-,99,0,1,0,0,1,0,0,0,0,"- ","- ",,,"SAN DIEGO","SAN DIEGO",-117.16394805908203,32.750461578369141
8648470,2018,2020-05-26,3711,2018-11-29,2248,4576,,4,5,7,3711,0,0,0,,0,437,"PARADISE VALLEY RD","PARKWOOD DR",0.00,,Y,C,-,N,,,,,,,,,,Y,1,1,0,3,A,-,11,21954,A,N,G,B,D,B,H,-,C,D,0,Y,,,,Y,Y,N,60,0,0,0,1,0,0,0,0,0,"- ","- ",,,"SAN DIEGO","SAN DIEGO",-117.03305816650391,32.693199157714844
8659844,2018,2018-07-13,3711,2018-06-30,0215,6146,,6,5,7,3711,0,0,0,,0,122,"GARNET AV","BOND ST",5.20,W,N,A,-,N,,,,,,,,,,N,3,0,1,2,A,-,21,22106,,N,G,B,A,A,H,-,C,A,0,,,,,Y,Y,A,07,0,1,0,0,0,0,0,0,0,"- ","- ",,,"SAN DIEGO","SAN DIEGO",-117.22110748291016,32.805694580078125
8659933,2018,2018-07-19,3711,2018-06-19,0748,7469,SD,2,5,7,3711,0,0,0,,0,522,"W HARBOR DR","PACIFIC HWY",50.00,E,N,B,-,N,,,,,,,,,,N,3,0,1,2,A,-,04,21703,,N,C,G,A,A,H,-,A,A,0,,Y,,,Y,,-,,0,1,0,0,0,0,1,0,0,"- ","- ",,,"SAN DIEGO","SAN DIEGO",-117.17090606689453,32.71142578125
8659939,2018,2018-07-19,3711,2018-07-02,0025,7233,,1,5,7,3711,0,0,0,,0,326,"55TH ST","CANYON CREST DR",0.00,,Y,A,-,N,,,,,,,,,,N,3,0,1,2,D,-,00,,,M,G,B,E,A,B,-,C,D,0,Y,,,,Y,,-,"- ",0,1,0,0,1,0,0,0,0,"- ","- ",,,"SAN DIEGO","SAN DIEGO",-117.07669989999999,32.775670030000001
8663125,2018,2018-07-18,3711,2018-05-11,2156,6146,,5,5,7,3711,0,0,0,,0,442,"NATIONAL AV","35TH ST",55.00,W,N,B,-,N,,,,,,,,,,N,2,0,1,2,A,-,11,21954,A,F,G,B,D,A,H,-,C,D,0,Y,,,,Y,,N,60,1,0,0,0,1,0,0,0,0,"- ","- ",,,"SAN DIEGO","SAN DIEGO",-117.11907196044922,32.695999145507812
8664705,2018,2018-07-31,3711,2018-07-02,1257,6366,,1,5,7,3711,0,0,0,,0,446,"47TH ST","T ST",6.00,N,N,A,-,N,,,,,,,,,,N,2,0,1,2,A,-,12,21453,A,F,G,B,B,A,H,-,A,A,0,Y,,,,Y,,A,01,1,0,0,0,1,0,0,0,0,"- ","- ",,,"SAN DIEGO","SAN DIEGO",-117.09371185302734,32.698627471923828
8669264,2018,2018-08-29,3711,2018-07-23,0756,7694,,1,5,7,3711,0,0,0,,0,937,"LAZANJA DR","CAMINO DEL SUR",9.00,W,N,A,-,N,,,,,,,,,,N,4,0,1,2,A,-,10,21950,A,N,D,B,B,A,H,-,A,A,0,Y,,,,Y,,-,,0,0,1,0,1,0,0,0,0,"- ","- ",,,"SAN DIEGO","SAN DIEGO",-117.16072845458984,32.986385345458984
8669333,2018,2018-08-14,3711,2018-07-20,0822,6880,,5,5,7,3711,0,0,0,,0,446,"LOGAN AV","S 49TH ST",200.00,W,N,B,-,N,,,,,,,,,,N,4,0,1,2,B,-,22,,,M,G,B,B,A,H,-,A,D,0,Y,,,,Y,,-,,0,0,1,0,1,0,0,0,0,"- ","- ",,,"SAN DIEGO","SAN DIEGO",-117.090087890625,32.696800231933594
8672272,2018,2018-08-21,3711,2018-07-12,0938,6799,,4,5,7,3711,0,0,0,,0,115,"AVENIDA NAVIDAD","AVENIDA LA BAHIA",0.00,,Y,A,-,N,,,,,,,,,,N,3,0,1,2,A,-,09,21801,A,N,C,G,A,A,H,-,A,D,0,,Y,,,Y,,A,01,0,1,0,0,0,0,1,0,0,"- ","- ",,,"SAN DIEGO","SAN DIEGO",-117.20934295654297,32.864940643310547
8672296,2018,2018-08-21,3711,2018-07-16,1029,6743,,1,5,7,3711,0,0,0,,0,722,"CORONADO AV","HOLLISTER ST",0.00,,Y,B,-,N,,,,,,,,,,N,4,0,1,2,A,-,03,22350,,N,D,G,A,A,H,-,A,A,0,,Y,,,Y,,L,04,0,0,1,0,0,0,1,0,0,"- ","- ",,,"SAN DIEGO","SAN DIEGO",-117.08408355712891,32.576480865478516
8678458,2018,2018-10-09,3711,2018-08-16,1737,7340,,4,5,7,3711,0,0,0,,0,122,"OCEAN FRONT WALK","OCEAN FRONT WALK 3700",0.00,,-,A,-,N,,,,,,,,,,N,3,0,1,2,A,-,08,22107,,N,C,B,E,A,H,-,A,D,0,Y,,,,Y,,-,,0,1,0,0,1,0,0,0,0,"- ","- ",32.783359527587891,-117.25369262695312,"SAN DIEGO","SAN DIEGO",-117.25366205,32.783356929999997
8679123,2018,2018-10-08,3711,2018-08-03,1101,8192,,5,5,7,3711,0,0,0,,0,832,"43RD ST","UNIVERSITY AV",5.00,S,N,A,-,N,,,,,,,,,,N,4,0,1,2,A,-,10,21950,A,N,A,B,B,A,H,-,A,A,0,Y,,,,Y,,A,07,0,0,1,0,1,0,0,0,0,"- ","- ",,,"SAN DIEGO","SAN DIEGO",-117.10202026367188,32.749607086181641
8679841,2018,2018-10-30,3711,2018-07-08,1600," 8332",,7,5,7,3711,0,0,0,,0,521,"G ST","17TH ST",0.00,,N,A,-,N,,,,,,,,,,N,3,0,1,2,A,-,12,22450,A,M,D,G,C,A,H,-,A,A,0,Y,,,,Y,,N,60,0,1,0,0,1,0,0,0,0,"- ","- ",,,"SAN DIEGO","SAN DIEGO",-117.14856719970703,32.712631225585938
8684024,2018,2018-09-06,3711,2018-08-20,0705,5465,,1,5,7,3711,0,0,0,,0,523,"4TH AV",BROADWAY,14.00,S,N,A,-,N,,,,,,,,,,,3,0,1,2,A,-,00,21905,A,N,G,B,B,A,H,-,A,A,0,Y,,,,Y,,D,22,0,1,0,0,1,0,0,0,0,"- ","- ",,,"SAN DIEGO","SAN DIEGO",-117.16106414794922,32.715652465820312
8688606,2018,2018-09-14,3711,2018-08-23,1853,4310,,4,5,7,3711,0,0,0,,0,628,"WEST WASHINGTON ST","HAWK ST",0.00,,Y,A,-,N,,,,,,,,,,N,3,0,1,2,A,-,09,21804,A,N,D,G,A,A,H,-,A,D,0,,Y,,,Y,Y,L,04,0,1,0,0,0,0,1,0,0,"- ","- ",,,"SAN DIEGO","SAN DIEGO",-117.17230987548828,32.749778747558594
8689699,2018,2018-09-13,3711,2018-08-18,1920,7764,,6,5,7,3711,0,0,0,,0,813,ARIZONA,UNIVERSITY,3.00,N,N,A,-,N,,,,,,,,,,N,3,0,1,2,A,-,05,21651,B,N,D,G,A,A,H,-,B,D,0,,Y,,,Y,,L,04,0,1,0,0,0,0,1,0,0,"- ","- ",,,"SAN DIEGO","SAN DIEGO",-117.13787078857422,32.748451232910156
8694806,2018,2018-09-19,3711,2018-08-28,1800,6439,,2,5,7,3711,0,0,0,,0,529,"1ST AV","LAUREL ST",0.00,,Y,A,-,N,,,,,,,,,,N,3,0,1,2,A,-,11,21954,A,N,A,B,D,A,H,-,A,A,0,Y,,,,Y,,N,60,0,1,0,0,1,0,0,0,0,"- ","- ",,,"SAN DIEGO","SAN DIEGO",-117.16394805908203,32.731361389160156
8694839,2018,2018-09-25,3711,2018-08-24,0630,7677,SDPD,5,5,7,3711,0,0,0,,0,524,"INDIA ST",BROADWAY,66.00,N,N,B,-,N,,,,,,,,,,N,4,0,1,2,A,-,11,21955,,N,G,B,D,A,H,-,B,A,0,Y,,,,Y,,N,60,0,0,1,0,1,0,0,0,0,"- ","- ",,,"SAN DIEGO","SAN DIEGO",-117.16829681396484,32.7159423828125
8699336,2018,2019-01-10,3711,2018-09-11,2210,7669,,2,5,7,3711,0,0,0,,0,313,"BALBOA AV","RUFFNER ST",0.00,,Y,A,-,N,,,,,,,,,,N,3,0,1,2,A,-,11,21950,B,N,A,B,D,A,H,-,C,D,0,Y,,,,Y,Y,N,60,0,1,0,0,1,0,0,0,0,"- ","- ",,,"SAN DIEGO","SAN DIEGO",-117.15686798095703,32.821830749511719
8703775,2018,2018-10-05,3711,2018-08-29,1725,7281,SANDI,3,5,7,3711,0,0,0,,0,526,"6TH AV","ASH ST",6.00,S,N,A,-,N,,,,,,,,,,N,3,0,1,2,A,-,"- ",,,N,G,B,B,A,H,-,A,A,0,Y,,,,Y,,A,01,0,1,0,0,1,0,0,0,0,"- ","- ",,,"SAN DIEGO","SAN DIEGO",-117.15927886962891,32.719875335693359
8706102,2018,2018-10-08,3711,2018-09-23,1623,7120,,7,5,7,3711,0,0,0,,0,811,"32ND ST","MADISON AV",20.00,S,N,A,-,N,,,,,,,,,,N,4,0,1,2,A,-,08,22107,,M,G,B,E,A,H,-,A,D,0,Y,,,,Y,,-,99,0,0,1,0,1,0,0,0,0,"- ","- ",,,"SAN DIEGO","SAN DIEGO",-117.125,32.760944366455078
8713524,2018,2018-10-16,3711,2018-09-16,1722,7014,,7,5,7,3711,0,0,0,,0,838,"UNIVERSITY AV","SWIFT AV",0.00,,Y,A,-,N,,,,,,,,,,N,3,0,1,2,A,-,10,21950,A,N,G,B,B,A,H,-,A,A,0,Y,,,,Y,,-,,0,1,0,0,1,0,0,0,0,"- ","- ",,,"SAN DIEGO","SAN DIEGO",-117.11927795410156,32.749771118164062
8713618,2018,2018-10-18,3711,2018-10-04,0043,4310,,4,5,7,3711,0,0,0,,0,242,"MIRA MESA BL","BLACK MOUNTAIN RD",403.00,E,N,B,-,N,,,,,,,,,,N,3,0,1,2,A,-,11,21954,A,N,G,B,D,A,H,-,C,D,0,Y,,,,Y,,N,60,0,1,0,0,1,0,0,0,0,"- ","- ",,,"SAN DIEGO","SAN DIEGO",-117.12358093261719,32.917240142822266
8713653,2018,2018-10-17,3711,2018-09-29,1810,4759,,6,5,7,3711,0,0,0,,0,121,"MISSION BL","MISSION BL 3100",241.00,W,N,B,-,N,,,,,,,,,,N,3,0,1,2,A,-,03,22350,,N,D,B,-,A,G,-,A,D,0,Y,,,,Y,,-,,0,1,0,0,1,0,0,0,0,"- ","- ",,,"SAN DIEGO","SAN DIEGO",,
8713700,2018,2018-10-18,3711,2018-09-22,1926,5972,,6,5,7,3711,0,0,0,,0,445,"47TH ST","C ST",192.00,S,N,A,-,N,,,,,,,,,,N,2,0,1,2,A,-,05,21651,B,F,A,G,A,A,H,-,B,D,0,,Y,,,Y,,L,04,1,0,0,0,0,0,1,0,0,"- ","- ",,,"SAN DIEGO","SAN DIEGO",-117.09357452392578,32.716224670410156
8722765,2018,2018-11-01,3711,2018-10-20,1532,7412,SANDI,6,5,7,3711,0,0,0,,0,234,"RANCHO BERNARDO RD","WEST BERNARDO DR",40.00,W,N,A,-,N,,,,,,,,,,Y,3,0,1,2,A,-,11,21950,B,N,G,B,D,A,H,-,A,A,0,Y,,,,Y,,N,60,0,1,0,0,1,0,0,0,0,"- ","- ",,,"SAN DIEGO","SAN DIEGO",-117.08226776123047,33.023944854736328
8726678,2018,2018-11-07,3711,2018-10-23,1227,7570,SD,2,5,7,3711,0,0,0,,0,521,BROADWAY,"BROADWAY 1300",0.00,,Y,A,-,N,,,,,,,,,,N,4,0,1,2,A,-,08,22107,,N,B,G,A,A,H,-,A,D,0,,Y,,,Y,,-,"- ",0,0,1,0,0,0,1,0,0,"- ","- ",,,"SAN DIEGO","SAN DIEGO",-117.15286285000001,32.715746000000003
8733829,2018,2019-01-09,3711,2018-10-25,1500,7806,,4,5,7,3711,0,0,0,,0,111,"GENESEE AV","BALBOA AV",160.00,S,N,A,-,N,,,,,,,,,,N,3,0,1,2,A,-,11,21950,B,M,G,B,D,A,H,-,A,A,0,Y,,,,Y,,N,60,0,1,0,0,1,0,0,0,0,"- ","- ",,,"SAN DIEGO","SAN DIEGO",-117.18180847167969,32.8189697265625
8738346,2018,2018-12-31,3711,2018-11-15,0727,7784,,4,5,7,3711,0,0,0,,0,836,"OLIVE ST","FAIRMONT AV",0.00,,Y,B,-,N,,,,,,,,,,N,3,0,1,2,A,-,10,21950,,N,G,B,B,A,H,-,A,A,0,Y,,,,Y,,-,"- ",0,1,0,0,1,0,0,0,0,"- ","- ",,,"SAN DIEGO","SAN DIEGO",-117.10102844238281,32.735149383544922
8741161,2018,2018-11-28,3711,2018-11-05,1727,4295,,1,5,7,3711,0,0,0,,0,126,"NORTH TORREY PINES RD","N TORREY PINES RD  9800",20.00,E,N,A,-,N,,,,,,,,,,N,3,0,1,2,A,-,08,22107,,M,B,B,B,A,H,-,B,A,0,Y,,,,Y,,-,,0,1,0,0,1,0,0,0,0,"- ","- ",,,"SAN DIEGO","SAN DIEGO",,
8741995,2018,2018-11-29,3711,2018-11-12,1640,7475,,1,5,7,3711,0,0,0,,0,434,"LEPPERT ST","VIEWCREST DR",336.00,W,N,A,-,N,,,,,,,,,,N,2,0,1,1,A,-,03,22350,,N,H,G,A,A,H,-,D,D,0,,Y,,,Y,,L,04,1,0,0,0,0,0,1,0,0,"- ","- ",,,"SAN DIEGO","SAN DIEGO",-117.04355621337891,32.714420318603516
8747988,2018,2019-01-24,3711,2018-11-25,2338,7752,,7,5,7,3711,0,0,0,,0,611,"SPORTS ARENA BL","SPORTS ARENA",8.00,S,N,A,-,N,,,,,,,,,,N,4,0,1,2,A,-,11,21954,A,N,G,B,D,A,H,-,C,A,0,Y,,,,Y,,N,60,0,0,1,0,1,0,0,0,0,"- ","- ",,,"SAN DIEGO","SAN DIEGO",-117.22351837158203,32.757308959960938
8751438,2018,2018-12-10,3711,2018-10-20,1525,5963,,6,5,7,3711,0,0,0,,0,504,"W HARBOR DR","HARBOR LN",0.00,,Y,A,-,N,,,,,,,,,,N,3,0,1,2,B,-,22,,,N,A,G,A,A,E,G,A,D,0,,Y,,,Y,,M,93,0,1,0,0,0,0,1,0,0,"- ","- ",,,"SAN DIEGO","SAN DIEGO",-117.17205810546875,32.711460113525391
8752497,2018,2019-01-22,3711,2018-11-30,2122,8861,,5,5,7,3711,0,0,0,,0,624,"LOUISIANA ST","HOWARD AV",352.00,S,N,A,-,N,,,,,,,,,,Y,3,0,1,3,A,-,08,22107,,N,B,B,E,A,H,-,C,D,0,Y,,,,Y,Y,A,01,0,1,0,0,1,0,0,0,0,"- ","- ",,,"SAN DIEGO","SAN DIEGO",-117.14006042480469,32.753067016601562
8756546,2018,2018-12-20,3711,2018-11-29,1421,5923,"SAN D",4,5,7,3711,0,0,0,,0,627,"6TH AV","UNIVERSITY AV",0.00,,Y,A,-,N,,,,,,,,,,N,3,0,1,2,D,-,00,,,N,D,G,A,A,H,-,A,A,0,,Y,,,Y,,-,"- ",0,1,0,0,0,0,1,0,0,"- ","- ",,,"SAN DIEGO","SAN DIEGO",-117.15953063964844,32.748329162597656
8757680,2018,2019-02-02,3711,2018-12-02,1830,7851,,7,5,7,3711,0,0,0,,0,834,MARLBOROUGH,UNIVERSITY,250.00,S,N,A,-,N,,,,,,,,,,N,4,0,1,2,A,-,21,22106,,N,G,B,E,A,H,-,C,D,0,Y,,,,Y,,-,,0,0,1,0,1,0,0,0,0,"- ","- ",,,"SAN DIEGO","SAN DIEGO",-117.10569763183594,32.748996734619141
8759882,2018,2019-02-05,3711,2018-12-06,1740,7654,SD,4,5,7,3711,0,0,0,,0,714,"EAST SAN YSIDRO BL","RAIL CT",0.00,,Y,C,-,N,,,,,,,,,,N,4,0,1,2,A,-,08,22107,,N,A,B,B,B,H,-,C,A,0,Y,,,,Y,,A,07,0,0,1,0,1,0,0,0,0,"- ","- ",,,"SAN DIEGO","SAN DIEGO",-117.02871704101562,32.544200897216797
8762199,2018,2019-01-25,3711,2018-12-14,1105,7473,,5,5,7,3711,0,0,0,,0,712,"EAST SAN YSIDRO BL","VIRGINIA AV",302.00,E,N,B,-,N,,,,,,,,,,N,3,0,1,2,A,-,11,21954,A,N,A,B,D,A,H,-,A,D,0,Y,,,,Y,,N,60,0,1,0,0,1,0,0,0,0,"- ","- ",,,"SAN DIEGO","SAN DIEGO",-117.03559112548828,32.549602508544922
8762362,2018,2019-01-08,3711,2018-12-29,0820,7288,,6,5,7,3711,0,0,0,,0,714,"EAST SAN YSIDRO BL","RAIL CT",35.00,N,N,A,-,N,,,,,,,,,,N,4,0,1,2,A,-,21,22106,,N,G,B,F,A,H,-,A,D,0,Y,,,,Y,,-,,0,0,1,0,1,0,0,0,0,"- ","- ",,,"SAN DIEGO","SAN DIEGO",-117.02869415283203,32.544292449951172