CASE_ID,ACCIDENT_YEAR,PROC_DATE,JURIS,COLLISION_DATE,COLLISION_TIME,OFFICER_ID,REPORTING_DISTRICT,DAY_OF_WEEK,CHP_SHIFT,POPULATION,CNTY_CITY_LOC,SPECIAL_COND,BEAT_TYPE,CHP_BEAT_TYPE,CITY_DIVISION_LAPD,CHP_BEAT_CLASS,BEAT_NUMBER,PRIMARY_RD,SECONDARY_RD,DISTANCE,DIRECTION,INTERSECTION,WEATHER_1,WEATHER_2,STATE_HWY_IND,CALTRANS_COUNTY,CALTRANS_DISTRICT,STATE_ROUTE,ROUTE_SUFFIX,POSTMILE_PREFIX,POSTMILE,LOCATION_TYPE,RAMP_INTERSECTION,SIDE_OF_HWY,TOW_AWAY,COLLISION_SEVERITY,NUMBER_KILLED,NUMBER_INJURED,PARTY_COUNT,PRIMARY_COLL_FACTOR,PCF_CODE_OF_VIOL,PCF_VIOL_CATEGORY,PCF_VIOLATION,PCF_VIOL_SUBSECTION,HIT_AND_RUN,TYPE_OF_COLLISION,MVIW,PED_ACTION,ROAD_SURFACE,ROAD_COND_1,ROAD_COND_2,LIGHTING,CONTROL_DEVICE,CHP_ROAD_TYPE,PEDESTRIAN_ACCIDENT,BICYCLE_ACCIDENT,MOTORCYCLE_ACCIDENT,TRUCK_ACCIDENT,NOT_PRIVATE_PROPERTY,ALCOHOL_INVOLVED,STWD_VEHTYPE_AT_FAULT,CHP_VEHTYPE_AT_FAULT,COUNT_SEVERE_INJ,COUNT_VISIBLE_INJ,COUNT_COMPLAINT_PAIN,COUNT_PED_KILLED,COUNT_PED_INJURED,COUNT_BICYCLIST_KILLED,COUNT_BICYCLIST_INJURED,COUNT_MC_KILLED,COUNT_MC_INJURED,PRIMARY_RAMP,SECONDARY_RAMP,LATITUDE,LONGITUDE,COUNTY,CITY,POINT_X,POINT_Y
8769673,2018,2019-01-29,3711,2018-12-17,1121,5454,,1,5,7,3711,0,0,0,,0,833,"FAIRMOUNT AV","UNIVERSITY AV",285.00,S,N,A,-,N,,,,,,,,,,N,4,0,2,2,A,-,12,22450,A,N,H,G,A,A,H,-,A,A,0,,Y,Y,,Y,,C,02,0,0,2,0,0,0,1,0,1,"- ","- ",,,"SAN DIEGO","SAN DIEGO",-117.10092163085938,32.748821258544922
8769764,2018,2019-02-20,3711,2018-12-17,1312,5654,,1,5,7,3711,0,0,0,,0,627,"UNIVERSITY AV","NORMAL ST",96.00,W,N,A,-,N,,,,,,,,,,N,4,0,1,2,A,-,08,22101,D,N,B,G,A,A,H,-,A,A,0,,Y,,,Y,,L,04,0,0,1,0,0,0,1,0,0,"- ","- ",,,"SAN DIEGO","SAN DIEGO",-117.1502685546875,32.748420715332031
8772515,2018,2019-01-17,3711,2018-12-26,1450,6628,,3,5,7,3711,0,0,0,,0,518,"FERN ST","GRAPE ST",0.00,,Y,A,-,N,,,,,,,,,,N,3,0,1,2,A,-,10,21950,A,M,G,B,B,A,H,-,A,D,0,Y,,,,Y,,-,,0,1,0,0,1,0,0,0,0,"- ","- ",,,"SAN DIEGO","SAN DIEGO",-117.12960815429688,32.726539611816406
8772528,2018,2019-01-12,3711,2018-12-29,1520,7721,,6,5,7,3711,0,0,0,,0,627,"6TH AV","PENNSYLVANIA AV",0.00,,-,A,-,N,,,,,,,,,,N,3,0,1,2,A,-,10,21950,A,N,G,B,D,A,H,-,A,A,0,Y,,Y,,Y,,C,06,0,1,0,0,1,0,0,0,0,"- ","- ",,,"SAN DIEGO","SAN DIEGO",-117.15956878662109,32.745128631591797
8791457,2018,2019-02-07,3711,2018-12-20,0800,6056,,4,5,7,3711,0,0,0,,0,503,"SHELTER ISLAND DR","SHELTER ISLAND DR 2700",0.00,,Y,A,-,N,,,,,,,,,,N,3,0,2,2,A,-,11,21950,B,N,G,B,D,A,H,-,A,D,0,Y,,Y,,Y,,N,60,0,1,1,0,1,0,0,0,1,"- ","- ",32.720901489257812,-117.22799682617188,"SAN DIEGO","SAN DIEGO",-117.22851366,32.72110928
8952712,2018,2019-11-07,3711,2018-11-27,2051,SD7462,,2,5,7,3711,0,0,0,,0,521,"8TH AV","F ST",0.00,,Y,A,-,N,,,,,,,,,,N,4,0,1,2,D,-,00,,,N,G,B,B,A,-,-,C,-,0,Y,,,,Y,,-,"- ",0,0,1,0,1,0,0,0,0,"- ","- ",,,"SAN DIEGO","SAN DIEGO",-117.15741729736328,32.713638305664062
90122288,2016,2016-02-23,9645,2016-01-22,0555,017498,,5,3,7,3711,0,1,3,,2,002,"SR-905 NORTHBOUND TO I-5 NORTHBOUND","HOWARD AVE U/C",589.00,N,N,E,-,Y,,,,,,,,,,N,1,1,0,2,A,-,11,21954,A,N,G,B,E,A,H,-,C,D,0,Y,,,,Y,,N,60,0,0,0,1,0,0,0,0,0,"- ","- ",32.567540000000001,-117.06849,"SAN DIEGO","SAN DIEGO",-117.06491681,32.568424479999997
90231060,2016,2016-07-27,9645,2016-07-08,0001,019010,,5,3,7,3711,0,1,3,,2,023,"SR-163 NORTHBOUND","FRIARS RD.",1500.00,N,N,A,-,Y,,,163,,,,,,N,Y,3,0,1,2,A,-,11,21954,A,N,G,B,E,A,H,-,C,D,0,Y,,,,Y,,N,60,0,1,0,0,1,0,0,0,0,"- ","- ",32.77214,-117.161,"SAN DIEGO","SAN DIEGO",-117.16106155999999,32.772146290000002
90406193,2016,2017-03-06,9645,2016-12-24,0335,020301,,6,3,7,3711,0,1,3,,2,006,"SR-94 W/B TO 30TH ST",BROADWAY,518.00,E,N,C,-,Y,,,94,,,,R,,W,N,1,1,0,2,A,-,11,21954,A,N,G,B,E,B,H,-,D,D,0,Y,,,,Y,,N,60,0,0,0,1,0,0,0,0,0,"- ","- ",32.715440000000001,-117.1245,"SAN DIEGO","SAN DIEGO",-117.1245,32.715440000000001
90461419,2017,2017-05-23,9645,2017-05-11,0757,014909,,4,1,7,3711,0,1,1,,2,007,"I-5 S/B","GENESEE AVE",240.00,N,N,A,-,Y,,,5,,,,,,S,N,2,0,1,2,A,-,11,21954,A,N,G,B,D,A,D,-,A,D,0,Y,,,,Y,,N,60,1,0,0,0,1,0,0,0,0,"- ","- ",32.887999999999998,-117.2277,"SAN DIEGO","SAN DIEGO",-117.22781104000001,32.888010940000001
90585796,2017,2018-01-02,9645,2017-09-27,0530,021697,,3,3,7,3711,0,1,1,,2,001,"I-5 N/B","L STREET OVER CROSSING",1000.00,S,N,A,-,Y,,,,,,,,,,N,1,1,0,2,A,-,11,21954,A,F,G,B,E,A,H,-,D,D,0,Y,,,,Y,,N,60,0,0,0,1,0,0,0,0,0,"- ","- ",32.612139999999997,-117.09077000000001,"SAN DIEGO","SAN DIEGO",-117.16058,32.706850000000003
90614224,2017,2017-12-11,9645,2017-09-25,0015,021231,,1,3,7,3711,0,3,5,,2,111,"I-5 N/B","U.S./MEXICO BORDER",75.00,N,N,A,-,Y,,,,,,,,,,N,4,0,1,2,A,-,21,22106,,N,G,B,D,A,H,-,C,D,0,Y,,,,Y,,A,07,0,0,1,0,1,0,0,0,0,"- ","- ",32.542580000000001,-117.02937,"SAN DIEGO","SAN DIEGO",,
90738591,2018,2018-05-31,9645,2018-05-23,0630,015331,,3,1,7,3711,0,1,1,,2,017,"I-15 SOUTHBOUND FROM W/B MIRA MESA BLVD","MIRA MESA BLVD",10.00,N,N,B,-,Y,,,15,,,,R,,S,N,3,0,1,2,A,-,10,21950,A,N,G,B,B,A,H,-,A,A,0,Y,,,,Y,,D,22,0,1,0,0,1,0,0,0,0,"- ","- ",32.917518615722656,-117.11733245849609,"SAN DIEGO","SAN DIEGO",-117.11733245849609,32.917518615722656
90757962,2018,2018-06-28,9645,2018-06-06,2322,019445,,3,3,7,3711,0,1,1,,2,010,"I-8 E/B","COLLEGE AVE O/C",1100.00,W,N,A,-,Y,,,8,,,,,,E,N,3,0,1,2,A,-,01,23152,A,N,G,B,E,A,H,-,C,D,0,Y,,,,Y,Y,A,01,0,1,0,0,1,0,0,0,0,"- ","- ",32.779109954833984,-117.07010650634766,"SAN DIEGO","SAN DIEGO",-117.07010650634766,32.779167175292969
90788156,2018,2018-08-10,9645,2018-02-18,0120,020623,,7,3,7,3711,0,1,1,,2,001,"I-5 NORTHBOUND","IRIS AVENUE",700.00,S,N,A,-,Y,,,5,,,,,,N,N,1,1,0,2,C,-,18,,,N,G,B,E,A,H,-,C,D,0,Y,,,,Y,Y,-,"- ",0,0,0,1,0,0,0,0,0,"- ","- ",32.567161560058594,-117.07512664794922,"SAN DIEGO","SAN DIEGO",-117.0750732421875,32.567203521728516
90849752,2018,2018-10-31,9645,2018-10-21,0428,019867,,7,3,7,3711,0,1,3,,2,006,"SR-94 E/B","SR-15 S/B",52.00,W,N,A,-,Y,,,94,,,,,,E,N,2,0,1,2,A,-,11,21954,A,N,G,B,E,A,H,-,C,D,0,Y,,,,Y,,N,60,1,0,0,0,1,0,0,0,0,"- ","- ",32.716339111328125,-117.11807250976562,"SAN DIEGO","SAN DIEGO",-117.11806488037109,32.716320037841797
5448252,2012,2013-06-18,3711,2012-01-04,1704,3816,,3,5,7,3711,0,0,0,,0,115,"COZZENS ST","GOVERNOR DR",12.00,S,N,A,-,N,,,,,,,,,,N,3,0,1,2,A,-,10,21950,A,N,G,B,B,A,H,-,C,D,0,Y,,,,Y,,D,22,0,1,0,0,1,0,0,0,0,"- ","- ",,,"SAN DIEGO","SAN DIEGO",-117.19842091,32.853236070000001
5457240,2012,2013-06-10,3711,2012-01-28,2245,3867,,6,5,7,3711,0,0,0,,0,122,INGRAHAM,"GRAND AV",0.00,,Y,A,-,N,,,,,,,,,,N,4,0,1,1,A,-,03,22350,,N,H,G,A,A,H,-,C,A,0,,Y,,,Y,Y,L,04,0,0,1,0,0,0,1,0,0,"- ","- ",,,"SAN DIEGO","SAN DIEGO",-117.24029195,32.797924829999999
5458641,2012,2013-07-17,3711,2012-02-04,1320,4864,,6,5,7,3711,0,0,0,,0,813,"UNIVERSITY AV","ALABAMA ST",0.00,,Y,A,-,N,,,,,,,,,,N,2,0,1,2,A,-,09,21801,A,N,D,G,A,A,H,-,A,D,0,,Y,,,Y,,D,22,1,0,0,0,0,0,1,0,0,"- ","- ",,,"SAN DIEGO","SAN DIEGO",-117.14250199999999,32.74842477
5484047,2012,2013-06-08,3711,2012-01-09,1840,5945,,1,5,7,3711,0,0,0,,0,627,"1ST AV","W WALNUT",0.00,,Y,A,-,N,,,,,,,,,,N,3,0,2,2,A,-,14,21201,D,N,D,B,E,A,H,-,D,D,0,Y,Y,,,Y,,L,04,0,1,1,0,1,0,1,0,0,"- ","- ",,,"SAN DIEGO","SAN DIEGO",-117.16398203,32.74145481
5493936,2012,2013-07-13,3711,2012-02-23,1505,5999,,4,5,7,3711,0,0,0,,0,445,"EUCLID AV","MARKET ST",9.60,S,N,A,-,N,,,,,,,,,,N,4,0,1,2,A,-,08,22107,,N,B,G,A,A,H,-,A,A,0,,Y,,,Y,,-,"- ",0,0,1,0,0,0,1,0,0,"- ","- ",,,"SAN DIEGO","SAN DIEGO",-117.08501189,32.710407369999999
5494063,2012,2013-07-19,3711,2012-01-18,2039,6820,,3,5,7,3711,0,0,0,,0,614,"NEWPORT AV","CABLE ST",0.00,,Y,A,-,N,,,,,,,,,,N,4,0,1,2,A,-,10,21950,A,M,B,B,B,A,H,-,C,A,0,Y,,,,Y,Y,N,60,0,0,1,0,1,0,0,0,0,"- ","- ",,,"SAN DIEGO","SAN DIEGO",-117.24934196,32.74577481
5495624,2012,2013-06-12,3711,2012-01-09,1840,5335,,1,5,7,3711,0,0,0,,0,242,"GEMINI AV","BLACK MOUNTAIN RD",9.00,W,N,A,-,N,,,,,,,,,,N,4,0,1,2,A,-,12,21453,A,N,D,G,A,A,H,-,C,A,0,,Y,,,Y,,L,04,0,0,1,0,0,0,1,0,0,"- ","- ",,,"SAN DIEGO","SAN DIEGO",-117.12518114,32.919304789999998
5495632,2012,2013-09-10,3711,2012-01-04,0828,6660,,3,5,7,3711,0,0,0,,0,723,IRIS,HOWARD,30.00,N,N,A,-,N,,,,,,,,,,N,4,0,1,2,A,-,"- ",,,N,A,B,E,A,H,-,A,D,0,Y,,,,Y,,N,60,0,0,1,0,1,0,0,0,0,"- ","- ",,,"SAN DIEGO","SAN DIEGO",,
5495680,2012,2013-06-12,3711,2012-01-11,1855,5994,,3,5,7,3711,0,0,0,,0,521,"B ST","PARK BL",60.00,E,N,A,-,N,,,,,,,,,,N,3,0,1,2,A,-,17,21657,,N,A,G,A,A,H,-,C,D,0,,Y,,,Y,Y,L,04,0,1,0,0,0,0,1,0,0,"- ","- ",,,"SAN DIEGO","SAN DIEGO",-117.15369788,32.717795129999999
5495691,2012,2013-06-08,3711,2012-01-09,1800,6018,,1,5,7,3711,0,0,0,,0,621,"LINDA VISTA RD","COMSTOCK ST",81.00,E,N,A,-,N,,,,,,,,,,N,4,0,1,2,A,-,11,21950,B,N,D,B,D,A,H,-,-,A,0,Y,,,,Y,,N,60,0,0,1,0,1,0,0,0,0,"- ","- ",,,"SAN DIEGO","SAN DIEGO",-117.17174532,32.783571119999998
5495708,2012,2013-06-08,3711,2012-01-13,1620,3986,,5,5,7,3711,0,0,0,,0,612,"CHATSWORTH BL","GOLDSMITH ST",210.00,N,N,A,-,N,,,,,,,,,,N,3,0,1,2,A,-,09,21801,A,N,D,G,A,A,H,-,A,D,0,,Y,,,Y,,L,04,0,1,0,0,0,0,1,0,0,"- ","- ",,,"SAN DIEGO","SAN DIEGO",-117.21858853000001,32.743913919999997
5496158,2012,2013-06-06,3711,2012-01-25,1819,6758,,3,5,7,3711,0,0,0,,0,613,"NIMITZ BL","RT 8",10.00,W,N,A,-,N,,,,,,,,,,N,3,0,1,2,A,-,05,21650,1,N,A,G,A,A,H,-,C,A,0,,Y,,,Y,,L,04,0,1,0,0,0,0,1,0,0,"- ",EO,,,"SAN DIEGO","SAN DIEGO",-117.23623499999999,32.754439689999998
5502754,2012,2013-07-10,3711,2012-02-04,1630,6641,,6,5,7,3711,0,0,0,,0,834,"THORN AV","40TH ST",26.00,W,N,A,-,N,,,,,,,,,,N,3,0,1,2,A,-,08,22107,,M,H,G,A,A,H,-,A,D,0,,Y,,,Y,,-,"- ",0,1,0,0,0,0,1,0,0,"- ","- ",,,"SAN DIEGO","SAN DIEGO",-117.10960616,32.74032545
5512871,2012,2013-06-21,3711,2012-01-30,2149,5916,,1,5,7,3711,0,0,0,,0,122,"GRAND AV","INGRAHAM ST",9.00,W,N,A,-,N,,,,,,,,,,N,3,0,1,2,A,-,12,21453,A,N,A,G,A,A,H,-,C,A,0,,Y,,,Y,,L,04,0,1,0,0,0,0,1,0,0,"- ","- ",,,"SAN DIEGO","SAN DIEGO",-117.2403202,32.79791865
5515983,2012,2013-07-26,3711,2012-02-29,1719,6655,,3,5,7,3711,0,0,0,,0,512,"OCEAN VIEW BL","31ST ST/ 3",6.00,W,N,A,-,N,,,,,,,,,,,4,0,1,2,A,-,12,22450,A,N,G,B,B,A,H,-,A,D,0,Y,,,,Y,,-,,0,0,1,0,1,0,0,0,0,"- ","- ",,,"SAN DIEGO","SAN DIEGO",-117.12742746000001,32.701199559999999
5518239,2012,2013-07-12,3711,2012-02-01,1733,5861,,3,5,7,3711,0,0,0,,0,243,"KEARNY VILLA RD","MIRAMAR WY",400.00,S,N,A,-,N,,,,,,,,,,N,3,0,1,2,A,-,08,22107,,N,C,G,A,A,H,-,A,A,0,,Y,,,Y,,-,"- ",0,1,0,0,0,0,1,0,0,"- ","- ",,,"SAN DIEGO","SAN DIEGO",-117.11672191,32.879439099999999
5518268,2012,2013-06-27,3711,2012-02-21,1229,6384,"SAN D",2,5,7,3711,0,0,0,,0,613,"WEST POINT LOMA BL","MIDWAY DR",21.00,W,N,A,-,N,,,,,,,,,,N,3,0,1,2,A,-,21,22106,,N,G,B,B,A,H,-,A,A,0,Y,,,,Y,,D,22,0,1,0,0,1,0,0,0,0,"- ","- ",,,"SAN DIEGO","SAN DIEGO",-117.21958938,32.754797019999998
5518280,2012,2013-06-27,3711,2012-02-23,2316,5417,,4,5,7,3711,0,0,0,,0,242,"HELEN JAMES AV","SULLY WY",45.00,E,N,A,-,N,,,,,,,,,,N,3,0,1,1,A,-,08,22107,,N,H,G,A,A,H,-,C,D,0,,Y,,,Y,Y,L,04,0,1,0,0,0,0,1,0,0,"- ","- ",,,"SAN DIEGO","SAN DIEGO",-117.13440579,32.904783770000002
5518298,2012,2013-07-02,3711,2012-02-16,0730,6556,,4,5,7,3711,0,0,0,,0,511,"CESAR E CHAVEZ PKWY","LOGAN AV",0.00,,Y,B,-,N,,,,,,,,,,,3,0,1,2,A,-,10,21950,C,N,G,B,B,A,H,-,A,A,0,Y,,,,Y,,A,07,0,1,0,0,1,0,0,0,0,"- ","- ",,,"SAN DIEGO","SAN DIEGO",-117.14432196999999,32.70143478
5518313,2012,2013-07-02,3711,2012-02-16,1744,6865,,4,5,7,3711,0,0,0,,0,242,"MOUNTAIN RD","MIRAMAR COLLEGE DRWY",0.00,,Y,B,-,N,,,,,,,,,,N,3,0,1,2,A,-,10,21950,A,N,G,B,B,A,H,-,A,A,0,Y,,,,Y,,-,"- ",0,1,0,0,1,0,0,0,0,"- ","- ",,,"SAN DIEGO","SAN DIEGO",-117.12429285,32.909402980000003
5518318,2012,2013-07-02,3711,2012-02-12,1753,6625,,7,5,7,3711,0,0,0,,0,524,"3RD AV","C ST",54.00,S,N,A,-,N,,,,,,,,,,N,4,0,1,2,A,-,10,21950,A,N,A,B,B,A,H,-,A,A,0,Y,,,,Y,,N,60,0,0,1,0,1,0,0,0,0,"- ","- ",,,"SAN DIEGO","SAN DIEGO",-117.16202337999999,32.716507010000001
5518319,2012,2013-06-26,3711,2012-02-22,1830,5565,,3,5,7,3711,0,0,0,,0,315,"MISSION CENTER CT","MISSION CENTER RD",0.00,,Y,A,-,N,,,,,,,,,,N,4,0,1,3,A,-,10,21950,A,N,G,B,B,A,H,-,C,A,0,Y,,,,Y,,A,01,0,0,1,0,1,0,0,0,0,"- ","- ",,,"SAN DIEGO","SAN DIEGO",-117.15420193999999,32.773554849999996
5526223,2012,2013-08-03,3711,2012-03-02,1835,6399,,5,5,7,3711,0,0,0,,0,627,"UNIVERSITY AV","1ST AV",0.00,,Y,A,-,N,,,,,,,,,,N,4,0,1,2,A,-,10,21950,A,N,G,B,B,A,H,-,C,A,0,Y,,,,Y,,A,01,0,0,1,0,1,0,0,0,0,"- ","- ",,,"SAN DIEGO","SAN DIEGO",-117.16391201,32.748234840000002
5538527,2012,2013-08-03,3711,2012-03-09,1804,3815,,5,5,7,3711,0,0,0,,0,121,"OCEAN FRONT WALK","SALEM CT",60.00,N,N,A,-,N,,,,,,,,,,N,4,0,1,2,A,-,08,22107,,N,H,G,A,A,H,-,A,D,0,,Y,,,Y,Y,L,04,0,0,1,0,0,0,1,0,0,"- ","- ",,,"SAN DIEGO","SAN DIEGO",-117.25401663,32.78510782
5538539,2012,2013-08-03,3711,2012-03-08,2020,5926,,4,5,7,3711,0,0,0,,0,324,"NAVAJO RD","JAFFE CT",37.00,E,N,A,-,N,,,,,,,,,,N,4,0,1,2,A,-,11,21954,A,N,G,B,D,A,H,-,C,D,0,Y,,,,Y,,N,60,0,0,1,0,1,0,0,0,0,"- ","- ",,,"SAN DIEGO","SAN DIEGO",-117.00830229,32.802796499999999
5540563,2012,2013-07-27,3711,2012-03-11,1600,6032,,7,5,7,3711,0,0,0,,0,241,"SCRIPPS LAKE","WALKING PATH AROUN",7656.00,E,N,A,-,N,,,,,,,,,,N,3,0,1,2,A,-,03,22350,,N,D,G,A,A,H,-,A,-,0,,Y,,,Y,,L,04,0,1,0,0,0,0,1,0,0,"- ","- ",,,"SAN DIEGO","SAN DIEGO",,
5540923,2012,2013-08-06,3711,2012-03-05,1555,5600,,1,5,7,3711,0,0,0,,0,312,"PATRIOT ST","MINUTEMAN ST",105.00,E,N,A,-,N,,,,,,,,,,N,2,0,1,2,A,-,11,21954,A,N,G,B,D,A,H,-,A,D,0,Y,,,,Y,,N,60,1,0,0,0,1,0,0,0,0,"- ","- ",,,"SAN DIEGO","SAN DIEGO",-117.10847613999999,32.800561930000001
5540943,2012,2013-10-15,3711,2012-03-08,2017,6625,,4,5,7,3711,0,0,0,,0,524,ASH,3RD,9.00,W,N,A,-,N,,,,,,,,,,N,4,0,1,2,A,-,10,21952,,N,G,B,B,A,H,-,C,A,0,Y,,,,Y,,-,"- ",0,0,1,0,1,0,0,0,0,"- ","- ",,,"SAN DIEGO","SAN DIEGO",-117.16207107,32.719874760000003
5540947,2012,2013-08-05,3711,2012-03-09,2350,6861,,5,5,7,3711,0,0,0,,0,524,"INDIA ST","A ST",0.00,,Y,A,-,N,,,,,,,,,,N,4,0,1,2,-,-,"- ",,,N,G,B,B,A,H,-,C,A,0,Y,,,,Y,Y,-,"- ",0,0,1,0,1,0,0,0,0,"- ","- ",,,"SAN DIEGO","SAN DIEGO",-117.16830197,32.718804830000003
5542319,2012,2012-06-29,3711,2012-06-13,2110,5340,,3,5,7,3711,0,0,0,,0,441,"OCEAN VIEW BL","SAN PASQUAL ST",128.00,E,N,A,-,N,,,,,,,,,,N,1,1,0,3,A,-,11,21954,A,N,G,B,D,A,H,-,C,D,0,Y,,,,Y,,N,60,0,0,0,1,0,0,0,0,0,"- ","- ",,,"SAN DIEGO","SAN DIEGO",-117.10261724999999,32.700500490000003
5542320,2012,2012-06-29,3711,2012-06-14,1345,5916,,4,5,7,3711,0,0,0,,0,934,"EL CAMINIO REAL","RUETTE SAN RAPHAEL FIRE ACCESS ROAD",179.00,S,N,A,-,N,,,,,,,,,,N,1,1,0,1,D,-,00,,,N,H,G,A,A,H,-,A,D,0,,Y,,,Y,,-,"- ",0,0,0,0,0,1,0,0,0,"- ","- ",,,"SAN DIEGO","SAN DIEGO",,
5544636,2012,2013-10-10,9645,2012-03-04,1833,18990,,7,2,7,3711,0,1,1,,2,010,"RT 8","RT 5",0.00,,N,A,-,Y,SD,11,5,-,R,19.923,R,2,S,N,2,0,1,2,A,-,11,21954,A,N,G,B,E,A,H,-,C,D,1,Y,,,,Y,,N,60,1,0,0,0,1,0,0,0,0,TO,"- ",32.756880000000002,-117.20347,"SAN DIEGO","SAN DIEGO",-117.20398135000001,32.759062759999999
5545377,2012,2013-07-18,3711,2012-02-27,1908,4243,,1,5,7,3711,0,0,0,,0,124,"DRAPER AV","PEARL ST",135.00,N,N,B,-,N,,,,,,,,,,N,2,0,1,2,A,-,10,21954,B,N,G,B,D,B,H,-,C,D,0,Y,,,,Y,,A,01,1,0,0,0,1,0,0,0,0,"- ","- ",,,"SAN DIEGO","SAN DIEGO",-117.27622855,32.840021290000003
5545558,2012,2013-07-06,3711,2012-02-01,1700,6811,SD,3,5,7,3711,0,0,0,,0,327,"MONTEZUMA RD","E CAMPUS DR",0.00,,Y,A,-,N,,,,,,,,,,N,3,0,1,2,A,-,12,21453,A,N,H,G,A,A,H,-,A,A,0,,Y,,,Y,,L,04,0,1,0,0,0,0,1,0,0,"- ","- ",,,"SAN DIEGO","SAN DIEGO",-117.06725201,32.770704819999999
5545559,2012,2013-07-06,3711,2012-02-01,1648,6191,SANDI,3,5,7,3711,0,0,0,,0,627,"4TH AV","PENNSYLVANIA AV",0.00,,Y,A,-,N,,,,,,,,,,N,3,0,1,2,A,-,09,21801,A,N,A,G,A,A,H,-,A,A,0,,Y,,,Y,,-,"- ",0,1,0,0,0,0,1,0,0,"- ","- ",,,"SAN DIEGO","SAN DIEGO",-117.16159198,32.745124869999998
5547234,2012,2013-06-27,3711,2012-02-23,0705,3661,,4,5,7,3711,0,0,0,,0,242,"MIRA MESA BL","PARKDALE AV",0.00,,Y,A,-,N,,,,,,,,,,N,3,0,1,2,A,-,09,21804,A,N,H,G,A,A,H,-,A,A,0,,Y,,,Y,,L,04,0,1,0,0,0,0,1,0,0,"- ","- ",,,"SAN DIEGO","SAN DIEGO",-117.15561203999999,32.910604820000003
5547247,2012,2013-06-29,3711,2012-02-23,1210,5791,,4,5,7,3711,0,0,0,,0,122,"GARNET AV","MISSION BAY DR",150.00,W,N,A,-,N,,,,,,,,,,N,4,0,1,2,A,-,03,22350,,M,C,G,A,A,H,-,A,D,0,,Y,,,Y,,-,"- ",0,0,1,0,0,0,1,0,0,"- ","- ",,,"SAN DIEGO","SAN DIEGO",-117.2194634,32.806033120000002
5549982,2012,2013-08-08,3711,2012-03-24,1045,4446,,6,5,7,3711,0,0,0,,0,123,"SEA WORLD DR","RT 15",24.00,W,N,A,-,N,,,,,,,,,,N,3,0,1,3,A,-,08,22107,,N,C,G,A,A,H,-,A,A,0,,Y,,,Y,,L,04,0,1,0,0,0,0,1,0,0,"- ","- ",,,"SAN DIEGO","SAN DIEGO",,
5552590,2012,2013-08-05,3711,2012-03-20,0500,5662,,2,5,7,3711,0,0,0,,0,511,"NATIONAL AV","DEWEY ST",100.00,W,N,A,-,N,,,,,,,,,,N,2,0,1,2,A,-,03,22350,,F,G,B,D,B,H,-,C,D,0,Y,,,,Y,,-,"- ",1,0,0,0,1,0,0,0,0,"- ","- ",,,"SAN DIEGO","SAN DIEGO",-117.14371346999999,32.699636069999997
5552596,2012,2013-10-01,3711,2012-03-28,1111,6613,,3,5,7,3711,0,0,0,,0,813,"30TH ST","UNIVERSITY AV",143.00,S,N,A,-,N,,,,,,,,,,N,3,0,1,2,A,-,11,21955,,N,G,B,D,A,H,-,A,A,0,Y,,,,Y,,N,60,0,1,0,0,1,0,0,0,0,"- ","- ",,,"SAN DIEGO","SAN DIEGO",-117.13011410999999,32.748043340000002
5555357,2012,2013-07-24,3711,2012-03-15,1846,4897,,4,5,7,3711,0,0,0,,0,124,"HOWARD AV","IOWA ST",111.00,E,N,A,-,N,,,,,,,,,,N,3,0,1,2,A,-,17,22517,,M,H,G,A,A,H,-,A,D,0,,Y,,,Y,,-,99,0,1,0,0,0,0,1,0,0,"- ","- ",,,"SAN DIEGO","SAN DIEGO",-117.12612209,32.754081820000003
5557437,2012,2013-07-30,3711,2012-03-02,0730,5554,,5,5,7,3711,0,0,0,,0,722,"PIKAKE ST","INTERNATIONAL RD",0.00,,Y,A,-,N,,,,,,,,,,N,4,0,1,2,A,-,21,22106,,N,G,B,D,A,H,-,A,D,0,Y,,,,Y,,-,"- ",0,0,1,0,1,0,0,0,0,"- ","- ",,,"SAN DIEGO","SAN DIEGO",-117.07545191,32.562884779999997
5558270,2012,2013-09-19,3711,2012-03-17,0253,5985,,6,5,7,3711,0,0,0,,0,627,"ROBINSON AV S ALLEY","10TH AV",113.00,E,N,B,-,N,,,,,,,,,,N,2,0,1,2,A,-,"- ",,,N,G,B,A,B,H,-,C,D,0,,,,,Y,Y,-,"- ",1,0,0,0,0,0,0,0,0,"- ","- ",,,"SAN DIEGO","SAN DIEGO",-117.15489328,32.745875499999997
5558491,2012,2013-07-24,3711,2012-03-08,1847,6690,,4,5,7,3711,0,0,0,,0,521,"C ST","14TH ST",0.00,W,N,A,-,N,,,,,,,,,,,3,0,1,2,C,-,18,,,N,D,B,F,A,H,-,C,D,0,Y,,,,Y,,-,"- ",0,1,0,0,1,0,0,0,0,"- ","- ",,,"SAN DIEGO","SAN DIEGO",-117.15199201,32.716784769999997
5558625,2012,2013-07-27,3711,2012-03-19,1957,6034,,1,5,7,3711,0,0,0,,0,611,"WEST MISSION BAY DR","W MISSION BAY DR 3800",0.00,,-,A,-,N,,,,,,,,,,N,3,0,1,2,A,-,11,21954,A,N,G,B,D,A,H,-,C,-,0,Y,,,,Y,Y,N,60,0,1,0,0,1,0,0,0,0,"- ","- ",,,"SAN DIEGO","SAN DIEGO",-117.22744346,32.759647739999998