CASE_ID,ACCIDENT_YEAR,PROC_DATE,JURIS,COLLISION_DATE,COLLISION_TIME,OFFICER_ID,REPORTING_DISTRICT,DAY_OF_WEEK,CHP_SHIFT,POPULATION,CNTY_CITY_LOC,SPECIAL_COND,BEAT_TYPE,CHP_BEAT_TYPE,CITY_DIVISION_LAPD,CHP_BEAT_CLASS,BEAT_NUMBER,PRIMARY_RD,SECONDARY_RD,DISTANCE,DIRECTION,INTERSECTION,WEATHER_1,WEATHER_2,STATE_HWY_IND,CALTRANS_COUNTY,CALTRANS_DISTRICT,STATE_ROUTE,ROUTE_SUFFIX,POSTMILE_PREFIX,POSTMILE,LOCATION_TYPE,RAMP_INTERSECTION,SIDE_OF_HWY,TOW_AWAY,COLLISION_SEVERITY,NUMBER_KILLED,NUMBER_INJURED,PARTY_COUNT,PRIMARY_COLL_FACTOR,PCF_CODE_OF_VIOL,PCF_VIOL_CATEGORY,PCF_VIOLATION,PCF_VIOL_SUBSECTION,HIT_AND_RUN,TYPE_OF_COLLISION,MVIW,PED_ACTION,ROAD_SURFACE,ROAD_COND_1,ROAD_COND_2,LIGHTING,CONTROL_DEVICE,CHP_ROAD_TYPE,PEDESTRIAN_ACCIDENT,BICYCLE_ACCIDENT,MOTORCYCLE_ACCIDENT,TRUCK_ACCIDENT,NOT_PRIVATE_PROPERTY,ALCOHOL_INVOLVED,STWD_VEHTYPE_AT_FAULT,CHP_VEHTYPE_AT_FAULT,COUNT_SEVERE_INJ,COUNT_VISIBLE_INJ,COUNT_COMPLAINT_PAIN,COUNT_PED_KILLED,COUNT_PED_INJURED,COUNT_BICYCLIST_KILLED,COUNT_BICYCLIST_INJURED,COUNT_MC_KILLED,COUNT_MC_INJURED,PRIMARY_RAMP,SECONDARY_RAMP,LATITUDE,LONGITUDE,COUNTY,CITY,POINT_X,POINT_Y
5559693,2012,2013-07-27,3711,2012-03-31,1643,6483,,6,5,7,3711,0,0,0,,0,832,"42ND ST WESTALLEY","POLK AV",171.00,S,N,A,-,N,,,,,,,,,,N,3,0,1,2,A,-,11,21950,B,N,A,B,D,A,H,-,A,D,0,Y,,,,Y,,N,60,0,1,0,0,1,0,0,0,0,"- ","- ",,,"SAN DIEGO","SAN DIEGO",-117.10507572,32.7509595
5559771,2012,2013-07-27,3711,2012-03-11,1925,6860,,7,5,7,3711,0,0,0,,0,613,"VOLTAIRE ST","WORDEN ST",0.00,,Y,B,-,N,,,,,,,,,,N,4,0,1,2,A,-,10,21950,A,N,G,B,B,A,H,-,C,A,0,Y,,,,Y,,-,"- ",0,0,1,0,1,0,0,0,0,"- ","- ",,,"SAN DIEGO","SAN DIEGO",-117.23033192,32.740914869999997
5562443,2012,2013-08-26,3711,2012-04-10,0750,6066,,2,5,7,3711,0,0,0,,0,122,"FOGG ST","CULVER ST",150.00,S,N,B,-,N,,,,,,,,,,N,4,0,1,2,A,-,21,22106,,N,G,B,E,A,H,-,A,D,0,Y,,,,Y,,A,01,0,0,1,0,1,0,0,0,0,"- ","- ",,,"SAN DIEGO","SAN DIEGO",-117.22513136000001,32.802804770000002
5575463,2012,2013-08-21,3711,2012-04-09,1740,6133,,1,5,7,3711,0,0,0,,0,126,"NORTH TORREY PINES RD","LA JOLLA SHORES",198.00,S,N,A,-,N,,,,,,,,,,N,3,0,1,2,A,-,11,21954,A,N,G,B,D,A,H,-,A,D,0,Y,,,,Y,,N,60,0,1,0,0,1,0,0,0,0,"- ","- ",,,"SAN DIEGO","SAN DIEGO",-117.2437553,32.875032330000003
5577365,2012,2013-07-24,3711,2012-03-29,1440,5561,,4,5,7,3711,0,0,0,,0,315,"CAMINO DEL RIO S","TEXAS ST",75.00,W,N,B,-,N,,,,,,,,,,N,3,0,1,2,A,-,11,21955,,N,G,B,D,A,H,-,A,D,0,Y,,,,Y,,N,60,0,1,0,0,1,0,0,0,0,"- ","- ",,,"SAN DIEGO","SAN DIEGO",-117.13953178,32.767284770000003
5577377,2012,2013-09-19,3711,2012-03-30,1739,6549,,5,5,7,3711,0,0,0,,0,126,"NORTH TORREY PINES RD","SCIENCE PARK RD",12.00,N,N,A,-,N,,,,,,,,,,N,3,0,1,2,A,-,10,21950,A,N,G,B,B,A,H,-,A,A,0,Y,,,,Y,,-,"- ",0,1,0,0,0,0,0,0,0,"- ","- ",,,"SAN DIEGO","SAN DIEGO",-117.24260151,32.901714259999999
5586486,2012,2013-08-27,3711,2012-04-03,1415,4491,,2,5,7,3711,0,0,0,,0,613,"CATALINA BL","CORONADO AV",0.00,,Y,A,-,N,,,,,,,,,,N,3,0,1,2,A,-,09,21801,A,N,D,G,A,A,H,-,A,A,0,,Y,,,Y,,-,"- ",0,1,0,0,0,0,1,0,0,"- ","- ",,,"SAN DIEGO","SAN DIEGO",-117.24094194,32.73414476
5589208,2012,2013-08-17,3711,2012-04-07,1437,5683,,6,5,7,3711,0,0,0,,0,623,"FRIARS RD","ULRIC ST",571.00,W,N,A,-,N,,,,,,,,,,N,4,0,1,2,A,-,21,22106,,N,G,B,E,A,H,-,A,D,0,Y,,,,Y,,A,01,0,0,1,0,1,0,0,0,0,"- ","- ",,,"SAN DIEGO","SAN DIEGO",-117.16459858,32.770161430000002
5590831,2012,2013-10-10,3711,2012-03-28,0937,4692,SANDI,3,5,7,3711,0,0,0,,0,504,"NORTH HARBOR DR","WEST ASH ST",0.00,,Y,A,-,N,,,,,,,,,,N,4,0,2,3,A,-,11,21950,B,N,G,B,B,A,H,-,A,A,0,Y,,,,Y,,N,60,0,0,2,0,2,0,0,0,0,"- ","- ",,,"SAN DIEGO","SAN DIEGO",-117.17315202,32.719804770000003
5591653,2012,2013-08-29,3711,2012-04-14,2049,5926,,6,5,7,3711,0,0,0,,0,529,"5TH AV","UPAS ST",25.00,S,N,B,-,N,,,,,,,,,,N,2,0,1,2,A,-,11,21950,B,N,G,B,E,A,H,-,C,A,0,Y,,,,Y,,N,60,1,0,0,0,1,0,0,0,0,"- ","- ",,,"SAN DIEGO","SAN DIEGO",-117.1603719,32.740726279999997
5596088,2012,2013-08-22,3711,2012-04-12,1955,6060,,4,5,7,3711,0,0,0,,0,523,"E ST","E ST 400",0.00,,N,A,-,N,,,,,,,,,,N,4,0,1,2,A,-,11,21955,,N,G,B,D,A,H,-,C,A,0,Y,,,,Y,,N,60,0,0,1,0,1,0,0,0,0,"- ","- ",,,"SAN DIEGO","SAN DIEGO",-117.16107040999999,32.714650730000002
5596159,2012,2013-08-22,3711,2012-04-19,0704,4436,,4,5,7,3711,0,0,0,,0,521,"MARKET ST","14TH ST",16.00,E,N,A,-,N,,,,,,,,,,N,4,0,1,2,A,-,11,21453,D,N,D,B,D,A,H,-,A,A,0,Y,,,,Y,,N,60,0,0,1,0,1,0,0,0,0,"- ","- ",,,"SAN DIEGO","SAN DIEGO",-117.15191007,32.711503739999998
5598171,2012,2013-08-19,3711,2012-04-19,1620,6546,,4,5,7,3711,0,0,0,,0,813,"30TH ST","MONROE AV",0.00,,Y,A,-,N,,,,,,,,,,N,4,0,1,2,A,-,10,21950,A,N,G,B,B,A,H,-,A,A,0,Y,,,,Y,,A,01,0,0,1,0,1,0,0,0,0,"- ","- ",,,"SAN DIEGO","SAN DIEGO",-117.13020193,32.759154819999999
5598381,2012,2013-08-17,3711,2012-04-14,2329,5985,,6,5,7,3711,0,0,0,,0,441,"FRANKLIN AV","38TH ST",300.00,E,N,A,-,N,,,,,,,,,,N,2,0,2,4,A,-,21,22106,,F,G,B,E,A,H,-,C,D,0,Y,,,,Y,,-,99,1,1,0,0,2,0,0,0,0,"- ","- ",,,"SAN DIEGO","SAN DIEGO",-117.11157009999999,32.70225121
5613370,2012,2013-09-07,3711,2012-05-06,1020,6794,,7,5,7,3711,0,0,0,,0,242,"BLACK MOUNTAIN RD","CARROLL CANYON",360.00,N,N,A,-,N,,,,,,,,,,N,4,0,1,3,A,-,03,22350,,N,C,B,F,A,H,-,A,D,0,Y,,,,Y,,-,"- ",0,0,1,0,1,0,0,0,0,"- ","- ",,,"SAN DIEGO","SAN DIEGO",-117.12416270999999,32.903760570000003
5613402,2012,2013-09-07,3711,2012-05-07,1630,4849,,1,5,7,3711,0,0,0,,0,524,"1ST AV","ASH ST",0.00,,Y,A,-,N,,,,,,,,,,N,4,0,1,2,A,-,08,22107,,N,G,B,B,A,H,-,A,A,0,Y,,,,Y,,-,"- ",0,0,1,0,1,0,0,0,0,"- ","- ",,,"SAN DIEGO","SAN DIEGO",-117.16387195999999,32.719844860000002
5613761,2012,2013-09-12,3711,2012-05-09,2142,G044,,3,5,7,3711,0,0,0,,0,124,"VIA MALLORIA","VIA ALICANTE",8.00,E,N,A,-,N,,,,,,,,,,N,4,0,1,2,A,-,09,21802,A,N,D,G,A,A,H,-,C,A,0,,Y,,,Y,,-,"- ",0,0,1,0,0,0,1,0,0,"- ","- ",,,"SAN DIEGO","SAN DIEGO",-117.23357118,32.860994730000002
5618367,2012,2013-09-17,3711,2012-05-15,1430,4684,,2,5,7,3711,0,0,0,,0,431,"65TH ST","65TH ST 900",0.00,,-,A,-,N,,,,,,,,,,N,4,0,1,2,B,-,22,,,M,G,B,D,A,H,-,A,D,0,Y,,,,Y,,-,"- ",0,0,1,0,1,0,0,0,0,"- ","- ",,,"SAN DIEGO","SAN DIEGO",-117.05819249,32.697087070000002
5618368,2012,2013-09-16,3711,2012-05-16,0135,5700,,3,5,7,3711,0,0,0,,0,526,"ASH ST","2ND AV",0.00,,Y,A,-,N,,,,,,,,,,N,3,0,1,2,A,-,12,21453,A,N,D,G,A,A,H,-,C,A,0,,Y,,,Y,Y,L,04,0,1,0,0,0,0,1,0,0,"- ","- ",,,"SAN DIEGO","SAN DIEGO",-117.16299192,32.719834810000002
5618881,2012,2013-09-11,3711,2012-05-05,1600,5865,,6,5,7,3711,0,0,0,,0,315,"STATION VILLAGE WY","RIO SAN DIEGO DR",0.00,,Y,A,-,N,,,,,,,,,,N,3,0,1,2,A,-,10,21952,,N,D,G,A,A,H,-,A,A,0,,Y,,,Y,,A,01,0,1,0,0,0,0,1,0,0,"- ","- ",,,"SAN DIEGO","SAN DIEGO",-117.14267196,32.77534489
5618950,2012,2013-09-10,3711,2012-05-05,1050,5747,,6,5,7,3711,0,0,0,,0,611,"ROSECRANS ST","SPORTS ARENA",80.00,N,N,A,-,N,,,,,,,,,,N,3,0,1,2,A,-,05,21202,A,N,H,G,A,A,H,-,A,D,0,,Y,,,Y,,L,04,0,1,0,0,0,0,1,0,0,"- ","- ",,,"SAN DIEGO","SAN DIEGO",-117.20489949,32.751768589999998
5620604,2012,2013-09-12,3711,2012-05-05,1540,6692,SD,6,5,7,3711,0,0,0,,0,827,"UNIVERSITY AV","48TH ST",12.00,E,N,A,-,N,,,,,,,,,,N,3,0,1,2,A,-,08,22107,,N,H,G,A,A,H,-,A,D,0,,Y,,,Y,,-,"- ",0,1,0,0,0,0,1,0,0,"- ","- ",,,"SAN DIEGO","SAN DIEGO",-117.09120299,32.749524770000001
5637498,2012,2013-12-30,3711,2012-05-31,1930,6387,,4,5,7,3711,0,0,0,,0,724,"IRIS AV","IRIS AV 3100",0.00,,Y,-,-,N,,,,,,,,,,N,4,0,1,2,A,-,11,21950,B,M,G,B,C,-,-,-,-,A,0,Y,,,,Y,,-,"- ",0,0,1,0,1,0,0,0,0,"- ","- ",,,"SAN DIEGO","SAN DIEGO",-117.06673354,32.569095320000002
5638098,2012,2012-08-07,3711,2012-07-03,2253,5061,,2,5,7,3711,0,0,0,,0,446,"SOUTH 47TH ST","SOLOLA  AV",87.00,N,N,A,-,N,,,,,,,,,,N,1,1,0,3,A,-,08,22107,,N,H,G,A,A,H,-,C,D,0,,Y,,,Y,,L,04,0,0,0,0,0,1,0,0,0,"- ","- ",,,"SAN DIEGO","SAN DIEGO",-117.09378052,32.69384307
5639604,2013,2015-01-14,3711,2013-02-01,1816,6000,,5,5,7,3711,0,0,0,,0,446,"SOUTH 47TH ST","SOLOLA  AV",288.00,N,N,A,-,N,,,,,,,,,,Y,1,1,0,2,A,-,11,21954,A,N,G,B,D,A,H,-,D,D,0,Y,,,,Y,Y,N,60,0,0,0,1,0,0,0,0,0,"- ","- ",,,"SAN DIEGO","SAN DIEGO",-117.09377739999999,32.694393599999998
5639817,2013,2015-01-15,3711,2013-02-18,1937,4243,,1,5,7,3711,0,0,0,,0,242,"MIRA MESA BL","WESTVIEW PKWY",611.00,W,N,A,-,N,,,,,,,,,,Y,1,1,0,2,A,-,11,21954,A,N,G,B,D,A,H,-,C,D,0,Y,,,,Y,Y,N,60,0,0,0,1,0,0,0,0,0,"- ","- ",,,"SAN DIEGO","SAN DIEGO",-117.122654,32.917254800000002
5639818,2013,2013-03-14,3711,2013-02-01,1143,3661,SANDI,5,5,7,3711,0,0,0,,0,937,"CAMINO DEL SUR","VIA VERRAZZANO",0.00,,Y,A,-,N,,,,,,,,,,Y,1,1,1,3,A,-,12,21453,A,N,G,B,B,A,H,-,A,A,0,Y,,,,Y,,A,07,1,0,0,1,1,0,0,0,0,"- ","- ",,,"SAN DIEGO","SAN DIEGO",-117.15929031,32.990073580000001
5645603,2012,2013-09-14,3711,2012-05-27,1435,5380,,7,5,7,3711,0,0,0,,0,528,"UNION ST","W BEECH",0.00,,Y,A,-,N,,,,,,,,,,N,3,0,1,2,A,-,10,21950,A,N,A,B,B,A,H,-,A,A,0,Y,,,,Y,,-,"- ",0,1,0,0,1,0,0,0,0,"- ","- ",,,"SAN DIEGO","SAN DIEGO",-117.16566201000001,32.72086487
5666755,2012,2013-09-26,3711,2012-06-07,1210,58678,SANDI,4,5,7,3711,0,0,0,,0,311,"MURPHY CANYON RD","STONECREST BL",528.00,N,N,A,-,N,,,,,,,,,,N,4,0,1,2,A,-,21,22106,,N,G,B,F,A,H,-,A,D,0,Y,,,,Y,,-,"- ",0,0,1,0,1,0,0,0,0,"- ","- ",,,"SAN DIEGO","SAN DIEGO",-117.11419802,32.805782970000003
5668213,2012,2013-10-04,3711,2012-06-04,0951,4435,,1,5,7,3711,0,0,0,,0,124,"SUGARMAN DR","LAJOLL SCENIC",0.00,,Y,B,-,N,,,,,,,,,,N,4,0,1,2,A,-,10,21950,A,N,G,B,B,B,H,-,A,A,0,Y,,,,Y,,-,"- ",0,0,1,0,1,0,0,0,0,"- ","- ",,,"SAN DIEGO","SAN DIEGO",-117.24020204,32.862954870000003
5675215,2012,2013-10-12,3711,2012-06-25,2154,6676,SD,1,5,7,3711,0,0,0,,0,826,"EL CAJON BL","48TH ST",118.00,W,N,A,-,N,,,,,,,,,,N,3,0,1,2,A,-,"- ",,,N,G,B,D,A,H,-,C,A,0,Y,,,,Y,Y,-,"- ",0,1,0,0,1,0,0,0,0,"- ","- ",,,"SAN DIEGO","SAN DIEGO",-117.09150934,32.756182350000003
5675739,2012,2013-09-26,3711,2012-06-19,1846,6659,MC,2,5,7,3711,0,0,0,,0,825,"ADAMS AV","MARLBOROUGH AV",10.00,E,N,A,-,N,,,,,,,,,,N,4,0,1,2,A,-,05,21202,A,N,H,G,A,A,H,-,A,A,0,,Y,,,Y,,-,"- ",0,0,1,0,0,0,1,0,0,"- ","- ",,,"SAN DIEGO","SAN DIEGO",-117.10629948,32.763234449999999
5678787,2012,2013-09-26,3711,2012-06-10,1857,5724,,7,5,7,3711,0,0,0,,0,621,"OSLER ST","OSLER ST 6800",12.00,N,N,A,-,N,,,,,,,,,,N,3,0,1,2,A,-,09,21804,A,N,H,G,A,A,H,-,B,D,0,,Y,,,Y,,L,04,0,1,0,0,0,0,1,0,0,"- ","- ",,,"SAN DIEGO","SAN DIEGO",,
5678800,2012,2013-09-28,3711,2012-06-03,1255,5989,,7,5,7,3711,0,0,0,,0,621,"LINDA VISTA RD","KRAMER ST",0.00,,Y,A,-,N,,,,,,,,,,N,4,0,1,2,A,-,10,21950,A,N,G,B,B,A,H,-,A,A,0,Y,,,,Y,,-,"- ",0,0,1,0,1,0,0,0,0,"- ","- ",,,"SAN DIEGO","SAN DIEGO",-117.17313203,32.776944829999998
5683922,2012,2013-09-26,3711,2012-06-07,1745,4759,,4,5,7,3711,0,0,0,,0,122,"LAMONT ST","GRAND AV",150.00,S,N,B,-,N,,,,,,,,,,N,4,0,1,2,A,-,09,21804,A,N,H,G,A,A,H,-,A,D,0,,Y,,,Y,,L,04,0,0,1,0,0,0,1,0,0,"- ","- ",,,"SAN DIEGO","SAN DIEGO",-117.23466037999999,32.798746850000001
5683973,2012,2013-09-26,3711,2012-06-08,1820,6665,,5,5,7,3711,0,0,0,,0,242,"MIRA MESA BL","WESTMORE RD",10.00,W,N,A,-,N,,,,,,,,,,N,3,0,1,2,A,-,08,22107,,N,G,B,B,A,H,-,A,A,0,Y,,,,Y,,-,"- ",0,1,0,0,1,0,0,0,0,"- ","- ",,,"SAN DIEGO","SAN DIEGO",-117.12996627,32.916176669999999
5719980,2012,2013-10-10,3711,2012-06-28,1913,6638,,4,5,7,3711,0,0,0,,0,451,"BAYVIEW HEIGHTS DR","BAYVIEW HTS DR",9.00,N,N,A,-,N,,,,,,,,,,N,4,0,2,3,A,-,11,21950,B,N,G,B,D,A,H,-,A,D,0,Y,,,,Y,,N,60,0,0,2,0,2,0,0,0,0,"- ","- ",,,"SAN DIEGO","SAN DIEGO",-117.0795992,32.72204696
5723198,2012,2013-10-12,3711,2012-06-30,1313,6769,,6,5,7,3711,0,0,0,,0,827,"ALTADENA AV","STERLING CT",20.00,S,N,A,-,N,,,,,,,,,,N,3,0,1,2,A,-,10,21950,A,N,G,B,G,A,H,-,A,D,0,Y,,,,Y,,-,"- ",0,1,0,0,1,0,0,0,0,"- ","- ",,,"SAN DIEGO","SAN DIEGO",-117.08602602000001,32.745090210000001
5724972,2012,2013-10-26,3711,2012-07-02,0833,5747,,1,5,7,3711,0,0,0,,0,627,"5TH AV","WALNUT AV",24.00,N,N,A,-,N,,,,,,,,,,N,3,0,1,2,A,-,09,21801,A,N,B,B,D,A,H,-,A,D,0,Y,,,,Y,,-,"- ",0,1,0,0,1,0,0,0,0,"- ","- ",,,"SAN DIEGO","SAN DIEGO",-117.16038201000001,32.741560509999999
5724984,2012,2013-10-26,3711,2012-07-03,2301,4436,,2,5,7,3711,0,0,0,,0,524,"11TH AV",BROADWAY,0.00,,Y,-,-,N,,,,,,,,,,N,3,0,1,2,A,-,10,21950,A,N,G,B,B,-,-,-,-,A,0,Y,,,,Y,,-,"- ",0,1,0,0,1,0,0,0,0,"- ","- ",,,"SAN DIEGO","SAN DIEGO",-117.15471191,32.715714810000001
5724988,2012,2014-04-18,3711,2012-07-02,1604,6371,SDPD,1,5,7,3711,0,0,0,,0,524,"FRONT ST","ASH ST",8.00,S,N,-,-,N,,,,,,,,,,N,3,0,1,2,A,-,10,21950,A,N,G,B,B,-,-,-,-,A,0,Y,,,,Y,,-,"- ",0,1,0,0,1,0,0,0,0,"- ","- ",,,"SAN DIEGO","SAN DIEGO",-117.1647919,32.71982285
5725011,2012,2013-10-26,3711,2012-07-02,1420,4491,,1,5,7,3711,0,0,0,,0,622,"FRIARS RD","NAPA AV",282.00,E,N,A,-,N,,,,,,,,,,N,3,0,1,2,A,-,08,22107,,N,B,G,A,A,H,-,A,A,0,,Y,,,Y,,-,"- ",0,1,0,0,0,0,1,0,0,"- ","- ",,,"SAN DIEGO","SAN DIEGO",-117.19437474,32.763719690000002
5725015,2012,2013-10-26,3711,2012-07-04,0712,5114,,3,5,7,3711,0,0,0,,0,242,"MIRA MESA BL","BLACK MOUNTAIN RD",15.00,E,N,-,-,N,,,,,,,,,,N,3,0,1,2,A,-,08,22107,,N,C,G,A,-,H,-,-,D,0,,Y,,,Y,,-,"- ",0,1,0,0,0,0,1,0,0,"- ","- ",,,"SAN DIEGO","SAN DIEGO",-117.12487319,32.917214790000003
5734705,2012,2013-10-31,3711,2012-07-16,1721,6701,,1,5,7,3711,0,0,0,,0,934,"EL CAMINO REAL","VALLEY CENTER DR",0.00,,Y,A,-,N,,,,,,,,,,N,3,0,1,2,A,-,08,22107,,N,B,G,A,A,H,-,A,A,0,,Y,,,Y,,-,"- ",0,1,0,0,0,0,1,0,0,"- ","- ",,,"SAN DIEGO","SAN DIEGO",-117.23812203999999,32.93596479
5735324,2012,2013-09-28,3711,2012-06-29,2129,5046,,5,5,7,3711,0,0,0,,0,122,"GARNET AV","KENDALL ST",0.00,,Y,A,-,N,,,,,,,,,,N,2,0,1,2,A,-,11,21954,A,N,G,B,D,A,H,-,C,D,0,Y,,,,Y,,N,60,1,0,0,0,1,0,0,0,0,"- ","- ",,,"SAN DIEGO","SAN DIEGO",-117.23719198000001,32.800594769999996
5743079,2012,2013-11-05,3711,2012-07-21,1508,5051,,6,5,7,3711,0,0,0,,0,623,"FASHION VALLEY RD","FRIARS RD",677.00,S,N,A,-,N,,,,,,,,,,N,3,0,1,2,A,-,07,21658,A,N,B,G,A,A,H,-,A,D,0,,Y,,,Y,,L,04,0,1,0,0,0,0,1,0,0,"- ","- ",,,"SAN DIEGO","SAN DIEGO",-117.17101178999999,32.766934419999998
5745047,2012,2013-11-05,3711,2012-07-20,1424,5051,,5,5,7,3711,0,0,0,,0,611,"ROSECRANS ST","SPORTS ARENA BL",47.00,S,N,A,-,N,,,,,,,,,,N,3,0,1,2,A,-,03,22350,,N,H,G,A,A,H,-,A,A,0,,Y,,,Y,,D,22,0,1,0,0,0,0,1,0,0,"- ","- ",,,"SAN DIEGO","SAN DIEGO",-117.20500011999999,32.751390129999997
5748912,2012,2013-10-26,3711,2012-07-23,1054,6787,,1,5,7,3711,0,0,0,,0,526,"1ST AV","CEDAR ST",132.00,N,N,A,-,N,,,,,,,,,,N,3,0,1,2,A,-,11,21954,A,N,G,B,C,A,H,-,A,D,0,Y,,,,Y,,N,60,0,1,0,0,1,0,0,0,0,"- ","- ",,,"SAN DIEGO","SAN DIEGO",-117.16388190000001,32.722306359999997
5751746,2012,2013-11-22,3711,2012-08-04,1747,3655,,6,5,7,3711,0,0,0,,0,122,"DAWES ST","THOMAS AV",0.00,,Y,A,-,N,,,,,,,,,,N,4,0,1,2,A,-,12,22450,,N,D,G,A,A,H,-,A,A,0,,Y,,,Y,Y,L,04,0,0,1,0,0,0,1,0,0,"- ","- ",,,"SAN DIEGO","SAN DIEGO",-117.24912200999999,32.79485485
5757725,2012,2013-10-23,3711,2012-07-31,0018,4337,,2,5,7,3711,0,0,0,,0,242,"CAPRICORN WY","WESTVIEW PKWY",26.00,E,N,A,-,N,,,,,,,,,,N,3,0,1,2,A,-,04,21703,,N,H,G,A,A,H,-,C,-,0,,Y,,,Y,Y,L,04,0,1,0,0,0,0,1,0,0,"- ","- ",,,"SAN DIEGO","SAN DIEGO",-117.11911865,32.924346679999999
5787517,2012,2013-11-12,3711,2012-08-14,2307,6812,,2,5,7,3711,0,0,0,,0,825,"VAN DYKE AV","EL CAJON BL",10.00,S,N,A,-,N,,,,,,,,,,N,4,0,1,2,A,-,10,21950,A,M,D,G,A,A,H,-,C,D,0,,Y,,,Y,Y,-,99,0,0,1,0,0,0,1,0,0,"- ","- ",,,"SAN DIEGO","SAN DIEGO",-117.10294189,32.75515738
5790080,2012,2013-11-23,3711,2012-08-13,1954,6911,,1,5,7,3711,0,0,0,,0,614,"BACON ST","LONG BRANCH AV",9.00,N,N,A,-,N,,,,,,,,,,N,4,0,1,2,A,-,09,21802,A,N,D,G,A,A,H,-,C,A,0,,Y,,,Y,,-,"- ",0,0,1,0,0,0,1,0,0,"- ","- ",,,"SAN DIEGO","SAN DIEGO",-117.24765493,32.750834810000001
5790938,2012,2013-11-19,3711,2012-08-12,0201,6082,,7,5,7,3711,0,0,0,,0,122,"HORNBLEND ST","MISSION BL",130.00,E,N,A,-,N,,,,,,,,,,Y,3,0,1,2,A,-,09,21804,A,M,D,G,A,A,H,-,C,D,0,,Y,,,Y,Y,-,"- ",0,1,0,0,0,0,1,0,0,"- ","- ",,,"SAN DIEGO","SAN DIEGO",-117.25481397,32.795724919999998
5793278,2012,2013-11-21,3711,2012-08-28,2157,5600,,2,5,7,3711,0,0,0,,0,242,"CAMINO RUIZ","NEW SALEM ST",179.00,S,N,A,-,N,,,,,,,,,,N,3,0,1,2,A,-,03,22350,,N,G,B,D,A,H,-,C,D,0,Y,,,,Y,,A,01,0,1,0,0,1,0,0,0,0,"- ","- ",,,"SAN DIEGO","SAN DIEGO",-117.14401408000001,32.91518465
5795325,2012,2013-10-17,3711,2012-07-04,0048,6157,,3,5,7,3711,0,0,0,,0,523,"5TH AV","G ST",43.00,N,N,A,-,N,,,,,,,,,,N,4,0,1,2,A,-,03,22350,,N,G,B,E,A,H,-,C,D,0,Y,,,,Y,Y,-,"- ",0,0,1,0,1,0,0,0,0,"- ","- ",,,"SAN DIEGO","SAN DIEGO",-117.1601841,32.712632540000001
5795341,2012,2013-10-17,3711,2012-07-29,1336,6736,,7,5,7,3711,0,0,0,,0,528,"INDIA ST",KALMIA,93.00,W,N,A,-,N,,,,,,,,,,N,3,0,1,2,A,-,08,22107,,N,H,G,A,A,H,-,A,D,0,,Y,,,Y,,L,04,0,1,0,0,0,0,1,0,0,"- ","- ",,,"SAN DIEGO","SAN DIEGO",-117.17083713,32.729566480000003
5796131,2012,2013-12-13,3711,2012-08-07,1129,S769,,2,5,7,3711,0,0,0,,0,541,"IMPERIAL AV","PARK BL",30.00,E,N,A,-,N,,,,,,,,,,N,3,0,1,2,A,-,10,21950,A,N,G,B,B,A,H,-,A,A,0,Y,,,,Y,,-,"- ",0,1,0,0,1,0,0,0,0,"- ","- ",,,"SAN DIEGO","SAN DIEGO",-117.15568677,32.706482690000001
5796135,2012,2013-11-14,3711,2012-08-07,1250,4283,,2,5,7,3711,0,0,0,,0,824,"ORANGE AV","50TH ST",3.00,W,N,A,-,N,,,,,,,,,,N,4,0,1,2,A,-,11,21950,B,N,G,B,B,A,H,-,A,A,0,Y,,,,Y,,N,60,0,0,1,0,1,0,0,0,0,"- ","- ",,,"SAN DIEGO","SAN DIEGO",-117.08689161,32.75303504
5796177,2012,2013-10-21,3711,2012-07-20,1415,4823,,5,5,7,3711,0,0,0,,0,121,"MISSION BL","DEVON CT",88.00,N,N,A,-,N,,,,,,,,,,N,3,0,2,4,A,-,08,22107,,N,B,G,A,A,H,-,A,D,0,,Y,Y,,Y,,C,02,0,1,1,0,0,0,1,0,1,"- ","- ",,,"SAN DIEGO","SAN DIEGO",-117.251187,32.76636285
5801671,2012,2013-12-12,3711,2012-09-19,0658,6104,,3,5,7,3711,0,0,0,,0,531,"PARK BL","UPAS ST",0.00,,Y,A,-,N,,,,,,,,,,Y,4,0,1,2,A,-,10,21950,A,N,G,B,B,A,H,-,A,A,0,Y,,,,Y,,-,"- ",0,0,1,0,1,0,0,0,0,"- ","- ",,,"SAN DIEGO","SAN DIEGO",-117.14755201,32.741124820000003
5811426,2012,2014-04-18,3711,2012-09-10,1440,5348,,1,5,7,3711,0,0,0,,0,531,"PARK BL",UPAS,0.00,,Y,A,-,N,,,,,,,,,,N,4,0,1,2,A,-,11,21950,B,N,G,B,B,A,H,-,A,A,0,Y,,,,Y,,N,60,0,0,1,0,1,0,0,0,0,"- ","- ",,,"SAN DIEGO","SAN DIEGO",-117.14755201,32.741124820000003
5812088,2012,2013-11-09,3711,2012-08-24,0739,6894,,5,5,7,3711,0,0,0,,0,935,"VIA DE LA VALLE","EL CAMINIO REAL",15.00,E,N,C,-,N,,,,,,,,,,N,3,0,1,1,A,-,03,22350,,N,G,G,A,B,G,-,A,A,0,,Y,,,Y,,L,04,0,1,0,0,0,0,1,0,0,"- ","- ",,,"SAN DIEGO","SAN DIEGO",-117.23039382,32.98270145