CASE_ID,ACCIDENT_YEAR,PROC_DATE,JURIS,COLLISION_DATE,COLLISION_TIME,OFFICER_ID,REPORTING_DISTRICT,DAY_OF_WEEK,CHP_SHIFT,POPULATION,CNTY_CITY_LOC,SPECIAL_COND,BEAT_TYPE,CHP_BEAT_TYPE,CITY_DIVISION_LAPD,CHP_BEAT_CLASS,BEAT_NUMBER,PRIMARY_RD,SECONDARY_RD,DISTANCE,DIRECTION,INTERSECTION,WEATHER_1,WEATHER_2,STATE_HWY_IND,CALTRANS_COUNTY,CALTRANS_DISTRICT,STATE_ROUTE,ROUTE_SUFFIX,POSTMILE_PREFIX,POSTMILE,LOCATION_TYPE,RAMP_INTERSECTION,SIDE_OF_HWY,TOW_AWAY,COLLISION_SEVERITY,NUMBER_KILLED,NUMBER_INJURED,PARTY_COUNT,PRIMARY_COLL_FACTOR,PCF_CODE_OF_VIOL,PCF_VIOL_CATEGORY,PCF_VIOLATION,PCF_VIOL_SUBSECTION,HIT_AND_RUN,TYPE_OF_COLLISION,MVIW,PED_ACTION,ROAD_SURFACE,ROAD_COND_1,ROAD_COND_2,LIGHTING,CONTROL_DEVICE,CHP_ROAD_TYPE,PEDESTRIAN_ACCIDENT,BICYCLE_ACCIDENT,MOTORCYCLE_ACCIDENT,TRUCK_ACCIDENT,NOT_PRIVATE_PROPERTY,ALCOHOL_INVOLVED,STWD_VEHTYPE_AT_FAULT,CHP_VEHTYPE_AT_FAULT,COUNT_SEVERE_INJ,COUNT_VISIBLE_INJ,COUNT_COMPLAINT_PAIN,COUNT_PED_KILLED,COUNT_PED_INJURED,COUNT_BICYCLIST_KILLED,COUNT_BICYCLIST_INJURED,COUNT_MC_KILLED,COUNT_MC_INJURED,PRIMARY_RAMP,SECONDARY_RAMP,LATITUDE,LONGITUDE,COUNTY,CITY,POINT_X,POINT_Y
5812153,2012,2013-11-08,3711,2012-08-29,2140,6245,,3,5,7,3711,0,0,0,,0,813,"30TH ST","MEADE AV",0.00,,Y,A,-,N,,,,,,,,,,N,4,0,1,2,A,-,08,22107,,N,D,G,A,A,H,-,C,A,0,,Y,,,Y,,-,"- ",0,0,1,0,0,0,1,0,0,"- ","- ",,,"SAN DIEGO","SAN DIEGO",-117.13019199,32.757284820000002
5813055,2012,2013-11-27,3711,2012-08-24,1845,5051,,5,5,7,3711,0,0,0,,0,821,"COLLEGE AV","ACORN ST",195.00,N,N,B,-,N,,,,,,,,,,N,3,0,1,2,A,-,05,21650,,N,B,G,A,A,A,-,A,D,0,,Y,,,Y,,L,04,0,1,0,0,0,0,1,0,0,"- ","- ",,,"SAN DIEGO","SAN DIEGO",-117.06668706000001,32.760042009999999
5819364,2012,2013-12-02,3711,2012-08-21,0610,5970,,2,5,7,3711,0,0,0,,0,512,"IRVING AV","28TH ST",225.00,W,N,B,-,N,,,,,,,,,,N,4,0,1,2,A,-,08,22107,,M,B,B,E,A,H,-,B,A,0,Y,,,,Y,,-,"- ",0,0,1,0,1,0,0,0,0,"- ","- ",,,"SAN DIEGO","SAN DIEGO",-117.13440211,32.698658709999997
5827225,2012,2013-12-16,3711,2012-09-09,1705,4654,,7,5,7,3711,0,0,0,,0,311,"KOBE DR","GOWDY AV",0.00,,Y,A,-,N,,,,,,,,,,N,3,0,1,2,A,-,03,22350,,N,D,G,A,A,H,-,A,D,0,,Y,,,Y,,L,04,0,1,0,0,0,0,1,0,0,"- ","- ",,,"SAN DIEGO","SAN DIEGO",-117.13781203000001,32.794774820000001
5827233,2012,2014-04-25,3711,2012-09-08,0750,6749,,6,5,7,3711,0,0,0,,0,714,CAMIONES,"CAMIONES 5700",7.00,W,N,A,-,Y,SD,11,5,-,R,0.394,R,4,S,N,4,0,1,2,A,-,21,22106,,M,G,B,B,A,H,-,A,A,0,Y,,,,Y,,-,"- ",0,0,1,0,1,0,0,0,0,"- ","- ",,,"SAN DIEGO","SAN DIEGO",-117.03392036,32.545075990000001
5832612,2012,2013-12-10,3711,2012-09-21,1911,6455,MIDCI,5,5,7,3711,0,0,0,,0,832,"EL CAJON BL","COPELAND AV",0.00,,Y,A,-,N,,,,,,,,,,N,3,0,1,2,A,-,10,21950,A,N,G,B,B,A,H,-,B,A,0,Y,,,,Y,,A,01,0,1,0,0,1,0,0,0,0,"- ","- ",,,"SAN DIEGO","SAN DIEGO",-117.10402194,32.755194830000001
5832617,2012,2013-12-07,3711,2012-09-23,1825,6327,SDPD,7,5,7,3711,0,0,0,,0,986,"CAMINO DEL SUR","CARMEL VALLEY RD",10.00,N,N,A,-,N,,,,,,,,,,Y,3,0,1,2,A,-,09,21801,A,N,H,G,A,A,H,-,A,A,0,,Y,,,Y,,L,04,0,1,0,0,0,0,1,0,0,"- ","- ",,,"SAN DIEGO","SAN DIEGO",-117.14644878999999,32.976157069999999
5832618,2012,2013-12-07,3711,2012-09-19,1804,6058,,3,5,7,3711,0,0,0,,0,312,"GURNARD ST","SANTO RD",15.00,E,N,A,-,N,,,,,,,,,,N,3,0,1,2,A,-,09,21802,A,N,H,G,A,A,H,-,A,D,0,,Y,,,Y,,L,04,0,1,0,0,0,0,1,0,0,"- ","- ",,,"SAN DIEGO","SAN DIEGO",-117.10520338000001,32.807851739999997
5832624,2012,2013-12-07,3711,2012-09-10,1756,6738,,1,5,7,3711,0,0,0,,0,723,"MARCWADE DR","TWINING AV",0.00,,Y,A,-,N,,,,,,,,,,N,3,0,1,2,A,-,11,21954,A,N,G,B,B,A,H,-,A,D,0,Y,,,,Y,,N,60,0,1,0,0,1,0,0,0,0,"- ","- ",,,"SAN DIEGO","SAN DIEGO",-117.04544189000001,32.573064860000002
5833836,2012,2014-04-11,3711,2012-10-05,1125,6775,WEST,5,5,7,3711,0,0,0,,0,627,WASHINGTON,"WASHINGTON 300",0.00,,N,A,-,N,,,,,,,,,,N,4,0,1,2,A,-,21,22106,,N,G,B,F,A,H,-,A,D,0,Y,,,,Y,,-,"- ",0,0,1,0,1,0,0,0,0,"- ","- ",,,"SAN DIEGO","SAN DIEGO",-117.16273516,32.749971449999997
5838885,2012,2013-12-23,3711,2012-10-11,1253,6080,,4,5,7,3711,0,0,0,,0,524,"8TH AV","8TH AV 700",0.00,,-,A,-,N,,,,,,,,,,N,3,0,1,2,A,-,10,21950,A,N,G,B,B,A,H,-,A,A,0,Y,,,,Y,,-,"- ",0,1,0,0,1,0,0,0,0,"- ","- ",,,"SAN DIEGO","SAN DIEGO",-117.15741187,32.712587300000003
5838946,2012,2013-12-23,3711,2012-10-14,1145,6874,,7,5,7,3711,0,0,0,,0,935,"EL CAMINIO REAL","SEA COUNTRY LN",285.00,N,N,A,-,N,,,,,,,,,,N,3,0,1,2,A,-,08,22107,,N,-,G,A,A,H,-,A,A,0,,Y,,,Y,,-,"- ",0,1,0,0,0,0,1,0,0,"- ","- ",,,"SAN DIEGO","SAN DIEGO",-117.23894656,32.969727560000003
5839703,2012,2013-12-21,3711,2012-10-04,1815,5061,,4,5,7,3711,0,0,0,,0,612,"GOLDENFINCH ST","STOCKTON DR",800.00,,Y,A,-,N,,,,,,,,,,N,3,0,1,2,A,-,10,21950,A,N,G,B,B,A,H,-,A,A,0,Y,,,,Y,,A,01,0,1,0,0,1,0,0,0,0,"- ","- ",,,"SAN DIEGO","SAN DIEGO",,
5839828,2012,2013-12-23,3711,2012-10-08,0008,6671,,1,5,7,3711,0,0,0,,0,627,"ROBINSON AV","5TH AV",21.00,W,N,A,-,N,,,,,,,,,,N,4,0,1,2,A,-,"- ",,,N,G,B,E,A,H,-,C,A,0,Y,,,,Y,Y,N,60,0,0,1,0,1,0,0,0,0,"- ","- ",,,"SAN DIEGO","SAN DIEGO",-117.16049998,32.746954760000001
5839943,2012,2013-12-23,3711,2012-10-04,1300,5803,,4,5,7,3711,0,0,0,,0,115,"TOWNE CENTRE DR","LA JOLLA VILLAGE DR",0.00,,Y,A,-,N,,,,,,,,,,N,4,0,1,2,A,-,10,21950,A,N,G,B,B,A,H,-,A,A,0,Y,,,,Y,,-,"- ",0,0,1,0,1,0,0,0,0,"- ","- ",,,"SAN DIEGO","SAN DIEGO",-117.20744195,32.874104809999999
5843776,2012,2014-01-04,3711,2012-11-06,1428,3661,SANDI,2,5,7,3711,0,0,0,,0,114,"GENESEE AV","APPLETON ST",0.00,,Y,A,-,N,,,,,,,,,,N,4,0,1,2,A,-,10,21950,A,M,G,B,B,A,H,-,A,A,0,Y,,,,Y,,D,22,0,0,1,0,1,0,0,0,0,"- ","- ",,,"SAN DIEGO","SAN DIEGO",-117.19604203,32.837674819999997
5843788,2012,2014-01-04,3711,2012-11-13,1535,5046,,2,5,7,3711,0,0,0,,0,519,"5TH AV","LAUREL ST",0.00,,Y,A,-,N,,,,,,,,,,N,3,0,2,3,A,-,07,21658,A,N,-,B,B,A,H,-,A,A,0,Y,,,,Y,,D,23,0,2,0,0,2,0,0,0,0,"- ","- ",,,"SAN DIEGO","SAN DIEGO",-117.16031194,32.731354869999997
5844538,2012,2014-04-26,3711,2012-09-19,1905,4897,,3,5,7,3711,0,0,0,,0,233,"RANCHO PENASQUITOS BL","RT 56",364.00,E,N,A,-,Y,SD,11,56,-,-,8.602,R,4,W,N,2,0,1,2,A,-,11,21954,A,N,G,B,D,A,H,-,B,D,0,Y,,,,Y,Y,N,60,1,0,0,0,1,0,0,0,0,"- ",WF,,,"SAN DIEGO","SAN DIEGO",-117.10444826,32.961743089999999
5844545,2012,2014-03-29,3711,2012-09-24,1535,4414,,1,5,7,3711,0,0,0,,0,313,"CLAIREMONT MESA BL",CONVOY,528.00,E,N,A,-,N,,,,,,,,,,N,4,0,1,2,-,-,"- ",,,N,D,G,A,A,H,-,A,D,0,,Y,,,Y,Y,-,"- ",0,0,1,0,0,0,1,0,0,"- ","- ",,,"SAN DIEGO","SAN DIEGO",-117.15157886999999,32.832804299999999
5844580,2012,2013-12-13,3711,2012-09-22,2110,5866,SDPD,6,5,7,3711,0,0,0,,0,725,"DENNERY RD","WAL MART LRWY",138.00,S,N,A,-,N,,,,,,,,,,N,3,0,1,2,A,-,11,21954,A,N,G,B,D,A,H,-,C,A,0,Y,,,,Y,,N,60,0,1,0,0,1,0,0,0,0,"- ","- ",,,"SAN DIEGO","SAN DIEGO",-117.03334987,32.58085397
5844597,2012,2013-12-13,3711,2012-09-27,1848,6511,,4,5,7,3711,0,0,0,,0,122,"CASS ST","EMERALD ST",3.00,S,N,A,-,N,,,,,,,,,,N,3,0,1,2,A,-,12,22450,A,N,D,G,A,A,H,-,B,A,0,,Y,,,Y,,L,04,0,1,0,0,0,0,1,0,0,"- ","- ",,,"SAN DIEGO","SAN DIEGO",-117.25241955,32.7992268
5844605,2012,2013-12-09,3711,2012-09-30,2035,4849,,7,5,7,3711,0,0,0,,0,511,"LOGAN AV","EVANS ST",14.00,E,N,A,-,N,,,,,,,,,,N,3,0,2,3,A,-,03,22350,,M,D,B,D,A,H,-,C,D,0,Y,,,,Y,Y,-,"- ",0,1,1,0,2,0,0,0,0,"- ","- ",,,"SAN DIEGO","SAN DIEGO",-117.14094655,32.699110730000001
5844606,2012,2013-12-09,3711,2012-09-26,0900,5728,"SAN D",3,5,7,3711,0,0,0,,0,114,"GENESEE AV","CLAIREMONT MESA BL",0.00,,Y,A,-,N,,,,,,,,,,N,3,0,1,2,A,-,"- ",,,M,A,B,B,A,H,-,A,A,0,Y,,,,Y,,-,"- ",0,1,0,0,1,0,0,0,0,"- ","- ",,,"SAN DIEGO","SAN DIEGO",-117.19494203000001,32.83454485
5844609,2012,2013-12-09,3711,2012-09-25,1517,4897,,2,5,7,3711,0,0,0,,0,122,"BOND ST","GRAND AV",0.00,,Y,A,-,N,,,,,,,,,,N,4,0,2,3,A,-,10,21950,A,N,G,B,B,A,H,-,A,A,0,Y,,,,Y,,A,01,0,0,2,0,2,0,0,0,0,"- ","- ",,,"SAN DIEGO","SAN DIEGO",-117.22006205,32.802304839999998
5844612,2012,2013-12-09,3711,2012-09-26,1809,6400,,3,5,7,3711,0,0,0,,0,615,"SCOTT ST","GARRISON ST",4.00,S,N,A,-,N,,,,,,,,,,N,4,0,1,2,A,-,10,21950,A,N,G,B,D,A,H,-,A,D,0,Y,,,,Y,,-,"- ",0,0,1,0,1,0,0,0,0,"- ","- ",,,"SAN DIEGO","SAN DIEGO",-117.22740945,32.724935840000001
5847771,2012,2014-01-06,9645,2012-11-03,0100,15664,,6,3,7,3711,0,1,1,,2,007,"RT 5","GILMAN DR",3221.00,N,N,A,-,Y,SD,11,5,-,R,27.320,H,-,N,N,2,0,1,2,A,-,11,21954,A,F,G,B,E,A,H,-,C,D,1,Y,,,,Y,Y,N,60,1,0,0,0,1,0,0,0,0,"- ","- ",32.857059999999997,-117.23047,"SAN DIEGO","SAN DIEGO",-117.23050778,32.857141779999999
5850997,2012,2014-01-08,3711,2012-11-04,0817,6218,,7,5,7,3711,0,0,0,,0,614,"WEST POINT LOMA BL","CASTELAR ST",0.00,,Y,A,-,N,,,,,,,,,,N,3,0,1,2,A,-,12,22450,A,F,D,G,A,A,H,-,A,D,0,,Y,,,Y,,-,"- ",0,1,0,0,0,0,1,0,0,"- ","- ",,,"SAN DIEGO","SAN DIEGO",-117.23855201000001,32.750714780000003
5851017,2012,2014-01-08,3711,2012-11-10,1929,6780,,6,5,7,3711,0,0,0,,0,622,"FRIARS RD","PACIFIC HWY",0.00,,Y,B,-,N,,,,,,,,,,Y,4,0,1,2,A,-,08,22107,,N,D,G,A,A,H,-,D,D,0,,Y,,,Y,,-,"- ",0,0,1,0,0,0,1,0,0,"- ","- ",,,"SAN DIEGO","SAN DIEGO",-117.203452,32.762334850000002
5857091,2012,2013-12-17,9645,2012-10-17,0214,13784,,3,3,7,3711,0,1,1,,2,011,"RT 805","LANDIS ST",437.00,S,N,A,-,Y,SD,11,805,-,-,15.640,H,-,S,N,2,0,1,2,A,-,11,21954,A,F,G,B,E,A,H,-,D,D,1,Y,,,,Y,,N,60,1,0,0,0,1,0,0,0,0,"- ","- ",32.74577,-117.12008,"SAN DIEGO","SAN DIEGO",-117.11988719999999,32.745277229999999
5857146,2012,2013-12-17,3711,2012-10-01,1554,4243,,1,5,7,3711,0,0,0,,0,113,"CHIPPEWA CT","CLAIREMONT DR",118.00,W,N,A,-,N,,,,,,,,,,N,3,0,1,2,A,-,09,21804,A,N,D,G,A,A,H,-,A,D,0,,Y,,,Y,,L,04,0,1,0,0,0,0,1,0,0,"- ","- ",,,"SAN DIEGO","SAN DIEGO",-117.20137453,32.813624769999997
5857255,2012,2013-12-19,3711,2012-10-17,1709,5672,,3,5,7,3711,0,0,0,,0,313,"CONVOY ST","RAYTHEON RD",6.00,S,N,A,-,N,,,,,,,,,,N,3,0,1,2,A,-,10,21950,C,N,G,B,B,A,H,-,A,D,0,Y,,,,Y,,-,"- ",0,1,0,0,1,0,0,0,0,"- ","- ",,,"SAN DIEGO","SAN DIEGO",-117.15327179000001,32.83083834
5857258,2012,2013-12-19,3711,2012-10-12,0750,4684,,5,5,7,3711,0,0,0,,0,443,"ALPHA ST","S 40TH",504.00,E,N,A,-,N,,,,,,,,,,N,3,0,1,2,A,-,11,21954,A,N,-,B,D,B,H,-,A,D,0,Y,,,,Y,,N,60,0,1,0,0,1,0,0,0,0,"- ","- ",,,"SAN DIEGO","SAN DIEGO",-117.10656274999999,32.691919599999999
5863129,2012,2014-01-04,3711,2012-10-23,1130,5838,,2,5,7,3711,0,0,0,,0,721,"PALM AV","SATURN BL",1320.00,E,N,A,-,Y,SD,11,5,-,-,4.848,R,1,S,N,4,0,1,2,A,-,10,21950,A,N,G,B,B,A,H,-,A,A,0,Y,,,,Y,,A,01,0,0,1,0,1,0,0,0,0,"- ","- ",,,"SAN DIEGO","SAN DIEGO",-117.08793181999999,32.588424779999997
5863141,2012,2014-01-03,3711,2012-10-27,0947,5985,,6,5,7,3711,0,0,0,,0,521,"MARKET ST","16TH ST",24.00,E,N,A,-,N,,,,,,,,,,N,3,0,1,2,A,-,11,21954,A,N,G,B,D,A,H,-,A,D,0,Y,,,,Y,,N,60,0,1,0,0,1,0,0,0,0,"- ","- ",,,"SAN DIEGO","SAN DIEGO",-117.14940412999999,32.711524760000003
5864258,2012,2013-12-19,3711,2012-09-28,1046,4938,,5,5,7,3711,0,0,0,,0,246,"SCRIPPS SUMMIT DR","SUMMIT DR",0.00,,N,A,-,N,,,,,,,,,,N,4,0,1,2,B,-,22,,,N,G,B,F,A,H,-,A,D,0,Y,,,,Y,,-,"- ",0,0,1,0,1,0,0,0,0,"- ","- ",,,"SAN DIEGO","SAN DIEGO",,
5864283,2012,2013-12-17,3711,2012-10-18,0750,6560,SD,4,5,7,3711,0,0,0,,0,723,"BEYER BL","IRIS AV",30.00,N,N,B,-,N,,,,,,,,,,N,3,0,1,2,D,-,00,,,M,G,B,F,A,H,-,A,D,0,Y,,,,Y,,-,"- ",0,1,0,0,1,0,0,0,0,"- ","- ",,,"SAN DIEGO","SAN DIEGO",-117.06377757,32.569225840000001
5865847,2012,2014-01-09,3711,2012-11-20,1722,5046,,2,5,7,3711,0,0,0,,0,529,"5TH AV","ELM ST",0.00,,Y,A,-,N,,,,,,,,,,N,4,0,1,2,A,-,10,21950,A,N,-,B,B,A,H,-,B,A,0,Y,,,,Y,,A,01,0,0,1,0,1,0,0,0,0,"- ","- ",,,"SAN DIEGO","SAN DIEGO",-117.16025196,32.724054870000003
5865896,2012,2014-01-09,3711,2012-11-21,1126,5937,,3,5,7,3711,0,0,0,,0,613,"CHATSWORTH BL","ALCOTT ST",15.00,N,N,A,-,N,,,,,,,,,,N,4,0,1,2,A,-,10,21950,C,N,G,B,D,A,H,-,A,A,0,Y,,,,Y,,A,01,0,0,1,0,1,0,0,0,0,"- ","- ",,,"SAN DIEGO","SAN DIEGO",-117.22384408000001,32.741708459999998
5877885,2012,2014-03-26,3711,2012-10-31,0853,5838,,3,5,7,3711,0,0,0,,0,714,"EAST SAN YSIDRO BL","RAIL CT",303.00,S,N,A,-,N,,,,,,,,,,N,4,0,1,2,A,-,21,22106,,N,G,B,D,A,H,-,A,D,0,Y,,,,Y,,J,48,0,0,1,0,1,0,0,0,0,"- ","- ",,,"SAN DIEGO","SAN DIEGO",-117.02953041000001,32.544145180000001
5880645,2012,2014-03-29,3711,2012-11-05,0800,6479,,1,5,7,3711,0,0,0,,0,813,"DWIGHT ST","RAY ST",53.00,W,N,A,-,N,,,,,,,,,,N,4,0,1,2,A,-,"- ",,,N,C,B,D,A,H,-,A,D,0,Y,,,,Y,,N,60,0,0,1,0,1,0,0,0,0,"- ","- ",,,"SAN DIEGO","SAN DIEGO",-117.12936311999999,32.744218859999997
5885027,2012,2013-11-14,3711,2012-08-13,1719,6900,,1,5,7,3711,0,0,0,,0,524,"9TH ST","E ST",0.00,,Y,A,-,N,,,,,,,,,,N,4,0,2,3,A,-,11,21950,B,N,G,B,B,A,H,-,A,A,0,Y,,,,Y,,-,"- ",0,0,2,0,2,0,0,0,0,"- ","- ",,,"SAN DIEGO","SAN DIEGO",-117.15656198000001,32.714634820000001
5885181,2012,2014-01-03,3711,2012-11-05,1711,4849,,1,5,7,3711,0,0,0,,0,529,"JUNIPER ST","6TH AV",0.00,,Y,A,-,N,,,,,,,,,,N,4,0,1,2,A,-,09,21802,A,N,B,G,A,A,H,-,B,A,0,,Y,,,Y,,L,04,0,0,1,0,0,0,1,0,0,"- ","- ",,,"SAN DIEGO","SAN DIEGO",-117.15948194000001,32.72925481
5885983,2012,2014-01-14,3711,2012-12-20,1842,6000,,4,5,7,3711,0,0,0,,0,611,"PACIFIC HWY","WITHERBY ST",35.00,S,N,A,-,Y,,,,,,,,,,N,3,0,1,2,A,-,09,21804,A,N,C,G,A,A,H,-,C,D,0,,Y,,,Y,,L,04,0,1,0,0,0,0,1,0,0,"- ","- ",,,"SAN DIEGO","SAN DIEGO",-117.37062591999999,33.17908663
5889524,2012,2014-01-03,3711,2012-11-24,0540,5527,"SAN D",6,5,7,3711,0,0,0,,0,528,"COLUMBIA ST","WEST HAWTHORN ST",0.00,,Y,B,-,N,,,,,,,,,,N,3,0,1,2,A,-,10,21950,A,N,G,B,B,A,H,-,C,A,0,Y,,,,Y,,A,01,0,1,0,0,1,0,0,0,0,"- ","- ",,,"SAN DIEGO","SAN DIEGO",-117.16861193,32.726644819999997
5889542,2012,2014-01-03,3711,2012-11-30,2033,6923,,5,5,7,3711,0,0,0,,0,524,"B ST","5TH ST",6.00,W,N,C,-,N,,,,,,,,,,N,4,0,1,2,A,-,10,21950,A,N,G,B,B,B,H,-,C,A,0,Y,,,,Y,,-,"- ",0,0,1,0,1,0,0,0,0,"- ","- ",,,"SAN DIEGO","SAN DIEGO",-117.16021134,32.717784760000001
5889578,2012,2014-03-13,3711,2012-11-30,1535,6834,,5,5,7,3711,0,0,0,,0,712,"WEST SAN YSIDRO BL","ALVERSON RD",120.00,W,N,B,-,N,,,,,,,,,,N,4,0,1,2,A,-,09,21804,A,N,A,B,D,B,H,-,A,D,0,Y,,,,Y,,-,"- ",0,0,1,0,1,0,0,0,0,"- ","- ",,,"SAN DIEGO","SAN DIEGO",-117.05196748,32.555554180000001
5889586,2012,2014-01-03,3711,2012-11-28,1618,4051,,3,5,7,3711,0,0,0,,0,811,"ADAMS AV","IOWA ST",99.00,E,N,A,-,N,,,,,,,,,,N,3,0,1,3,A,-,17,22517,,N,H,G,A,A,H,-,A,D,0,,Y,,,Y,,-,"- ",0,1,0,0,0,0,1,0,0,"- ","- ",,,"SAN DIEGO","SAN DIEGO",-117.12573094,32.763374769999999
5889599,2012,2014-04-04,3711,2012-11-27,1708,5972,,2,5,7,3711,0,0,0,,0,813,"UNIVERSITY AV","VILLA TR",0.00,,Y,A,-,N,,,,,,,,,,N,3,0,1,2,A,-,10,21950,A,N,G,B,D,A,H,-,C,D,0,Y,,,,Y,Y,A,08,0,1,0,0,1,0,0,0,0,"- ","- ",,,"SAN DIEGO","SAN DIEGO",-117.13570199,32.748444810000002
5896463,2012,2014-01-08,3711,2012-11-06,1620,6935,,2,5,7,3711,0,0,0,,0,437,"BROOKHAVEN RD","SEARS  AV",0.00,,Y,-,-,N,,,,,,,,,,N,4,0,1,2,A,-,11,21950,B,N,G,B,B,-,-,-,-,-,0,Y,,,,Y,,-,"- ",0,0,1,0,1,0,0,0,0,"- ","- ",,,"SAN DIEGO","SAN DIEGO",-117.02493195,32.703414840000001
5896472,2012,2014-01-08,3711,2012-11-02,1346,6234,,5,5,7,3711,0,0,0,,0,611,"SPORTS ARENA BL","EAST DR",300.00,W,N,A,-,N,,,,,,,,,,N,3,0,1,2,A,-,05,21651,B,N,D,G,A,A,H,-,A,D,0,,Y,,,Y,,L,04,0,1,0,0,0,0,1,0,0,"- ","- ",,,"SAN DIEGO","SAN DIEGO",-117.20932132,32.753223159999997
5896693,2012,2014-01-03,3711,2012-11-01,1144,6S74,,4,5,7,3711,0,0,0,,0,725,"OCEAN VIEW HILLS PKWY",KENTMERE,67.00,W,N,A,-,N,,,,,,,,,,N,3,0,1,2,A,-,12,22450,A,N,D,G,A,A,H,-,A,A,0,,Y,,,Y,,L,04,0,1,0,0,0,0,1,0,0,"- ","- ",,,"SAN DIEGO","SAN DIEGO",-117.03029752,32.58385912
5896717,2012,2014-01-03,3711,2012-11-04,1837,6938,,7,5,7,3711,0,0,0,,0,,"PEPPER DR","VIOLET ST",153.00,W,N,A,-,N,,,,,,,,,,N,3,0,1,2,A,-,08,22107,,N,C,G,A,A,H,-,C,D,0,,Y,,,Y,,L,04,0,1,0,0,0,0,1,0,0,"- ","- ",,,"SAN DIEGO","SAN DIEGO",-117.10621029000001,32.7321831
5901150,2012,2014-01-13,3711,2012-12-12,0850,3667,,3,5,7,3711,0,0,0,,0,811,"35TH ST","ADAMS AV",0.00,,Y,A,-,N,,,,,,,,,,N,3,0,1,2,A,-,10,21950,A,N,G,B,B,A,H,-,A,A,0,Y,,,,Y,,A,01,0,1,0,0,1,0,0,0,0,"- ","- ",,,"SAN DIEGO","SAN DIEGO",-117.11730188999999,32.763314809999997
5902106,2012,2014-01-13,3711,2012-12-15,1727,5600,,6,5,7,3711,0,0,0,,0,625,"JUAN ST","WALLACE ST",21.00,S,N,B,-,N,,,,,,,,,,N,4,0,1,2,A,-,11,21954,A,N,G,B,D,A,H,-,C,D,0,Y,,,,Y,,N,60,0,0,1,0,1,0,0,0,0,"- ","- ",,,"SAN DIEGO","SAN DIEGO",-117.19724752,32.755920150000001
5902110,2012,2014-03-28,3711,2012-12-31,2024,6288,,1,5,7,3711,0,0,0,,0,523,"F ST","5TH AV",0.00,W,N,A,-,N,,,,,,,,,,N,4,0,1,2,A,-,10,21950,C,N,G,B,B,A,H,-,C,A,0,Y,,,,Y,,-,"- ",0,0,1,0,1,0,0,0,0,"- ","- ",,,"SAN DIEGO","SAN DIEGO",-117.16020197,32.713584859999997
5903367,2013,2014-01-18,3711,2013-01-18,1803,5165,UNIVE,5,5,7,3711,0,0,0,,0,115,"EXECUTIVE DR","EXECUTIVE WY",0.00,,Y,A,-,N,,,,,,,,,,N,4,0,1,2,B,-,22,,,N,G,B,B,A,H,-,C,A,0,Y,,,,Y,Y,-,"- ",0,0,1,0,1,0,0,0,0,"- ","- ",,,"SAN DIEGO","SAN DIEGO",-117.210172,32.875594800000002
5903595,2013,2014-01-16,3711,2013-01-18,2111,5046,,5,5,7,3711,0,0,0,,0,528,"INDIA ST","HAWTHORN ST",0.00,,Y,A,-,N,,,,,,,,,,N,4,0,1,2,A,-,10,21950,A,M,-,B,B,A,H,-,C,A,0,Y,,,,Y,,-,99,0,0,1,0,1,0,0,0,0,"- ","- ",,,"SAN DIEGO","SAN DIEGO",-117.16945200000001,32.726384799999998
5906006,2013,2014-01-18,3711,2013-01-15,1751,6950,,2,5,7,3711,0,0,0,,0,526,"PARK BL","RUSS BL",9.00,S,N,A,-,N,,,,,,,,,,N,4,0,1,2,A,-,09,21801,A,N,B,G,A,A,H,-,C,D,0,,Y,,,Y,,-,"- ",0,0,1,0,0,0,1,0,0,"- ","- ",,,"SAN DIEGO","SAN DIEGO",-117.1538919,32.7193501
5906025,2013,2014-01-23,3711,2013-01-15,1900,6251,,2,5,7,3711,0,0,0,,0,836,"MENLO AV","MENLO AV 2900",0.00,,-,-,-,N,,,,,,,,,,N,4,0,1,2,-,-,"- ",,,N,G,B,F,A,H,-,D,-,0,Y,,,,Y,,-,"- ",0,0,1,0,1,0,0,0,0,"- ","- ",,,"SAN DIEGO","SAN DIEGO",-117.09477782,32.735956299999998
5908346,2012,2014-01-04,3711,2012-11-28,1340,6701,,3,5,7,3711,0,0,0,,0,934,"CARMEL CREEK RD","PIAZZA CARMEL",0.00,,Y,A,-,N,,,,,,,,,,N,3,0,2,3,A,-,10,21950,A,N,G,B,B,A,H,-,A,A,0,Y,,,,Y,,-,"- ",0,2,0,0,2,0,0,0,0,"- ","- ",,,"SAN DIEGO","SAN DIEGO",-117.23055303,32.939770000000003
5910301,2013,2015-01-08,3711,2013-04-11,0047,5393,,4,5,7,3711,0,0,0,,0,813,"EL CAJON BL","IDAHO ST",107.00,E,N,A,-,N,,,,,,,,,,N,1,1,0,2,A,-,11,21954,A,N,G,B,D,A,H,-,C,D,0,Y,,,,Y,Y,N,60,0,0,0,1,0,0,0,0,0,"- ","- ",,,"SAN DIEGO","SAN DIEGO",-117.133545,32.755364800000002
5910366,2013,2015-01-16,9645,2013-03-15,0440,18871,,5,3,7,3711,0,1,1,,2,010,"RT 8","PRESIDIO PARK",3960.00,E,N,E,-,Y,SD,11,8,-,-,1.700,H,-,W,Y,1,1,0,2,A,-,11,21954,A,N,G,B,E,A,H,-,C,D,1,Y,,,,Y,Y,N,60,0,0,0,1,0,0,0,0,0,"- ","- ",32.759549999999997,-117.175,"SAN DIEGO","SAN DIEGO",-117.177097,32.759358200000001