CASE_ID,ACCIDENT_YEAR,PROC_DATE,JURIS,COLLISION_DATE,COLLISION_TIME,OFFICER_ID,REPORTING_DISTRICT,DAY_OF_WEEK,CHP_SHIFT,POPULATION,CNTY_CITY_LOC,SPECIAL_COND,BEAT_TYPE,CHP_BEAT_TYPE,CITY_DIVISION_LAPD,CHP_BEAT_CLASS,BEAT_NUMBER,PRIMARY_RD,SECONDARY_RD,DISTANCE,DIRECTION,INTERSECTION,WEATHER_1,WEATHER_2,STATE_HWY_IND,CALTRANS_COUNTY,CALTRANS_DISTRICT,STATE_ROUTE,ROUTE_SUFFIX,POSTMILE_PREFIX,POSTMILE,LOCATION_TYPE,RAMP_INTERSECTION,SIDE_OF_HWY,TOW_AWAY,COLLISION_SEVERITY,NUMBER_KILLED,NUMBER_INJURED,PARTY_COUNT,PRIMARY_COLL_FACTOR,PCF_CODE_OF_VIOL,PCF_VIOL_CATEGORY,PCF_VIOLATION,PCF_VIOL_SUBSECTION,HIT_AND_RUN,TYPE_OF_COLLISION,MVIW,PED_ACTION,ROAD_SURFACE,ROAD_COND_1,ROAD_COND_2,LIGHTING,CONTROL_DEVICE,CHP_ROAD_TYPE,PEDESTRIAN_ACCIDENT,BICYCLE_ACCIDENT,MOTORCYCLE_ACCIDENT,TRUCK_ACCIDENT,NOT_PRIVATE_PROPERTY,ALCOHOL_INVOLVED,STWD_VEHTYPE_AT_FAULT,CHP_VEHTYPE_AT_FAULT,COUNT_SEVERE_INJ,COUNT_VISIBLE_INJ,COUNT_COMPLAINT_PAIN,COUNT_PED_KILLED,COUNT_PED_INJURED,COUNT_BICYCLIST_KILLED,COUNT_BICYCLIST_INJURED,COUNT_MC_KILLED,COUNT_MC_INJURED,PRIMARY_RAMP,SECONDARY_RAMP,LATITUDE,LONGITUDE,COUNTY,CITY,POINT_X,POINT_Y
5911087,2013,2013-09-19,3711,2013-09-01,0333,4495,,7,5,7,3711,0,0,0,,0,123,"WEST MISSION BAY DR","SEA WORLD DR",1662.00,S,N,B,-,N,,,,,,,,,,N,1,1,0,2,A,-,17,21208,A,N,H,G,A,A,H,-,C,D,0,,Y,,,Y,Y,L,04,0,0,0,0,0,1,0,0,0,"- ","- ",,,"SAN DIEGO","SAN DIEGO",-117.2259476,32.758672500000003
5911184,2013,2015-01-14,9645,2013-08-09,2043,15664,,5,2,7,3711,0,1,1,,2,003,"RT 5","IMPERIAL AV",898.00,N,N,A,-,Y,SD,11,5,-,R,14.640,H,-,S,Y,1,1,0,2,A,-,11,21954,A,N,G,B,D,A,H,-,C,D,1,Y,,,,Y,Y,N,60,0,0,0,1,0,0,0,0,0,"- ","- ",32.707180000000001,-117.1478,"SAN DIEGO","SAN DIEGO",-117.1477601,32.707872399999999
5911338,2013,2014-04-16,3711,2013-09-28,2113,5051,,6,5,7,3711,0,0,0,,0,512,"NATIONAL AV","SOUTH 32 ND ST",374.00,E,N,A,-,N,,,,,,,,,,N,1,1,0,2,A,-,11,21954,A,N,G,B,D,A,H,-,C,D,0,Y,,,,Y,,N,60,0,0,0,1,0,0,0,0,0,"- ","- ",,,"SAN DIEGO","SAN DIEGO",-117.1241103,32.695954800000003
5911487,2013,2013-11-15,3711,2013-10-13,1833,5313,,7,5,7,3711,0,0,0,,0,115,"SCRIPPS ST","SCRIPPS WY",0.00,,Y,B,-,N,,,,,,,,,,N,1,1,0,2,A,-,11,21956,,N,G,B,E,A,H,-,B,D,0,Y,,,,Y,,N,60,0,0,0,1,0,0,0,0,0,"- ","- ",,,"SAN DIEGO","SAN DIEGO",-117.216082,32.849644900000001
5929039,2012,2014-01-15,3711,2012-12-03,0656,HB4694,,1,5,7,3711,0,0,0,,0,503,"SHELTER ISLAND DR","LIGHT POLE #SI1023",5.00,W,N,B,-,N,,,,,,,,,,N,3,0,1,2,A,-,11,21954,A,N,G,B,D,A,H,-,A,-,0,Y,,,,Y,,N,60,0,1,0,0,1,0,0,0,0,"- ","- ",,,"SAN DIEGO","SAN DIEGO",,
5932855,2013,2014-02-05,3711,2013-03-01,1533,4495,,5,5,7,3711,0,0,0,,0,834,"UNIVERSITY AV","VAN DYKE AV",0.00,,Y,A,-,N,,,,,,,,,,N,3,0,1,2,A,-,11,21950,B,N,G,B,B,A,H,-,A,A,0,Y,,,,Y,,N,60,0,1,0,0,1,0,0,0,0,"- ","- ",,,"SAN DIEGO","SAN DIEGO",-117.1032519,32.749634899999997
5948791,2013,2014-01-24,3711,2013-01-11,0935,4547,,5,5,7,3711,0,0,0,,0,627,"10TH AV","UNIVERSITY AV",64.00,S,N,A,-,N,,,,,,,,,,N,4,0,1,2,A,-,08,22107,,N,B,B,E,A,H,-,A,A,0,Y,,,,Y,,-,"- ",0,0,1,0,1,0,0,0,0,"- ","- ",,,"SAN DIEGO","SAN DIEGO",-117.15534220000001,32.748239599999998
5961293,2012,2014-01-14,3711,2012-12-31,1700,4654,,1,5,7,3711,0,0,0,,0,313,"CLAIREMONT MESA BL","SHAWLINE ST",0.00,,Y,A,-,N,,,,,,,,,,N,4,0,1,2,A,-,08,22107,,M,G,B,D,A,H,-,A,A,0,Y,,,,Y,Y,-,"- ",0,0,1,0,1,0,0,0,0,"- ","- ",,,"SAN DIEGO","SAN DIEGO",-117.16386197999999,32.832704800000002
5961475,2012,2014-01-07,3711,2012-11-02,1816,6491,,5,5,7,3711,0,0,0,,0,827,"LEA ST","54TH ST",0.00,,Y,A,-,N,,,,,,,,,,N,3,0,1,2,A,-,11,21453,D,N,G,B,B,A,H,-,C,A,0,Y,,,,Y,,N,60,0,1,0,0,1,0,0,0,0,"- ","- ",,,"SAN DIEGO","SAN DIEGO",-117.07957199000001,32.745874829999998
5961503,2012,2014-01-06,3711,2012-11-02,1454,5718,,5,5,7,3711,0,0,0,,0,234,"RANCHO BERNARDO RD","POMERADO RD",192.00,W,N,A,-,N,,,,,,,,,,N,4,0,1,2,A,-,21,22106,,N,G,B,E,A,H,-,A,D,0,Y,,,,Y,Y,-,"- ",0,0,1,0,1,0,0,0,0,"- ","- ",,,"SAN DIEGO","SAN DIEGO",-117.06167444,33.018716159999997
5969280,2012,2014-01-17,3711,2012-12-19,1727,6770,,3,5,7,3711,0,0,0,,0,446,"LOGAN AV","S 4TH ST",21.00,E,N,B,-,N,,,,,,,,,,N,4,0,1,2,A,-,11,21954,A,N,G,B,F,A,H,-,C,A,0,Y,,,,Y,,N,60,0,0,1,0,1,0,0,0,0,"- ","- ",,,"SAN DIEGO","SAN DIEGO",-117.10013386,32.69678476
5972602,2012,2013-12-21,3711,2012-10-10,1455,5655,,3,5,7,3711,0,0,0,,0,321,"MISSION GORGE RD","MISSION GORGE RD 5800",0.00,,-,A,-,N,,,,,,,,,,N,3,0,1,2,A,-,08,22107,,N,B,G,A,A,E,-,A,A,0,,Y,,,Y,,A,07,0,1,0,0,0,0,1,0,0,"- ","- ",,,"SAN DIEGO","SAN DIEGO",-117.10150123,32.780723809999998
5972730,2012,2014-01-13,3711,2012-12-30,1736,,,7,5,7,3711,0,0,0,,0,621,"LINDA VISTA RD","GENESEE AV",0.00,,Y,B,-,N,,,,,,,,,,,3,0,1,2,A,-,10,21950,A,N,G,B,B,B,H,-,C,A,0,Y,,,,Y,,-,"- ",0,1,0,0,1,0,0,0,0,"- ","- ",,,"SAN DIEGO","SAN DIEGO",-117.16600196,32.791554789999999
5972758,2012,2014-01-13,3711,2012-12-13,0053,5051,,4,5,7,3711,0,0,0,,0,122,"GARNET AV","EVERTS ST",0.00,,Y,B,-,N,,,,,,,,,,N,2,0,2,3,A,-,10,21950,A,F,G,B,B,A,H,-,C,D,0,Y,,,,Y,Y,A,01,1,0,1,0,2,0,0,0,0,"- ","- ",,,"SAN DIEGO","SAN DIEGO",-117.24820196,32.798164790000001
5972773,2012,2014-01-13,3711,2012-12-16,1710,4337,,7,5,7,3711,0,0,0,,0,234,"POMERADO RD","PASEO MONTE BATALLA",15.00,S,-,B,-,N,,,,,,,,,,N,4,0,1,2,A,-,17,21461,A,N,H,G,A,A,H,-,C,A,0,,Y,,,Y,Y,-,"- ",0,0,1,0,0,0,1,0,0,"- ","- ",,,"SAN DIEGO","SAN DIEGO",-117.06723977999999,33.05282819
5972788,2012,2014-01-09,9645,2012-12-15,2339,19496,,6,3,7,3711,0,1,1,,2,010,"RT 8","SPORTS ARENA BL",2690.00,E,N,A,-,Y,SD,11,8,-,L,1.780,H,-,W,,2,0,1,2,A,-,11,21954,A,N,G,B,D,A,H,-,D,D,1,Y,,,,Y,,N,60,1,0,0,0,1,0,0,0,0,"- ","- ",32.757930000000002,-117.21894,"SAN DIEGO","SAN DIEGO",-117.2151387,32.758460829999997
5974092,2013,2014-01-21,3711,2013-01-28,1107,5683,,1,5,7,3711,0,0,0,,0,622,"CAMINO SAN DIEGO","MARIAN WY",6.00,E,N,A,-,N,,,,,,,,,,N,3,0,1,2,A,-,08,22107,,N,G,B,D,A,H,-,A,A,0,Y,,,,Y,,-,"- ",0,1,0,0,1,0,0,0,0,"- ","- ",,,"SAN DIEGO","SAN DIEGO",-117.19064,32.770578
5974118,2013,2014-01-21,3711,2013-01-25,1839,4495,,5,5,7,3711,0,0,0,,0,512,"IMPERIAL AV","17TH ST",232.00,E,N,B,C,N,,,,,,,,,,Y,3,0,1,2,A,-,11,21954,A,N,G,B,D,B,H,-,D,D,0,Y,,,,Y,Y,N,60,0,1,0,0,1,0,0,0,0,"- ","- ",,,"SAN DIEGO","SAN DIEGO",-117.1478109,32.706262600000002
5974123,2013,2014-01-24,3711,2013-01-17,1758,4243,,4,5,7,3711,0,0,0,,0,824,"EL CAJON BL","ALTADENA AV",117.00,E,N,A,-,N,,,,,,,,,,N,2,0,1,2,A,-,11,21954,A,N,G,B,D,A,H,-,C,D,0,Y,,,,Y,,N,60,1,0,0,0,1,0,0,0,0,"- ","- ",,,"SAN DIEGO","SAN DIEGO",-117.0853978,32.757037699999998
5974134,2013,2014-03-28,3711,2013-01-30,1852,4421,,3,5,7,3711,0,0,0,,0,933,"DEL MAR HEIGHTS RD","MANGO DR",0.00,,Y,A,-,N,,,,,,,,,,N,3,0,1,2,A,-,08,22107,,N,D,G,A,A,H,-,C,A,0,,Y,,,Y,,-,"- ",0,1,0,0,0,0,1,0,0,"- ","- ",,,"SAN DIEGO","SAN DIEGO",-117.247452,32.948724900000002
5975782,2013,2014-01-23,3711,2013-01-28,1945,4653,,1,5,7,3711,0,0,0,,0,232,"CARMEL MOUNTAIN RD","RANCHO CARMEL DR",0.00,,Y,A,-,N,,,,,,,,,,N,2,0,1,2,A,-,11,21456,B,F,G,B,D,A,H,-,C,A,0,Y,,,,Y,,N,60,1,0,0,0,1,0,0,0,0,"- ","- ",,,"SAN DIEGO","SAN DIEGO",-117.082052,32.979034900000002
5976310,2013,2014-01-23,3711,2013-01-03,1355,3746,,4,5,7,3711,0,0,0,,0,526,"6TH AV","ASH ST",0.00,,Y,A,-,N,,,,,,,,,,N,3,0,2,3,A,-,11,21950,B,N,G,B,B,A,H,-,A,A,0,Y,,,,Y,,N,60,0,1,1,0,2,0,0,0,0,"- ","- ",,,"SAN DIEGO","SAN DIEGO",-117.159352,32.719864800000003
5977350,2013,2014-01-24,3711,2013-01-27,1710,3432,,7,5,7,3711,0,0,0,,0,124,"LA JOLLA PKWY","LA JOLLA SCENIC DR",450.00,W,N,B,-,N,,,,,,,,,,N,3,0,1,2,A,-,03,22350,,N,C,G,A,A,H,-,A,D,0,,Y,,,Y,,-,"- ",0,1,0,0,0,0,1,0,0,"- ","- ",,,"SAN DIEGO","SAN DIEGO",-117.24499673,32.847190269999999
5977354,2013,2014-01-24,3711,2013-01-25,1755,6919,,5,5,7,3711,0,0,0,,0,623,"FRIARS RD","FASHION VALLEY RD",300.00,W,N,C,-,N,,,,,,,,,,N,3,0,1,2,A,-,11,21954,A,N,G,B,D,B,H,-,C,-,0,Y,,,,Y,,N,60,0,1,0,0,1,0,0,0,0,"- ","- ",,,"SAN DIEGO","SAN DIEGO",-117.17249990000001,32.768360999999999
5981505,2013,2014-01-18,3711,2013-01-03,1515,6564,,4,5,7,3711,0,0,0,,0,625,"JUAN ST","TAYLOR ST",0.00,,Y,A,-,N,,,,,,,,,,N,4,0,1,2,A,-,09,21801,A,N,D,G,A,A,H,-,A,A,0,,Y,,,Y,,A,07,0,0,1,0,0,0,1,0,0,"- ","- ",32.756549999999997,-117.19897,"SAN DIEGO","SAN DIEGO",-117.19862190000001,32.756764799999999
5988187,2013,2014-02-10,3711,2013-03-09,1925,4939,,6,5,7,3711,0,0,0,,0,828,"EUCLID AV","LANDIS ST",5.00,N,N,A,-,N,,,,,,,,,,N,3,0,1,2,A,-,12,22450,,M,B,G,A,A,H,-,C,D,0,,Y,,,Y,,-,"- ",0,1,0,0,0,0,1,0,0,"- ","- ",,,"SAN DIEGO","SAN DIEGO",-117.09234170000001,32.745878500000003
5988239,2013,2014-02-07,3711,2013-03-05,1157,6954,,2,5,7,3711,0,0,0,,0,512,"NATIONAL AV","NATIONAL AV 3300",65.00,N,N,B,-,N,,,,,,,,,,N,3,0,1,2,A,-,05,21651,B,N,H,G,A,A,H,-,A,D,0,,Y,,,Y,,L,04,0,1,0,0,0,0,1,0,0,"- ","- ",,,"SAN DIEGO","SAN DIEGO",,
5990832,2013,2014-01-30,3711,2013-02-14,1105,4965,,4,5,7,3711,0,0,0,,0,627,"W UNIVERSITY AV","W UNIVERSITY AV 100",5.00,S,N,A,-,N,,,,,,,,,,N,3,0,1,2,A,-,06,21755,,N,B,G,A,-,H,-,A,D,0,,Y,,,Y,,L,04,0,1,0,0,0,0,1,0,0,"- ","- ",,,"SAN DIEGO","SAN DIEGO",,
5991204,2013,2014-01-30,3711,2013-02-27,1150,6938,,3,5,7,3711,0,0,0,,0,627,"8TH AV","UNIVERSITY AV",222.00,N,N,A,-,N,,,,,,,,,,N,4,0,1,2,A,-,11,21954,A,N,G,B,D,A,H,-,A,D,0,Y,,,,Y,,N,60,0,0,1,0,1,0,0,0,0,"- ","- ",,,"SAN DIEGO","SAN DIEGO",-117.1574519,32.748992899999998
5991263,2013,2014-01-30,3711,2013-02-28,2040,4523,,4,5,7,3711,0,0,0,,0,124,"LA JOLLA SHORES DR","DOWNWIND WY",528.00,,N,A,-,N,,,,,,,,,,N,4,0,1,2,A,-,08,22107,,N,B,G,A,A,H,-,D,D,0,,Y,,,Y,,-,"- ",0,0,1,0,0,0,1,0,0,"- ","- ",,,"SAN DIEGO","SAN DIEGO",,
5995605,2013,2014-02-03,3711,2013-02-11,0640,6357,"SAN D",1,5,7,3711,0,0,0,,0,525,"BROADWAY CIR","BROADWAY PL",0.00,,N,A,-,N,,,,,,,,,,N,2,0,1,2,A,-,21,22106,,N,G,B,D,A,H,-,A,D,0,Y,,,,Y,,A,01,1,0,0,0,1,0,0,0,0,"- ","- ",32.714950000000002,-117.16209000000001,"SAN DIEGO","SAN DIEGO",-117.162902,32.7156448
5995634,2013,2014-01-31,3711,2013-02-13,1250,6836,,3,5,7,3711,0,0,0,,0,313,"SHAWLINE ST","CLAIREMONT MESA BL",435.00,S,N,A,-,N,,,,,,,,,,N,3,0,1,2,A,-,11,21954,A,F,H,G,A,A,H,-,A,D,0,,Y,,,Y,,L,04,0,1,0,0,0,0,1,0,0,"- ","- ",,,"SAN DIEGO","SAN DIEGO",-117.1638482,32.831513600000001
5997725,2013,2014-01-30,3711,2013-02-25,2015,5051,,1,5,7,3711,0,0,0,,0,627,"6TH AV","EVANS PL",39.00,S,N,A,-,N,,,,,,,,,,N,2,0,1,2,A,-,03,22350,,F,G,B,D,A,H,-,C,D,0,Y,,,,Y,,-,99,1,0,0,0,1,0,0,0,0,"- ","- ",,,"SAN DIEGO","SAN DIEGO",-117.15954189999999,32.745927899999998
5998057,2013,2014-11-06,9645,2013-02-21,0600,13111,,4,1,7,3711,0,1,1,,2,019,"RT 15","W BERNARDO POMERADO RD",2112.00,N,N,A,-,Y,SD,11,15,-,M,26.420,H,-,N,N,3,0,1,2,A,-,08,22107,,N,C,G,A,A,H,-,B,A,1,,Y,,,Y,,A,01,0,1,0,0,0,0,1,0,0,"- ","- ",,,"SAN DIEGO","SAN DIEGO",-117.0690231,33.061547300000001
6000312,2013,2014-01-17,3711,2013-01-11,1916,6872,,5,5,7,3711,0,0,0,,0,621,"LINDA VISTA RD","VIA LAS CUMBRES",111.00,E,N,A,-,N,,,,,,,,,,N,3,0,1,2,A,-,11,21950,B,N,G,B,D,A,H,-,C,A,0,Y,,,,Y,Y,N,60,0,1,0,0,1,0,0,0,0,"- ","- ",,,"SAN DIEGO","SAN DIEGO",-117.1803085,32.771858899999998
6001289,2013,2014-01-28,3711,2013-01-14,1830,6307,,1,5,7,3711,0,0,0,,0,627,"REYNARD WY","W BROOKS",110.00,S,N,A,-,N,,,,,,,,,,N,4,0,1,2,A,-,21,22106,,N,C,B,D,A,H,-,C,D,0,Y,,,,Y,Y,-,"- ",0,0,1,0,1,0,0,0,0,"- ","- ",,,"SAN DIEGO","SAN DIEGO",-117.170896,32.742867500000003
6003009,2013,2014-01-31,3711,2013-02-21,1450,4897,,4,5,7,3711,0,0,0,,0,834,"THORN ST","FAIRMOUNT AV",0.00,,Y,B,-,N,,,,,,,,,,N,3,0,1,2,A,-,10,21950,A,N,G,B,B,A,H,-,A,A,0,Y,,,,Y,,A,08,0,1,0,0,1,0,0,0,0,"- ","- ",,,"SAN DIEGO","SAN DIEGO",-117.100982,32.7402649
6003013,2013,2014-01-31,3711,2013-02-20,1715,6890,,3,5,7,3711,0,0,0,,0,627,"3RD AV","UNIVERSITY AV",30.00,S,N,A,-,N,,,,,,,,,,N,4,0,1,2,A,-,05,21651,B,N,A,B,D,A,H,-,A,A,0,Y,,,,Y,,-,"- ",0,0,1,0,1,0,0,0,0,"- ","- ",,,"SAN DIEGO","SAN DIEGO",-117.1627897,32.7481826
6003021,2013,2014-01-31,3711,2013-02-21,1845,6418,SD,4,5,7,3711,0,0,0,,0,115,"REGENTS RD","NOBEL DR",26.00,S,N,B,-,N,,,,,,,,,,N,4,0,1,2,A,-,11,21950,B,N,G,B,D,B,H,-,C,A,0,Y,,,,Y,,N,60,0,0,1,0,1,0,0,0,0,"- ","- ",,,"SAN DIEGO","SAN DIEGO",-117.2192386,32.867430599999999
6004090,2013,2014-01-31,3711,2013-02-25,1950,5945,,1,5,7,3711,0,0,0,,0,627,LINCOLN,"CLEVELAND AV",0.00,,Y,A,-,N,,,,,,,,,,N,4,0,1,2,A,-,09,21801,A,N,F,B,B,A,H,-,B,A,0,Y,,,,Y,,-,"- ",0,0,1,0,1,0,0,0,0,"- ","- ",,,"SAN DIEGO","SAN DIEGO",-117.149272,32.751294799999997
6004264,2013,2014-01-29,3711,2013-02-07,1120,6614,,4,5,7,3711,0,0,0,,0,123,"INGRAHAM ST","INGRAHAM ST 3200",250.00,S,N,A,-,N,,,,,,,,,,N,3,0,1,2,A,-,08,22107,,N,B,G,A,A,H,-,A,A,0,,Y,,,Y,,L,04,0,1,0,0,0,0,1,0,0,"- ","- ",,,"SAN DIEGO","SAN DIEGO",,
6008446,2013,2014-01-24,3711,2013-01-14,1426,5197,,1,5,7,3711,0,0,0,,0,526,"9TH AV","ASH ST",4.00,S,N,A,-,N,,,,,,,,,,N,4,0,1,2,A,-,09,21800,A,N,D,G,A,A,H,-,A,A,0,,Y,,,Y,,A,01,0,0,1,0,0,0,1,0,0,"- ","- ",,,"SAN DIEGO","SAN DIEGO",-117.156542,32.719873800000002
6013451,2013,2014-02-08,3711,2013-03-19,1600,6835,,2,5,7,3711,0,0,0,,0,628,"HANCOCK ST","WEST WASHINGTON ST",2.00,E,N,A,-,N,,,,,,,,,,N,4,0,1,2,A,-,05,21202,A,N,D,G,A,A,H,-,A,A,0,,Y,,,Y,,L,04,0,0,1,0,0,0,1,0,0,"- ","- ",,,"SAN DIEGO","SAN DIEGO",-117.1833163,32.741992000000003
6017692,2013,2014-02-03,3711,2013-03-25,1900,5051,,1,5,7,3711,0,0,0,,0,813,"ARIZONA ST","MEADE AV",0.00,,Y,A,-,N,,,,,,,,,,N,3,0,1,2,D,-,00,,,M,D,G,A,A,H,-,B,D,0,,Y,,,Y,,-,"- ",0,1,0,0,0,0,1,0,0,"- ","- ",,,"SAN DIEGO","SAN DIEGO",-117.1376219,32.757244900000003
6017728,2013,2014-02-03,3711,2013-03-22,1942,4495,,5,5,7,3711,0,0,0,,0,512,"IMPERIAL AV","EVANS ST",60.00,W,N,A,-,N,,,,,,,,,,N,3,0,1,2,A,-,17,22517,,N,B,G,A,A,H,-,C,D,0,,Y,,,Y,,A,01,0,1,0,0,0,0,1,0,0,"- ","- ",,,"SAN DIEGO","SAN DIEGO",-117.1357162,32.706341100000003
6017859,2013,2014-02-04,3711,2013-03-22,1151,6949,,5,5,7,3711,0,0,0,,0,433,"65TH ST","IMPERIAL AV",0.00,,Y,A,-,N,,,,,,,,,,N,3,0,2,4,A,-,21,22106,,N,G,B,E,A,H,-,A,D,0,Y,,,,Y,,-,"- ",0,2,0,0,2,0,0,0,0,"- ","- ",,,"SAN DIEGO","SAN DIEGO",-117.0580119,32.710574800000003
6017884,2013,2014-02-04,3711,2013-03-05,1837,6292,,2,5,7,3711,0,0,0,,0,437,"BROOKHAVEN RD","SATINWOOD WY",207.00,W,N,A,-,N,,,,,,,,,,N,2,0,2,3,A,-,11,21954,A,N,G,B,D,A,H,-,D,D,0,Y,,,,Y,,N,60,1,1,0,0,2,0,0,0,0,"- ","- ",,,"SAN DIEGO","SAN DIEGO",-117.03095466000001,32.697805610000003
6020227,2013,2014-02-07,3711,2013-03-20,0628,5600,,3,5,7,3711,0,0,0,,0,445,"MARKET ST","COTTON ST",63.00,W,N,A,-,N,,,,,,,,,,Y,2,0,1,2,A,-,11,21954,A,N,G,B,D,A,H,-,C,D,0,Y,,,,Y,,N,60,1,0,0,0,1,0,0,0,0,"- ","- ",,,"SAN DIEGO","SAN DIEGO",-117.09516600000001,32.711424800000003
6024169,2013,2014-10-08,3711,2013-03-30,1555,6811,SD,6,5,7,3711,0,0,0,,0,324,"NAVAJO RD","BISBY LAKE AV",0.00,,Y,A,-,N,,,,,,,,,,N,3,0,2,3,A,-,17,21451,A,N,D,G,A,A,H,-,A,A,0,,Y,,,Y,,-,"- ",0,2,0,0,0,0,2,0,0,"- ","- ",,,"SAN DIEGO","SAN DIEGO",-117.0136919,32.803104900000001
6026596,2013,2014-02-05,3711,2013-03-27,2050,6971,,3,5,7,3711,0,0,0,,0,813,"30TH ST","LINCOLN AV",0.00,,Y,A,-,N,,,,,,,,,,N,4,0,1,2,A,-,10,21950,A,M,G,B,B,A,H,-,C,A,0,Y,,,,Y,,-,"- ",0,0,1,0,1,0,0,0,0,"- ","- ",,,"SAN DIEGO","SAN DIEGO",-117.1301619,32.750294799999999
6027684,2013,2014-02-05,3711,2013-03-29,1715,3873,,5,5,7,3711,0,0,0,,0,615,"NIMITZ BL","LOCUST ST",0.00,,Y,A,-,N,,,,,,,,,,N,4,0,1,2,A,-,12,22450,,N,D,G,A,A,H,-,A,D,0,,Y,,,Y,,-,"- ",0,0,1,0,0,0,1,0,0,"- ","- ",,,"SAN DIEGO","SAN DIEGO",-117.2268619,32.729174800000003
6028867,2013,2014-02-13,3711,2013-04-03,2106,6312,,3,5,7,3711,0,0,0,,0,433,"63RD ST","BROADWAY AV",60.00,S,N,A,-,Y,,,,,,,,,,N,3,0,1,2,-,-,"- ",,,N,G,B,E,A,H,-,C,-,0,Y,,,,Y,,-,"- ",0,1,0,0,1,0,0,0,0,"- ","- ",,,"SAN DIEGO","SAN DIEGO",-117.0625419,32.715710399999999
6032763,2013,2014-02-12,3711,2013-04-06,2008,4495,,6,5,7,3711,0,0,0,,0,512,"COMMERCIAL ST","24TH ST",118.00,W,N,A,-,N,,,,,,,,,,N,2,0,1,2,A,-,11,21954,A,N,G,B,E,A,H,-,C,D,0,Y,,,,Y,,N,60,1,0,0,0,1,0,0,0,0,"- ","- ",,,"SAN DIEGO","SAN DIEGO",-117.1428142,32.705212299999999
6033388,2013,2014-02-08,3711,2013-03-25,0820,5061,,1,5,7,3711,0,0,0,,0,838,"39TH ST","UNIVERSITY AV",281.00,N,N,A,-,N,,,,,,,,,,N,2,0,1,2,A,-,11,21954,A,N,G,B,D,A,H,-,A,D,0,Y,,,,Y,,N,60,1,0,0,0,1,0,0,0,0,"- ","- ",,,"SAN DIEGO","SAN DIEGO",-117.1106546,32.750454300000001
6044742,2013,2014-02-12,3711,2013-04-12,1500,6151,,5,5,7,3711,0,0,0,,0,313,"CLAIREMONT MESA BL","KEARNY VILLA RD",264.00,E,N,A,-,N,,,,,,,,,,N,4,0,1,2,A,-,"- ",,,N,G,B,D,A,H,-,A,D,0,Y,,,,Y,,-,"- ",0,0,1,0,1,0,0,0,0,"- ","- ",,,"SAN DIEGO","SAN DIEGO",-117.137553,32.831357400000002
6044750,2013,2014-05-22,3711,2013-04-12,1535,6852,,5,5,7,3711,0,0,0,,0,312,"HOLDER WY","HOLDER WY 10200",10.00,E,N,A,-,N,,,,,,,,,,N,3,0,1,2,A,-,21,22106,,N,G,B,E,A,H,-,A,-,0,Y,,,,Y,,-,"- ",0,1,0,0,1,0,0,0,0,"- ","- ",,,"SAN DIEGO","SAN DIEGO",,
6044783,2013,2014-02-13,3711,2013-04-14,1850,6767,SD,7,5,7,3711,0,0,0,,0,433,"TREEWOOD ST",SWEETWOOD,177.00,W,N,B,-,N,,,,,,,,,,N,3,0,1,2,A,-,11,21954,A,N,G,B,E,A,H,-,A,D,0,Y,,,,Y,,N,60,0,1,0,0,1,0,0,0,0,"- ","- ",,,"SAN DIEGO","SAN DIEGO",-117.0570355,32.707926399999998
6044794,2013,2014-02-12,3711,2013-04-13,0119,6946,,6,5,7,3711,0,0,0,,0,824,"EL CAJON BL","WINONA AV",40.00,E,N,A,-,N,,,,,,,,,,N,3,0,1,2,A,-,11,21955,,M,F,B,D,A,H,-,C,D,0,Y,,,,Y,Y,N,60,0,1,0,0,1,0,0,0,0,"- ","- ",,,"SAN DIEGO","SAN DIEGO",-117.0878041,32.756683500000001
6048668,2013,2014-02-12,3711,2013-04-25,0750,4867,,4,5,7,3711,0,0,0,,0,611,"JEFFERSON ST","GAINES ST",8.00,N,N,B,-,N,,,,,,,,,,N,4,0,1,2,A,-,11,21954,A,N,D,B,D,A,H,-,A,D,0,Y,,,,Y,,N,60,0,0,1,0,1,0,0,0,0,"- ","- ",,,"SAN DIEGO","SAN DIEGO",-117.2028924,32.755228199999998
6060365,2013,2014-02-13,3711,2013-04-16,1730,4505,,2,5,7,3711,0,0,0,,0,931,"SUMMERS RIDGE RD","CAMINO SANTA FE",0.00,,Y,A,-,N,,,,,,,,,,N,3,0,1,1,A,-,03,22350,,N,F,G,A,A,H,-,A,A,0,,Y,,,Y,,L,04,0,1,0,0,0,0,1,0,0,"- ","- ",,,"SAN DIEGO","SAN DIEGO",-117.1678199,32.89462005
6060864,2013,2014-02-19,3711,2013-04-23,0830,6614,,2,5,7,3711,0,0,0,,0,112,"MT ALADIN","3600 MT ALADIN",2.00,W,N,A,-,N,,,,,,,,,,N,3,0,1,2,A,-,09,21804,A,N,D,G,A,A,H,-,A,D,0,,Y,,,Y,,-,"- ",0,1,0,0,0,0,1,0,0,"- ","- ",,,"SAN DIEGO","SAN DIEGO",,
6060898,2013,2014-02-20,3711,2013-04-19,1643,6565,,5,5,7,3711,0,0,0,,0,443,"S 40TH ST","COTTONWOOD ST",15.00,S,N,A,-,N,,,,,,,,,,N,4,0,1,2,A,-,08,22107,,N,H,G,A,A,H,-,A,D,0,,Y,,,Y,,-,"- ",0,0,1,0,0,0,1,0,0,"- ","- ",,,"SAN DIEGO","SAN DIEGO",-117.1076178,32.684955500000001