CASE_ID,ACCIDENT_YEAR,PROC_DATE,JURIS,COLLISION_DATE,COLLISION_TIME,OFFICER_ID,REPORTING_DISTRICT,DAY_OF_WEEK,CHP_SHIFT,POPULATION,CNTY_CITY_LOC,SPECIAL_COND,BEAT_TYPE,CHP_BEAT_TYPE,CITY_DIVISION_LAPD,CHP_BEAT_CLASS,BEAT_NUMBER,PRIMARY_RD,SECONDARY_RD,DISTANCE,DIRECTION,INTERSECTION,WEATHER_1,WEATHER_2,STATE_HWY_IND,CALTRANS_COUNTY,CALTRANS_DISTRICT,STATE_ROUTE,ROUTE_SUFFIX,POSTMILE_PREFIX,POSTMILE,LOCATION_TYPE,RAMP_INTERSECTION,SIDE_OF_HWY,TOW_AWAY,COLLISION_SEVERITY,NUMBER_KILLED,NUMBER_INJURED,PARTY_COUNT,PRIMARY_COLL_FACTOR,PCF_CODE_OF_VIOL,PCF_VIOL_CATEGORY,PCF_VIOLATION,PCF_VIOL_SUBSECTION,HIT_AND_RUN,TYPE_OF_COLLISION,MVIW,PED_ACTION,ROAD_SURFACE,ROAD_COND_1,ROAD_COND_2,LIGHTING,CONTROL_DEVICE,CHP_ROAD_TYPE,PEDESTRIAN_ACCIDENT,BICYCLE_ACCIDENT,MOTORCYCLE_ACCIDENT,TRUCK_ACCIDENT,NOT_PRIVATE_PROPERTY,ALCOHOL_INVOLVED,STWD_VEHTYPE_AT_FAULT,CHP_VEHTYPE_AT_FAULT,COUNT_SEVERE_INJ,COUNT_VISIBLE_INJ,COUNT_COMPLAINT_PAIN,COUNT_PED_KILLED,COUNT_PED_INJURED,COUNT_BICYCLIST_KILLED,COUNT_BICYCLIST_INJURED,COUNT_MC_KILLED,COUNT_MC_INJURED,PRIMARY_RAMP,SECONDARY_RAMP,LATITUDE,LONGITUDE,COUNTY,CITY,POINT_X,POINT_Y
6068467,2013,2014-02-21,3711,2013-04-17,0303,4310,,3,5,7,3711,0,0,0,,0,436,"SKYLINE DR","TUTHER WY",20.00,W,N,A,-,N,,,,,,,,,,N,4,0,1,2,A,-,11,21955,,F,G,B,E,A,H,-,C,A,0,Y,,,,Y,,N,60,0,0,1,0,1,0,0,0,0,"- ","- ",,,"SAN DIEGO","SAN DIEGO",-117.0474754,32.702704199999999
6068627,2013,2014-02-24,3711,2013-05-02,1401,6417,,4,5,7,3711,0,0,0,,0,521,"IMPERIAL AV","15TH ST",0.00,,Y,A,-,N,,,,,,,,,,N,4,0,2,3,A,-,05,21460,A,N,D,B,D,A,H,-,A,D,0,Y,,,,Y,,-,"- ",0,0,2,0,1,0,0,0,0,"- ","- ",,,"SAN DIEGO","SAN DIEGO",-117.15038199999999,32.706234799999997
6072259,2013,2014-02-27,3711,2013-05-02,1425,5762,,4,5,7,3711,0,0,0,,0,312,"TIERRASANTA BL","RUEDA DR",0.00,,Y,A,-,N,,,,,,,,,,N,3,0,1,2,A,-,08,22107,,N,D,G,A,A,H,-,A,A,0,,Y,,,Y,,L,04,0,1,0,0,0,0,1,0,0,"- ","- ",,,"SAN DIEGO","SAN DIEGO",-117.0938519,32.8176749
6073220,2013,2014-03-01,3711,2013-06-03,1739,6786,,1,5,7,3711,0,0,0,,0,937,"CAMINITO SANTA LUZ W","DOUG HILL",0.00,,Y,A,-,N,,,,,,,,,,N,3,0,1,2,A,-,03,22350,,N,D,G,A,A,H,-,A,D,0,,Y,Y,,Y,,C,02,0,1,0,0,0,0,1,0,0,"- ","- ",,,"SAN DIEGO","SAN DIEGO",-117.15315996,32.987170050000003
6079839,2013,2014-02-21,3711,2013-05-16,1907,6445,,4,5,7,3711,0,0,0,,0,451,"54TH ST","MARVIN ST",20.00,S,N,A,-,N,,,,,,,,,,N,4,0,1,3,A,-,08,22107,,M,A,B,F,A,H,-,A,A,0,Y,,,,Y,,-,"- ",0,0,1,0,1,0,0,0,0,"- ","- ",,,"SAN DIEGO","SAN DIEGO",-117.07956254,32.741196539999997
6082736,2013,2014-02-22,3711,2013-05-25,1450,6960,,6,5,7,3711,0,0,0,,0,521,"G ST","14TH ST",30.00,E,N,A,-,N,,,,,,,,,,N,3,0,1,2,A,-,10,21950,A,N,G,B,B,A,H,-,A,A,0,Y,,,,Y,,-,"- ",0,1,0,0,1,0,0,0,0,"- ","- ",,,"SAN DIEGO","SAN DIEGO",-117.1518947,32.712575399999999
6082806,2013,2014-02-25,3711,2013-05-23,1446,5757,,4,5,7,3711,0,0,0,,0,618,"SUNSET CLIFFS BL","OSPREY ST",0.00,,Y,B,-,N,,,,,,,,,,N,3,0,1,2,A,-,09,21801,A,N,D,G,A,A,H,-,A,D,0,,Y,,,Y,,-,"- ",0,1,0,0,0,0,1,0,0,"- ","- ",,,"SAN DIEGO","SAN DIEGO",-117.2559919,32.732494799999998
6082813,2013,2014-03-21,3711,2013-05-24,1839,5259,,5,5,7,3711,0,0,0,,0,311,"SANDROCK DR","MURRAY RIDGE",0.00,,Y,A,-,N,,,,,,,,,,N,4,0,2,3,A,-,10,21950,A,N,G,B,B,A,H,-,A,A,0,Y,,Y,,Y,,C,06,0,0,2,0,2,0,0,0,0,"- ","- ",,,"SAN DIEGO","SAN DIEGO",-117.140022,32.804364900000003
6100788,2013,2014-03-01,3711,2013-06-09,1135,6560,SD,7,5,7,3711,0,0,0,,0,721,"LINDA VISTA RD","ULRIC ST",528.00,S,N,A,-,N,,,,,,,,,,N,4,0,1,2,A,-,21,22106,,N,G,B,F,A,H,-,A,D,0,Y,,,,Y,Y,-,"- ",0,0,1,0,1,0,0,0,0,"- ","- ",,,"SAN DIEGO","SAN DIEGO",-117.1709936,32.785177099999999
6100829,2013,2014-03-01,3711,2013-06-04,0635,5226,,2,5,7,3711,0,0,0,,0,511,"MAIN ST","SOUTH 32ND ST",126.00,E,N,A,-,N,,,,,,,,,,N,4,0,1,2,A,-,07,21658,A,M,G,B,E,A,H,-,A,A,0,Y,,,,Y,Y,-,"- ",0,0,1,0,1,0,0,0,0,"- ","- ",,,"SAN DIEGO","SAN DIEGO",-117.1250024,32.692149700000002
6103664,2013,2014-03-01,3711,2013-06-02,0015,6626,,7,5,7,3711,0,0,0,,0,441,"OCEAN VIEW BL","OCEAN VIEW BL 3500",7.00,N,N,A,-,N,,,,,,,,,,N,4,0,1,2,A,-,00,20002,,N,G,B,E,A,-,-,C,A,0,Y,,,,Y,,-,"- ",0,0,1,0,1,0,0,0,0,"- ","- ",,,"SAN DIEGO","SAN DIEGO",,
6112492,2013,2014-03-04,3711,2013-06-12,1630,4864,,3,5,7,3711,0,0,0,,0,312,"BORDELON ST","COLLETT WY",528.00,W,N,A,-,N,,,,,,,,,,N,2,0,1,2,B,-,22,,,N,G,B,E,A,H,-,A,D,0,Y,,,,Y,,N,60,1,0,0,0,1,0,0,0,0,"- ","- ",,,"SAN DIEGO","SAN DIEGO",-117.1116722,32.813940700000003
6116350,2013,2014-02-28,3711,2013-06-14,1310,6871,,5,5,7,3711,0,0,0,,0,712,"DAIRY MART RD","WEST SAN YSIDRO BL",0.00,,Y,A,-,N,,,,,,,,,,N,4,0,1,2,A,-,08,22107,,N,G,G,A,A,H,-,A,A,0,,Y,,,Y,,-,"- ",0,0,1,0,0,0,1,0,0,"- ","- ",,,"SAN DIEGO","SAN DIEGO",-117.0624019,32.5595748
6116362,2013,2014-02-28,3711,2013-06-09,2116,6553,,7,5,7,3711,0,0,0,,0,831,"FAIRMOUNT AV","POLK AV",0.00,,Y,A,-,N,,,,,,,,,,Y,2,0,1,2,A,-,10,21950,A,N,G,B,B,A,H,-,C,D,0,Y,,,,Y,,A,01,1,0,0,0,1,0,0,0,0,"- ","- ",,,"SAN DIEGO","SAN DIEGO",-117.1008719,32.751424900000004
6119552,2013,2014-03-04,3711,2013-06-27,0710,6555,,4,5,7,3711,0,0,0,,0,838,"EL CAJON BL","37TH ST",0.00,,Y,A,-,N,,,,,,,,,,N,4,0,1,2,A,-,10,21950,A,N,-,B,B,A,H,-,A,A,0,Y,,,,Y,,-,"- ",0,0,1,0,1,0,0,0,0,"- ","- ",,,"SAN DIEGO","SAN DIEGO",-117.11365189999999,32.755274900000003
6119898,2013,2014-03-07,3711,2013-06-28,1917,4495,,5,5,7,3711,0,0,0,,0,123,"EAST MISSION BAY DR","FIESTA ISLAND RD",1584.00,N,N,A,-,N,,,,,,,,,,Y,3,0,1,3,A,-,08,22107,,N,G,B,E,A,H,-,A,D,0,Y,,,,Y,,A,01,0,1,0,0,1,0,0,0,0,"- ","- ",,,"SAN DIEGO","SAN DIEGO",-117.2080594,32.772649199999996
6124134,2013,2014-03-03,3711,2013-06-18,1330,5202,,2,5,7,3711,0,0,0,,0,114,"CLAIREMONT MESA BL","DIAMOND ST",0.00,,Y,A,-,N,,,,,,,,,,N,3,0,1,2,A,-,11,21456,B,N,G,B,B,A,H,-,A,A,0,Y,,,,Y,,N,60,0,1,0,0,1,0,0,0,0,"- ","- ",,,"SAN DIEGO","SAN DIEGO",,
6124950,2013,2014-03-04,3711,2013-06-26,1450,6696,,3,5,7,3711,0,0,0,,0,826,"EL CAJON BL","52ND ST",6.00,E,N,A,-,Y,,,,,,,,,,N,4,0,1,2,A,-,12,21453,A,N,D,G,A,A,H,-,A,A,0,,Y,,,Y,,L,04,0,0,1,0,0,0,1,0,0,"- ","- ",,,"SAN DIEGO","SAN DIEGO",-117.0836127,32.757287400000003
6129846,2013,2014-03-04,3711,2013-06-18,2130,5989,,2,5,7,3711,0,0,0,,0,122,"CASS ST","GARNET AV",0.00,,Y,A,-,N,,,,,,,,,,N,3,0,1,2,A,-,09,21801,A,N,G,B,B,A,H,-,C,A,0,Y,,,,Y,,-,"- ",0,1,0,0,1,0,0,0,0,"- ","- ",,,"SAN DIEGO","SAN DIEGO",-117.251852,32.797374900000001
6129850,2013,2014-03-04,3711,2013-06-19,0815,6204,,3,5,7,3711,0,0,0,,0,313,"CONVOY ST","ENGINEER RD",225.00,S,N,A,-,N,,,,,,,,,,N,3,0,1,2,A,-,17,22517,,N,B,G,A,A,H,-,A,D,0,,Y,,,Y,,-,"- ",0,1,0,0,0,0,1,0,0,"- ","- ",,,"SAN DIEGO","SAN DIEGO",-117.15461139999999,32.826212699999999
6131574,2013,2014-03-11,3711,2013-07-02,1820,5840,,2,5,7,3711,0,0,0,,0,625,"TWIGGS ST","CONGRESS ST",183.00,E,N,A,-,N,,,,,,,,,,N,4,0,1,2,A,-,10,21952,,N,B,B,F,A,H,-,A,D,0,Y,,,,Y,,-,"- ",0,0,1,0,1,0,0,0,0,"- ","- ",,,"SAN DIEGO","SAN DIEGO",-117.1961975,32.7529422
6132015,2013,2014-03-12,3711,2013-07-02,1315,6812,,2,5,7,3711,0,0,0,,0,115,"LEBON DR","UNIVERSITY CENTER LN",0.00,,Y,A,-,N,,,,,,,,,,N,3,0,1,2,A,-,17,21451,A,N,G,B,B,A,H,-,A,A,0,Y,,,,Y,,A,01,0,1,0,0,1,0,0,0,0,"- ","- ",,,"SAN DIEGO","SAN DIEGO",-117.224542,32.869804799999997
6132071,2013,2014-03-11,3711,2013-07-03,2049,3792,3711,3,5,7,3711,0,0,0,,0,311,"MURPHY CANYON RD","MURPHY CANYON RD 3300",10.00,N,N,A,-,N,,,,,,,,,,N,3,0,1,2,A,-,10,21950,A,N,G,B,C,A,H,-,C,D,0,Y,,,,Y,Y,A,01,0,1,0,0,1,0,0,0,0,"- ","- ",,,"SAN DIEGO","SAN DIEGO",,
6134597,2013,2014-03-13,3711,2013-07-06,0002,4495,,6,5,7,3711,0,0,0,,0,521,"10TH AV","A ST",0.00,,Y,A,-,N,,,,,,,,,,N,3,0,1,2,A,-,12,21453,A,M,D,G,A,A,H,-,C,A,0,,Y,,,Y,,-,99,0,1,0,0,0,0,1,0,0,"- ","- ",,,"SAN DIEGO","SAN DIEGO",-117.15562199999999,32.718824900000001
6142091,2013,2014-03-12,3711,2013-07-07,2100,6774,,7,5,7,3711,0,0,0,,0,124,"LA JOLLA BL","LA JOLLA",0.00,,N,A,-,N,,,,,,,,,,N,3,0,1,2,A,-,08,22107,,F,C,G,A,A,H,-,C,D,0,,Y,,,Y,,-,99,0,1,0,0,0,0,1,0,0,"- ","- ",,,"SAN DIEGO","SAN DIEGO",-117.28048200000001,32.842184799999998
6144389,2013,2014-03-11,3711,2013-07-17,1430,6771,,3,5,7,3711,0,0,0,,0,813,"UNIVERSITY AV","ARNOLD AV",6.00,E,N,A,-,N,,,,,,,,,,N,3,0,1,2,A,-,10,21950,A,N,G,B,C,A,H,-,A,D,0,Y,,,,Y,,-,"- ",0,1,0,0,1,0,0,0,0,"- ","- ",,,"SAN DIEGO","SAN DIEGO",-117.1367924,32.748424800000002
6144405,2013,2014-03-14,3711,2013-07-18,0708,5114,,4,5,7,3711,0,0,0,,0,241,"CYPRESS WOODS CT","CYPRESS WOODS DR",488.00,W,N,A,-,N,,,,,,,,,,N,3,0,1,2,A,-,21,22106,,N,G,B,F,A,H,-,A,D,0,Y,,,,Y,,-,"- ",0,1,0,0,1,0,0,0,0,"- ","- ",,,"SAN DIEGO","SAN DIEGO",-117.0634412,32.9264869
6144427,2013,2014-03-13,3711,2013-07-16,0930,5480,,2,5,7,3711,0,0,0,,0,122,"GARNET AV","GARNET AV 2600",0.00,,N,A,-,N,,,,,,,,,,N,3,0,1,2,A,-,"- ",,,N,H,G,A,A,H,-,A,D,0,,Y,,,Y,,-,"- ",0,1,0,0,0,0,1,0,0,"- ","- ",,,"SAN DIEGO","SAN DIEGO",-117.22286493,32.805175859999999
6144453,2013,2014-03-14,3711,2013-07-17,0647,6379,SANDI,3,5,7,3711,0,0,0,,0,511,"28TH ST","HARBOR DR",350.00,N,N,A,-,N,,,,,,,,,,N,3,0,1,2,A,-,10,21950,A,N,G,B,B,A,H,-,A,A,0,Y,,,,Y,,-,"- ",0,1,0,0,1,0,0,0,0,"- ","- ",,,"SAN DIEGO","SAN DIEGO",-117.1337278,32.691882
6144464,2013,2014-03-14,3711,2013-07-20,1238,4885,,6,5,7,3711,0,0,0,,0,232,"CARMEL MOUNTAIN RD","STONEY PEAK DR",0.00,,Y,B,-,N,,,,,,,,,,N,3,0,1,2,A,-,05,21650,,N,H,G,A,A,H,-,A,A,0,,Y,,,Y,,L,04,0,1,0,0,0,0,1,0,0,"- ","- ",,,"SAN DIEGO","SAN DIEGO",-117.078272,32.980414799999998
6147738,2013,2014-07-23,9645,2013-06-28,1725,017667,,5,2,7,3711,0,1,1,,2,017,"RT 15","MIRA MESA BL",15.00,S,N,A,-,Y,SD,11,15,-,M,15.765,R,3,S,N,3,0,1,2,A,-,08,22107,,N,D,G,A,A,H,-,A,D,1,,Y,,,Y,,L,04,0,1,0,0,0,0,1,0,0,FR,"- ",32.917020000000001,-117.11768000000001,"SAN DIEGO","SAN DIEGO",-117.11658180000001,32.912094799999998
6153130,2013,2014-03-25,3711,2013-08-09,1515,4491,,5,5,7,3711,0,0,0,,0,443,"ETA ST","41ST ST",413.00,E,N,A,-,N,,,,,,,,,,N,3,0,1,2,A,-,11,21954,A,N,G,B,D,A,H,-,A,D,0,Y,,,,Y,,N,60,0,1,0,0,1,0,0,0,0,"- ","- ",,,"SAN DIEGO","SAN DIEGO",-117.1045645,32.686680500000001
6158696,2013,2014-03-18,3711,2013-07-24,2053,4864,,3,5,7,3711,0,0,0,,0,515,"MARKET ST","27TH ST",301.00,W,N,A,-,N,,,,,,,,,,N,3,0,1,2,A,-,09,21801,A,N,D,G,A,A,H,-,C,D,0,,Y,,,Y,,A,07,0,1,0,0,0,0,1,0,0,"- ","- ",,,"SAN DIEGO","SAN DIEGO",-117.13703700000001,32.711586500000003
6159282,2013,2014-03-19,3711,2013-07-17,0808,3815,,3,5,7,3711,0,0,0,,0,615,"CHATSWORTH BL","NARRAGANSETT AV",0.00,,Y,A,-,N,,,,,,,,,,N,2,0,1,2,A,-,10,21950,A,N,G,B,B,A,H,-,A,A,0,Y,,,,Y,,A,07,1,0,0,0,1,0,0,0,0,"- ","- ",,,"SAN DIEGO","SAN DIEGO",-117.233642,32.733824900000002
6162729,2013,2014-04-02,3711,2013-08-02,1850,5953,,5,5,7,3711,0,0,0,,0,512,"30TH ST","NATIONAL AV",8.00,N,N,-,-,N,,,,,,,,,,N,4,0,1,2,A,-,05,21202,A,N,B,G,A,A,H,-,A,A,0,,Y,,,Y,,L,04,0,0,1,0,0,0,1,0,0,"- ","- ",,,"SAN DIEGO","SAN DIEGO",-117.1295119,32.6959467
6166699,2013,2014-03-25,3711,2013-08-11,1455,7016,,7,5,7,3711,0,0,0,,0,524,"10TH AV","C ST",39.00,S,N,A,-,N,,,,,,,,,,N,4,0,1,2,A,-,08,22107,,N,B,G,A,A,H,-,A,A,0,,Y,,,Y,,-,"- ",0,0,1,0,0,0,1,0,0,"- ","- ",,,"SAN DIEGO","SAN DIEGO",-117.1556219,32.716667899999997
6168113,2013,2014-02-22,3711,2013-05-03,1840,6393,,5,5,7,3711,0,0,0,,0,121,"MISSION BL","MISSION BL 3800",0.00,,N,A,-,N,,,,,,,,,,N,3,0,1,2,A,-,08,22107,,N,A,G,A,A,H,-,A,D,0,,Y,,,Y,,A,,0,1,0,0,0,0,1,0,0,"- ","- ",32.784930000000003,-117.25291,"SAN DIEGO","SAN DIEGO",-117.25293428000001,32.784924889999999
6169768,2013,2014-03-29,3711,2013-08-04,1240,5623,,7,5,7,3711,0,0,0,,0,723,"BINDAY WY","AGNO CT",90.00,S,N,A,-,N,,,,,,,,,,N,3,0,1,2,A,-,08,22107,,N,B,G,A,A,H,-,A,D,0,,Y,,,Y,,L,04,0,1,0,0,0,0,1,0,0,"- ","- ",,,"SAN DIEGO","SAN DIEGO",-117.0735166,32.586292
6171350,2013,2014-04-01,3711,2013-08-10,0930,6252,,6,5,7,3711,0,0,0,,0,617,"CABRILLO MEMORIAL DR","CABRILLO GUARD MAIN GATE",9504.00,S,N,A,-,N,,,,,,,,,,N,3,0,1,2,A,-,08,22107,,N,B,G,A,A,H,-,A,D,0,,Y,,,Y,,D,22,0,1,0,0,0,0,1,0,0,"- ","- ",,,"SAN DIEGO","SAN DIEGO",,
6175966,2013,2014-03-29,3711,2013-08-06,2352,6744,,2,5,7,3711,0,0,0,,0,835,FAIRMONT,"MYRTLE AV",0.00,,Y,A,-,N,,,,,,,,,,N,3,0,1,2,D,-,00,,,N,G,B,B,A,H,-,C,A,0,Y,,,,Y,,-,"- ",0,1,0,0,1,0,0,0,0,"- ","- ",,,"SAN DIEGO","SAN DIEGO",-117.1009919,32.742124799999999
6179917,2013,2014-03-26,3711,2013-08-11,0004,4310,,7,5,7,3711,0,0,0,,0,512,"N ALLEY IMPERIAL AV","25TH ST",0.00,,Y,A,-,N,,,,,,,,,,N,3,0,1,2,A,-,09,21802,A,N,D,G,A,A,H,-,C,A,0,,Y,,,Y,Y,A,01,0,1,0,0,0,0,1,0,0,"- ","- ",,,"SAN DIEGO","SAN DIEGO",-117.14021087,32.706894740000003
6185971,2013,2014-03-20,3711,2013-08-21,1939,6393,,3,5,7,3711,0,0,0,,0,122,"GARNET AV","GARNET AV 1700",0.00,,N,A,-,N,,,,,,,,,,N,3,0,1,2,A,-,09,21801,A,N,A,G,A,A,H,-,B,D,0,,Y,,,Y,,-,"- ",0,1,0,0,0,0,1,0,0,"- ","- ",32.8003,-117.23841,"SAN DIEGO","SAN DIEGO",-117.23897427,32.800196409999998
6196463,2013,2014-04-11,3711,2013-09-06,2318,6946,,5,5,7,3711,0,0,0,,0,828,EUCLID,UNIVERSITY,72.00,S,N,A,-,N,,,,,,,,,,N,4,0,1,2,A,-,11,21955,,N,G,B,D,A,H,-,C,D,0,Y,,,,Y,,N,60,0,0,1,0,1,0,0,0,0,"- ","- ",,,"SAN DIEGO","SAN DIEGO",-117.0923037,32.749337599999997
6196492,2013,2014-03-27,3711,2013-08-29,1620,6686,,4,5,7,3711,0,0,0,,0,839,"WIGHTMAN ST","39TH ST",0.00,,Y,B,-,Y,,,,,,,,,,N,4,0,1,2,A,-,17,21200,A,N,D,G,A,A,H,-,A,A,0,,Y,,,Y,,L,04,0,0,1,0,0,0,1,0,0,"- ","- ",,,"SAN DIEGO","SAN DIEGO",-117.110662,32.747824799999997
6197499,2013,2014-03-27,3711,2013-08-13,0841,6736,SANDI,2,5,7,3711,0,0,0,,0,512,"HARRISON AV","CESAR CHAVEZ PKWY",1.00,E,Y,A,-,N,,,,,,,,,,N,3,0,1,2,A,-,11,21950,B,N,D,B,A,A,H,-,A,D,0,,,,,Y,,-,"- ",0,1,0,0,0,0,0,0,0,"- ","- ",,,"SAN DIEGO","SAN DIEGO",-117.14109990999999,32.704720029999997
6197508,2013,2014-03-28,3711,2013-08-30,1031,6082,,5,5,7,3711,0,0,0,,0,121,"MISSION BL","ISTHMUS CT",42.00,N,N,A,-,N,,,,,,,,,,N,2,0,2,2,A,-,08,22107,,N,B,G,A,A,H,-,A,D,0,,Y,,,Y,,A,,1,0,1,0,0,0,1,0,0,"- ","- ",,,"SAN DIEGO","SAN DIEGO",-117.251468,32.773217699999996
6200556,2013,2014-04-10,3711,2013-09-07,0116,4495,,6,5,7,3711,0,0,0,,0,523,"G ST","5TH AV",0.00,,Y,A,-,N,,,,,,,,,,N,3,0,1,2,A,-,05,21650,1,N,D,G,A,A,H,-,C,A,0,,Y,,,Y,Y,L,04,0,1,0,0,0,0,1,0,0,"- ","- ",,,"SAN DIEGO","SAN DIEGO",-117.1601819,32.712514800000001
6203121,2013,2014-04-04,3711,2013-09-15,2130,6849,,7,5,7,3711,0,0,0,,0,115,"NOBEL DR","REGENTS RD",0.00,,Y,A,-,N,,,,,,,,,,N,3,0,1,2,A,-,10,21950,A,N,G,B,B,A,H,-,C,A,0,Y,,,,Y,,-,"- ",0,1,0,0,1,0,0,0,0,"- ","- ",,,"SAN DIEGO","SAN DIEGO",-117.219202,32.867494800000003
6227192,2013,2014-04-09,3711,2013-09-21,1235,6670,SD,6,5,7,3711,0,0,0,,0,242,"CAMINO RUIZ","NEW SALEM",400.00,S,N,A,-,N,,,,,,,,,,Y,4,0,1,2,A,-,03,22350,,N,-,B,F,A,-,-,A,A,0,Y,,,,Y,,-,"- ",0,0,1,0,1,0,0,0,0,"- ","- ",,,"SAN DIEGO","SAN DIEGO",-117.1440214,32.9145793
6227322,2013,2014-04-09,3711,2013-09-21,2336,5916,,6,5,7,3711,0,0,0,,0,122,"INGRAHAM ST","PACIFIC BEACH DR",0.00,,Y,B,-,N,,,,,,,,,,N,4,0,1,2,A,-,11,21456,B,M,G,B,B,A,H,-,C,A,0,Y,,,,Y,Y,N,60,0,0,1,0,1,0,0,0,0,"- ","- ",,,"SAN DIEGO","SAN DIEGO",-117.23912199999999,32.793964899999999
6227804,2013,2014-04-12,3711,2013-09-29,1005,6933,,7,5,7,3711,0,0,0,,0,627,"5TH AV","ANDERSON PL",45.00,N,N,A,-,N,,,,,,,,,,N,4,0,1,2,A,-,11,21950,B,N,G,B,D,A,H,-,A,D,0,Y,,,,Y,,N,60,0,0,1,0,1,0,0,0,0,"- ","- ",,,"SAN DIEGO","SAN DIEGO",-117.1604036,32.744337999999999
6228174,2013,2014-04-08,3711,2013-09-26,1445,6665,,4,5,7,3711,0,0,0,,0,123,"OLNEY ST","REED AV",5.00,N,N,A,-,N,,,,,,,,,,N,3,0,1,2,A,-,08,22107,,N,C,B,F,A,H,-,A,D,0,Y,,,,Y,,-,"- ",0,1,0,0,1,0,0,0,0,"- ","- ",,,"SAN DIEGO","SAN DIEGO",-117.228706,32.798368000000004
6230415,2013,2014-04-16,3711,2013-10-01,1307,7002,,2,5,7,3711,0,0,0,,0,511,"SAMPSON ST","LOGAN AV",18.00,S,N,A,-,N,,,,,,,,,,N,3,0,1,2,A,-,10,21950,A,N,G,B,B,A,H,-,A,D,0,Y,,,,Y,,A,01,0,1,0,0,1,0,0,0,0,"- ","- ",,,"SAN DIEGO","SAN DIEGO",-117.13939809999999,32.697956099999999
6230735,2013,2014-04-14,3711,2013-09-24,2102,4310,,2,5,7,3711,0,0,0,,0,826,"50TH ST","EL CAJON BL",0.00,,Y,A,-,N,,,,,,,,,,Y,2,0,1,2,A,-,11,21950,B,N,G,B,B,A,H,-,C,D,0,Y,,,,Y,Y,N,60,1,0,0,0,1,0,0,0,0,"- ","- ",,,"SAN DIEGO","SAN DIEGO",-117.0868519,32.756734799999997
6230781,2013,2014-04-12,3711,2013-09-18,1730,6156,SD,3,5,7,3711,0,0,0,,0,123,"FIESTA ISLAND RD","FIESTA ISLAND DR",2.00,N,N,A,-,N,,,,,,,,,,N,3,0,1,2,A,-,08,22107,,M,B,G,A,A,H,-,A,D,0,,Y,,,Y,,-,"- ",0,1,0,0,0,0,1,0,0,"- ","- ",,,"SAN DIEGO","SAN DIEGO",-117.2281816,32.771010199999999
6231172,2013,2014-04-01,3711,2013-08-29,2000,5925,,4,5,7,3711,0,0,0,,0,621,"LINDA VISTA RD","FULTON ST",26.00,N,N,A,-,N,,,,,,,,,,N,2,0,1,2,A,-,08,22107,,F,G,B,F,A,H,-,C,A,0,Y,,,,Y,,-,99,1,0,0,0,1,0,0,0,0,"- ","- ",,,"SAN DIEGO","SAN DIEGO",-117.1675156,32.789997800000002
6231433,2013,2014-04-16,3711,2013-09-20,2258,5916,,5,5,7,3711,0,0,0,,0,826,"POLK AV","ESTRELLA AV",0.00,,Y,B,-,N,,,,,,,,,,N,2,0,1,2,A,-,05,21650,1,N,D,G,A,A,H,-,C,D,0,,Y,,,Y,,L,04,1,0,0,0,0,0,1,0,0,"- ","- ",,,"SAN DIEGO","SAN DIEGO",-117.09014190000001,32.7513249
6233940,2013,2014-04-15,3711,2013-09-28,1326,4656,"SAN D",6,5,7,3711,0,0,0,,0,611,"KURTZ ST","ROSECRANS ST",141.00,E,N,A,-,N,,,,,,,,,,Y,2,0,1,2,A,-,11,21954,A,N,G,B,D,A,H,-,A,D,0,Y,,,,Y,,N,60,1,0,0,0,1,0,0,0,0,"- ","- ",,,"SAN DIEGO","SAN DIEGO",-117.2035188,32.752051700000003
6233964,2013,2014-04-29,3711,2013-09-30,1949,6603,,1,5,7,3711,0,0,0,,0,838,"37TH ST","UNIVERSITY AV",210.00,N,N,A,-,N,,,,,,,,,,N,4,0,1,2,A,-,11,21954,A,N,G,B,E,A,H,-,D,D,0,Y,,,,Y,,-,"- ",0,0,1,0,1,0,0,0,0,"- ","- ",,,"SAN DIEGO","SAN DIEGO",-117.11311550000001,32.75029
6237112,2013,2014-04-24,3711,2013-10-07,1939,6879,,1,5,7,3711,0,0,0,,0,529,"HAWTHORN ST","4TH AV",3.00,W,N,A,-,N,,,,,,,,,,N,4,0,1,2,A,-,11,21953,,N,G,B,D,A,H,-,D,D,0,Y,,,,Y,,N,60,0,0,1,0,1,0,0,0,0,"- ","- ",,,"SAN DIEGO","SAN DIEGO",-117.16123159999999,32.727155099999997
6239844,2013,2014-05-01,3711,2013-10-10,2123,5929,,4,5,7,3711,0,0,0,,0,112,"BALBOA AV","BALBOA AV 4600",3.00,N,N,A,-,Y,,,,,,,,,,Y,4,0,1,3,A,-,08,22107,,M,G,B,E,A,H,-,D,D,0,Y,,,,Y,Y,-,"- ",0,0,1,0,1,0,0,0,0,"- ","- ",,,"SAN DIEGO","SAN DIEGO",-117.19323276999999,32.814987410000001
6239859,2013,2014-04-30,3711,2013-10-08,0750,3376,,2,5,7,3711,0,0,0,,0,613,"WEST POINT LOMA BL","SPORTS ARENA",0.00,,Y,B,-,N,,,,,,,,,,N,4,0,1,2,A,-,05,21651,B,N,D,G,A,A,H,-,A,A,0,,Y,,,Y,,L,04,0,0,1,0,0,0,1,0,0,"- ","- ",,,"SAN DIEGO","SAN DIEGO",-117.219522,32.754804800000002