CASE_ID,ACCIDENT_YEAR,PROC_DATE,JURIS,COLLISION_DATE,COLLISION_TIME,OFFICER_ID,REPORTING_DISTRICT,DAY_OF_WEEK,CHP_SHIFT,POPULATION,CNTY_CITY_LOC,SPECIAL_COND,BEAT_TYPE,CHP_BEAT_TYPE,CITY_DIVISION_LAPD,CHP_BEAT_CLASS,BEAT_NUMBER,PRIMARY_RD,SECONDARY_RD,DISTANCE,DIRECTION,INTERSECTION,WEATHER_1,WEATHER_2,STATE_HWY_IND,CALTRANS_COUNTY,CALTRANS_DISTRICT,STATE_ROUTE,ROUTE_SUFFIX,POSTMILE_PREFIX,POSTMILE,LOCATION_TYPE,RAMP_INTERSECTION,SIDE_OF_HWY,TOW_AWAY,COLLISION_SEVERITY,NUMBER_KILLED,NUMBER_INJURED,PARTY_COUNT,PRIMARY_COLL_FACTOR,PCF_CODE_OF_VIOL,PCF_VIOL_CATEGORY,PCF_VIOLATION,PCF_VIOL_SUBSECTION,HIT_AND_RUN,TYPE_OF_COLLISION,MVIW,PED_ACTION,ROAD_SURFACE,ROAD_COND_1,ROAD_COND_2,LIGHTING,CONTROL_DEVICE,CHP_ROAD_TYPE,PEDESTRIAN_ACCIDENT,BICYCLE_ACCIDENT,MOTORCYCLE_ACCIDENT,TRUCK_ACCIDENT,NOT_PRIVATE_PROPERTY,ALCOHOL_INVOLVED,STWD_VEHTYPE_AT_FAULT,CHP_VEHTYPE_AT_FAULT,COUNT_SEVERE_INJ,COUNT_VISIBLE_INJ,COUNT_COMPLAINT_PAIN,COUNT_PED_KILLED,COUNT_PED_INJURED,COUNT_BICYCLIST_KILLED,COUNT_BICYCLIST_INJURED,COUNT_MC_KILLED,COUNT_MC_INJURED,PRIMARY_RAMP,SECONDARY_RAMP,LATITUDE,LONGITUDE,COUNTY,CITY,POINT_X,POINT_Y
6246096,2013,2014-10-30,3711,2013-09-20,2101,6400,,5,5,7,3711,0,0,0,,0,627,"WASHINGTON ST","3RD AV",36.00,W,N,A,-,N,,,,,,,,,,N,4,0,1,2,A,-,11,21954,A,N,G,B,D,A,H,-,C,D,0,Y,,,,Y,Y,-,"- ",0,0,1,0,1,0,0,0,0,"- ","- ",,,"SAN DIEGO","SAN DIEGO",-117.1629286,32.749904800000003
6246153,2013,2014-05-13,3711,2013-09-21,1800,6208,,6,5,7,3711,0,0,0,,0,611,"SPORTS ARENA BL","EAST DRIVE",2640.00,,N,A,-,N,,,,,,,,,,N,3,0,1,2,A,I,"- ",,,N,H,G,A,A,H,-,A,D,0,,Y,,,Y,,L,04,0,1,0,0,0,0,1,0,0,"- ","- ",,,"SAN DIEGO","SAN DIEGO",,
6246155,2013,2014-10-30,3711,2013-09-17,0814,7002,,2,5,7,3711,0,0,0,,0,,"IRVING AV","SAMPSON ST",0.00,,Y,B,-,N,,,,,,,,,,N,4,0,1,2,A,-,11,21950,B,N,D,G,A,A,H,-,A,D,0,,Y,,,Y,,L,04,0,0,1,0,0,0,1,0,0,"- ","- ",,,"SAN DIEGO","SAN DIEGO",-117.13699200000001,32.7004248
6246283,2013,2014-04-22,3711,2013-10-11,1215,7044,,5,5,7,3711,0,0,0,,0,528,"BEECH ST","PACIFIC HWY",81.00,E,N,A,-,N,,,,,,,,,,N,4,0,1,2,A,I,"- ",,,N,G,B,E,A,H,-,A,D,0,Y,,,,Y,,N,60,0,0,1,0,1,0,0,0,0,"- ","- ",,,"SAN DIEGO","SAN DIEGO",-117.17088939999999,32.7208459
6246299,2013,2014-04-22,3711,2013-10-13,1108,6120,,7,5,7,3711,0,0,0,,0,813,"ADAMS AV","ARIZONA ST",0.00,,Y,A,-,N,,,,,,,,,,N,3,0,1,1,A,-,08,22107,,N,H,G,A,A,H,-,A,D,0,,Y,,,Y,,L,04,0,1,0,0,0,0,1,0,0,"- ","- ",,,"SAN DIEGO","SAN DIEGO",-117.13764190000001,32.762854900000001
6247218,2013,2014-04-26,3711,2013-10-15,0736,5209,,2,5,7,3711,0,0,0,,0,233,"SALMON RIVER RD","PASEO MONTALBAN",0.00,,Y,A,-,N,,,,,,,,,,N,3,0,1,2,A,-,10,21950,A,N,-,B,B,A,H,-,A,A,0,Y,,,,Y,,D,22,0,1,0,0,1,0,0,0,0,"- ","- ",,,"SAN DIEGO","SAN DIEGO",-117.12285199999999,32.959874900000003
6247762,2013,2014-04-19,3711,2013-10-14,1733,4892,,1,5,7,3711,0,0,0,,0,614,"CASTELAR ST","WEST POINT LOMA BL",16.00,S,N,A,-,N,,,,,,,,,,N,4,0,1,2,A,-,21,22106,,N,G,B,E,A,H,-,A,D,0,Y,,,,Y,,-,"- ",0,0,1,0,1,0,0,0,0,"- ","- ",,,"SAN DIEGO","SAN DIEGO",-117.2385111,32.7506877
6247770,2013,2014-04-19,3711,2013-10-16,0802,5985,"SAN D",3,5,7,3711,0,0,0,,0,521,"IMPERIAL AV","15TH ST",0.00,,Y,A,-,N,,,,,,,,,,N,3,0,1,2,A,-,10,21950,A,N,G,B,B,A,H,-,A,D,0,Y,,,,Y,,A,01,0,1,0,0,1,0,0,0,0,"- ","- ",,,"SAN DIEGO","SAN DIEGO",-117.15038199999999,32.706234799999997
6248286,2013,2014-07-02,3711,2013-10-19,1520,3893,,6,5,7,3711,0,0,0,,0,111,"ALFORD DR","CHASEWOOD DR",40.00,W,N,A,-,N,,,,,,,,,,N,3,0,1,2,A,-,08,22107,,N,D,B,A,A,H,-,A,D,0,,,,,Y,,-,"- ",0,1,0,0,0,0,0,0,0,"- ","- ",,,"SAN DIEGO","SAN DIEGO",-117.1733476,32.808162099999997
6248396,2013,2014-07-03,3711,2013-10-18,2139,6555,,5,5,7,3711,0,0,0,,0,813,"30TH ST",MEADE,150.00,N,N,A,-,N,,,,,,,,,,N,4,0,1,2,A,-,03,22350,,N,B,G,A,A,H,-,C,D,0,,Y,,,Y,,L,04,0,0,1,0,0,0,1,0,0,"- ","- ",,,"SAN DIEGO","SAN DIEGO",-117.1301941,32.757695699999999
6248401,2013,2014-07-03,3711,2013-10-20,2120,6824,,7,5,7,3711,0,0,0,,0,523,"5TH AV","5TH ST 200",15.00,W,N,A,-,N,,,,,,,,,,N,3,0,1,2,A,-,09,21804,A,N,D,G,A,A,H,-,C,D,0,,Y,,,Y,,L,04,0,1,0,0,0,0,1,0,0,"- ","- ",,,"SAN DIEGO","SAN DIEGO",-117.16011465,32.707527429999999
6254931,2013,2014-04-29,3711,2013-11-02,2200,6252,,6,5,7,3711,0,0,0,,0,627,"10TH AV","ROBINSON AV",0.00,,Y,A,-,N,,,,,,,,,,N,3,0,1,2,A,-,09,21802,A,N,B,B,B,A,H,-,C,D,0,Y,,,,Y,,D,22,0,1,0,0,1,0,0,0,0,"- ","- ",,,"SAN DIEGO","SAN DIEGO",-117.155282,32.746384800000001
6255526,2013,2014-05-28,3711,2013-10-27,1725,6792,,7,5,7,3711,0,0,0,,0,433,"61ST ST","BENSON AV",30.00,S,N,A,-,Y,,,,,,,,,,N,4,0,1,2,A,-,11,21955,,N,G,B,E,A,H,-,A,D,0,Y,,,,Y,Y,N,60,0,0,1,0,1,0,0,0,0,"- ","- ",,,"SAN DIEGO","SAN DIEGO",-117.0667631,32.705132599999999
6255569,2013,2014-04-26,3711,2013-10-26,1540,5494,,6,5,7,3711,0,0,0,,0,826,"51ST ST","4028 51ST ST",0.00,,Y,A,-,N,,,,,,,,,,N,3,0,1,1,D,-,00,,,N,G,B,A,A,H,-,A,-,0,,,,,Y,,-,"- ",0,1,0,0,0,0,0,0,0,"- ","- ",,,"SAN DIEGO","SAN DIEGO",-117.08476066999999,32.749821060000002
6255585,2013,2014-04-26,3711,2013-10-21,2059,6553,,1,5,7,3711,0,0,0,,0,835,"FAIRMONT AV","HOME AV",68.00,N,N,B,-,N,,,,,,,,,,N,4,0,1,2,A,-,11,21954,A,N,C,B,D,A,H,-,C,A,0,Y,,,,Y,,N,60,0,0,1,0,1,0,0,0,0,"- ","- ",,,"SAN DIEGO","SAN DIEGO",-117.0999295,32.728965000000002
6271773,2013,2014-04-30,3711,2013-11-05,0550,5072,,2,5,7,3711,0,0,0,,0,116,"JELLETT ST","FAIRFIELD ST",0.00,,Y,B,-,N,,,,,,,,,,N,4,0,1,2,A,-,10,21950,A,N,D,B,B,A,H,-,A,A,0,Y,,,,Y,,A,01,0,0,1,0,1,0,0,0,0,"- ","- ",,,"SAN DIEGO","SAN DIEGO",-117.194462,32.788104799999999
6274645,2013,2014-04-19,3711,2013-10-27,2013,7021,,7,5,7,3711,0,0,0,,0,321,"MISSION GORGE RD","ZION AV",0.00,,Y,A,B,N,,,,,,,,,,N,3,0,1,2,A,-,10,21950,A,N,G,B,B,A,H,-,C,A,0,Y,,,,Y,,N,60,0,1,0,0,1,0,0,0,0,"- ","- ",,,"SAN DIEGO","SAN DIEGO",-117.097632,32.7929648
6274669,2013,2014-04-19,3711,2013-10-29,0756,5540,,2,5,7,3711,0,0,0,,0,515,"28TH ST","ISLAND AV",0.00,,-,B,-,N,,,,,,,,,,N,4,0,3,4,A,-,10,21950,A,N,G,B,B,B,H,-,A,A,0,Y,,,,Y,,-,"- ",0,0,3,0,3,0,0,0,0,"- ","- ",,,"SAN DIEGO","SAN DIEGO",-117.13388190000001,32.710534799999998
6277526,2013,2014-05-05,3711,2013-11-22,1115,5384,,5,5,7,3711,0,0,0,,0,712,"EAST SAN YSIDRO BL","BORDER VILLAGE RD",0.00,,Y,A,-,N,,,,,,,,,,N,3,0,1,2,A,-,11,21955,,N,B,B,D,A,H,-,A,D,0,Y,,,,Y,,N,60,0,1,0,0,1,0,0,0,0,"- ","- ",,,"SAN DIEGO","SAN DIEGO",-117.0390719,32.551274900000003
6277561,2013,2014-05-05,3711,2013-11-27,1754,6437,,3,5,7,3711,0,0,0,,0,813,"TEXAS ST","HOWARD AV",0.00,,Y,-,-,N,,,,,,,,,,N,3,0,1,2,A,-,"- ",,,N,G,B,B,A,H,-,C,A,0,Y,,,,Y,,-,"- ",0,1,0,0,1,0,0,0,0,"- ","- ",,,"SAN DIEGO","SAN DIEGO",-117.1388419,32.754034799999999
6277574,2013,2014-05-05,3711,2013-11-28,0210,4576,,4,5,7,3711,0,0,0,,0,627,"UNIVERSITY AV","VERMONT ST",126.00,W,N,A,-,N,,,,,,,,,,N,3,0,1,2,A,-,11,21955,,N,G,B,D,A,H,-,C,D,0,Y,,,,Y,Y,N,60,0,1,0,0,1,0,0,0,0,"- ","- ",,,"SAN DIEGO","SAN DIEGO",-117.1539001,32.748533000000002
6277583,2013,2014-05-06,3711,2013-11-07,1901,7076,,4,5,7,3711,0,0,0,,0,834,"41ST ST","UNIVERSITY AV",9.00,W,N,A,-,N,,,,,,,,,,N,4,0,1,2,A,-,11,21456,B,N,G,B,B,A,H,-,C,A,0,Y,,,,Y,,N,60,0,0,1,0,1,0,0,0,0,"- ","- ",,,"SAN DIEGO","SAN DIEGO",-117.10694075000001,32.749718039999998
6278186,2013,2014-05-01,3711,2013-11-21,1403,6647,MC,4,5,7,3711,0,0,0,,0,821,"EL CAJON BL","63RD ST",15.00,E,N,B,-,N,,,,,,,,,,N,4,0,1,2,A,-,11,21456,B,N,G,B,B,A,H,-,A,A,0,Y,,,,Y,Y,N,60,0,0,1,0,1,0,0,0,0,"- ","- ",,,"SAN DIEGO","SAN DIEGO",-117.0631779,32.7637024
6278197,2013,2014-05-01,3711,2013-11-24,1458,6160,,7,5,7,3711,0,0,0,,0,936,"CAMINO DEL SUR","RT 56",18.00,S,N,A,-,Y,SD,11,56,-,-,6.337,R,4,E,N,3,0,1,2,A,-,09,21453,B,N,D,G,A,A,H,-,A,A,0,,Y,,,Y,,-,"- ",0,1,0,0,0,0,1,0,0,"- ",EO,,,"SAN DIEGO","SAN DIEGO",-117.14456010000001,32.953802000000003
6279234,2013,2014-05-05,3711,2013-11-01,2055,5556,,5,5,7,3711,0,0,0,,0,311,"RAEJEAN AV","GALAHAD RD",63.00,E,N,A,-,N,,,,,,,,,,N,4,0,1,3,A,-,08,22107,,M,B,B,E,A,H,-,C,D,0,Y,,,,Y,,-,"- ",0,0,1,0,1,0,0,0,0,"- ","- ",,,"SAN DIEGO","SAN DIEGO",-117.1431798,32.790143
6290083,2014,2014-03-11,3711,2014-01-29,1707,6000,,3,5,7,3711,0,0,0,,0,903,"LA MEDIA RD","OTAY MESA RD",0.00,,Y,B,-,N,,,,,,,,,,N,1,1,0,2,A,-,11,21456,B,N,G,B,B,A,H,-,A,A,0,Y,,,Y,Y,,N,60,0,0,0,1,0,0,0,0,0,"- ","- ",,,"SAN DIEGO","SAN DIEGO",-116.9624201,32.567840099999998
6290176,2014,2015-12-21,3711,2014-02-17,2051,4823,SANDI,1,5,7,3711,0,0,0,,0,442,"NATIONAL AV","S 39TH STREET 1000",68.00,W,N,B,-,N,,,,,,,,,,N,1,1,0,3,A,-,11,21954,A,F,G,B,D,A,H,-,C,D,0,Y,,,,Y,Y,N,60,0,0,0,1,0,0,0,0,0,"- ","- ",,,"SAN DIEGO","SAN DIEGO",-117.11053133,32.69604726
6290177,2014,2014-03-27,3711,2014-02-23,1906,5051,,7,5,7,3711,0,0,0,,0,627,"UNIVERSITY AV","VERMONT ST",160.00,W,N,A,-,N,,,,,,,,,,N,1,1,0,2,A,-,11,21955,,F,G,B,D,A,H,-,C,D,0,Y,,,,Y,,N,60,0,0,0,1,0,0,0,0,0,"- ","- ",,,"SAN DIEGO","SAN DIEGO",-117.15395841,32.74852636
6290721,2014,2014-06-11,3711,2014-05-03,1820,5072,,6,5,7,3711,0,0,0,,0,242,"MIRA MESA BL","WESTMORE RD",0.00,,Y,A,-,N,,,,,,,,,,Y,1,1,0,2,A,-,10,21950,A,N,G,B,B,A,H,-,A,A,0,Y,,,,Y,,A,01,0,0,0,1,0,0,0,0,0,"- ","- ",,,"SAN DIEGO","SAN DIEGO",-117.12997009999999,32.916210020000001
6291573,2014,2014-11-07,3711,2014-10-07,1154,5600,,2,5,7,3711,0,0,0,,0,124,"GIRARD AV","SILVERADO ST",200.00,S,N,B,-,N,,,,,,,,,,N,1,1,0,3,A,-,21,22106,,N,G,B,E,A,H,-,A,D,0,Y,,,,Y,,A,01,0,0,0,1,0,0,0,0,0,"- ","- ",,,"SAN DIEGO","SAN DIEGO",-117.27383381999999,32.844570310000002
6291825,2014,2015-01-09,3711,2014-11-09,1729,6366,,7,5,7,3711,0,0,0,,0,813,"LINCOLN AV","HAMILTON ST",29.00,E,N,A,-,N,,,,,,,,,,N,1,1,0,1,A,-,03,22350,,N,H,G,A,A,G,-,C,D,0,,Y,,,Y,Y,L,04,0,0,0,0,0,1,0,0,0,"- ","- ",,,"SAN DIEGO","SAN DIEGO",-117.136246,32.750300750000001
6292729,2015,2015-10-16,3711,2015-08-29,0955,6252,TRAFF,6,5,7,3711,0,0,0,,0,826,"EL CAJON BL","ALTADENA AV",14.00,E,N,A,-,N,,,,,,,,,,Y,1,1,0,2,A,-,10,21954,B,N,G,B,D,A,H,-,A,D,0,Y,,,,Y,,A,01,0,0,0,1,0,0,0,0,0,"- ","- ",,,"SAN DIEGO","SAN DIEGO",-117.08570515,32.756955869999999
6293173,2013,2014-05-20,3711,2013-11-15,1100,7038,,5,5,7,3711,0,0,0,,0,512,"KEARNEY AV","BEARDSLEY ST",1000.00,W,N,B,-,N,,,,,,,,,,N,4,0,1,2,A,-,08,22107,,N,B,G,A,A,H,-,A,D,0,,Y,,,Y,Y,L,04,0,0,1,0,0,0,1,0,0,"- ","- ",,,"SAN DIEGO","SAN DIEGO",-117.14670538999999,32.705624829999998
6295725,2013,2014-07-02,3711,2013-12-05,1013,6259,,4,5,7,3711,0,0,0,,0,443,"DIVISION ST","S 42ND ST",136.00,E,N,A,-,N,,,,,,,,,,N,4,0,1,2,A,-,05,21651,B,N,B,G,A,A,H,-,A,D,0,,Y,,,Y,,-,"- ",0,0,1,0,0,0,1,0,0,"- ","- ",,,"SAN DIEGO","SAN DIEGO",-117.1032467,32.684479199999998
6295812,2013,2014-05-27,3711,2013-11-25,1657,6744,,1,5,7,3711,0,0,0,,0,834,"UNIVERSITY AV","40TH ST",0.00,,Y,A,-,Y,SD,11,15,-,M,4.542,R,1,N,N,3,0,1,2,A,-,08,22107,,N,G,B,B,A,H,-,B,A,0,Y,,,,Y,,-,"- ",0,1,0,0,1,0,0,0,0,"- ","- ",,,"SAN DIEGO","SAN DIEGO",-117.1086018,32.746774799999997
6298250,2013,2014-05-15,3711,2013-11-18,1400,4464,,1,5,7,3711,0,0,0,,0,116,"DENVER ST","CESSNA ST",146.00,N,N,A,-,N,,,,,,,,,,Y,3,0,1,4,A,-,13,22515,A,N,C,B,E,A,H,-,A,D,0,Y,,,,Y,,N,60,0,1,0,0,1,0,0,0,0,"- ","- ",,,"SAN DIEGO","SAN DIEGO",-117.20289649999999,32.795752200000003
6299470,2013,2014-04-21,3711,2013-10-03,1511,6198,,4,5,7,3711,0,0,0,,0,327,"MONTEZUMA RD","CATOCTIN DR",5.00,W,N,A,-,N,,,,,,,,,,N,3,0,1,2,A,-,12,21453,A,N,D,G,A,A,H,-,A,A,0,,Y,,,Y,,-,"- ",0,1,0,0,0,0,1,0,0,"- ","- ",,,"SAN DIEGO","SAN DIEGO",-117.05845770000001,32.769347799999998
6300266,2013,2014-05-05,3711,2013-11-07,0754,6415,,4,5,7,3711,0,0,0,,0,314,"CHILDRENS WY","FROST ST",500.00,S,N,A,-,N,,,,,,,,,,N,3,0,1,2,A,-,08,22100,A,N,D,G,A,A,H,-,A,A,0,,Y,,,Y,,A,01,0,1,0,0,0,0,1,0,0,"- ","- ",,,"SAN DIEGO","SAN DIEGO",-117.15081189999999,32.798892700000003
6309057,2013,2014-05-29,3711,2013-12-12,0905,6013,CHERO,4,5,7,3711,0,0,0,,0,839,"WIGHTMAN ST","SWIFT AV",75.00,W,N,A,-,N,,,,,,,,,,N,4,0,1,2,A,-,21,22106,,N,G,B,F,A,H,-,A,D,0,Y,,,,Y,,-,"- ",0,0,1,0,1,0,0,0,0,"- ","- ",,,"SAN DIEGO","SAN DIEGO",-117.1195749,32.747889700000002
6309089,2013,2014-05-29,3711,2013-12-09,1739,4243,,1,5,7,3711,0,0,0,,0,111,"LINDA VISTA RD","BALTIC ST",139.00,N,N,A,-,N,,,,,,,,,,N,3,0,1,2,A,-,15,21201,A,N,D,G,A,A,H,-,D,D,0,,Y,,,Y,,L,04,0,1,0,0,0,0,1,0,0,"- ","- ",,,"SAN DIEGO","SAN DIEGO",-117.15513129999999,32.805945800000003
6309217,2013,2014-05-29,3711,2013-12-16,1104,6818,,1,5,7,3711,0,0,0,,0,451,"FEDERAL BL","EUCLID AV",0.00,,Y,A,-,N,,,,,,,,,,N,4,0,1,2,A,-,11,21950,B,N,G,B,B,A,H,-,A,A,0,Y,,,,Y,,N,60,0,0,1,0,1,0,0,0,0,"- ","- ",,,"SAN DIEGO","SAN DIEGO",-117.08492200000001,32.721394799999999
6309225,2013,2014-05-29,3711,2013-12-16,1600,6032,,1,5,7,3711,0,0,0,,0,115,"GOVERNOR DR","SCRIPPS ST",6.00,E,N,B,-,N,,,,,,,,,,N,4,0,1,2,A,-,03,22350,,N,A,B,D,A,H,-,A,D,0,Y,,,,Y,,-,"- ",0,0,1,0,1,0,0,0,0,"- ","- ",,,"SAN DIEGO","SAN DIEGO",-117.2152932,32.851060199999999
6309261,2013,2014-05-29,3711,2013-12-10,1822,4495,,2,5,7,3711,0,0,0,,0,521,BROADWAY,"16TH ST",0.00,,Y,A,-,N,,,,,,,,,,N,2,0,1,2,A,-,11,21950,B,F,G,B,D,A,H,-,C,A,0,Y,,,,Y,,N,60,1,0,0,0,1,0,0,0,0,"- ","- ",,,"SAN DIEGO","SAN DIEGO",-117.14951189999999,32.715744800000003
6317203,2013,2014-05-30,3711,2013-12-13,2255,4708,SANDI,5,5,7,3711,0,0,0,,0,527,"CALIFORNIA ST","WEST GRAPE ST",0.00,,Y,A,-,N,,,,,,,,,,N,3,0,1,2,A,-,08,22107,,M,G,B,E,A,H,-,D,D,0,Y,,,,Y,,-,"- ",0,1,0,0,1,0,0,0,0,"- ","- ",,,"SAN DIEGO","SAN DIEGO",-117.170732,32.724844900000001
6317207,2013,2014-05-30,3711,2013-12-15,1500,6566,,7,5,7,3711,0,0,0,,0,521,"PARK BL",MARKET,135.00,S,N,A,-,N,,,,,,,,,,N,3,0,1,2,A,-,10,21954,B,N,G,B,E,A,H,-,A,D,0,Y,Y,,,Y,,L,04,0,1,0,0,0,0,1,0,0,"- ","- ",,,"SAN DIEGO","SAN DIEGO",-117.1537819,32.711134899999998
6317235,2013,2014-05-30,3711,2013-12-12,1900,6411,SDPD,4,5,7,3711,0,0,0,,0,111,"BALBOA AV","MOUNT ALIFAN DR",150.00,E,N,A,-,N,,,,,,,,,,N,3,0,1,2,A,-,11,21955,,N,B,B,D,A,H,-,C,D,0,Y,,,,Y,,N,60,0,1,0,0,1,0,0,0,0,"- ","- ",,,"SAN DIEGO","SAN DIEGO",-117.17566530000001,32.8203575
6317255,2013,2014-05-30,3711,2013-12-13,1340,PITALO,,5,5,7,3711,0,0,0,,0,832,"43RD ST","POLK AV",82.00,N,N,A,-,N,,,,,,,,,,N,4,0,1,2,B,-,22,,,N,G,B,F,A,H,-,A,D,0,Y,,,,Y,,-,"- ",0,0,1,0,1,0,0,0,0,"- ","- ",,,"SAN DIEGO","SAN DIEGO",-117.1019647,32.751669300000003
6320058,2013,2014-05-30,3711,2013-12-16,1148,5624,,1,5,7,3711,0,0,0,,0,931,"SEQUENCE DR","GENETIC CENTER DR",528.00,E,N,A,-,N,,,,,,,,,,N,3,0,1,2,A,-,10,21952,,N,G,B,F,A,H,-,A,D,0,Y,,,,Y,,A,01,0,1,0,0,1,0,0,0,0,"- ","- ",,,"SAN DIEGO","SAN DIEGO",-117.1796169,32.907557300000001
6330407,2013,2014-05-13,3711,2013-12-18,1118,6415,,3,5,7,3711,0,0,0,,0,315,"FRAZEE RD","FRIARS RD",0.00,,Y,B,-,N,,,,,,,,,,N,3,0,1,2,A,-,11,21456,B,N,G,B,B,A,H,-,A,A,0,Y,,,,Y,,N,60,0,1,0,0,1,0,0,0,0,"- ","- ",,,"SAN DIEGO","SAN DIEGO",-117.157432,32.772744899999999
6330479,2013,2014-05-13,3711,2013-12-28,1922,4849,,6,5,7,3711,0,0,0,,0,529,"LAUREL ST","2ND AV",0.00,,Y,A,-,N,,,,,,,,,,N,3,0,1,2,A,-,09,21801,A,N,D,G,A,A,-,-,C,D,0,,Y,,,Y,,-,"- ",0,1,0,0,0,0,1,0,0,"- ","- ",,,"SAN DIEGO","SAN DIEGO",-117.16303189999999,32.731324800000003
6332945,2013,2014-05-12,3711,2013-11-25,2345,6252,,1,5,7,3711,0,0,0,,0,621,"ULRIC ST","LINDA VISTA RD",0.00,,Y,A,-,N,,,,,,,,,,N,3,0,1,2,A,-,11,21950,B,N,-,B,B,A,H,-,C,A,0,Y,,,,Y,,A,01,0,1,0,0,1,0,0,0,0,"- ","- ",,,"SAN DIEGO","SAN DIEGO",-117.17037190000001,32.786524900000003
6335989,2013,2014-05-27,3711,2013-12-31,1625,6236,,2,5,7,3711,0,0,0,,0,431,"EUCLID AV","HILLTOP DR",14.00,S,N,A,-,N,,,,,,,,,,N,4,0,1,2,A,-,"- ",,,N,G,B,B,A,H,-,B,A,0,Y,,,,Y,,-,"- ",0,0,1,0,1,0,0,0,0,"- ","- ",,,"SAN DIEGO","SAN DIEGO",-117.08500220000001,32.714956399999998
6336216,2013,2014-06-04,3711,2013-12-31,2344,5051,,2,5,7,3711,0,0,0,,0,613,"WEST POINT LOMA BL","MONTALVO ST",132.00,E,N,E,-,N,,,,,,,,,,N,2,0,1,2,A,-,11,21954,A,N,G,B,D,A,H,-,C,D,0,Y,,,,Y,Y,N,60,1,0,0,0,1,0,0,0,0,"- ","- ",,,"SAN DIEGO","SAN DIEGO",-117.234756,32.751826999999999
6337232,2014,2014-06-26,3711,2014-01-11,1023,6982,,6,5,7,3711,0,0,0,,0,111,"CLAIREMONT MESA BL","DIANE AV",15.00,E,N,A,-,N,,,,,,,,,,N,4,0,1,2,A,-,10,21950,A,N,-,B,D,A,H,-,A,A,0,Y,,,,Y,,-,,0,0,1,0,1,0,0,0,0,"- ","- ",,,"SAN DIEGO","SAN DIEGO",-117.18700133999999,32.83452922
6337236,2014,2014-06-04,3711,2014-01-11,0817,5450,,6,5,7,3711,0,0,0,,0,116,"BALBOA AV","CLAIREMONT DR",0.00,,Y,A,-,N,,,,,,,,,,N,3,0,1,2,A,-,10,21950,A,N,G,B,B,A,H,-,A,A,0,Y,,,,Y,,A,07,0,1,0,0,1,0,0,0,0,"- ","- ",,,"SAN DIEGO","SAN DIEGO",-117.20107003,32.811820050000001
6337557,2014,2014-06-04,3711,2014-01-10,1725,4495,,5,5,7,3711,0,0,0,,0,524,"W A ST","COLUMBIA ST",0.00,,Y,A,-,N,,,,,,,,,,N,3,0,1,2,A,-,10,21950,A,N,G,B,B,A,H,-,B,A,0,Y,,,,Y,,A,07,0,1,0,0,1,0,0,0,0,"- ","- ",,,"SAN DIEGO","SAN DIEGO",-117.16741007,32.718830109999999
6341042,2014,2014-06-02,3711,2014-01-03,1135,6933,,5,5,7,3711,0,0,0,,0,627,"6TH AV","UNIVERSITY AV",0.00,,Y,A,-,N,,,,,,,,,,N,3,0,1,2,A,-,"- ",,,N,G,B,B,A,H,-,A,A,0,Y,,,,Y,,A,01,0,1,0,0,1,0,0,0,0,"- ","- ",,,"SAN DIEGO","SAN DIEGO",-117.15953012,32.748330099999997
6346625,2014,2014-06-06,3711,2014-01-15,1800,5807,,3,5,7,3711,0,0,0,,0,512,"WEBSTER AV","SOUTH 32ND ST",6.00,S,N,A,-,N,,,,,,,,,,N,3,0,1,2,A,-,11,21954,A,N,G,B,D,A,H,-,C,D,0,Y,,,,Y,,N,60,0,1,0,0,1,0,0,0,0,"- ","- ",,,"SAN DIEGO","SAN DIEGO",-117.12521,32.704300000000003
6352464,2014,2014-06-05,3711,2014-01-16,1800,6784,,4,5,7,3711,0,0,0,,0,811,"EL CAJON BL","36TH ST",6.00,W,N,A,-,N,,,,,,,,,,N,4,0,1,2,A,-,10,21950,A,N,G,B,B,A,H,-,C,D,0,Y,,,,Y,,-,,0,0,1,0,1,0,0,0,0,"- ","- ",,,"SAN DIEGO","SAN DIEGO",-117.11579945,32.755290189999997
6352472,2014,2014-06-05,3711,2014-01-20,1708,6781,SANDI,1,5,7,3711,0,0,0,,0,828,"EUCLID AV",WIGHTMAN,9.00,E,N,A,-,N,,,,,,,,,,N,4,0,1,2,A,-,12,21453,A,N,B,G,A,A,H,-,A,A,0,,Y,,,Y,,L,04,0,0,1,0,0,0,1,0,0,"- ","- ",,,"SAN DIEGO","SAN DIEGO",-117.09232,32.747660000000003
6352668,2016,2016-03-24,3711,2016-03-15,0636,4274,,2,5,7,3711,0,0,0,,0,313,"RUFFIN RD","SPECTRUM CENTER BL",0.00,,Y,A,-,N,,,,,,,,,,N,4,0,1,2,A,-,10,21950,A,N,G,B,B,A,H,-,B,A,0,Y,,,,Y,,-,,0,0,1,0,1,0,0,0,0,"- ","- ",,,"SAN DIEGO","SAN DIEGO",-117.12745008,32.825390079999998
6353401,2014,2014-06-06,3711,2014-01-19,2018,6789,SANDI,7,5,7,3711,0,0,0,,0,627,"ROBINSON ST","RICHMOND ST",6.00,W,N,A,-,N,,,,,,,,,,N,3,0,1,2,A,-,11,21950,B,N,G,B,B,A,H,-,C,A,0,Y,,,,Y,,-,,0,1,0,0,1,0,0,0,0,"- ","- ",,,"SAN DIEGO","SAN DIEGO",-117.15123945000001,32.74641991