CASE_ID,ACCIDENT_YEAR,PROC_DATE,JURIS,COLLISION_DATE,COLLISION_TIME,OFFICER_ID,REPORTING_DISTRICT,DAY_OF_WEEK,CHP_SHIFT,POPULATION,CNTY_CITY_LOC,SPECIAL_COND,BEAT_TYPE,CHP_BEAT_TYPE,CITY_DIVISION_LAPD,CHP_BEAT_CLASS,BEAT_NUMBER,PRIMARY_RD,SECONDARY_RD,DISTANCE,DIRECTION,INTERSECTION,WEATHER_1,WEATHER_2,STATE_HWY_IND,CALTRANS_COUNTY,CALTRANS_DISTRICT,STATE_ROUTE,ROUTE_SUFFIX,POSTMILE_PREFIX,POSTMILE,LOCATION_TYPE,RAMP_INTERSECTION,SIDE_OF_HWY,TOW_AWAY,COLLISION_SEVERITY,NUMBER_KILLED,NUMBER_INJURED,PARTY_COUNT,PRIMARY_COLL_FACTOR,PCF_CODE_OF_VIOL,PCF_VIOL_CATEGORY,PCF_VIOLATION,PCF_VIOL_SUBSECTION,HIT_AND_RUN,TYPE_OF_COLLISION,MVIW,PED_ACTION,ROAD_SURFACE,ROAD_COND_1,ROAD_COND_2,LIGHTING,CONTROL_DEVICE,CHP_ROAD_TYPE,PEDESTRIAN_ACCIDENT,BICYCLE_ACCIDENT,MOTORCYCLE_ACCIDENT,TRUCK_ACCIDENT,NOT_PRIVATE_PROPERTY,ALCOHOL_INVOLVED,STWD_VEHTYPE_AT_FAULT,CHP_VEHTYPE_AT_FAULT,COUNT_SEVERE_INJ,COUNT_VISIBLE_INJ,COUNT_COMPLAINT_PAIN,COUNT_PED_KILLED,COUNT_PED_INJURED,COUNT_BICYCLIST_KILLED,COUNT_BICYCLIST_INJURED,COUNT_MC_KILLED,COUNT_MC_INJURED,PRIMARY_RAMP,SECONDARY_RAMP,LATITUDE,LONGITUDE,COUNTY,CITY,POINT_X,POINT_Y
6359294,2014,2014-06-09,3711,2014-01-29,1738,5600,,3,5,7,3711,0,0,0,,0,241,"POMERADO RD","POMERADO RD 10200",88.00,W,N,A,-,N,,,,,,,,,,N,3,0,1,2,A,-,04,21703,,N,C,G,A,A,H,-,A,D,0,,Y,,,Y,,L,04,0,1,0,0,0,0,1,0,0,"- ","- ",,,"SAN DIEGO","SAN DIEGO",,
6368632,2013,2014-05-06,3711,2013-11-13,1639,6475,"SAN D",3,5,7,3711,0,0,0,,0,821,"EL CAJON BL","73RD ST",0.00,,Y,A,-,N,,,,,,,,,,N,3,0,1,2,A,-,10,21950,A,N,G,B,B,A,H,-,A,A,0,Y,,,,Y,,-,"- ",0,1,0,0,1,0,0,0,0,"- ","- ",,,"SAN DIEGO","SAN DIEGO",-117.0404619,32.7688749
6373222,2014,2014-06-07,3711,2014-01-24,1744,6803,,5,5,7,3711,0,0,0,,0,723,"KOSTNER DR","KIMSUE WY",50.00,N,N,B,-,N,,,,,,,,,,N,4,0,1,2,A,-,11,21954,A,N,G,B,D,A,H,-,D,D,0,Y,,,,Y,,N,60,0,0,1,0,1,0,0,0,0,"- ","- ",,,"SAN DIEGO","SAN DIEGO",-117.04351548,32.576176869999998
6376513,2014,2014-06-26,3711,2014-02-04,1140,7156,,2,5,7,3711,0,0,0,,0,313,"CONVOY ST","CLAIREMONT MESA BL",0.00,,Y,A,-,N,,,,,,,,,,N,3,0,1,2,A,-,12,21453,A,N,H,G,A,A,H,-,A,A,0,,Y,,,Y,,L,04,0,1,0,0,0,0,1,0,0,"- ","- ",,,"SAN DIEGO","SAN DIEGO",-117.15328004,32.832750079999997
6376648,2014,2014-06-19,3711,2014-02-03,1645,5778,,1,5,7,3711,0,0,0,,0,813,"30TH ST","REDWOOD ST",50.00,S,N,A,-,N,,,,,,,,,,N,3,0,1,2,A,-,11,21954,A,N,D,B,D,A,H,-,A,D,0,Y,,,,Y,,N,60,0,1,0,0,1,0,0,0,0,"- ","- ",,,"SAN DIEGO","SAN DIEGO",-117.12932000000001,32.737283040000001
6376667,2014,2014-06-19,3711,2014-02-02,0130,5945,,7,5,7,3711,0,0,0,,0,627,"UNIVERSITY AV",3RD,75.00,E,N,A,-,N,,,,,,,,,,N,4,0,1,2,A,-,11,21954,A,N,A,B,E,A,H,-,C,A,0,Y,,,,Y,Y,N,60,0,0,1,0,1,0,0,0,0,"- ","- ",,,"SAN DIEGO","SAN DIEGO",-117.16251693,32.748264259999999
6388136,2014,2014-06-16,3711,2014-02-05,1306,5864,,3,5,7,3711,0,0,0,,0,622,"LINDA VISTA RD","METRO ST",0.00,,Y,A,-,N,,,,,,,,,,N,4,0,1,2,A,-,10,21950,A,N,G,B,B,A,H,-,A,A,0,Y,,,,Y,,-,,0,0,1,0,1,0,0,0,0,"- ","- ",,,"SAN DIEGO","SAN DIEGO",-117.19636001000001,32.766020070000003
6400293,2014,2014-06-17,3711,2014-02-09,2054,5051,,7,5,7,3711,0,0,0,,0,611,"LANNING RD","ROSECRANS ST",0.00,,Y,A,-,N,,,,,,,,,,N,3,0,1,2,A,-,11,21456,B,N,G,B,B,A,H,-,C,A,0,Y,,,,Y,,N,60,0,1,0,0,1,0,0,0,0,"- ","- ",,,"SAN DIEGO","SAN DIEGO",-117.22276013,32.732220079999998
6406629,2013,2014-04-03,3711,2013-07-01,1932,4759,,1,5,7,3711,0,0,0,,0,122,"FANUEL ST","GARNET AV",146.00,N,N,B,-,N,,,,,,,,,,N,3,0,1,2,A,-,10,21952,,N,H,G,A,A,H,-,B,D,0,,Y,,,Y,,A,,0,1,0,0,0,0,1,0,0,"- ","- ",,,"SAN DIEGO","SAN DIEGO",-117.2464986,32.798952399999997
6417349,2014,2014-06-24,3711,2014-03-12,1415,6768,,3,5,7,3711,0,0,0,,0,833,"UNIVERSITY AV","FAIRMOUNT AV",0.00,,Y,B,-,N,,,,,,,,,,N,4,0,1,2,A,-,"- ",,,N,G,B,D,A,H,-,A,A,0,Y,,,,Y,,N,60,0,0,1,0,1,0,0,0,0,"- ","- ",,,"SAN DIEGO","SAN DIEGO",-117.10090012000001,32.749600039999997
6417430,2014,2015-08-14,3711,2014-03-06,1315,6389,,4,5,7,3711,0,0,0,,0,713,"PASEO DE LAS AMERICAS","VIA DE LA AMISTAD",252.00,N,N,A,-,N,,,,,,,,,,N,4,0,1,2,A,-,"- ",,,N,D,G,A,A,H,-,A,D,0,,Y,,,Y,,L,04,0,0,1,0,0,0,1,0,0,"- ","- ",,,"SAN DIEGO","SAN DIEGO",-116.93593521,32.553590120000003
6424787,2014,2016-02-03,3711,2014-03-19,1610,3815,,3,5,7,3711,0,0,0,,0,313,"CLAIREMONT MESA BL","RT 163",0.00,,Y,A,-,Y,SD,11,163,-,-,8.872,R,3,S,N,4,0,1,2,A,-,09,21804,A,N,D,G,A,A,H,-,A,D,0,,Y,,,Y,,L,04,0,0,1,0,0,0,1,0,0,"- ",SO,,,"SAN DIEGO","SAN DIEGO",-117.14051847,32.833241940000001
6428603,2014,2014-07-02,3711,2014-02-28,1745,6815,SANDI,5,5,7,3711,0,0,0,,0,611,"SPORTS ARENA BL","CHANNEL WY",43.00,N,N,B,C,N,,,,,,,,,,N,3,0,1,2,A,-,11,21954,A,N,B,B,D,B,H,-,B,D,0,Y,,,,Y,Y,N,60,0,1,0,0,1,0,0,0,0,"- ","- ",,,"SAN DIEGO","SAN DIEGO",-117.2202645,32.755367210000003
6428615,2014,2014-07-02,3711,2014-02-14,2000,6136,,5,5,7,3711,0,0,0,,0,113,"CLAIRMONT AV","CLAIRMONT AV 4000",0.00,,-,A,-,N,,,,,,,,,,N,3,0,1,2,D,-,00,,,N,D,B,F,A,H,-,C,A,0,Y,,,,Y,,-,"- ",0,1,0,0,1,0,0,0,0,"- ","- ",,,"SAN DIEGO","SAN DIEGO",,
6428635,2014,2014-07-03,3711,2014-02-27,1825,4939,,4,5,7,3711,0,0,0,,0,813,"UNIVERSITY AV","32ND ST",36.00,E,N,A,-,N,,,,,,,,,,N,4,0,1,2,A,-,11,21954,A,N,G,B,D,A,H,-,C,A,0,Y,,,,Y,,N,60,0,0,1,0,1,0,0,0,0,"- ","- ",,,"SAN DIEGO","SAN DIEGO",-117.12509331,32.7485
6428639,2014,2014-07-03,3711,2014-02-28,1851,4495,,5,5,7,3711,0,0,0,,0,521,"MARKET ST","6TH AV",0.00,,Y,B,-,N,,,,,,,,,,N,4,0,1,2,A,-,11,21456,B,N,G,B,B,B,H,-,C,A,0,Y,,,,Y,,N,60,0,0,1,0,1,0,0,0,0,"- ","- ",,,"SAN DIEGO","SAN DIEGO",-117.15927007000001,32.711510060000002
6429632,2014,2014-07-26,3711,2014-01-27,1405,3815,,1,5,7,3711,0,0,0,,0,122,"INGRAHAM ST","PACIFIC BEACH DR",0.00,,Y,A,-,N,,,,,,,,,,N,4,0,1,2,A,-,10,21950,A,N,G,B,B,A,H,-,A,A,0,Y,,,,Y,,A,01,0,0,1,0,1,0,0,0,0,"- ","- ",,,"SAN DIEGO","SAN DIEGO",-117.2391001,32.793940079999999
6433214,2014,2014-06-20,3711,2014-02-28,0650,6741,"SAN D",5,5,7,3711,0,0,0,,0,511,"S SAMPSON ST","NATIONAL AV",3.00,S,N,B,C,N,,,,,,,,,,N,4,0,1,2,A,-,10,21950,A,M,G,B,B,B,H,-,A,A,0,Y,,,,Y,,-,,0,0,1,0,1,0,0,0,0,"- ","- ",,,"SAN DIEGO","SAN DIEGO",-117.14006627000001,32.697213720000001
6439793,2014,2014-06-26,3711,2014-03-19,1816,4897,,3,5,7,3711,0,0,0,,0,624,"HOWARD AV","PARK BL",4200.00,,Y,A,-,N,,,,,,,,,,N,3,0,1,2,A,-,10,21950,A,N,G,B,-,A,H,-,A,A,0,Y,,,,Y,,A,01,0,1,0,0,1,0,0,0,0,"- ","- ",,,"SAN DIEGO","SAN DIEGO",-117.14642000000001,32.754030069999999
6439836,2014,2014-06-27,3711,2014-03-19,0758,6540,,3,5,7,3711,0,0,0,,0,833,LANDIS,CHAMOUNE,4.00,E,N,A,-,N,,,,,,,,,,N,4,0,1,2,A,-,09,21802,A,N,B,B,B,A,H,-,A,A,0,Y,,,,Y,,-,,0,0,1,0,1,0,0,0,0,"- ","- ",,,"SAN DIEGO","SAN DIEGO",-117.09658704,32.745860299999997
6442998,2014,2014-07-11,3711,2014-03-28,1143,6971,MC,5,5,7,3711,0,0,0,,0,833,"UNIVERSITY AV","MENLO ST",0.00,,Y,A,-,N,,,,,,,,,,N,4,0,2,3,A,-,10,21950,A,N,G,B,B,A,H,-,A,D,0,Y,,,,Y,,-,"- ",0,0,2,0,2,0,0,0,0,"- ","- ",,,"SAN DIEGO","SAN DIEGO",-117.09443012,32.749580049999999
6443337,2014,2014-07-22,3711,2014-04-04,0900,5672,,5,5,7,3711,0,0,0,,0,315,"TEXAS ST","CAMINO DEL RIO S",0.00,,Y,B,-,N,,,,,,,,,,N,3,0,1,2,A,-,08,22107,,N,D,G,A,A,H,-,A,A,0,,Y,,,Y,,-,,0,1,0,0,0,0,1,0,0,"- ","- ",,,"SAN DIEGO","SAN DIEGO",-117.13927009,32.767300079999998
6443776,2014,2014-07-11,3711,2014-03-30,1825,6858,,7,5,7,3711,0,0,0,,0,832,"43RD ST","ORANGE AV",0.00,,Y,A,-,N,,,,,,,,,,N,4,0,1,2,A,-,21,22106,,N,G,B,D,A,H,-,A,A,0,Y,,,,Y,,A,01,0,0,1,0,1,0,0,0,0,"- ","- ",,,"SAN DIEGO","SAN DIEGO",-117.1019301,32.753170040000001
6450911,2014,2014-07-07,3711,2014-03-19,1145,5684,,3,5,7,3711,0,0,0,,0,621,"LINDA VISTA RD","ULRIC ST",322.00,S,N,A,-,N,,,,,,,,,,N,3,0,1,2,A,-,08,22107,,N,A,B,F,A,H,-,A,D,0,Y,,,,Y,,-,,0,1,0,0,1,0,0,0,0,"- ","- ",,,"SAN DIEGO","SAN DIEGO",-117.17066633,32.785677339999999
6452908,2014,2014-07-09,3711,2014-04-18,2127,5916,,5,5,7,3711,0,0,0,,0,115,"SYRACUSE WY","SYRACUSE AV",161.00,N,N,B,-,N,,,,,,,,,,N,4,0,1,3,A,-,21,22106,,N,G,B,E,A,H,-,C,D,0,Y,,,,Y,,A,01,0,0,1,0,1,0,0,0,0,"- ","- ",,,"SAN DIEGO","SAN DIEGO",-117.20798142,32.847805710000003
6459482,2014,2014-08-05,3711,2014-05-17,2308,5864,,6,5,7,3711,0,0,0,,0,123,"FRIARS RD","SEA WORLD DR",1056.00,E,N,A,-,N,,,,,,,,,,N,3,0,1,2,A,-,17,21209,,N,B,G,A,A,H,-,C,D,0,,Y,,,Y,,-,,0,1,0,0,0,0,1,0,0,"- ","- ",,,"SAN DIEGO","SAN DIEGO",-117.20679343,32.762036879999997
6459715,2014,2014-07-24,3711,2014-05-11,1459,5046,,7,5,7,3711,0,0,0,,0,524,"10TH AV","B ST",0.00,,Y,A,-,N,,,,,,,,,,N,4,0,1,2,A,-,10,21950,A,N,G,B,B,A,H,-,A,A,0,Y,,,,Y,,A,01,0,0,1,0,1,0,0,0,0,"- ","- ",,,"SAN DIEGO","SAN DIEGO",-117.15562011999999,32.717820029999999
6467618,2014,2014-07-21,3711,2014-04-15,2004,5498,,2,5,7,3711,0,0,0,,0,515,"MARKET ST","26TH ST",256.00,W,N,B,-,N,,,,,,,,,,N,3,0,1,2,A,-,11,21954,A,N,G,B,D,A,H,-,D,D,0,Y,,,,Y,Y,N,60,0,1,0,0,1,0,0,0,0,"- ","- ",,,"SAN DIEGO","SAN DIEGO",-117.13897937999999,32.711608400000003
6467655,2014,2014-07-22,3711,2014-04-11,1358,4864,,5,5,7,3711,0,0,0,,0,721,"PALM AV","SATURN BL",890.00,,N,A,-,N,,,,,,,,,,N,3,0,1,3,A,-,09,21804,A,N,D,G,A,A,H,-,A,D,0,,Y,,,Y,,A,01,0,1,0,0,0,0,1,0,0,"- ","- ",,,"SAN DIEGO","SAN DIEGO",-117.09263007,32.583740059999997
6477010,2014,2014-07-15,3711,2014-04-23,1221,5624,,3,5,7,3711,0,0,0,,0,934,"CARMEL VALLEY RD","EL CAMINO REAL",0.00,,Y,A,-,N,,,,,,,,,,N,3,0,1,2,A,-,05,21202,A,N,B,G,A,A,H,-,A,A,0,,Y,,,Y,,L,04,0,1,0,0,0,0,1,0,0,"- ","- ",,,"SAN DIEGO","SAN DIEGO",-117.23715000999999,32.934710019999997
6479962,2014,2014-07-24,3711,2014-05-03,2227,5916,,6,5,7,3711,0,0,0,,0,122,"GARNET AV","HAINES ST",116.00,W,N,A,-,N,,,,,,,,,,N,3,0,1,2,A,-,11,21954,A,N,G,B,D,A,H,-,C,D,0,Y,,,,Y,Y,N,60,0,1,0,0,1,0,0,0,0,"- ","- ",,,"SAN DIEGO","SAN DIEGO",-117.24307097000001,32.799300260000003
6480186,2014,2014-07-24,3711,2014-04-26,0800,5876,WESTE,6,5,7,3711,0,0,0,,0,621,"LINDA VISTA RD","VIA LAS CUMBRES",0.00,,Y,B,-,N,,,,,,,,,,N,4,0,1,2,A,-,08,22107,,N,-,G,A,A,H,-,-,A,0,,Y,,,Y,,-,,0,0,1,0,0,0,1,0,0,"- ","- ",,,"SAN DIEGO","SAN DIEGO",-117.18050999,32.772030110000003
6480198,2014,2014-07-23,3711,2014-04-24,1120,7067,,4,5,7,3711,0,0,0,,0,124,"PEARL ST","FAY AV",13.00,E,N,A,-,N,,,,,,,,,,N,3,0,1,2,A,-,10,21950,A,N,G,B,B,A,-,-,A,A,0,Y,,,,Y,,-,,0,1,0,0,1,0,0,0,0,"- ","- ",,,"SAN DIEGO","SAN DIEGO",-117.27365955,32.84023011
6480253,2014,2014-07-30,3711,2014-04-22,2140,6150,,2,5,7,3711,0,0,0,,0,451,"60TH ST","MICHAEL ST",6.00,,N,A,-,N,,,,,,,,,,N,2,0,1,2,A,-,11,21950,B,N,G,B,F,A,H,-,C,D,0,Y,,,,Y,,N,60,1,0,0,0,1,0,0,0,0,"- ","- ",,,"SAN DIEGO","SAN DIEGO",-117.06713010999999,32.742830099999999
6482433,2014,2014-07-14,3711,2014-04-03,1543,5495,SOUTH,4,5,7,3711,0,0,0,,0,721,"SATURN BL","PALM AV",249.00,N,N,A,-,N,,,,,,,,,,N,3,0,1,2,A,-,05,21650,1,N,-,G,A,A,H,-,A,A,0,,Y,,,Y,,L,04,0,1,0,0,0,0,1,0,0,"- ","- ",,,"SAN DIEGO","SAN DIEGO",-117.0926,32.584420270000003
6486006,2014,2014-07-24,3711,2014-05-14,1344,4923,,3,5,7,3711,0,0,0,,0,242,"MIRA MESA BL","CAMINO RUIZ",10.00,E,N,A,-,N,,,,,,,,,,N,3,0,1,2,A,-,09,21453,B,N,-,B,B,A,H,-,A,A,0,Y,,,,Y,,-,,0,1,0,0,1,0,0,0,0,"- ","- ",,,"SAN DIEGO","SAN DIEGO",-117.14396757999999,32.912821620000003
6486032,2014,2014-07-23,3711,2014-05-12,1710,6915,,1,5,7,3711,0,0,0,,0,722,"ELM AV","ELM AV 1900",10.00,N,N,A,-,N,,,,,,,,,,N,3,0,1,2,A,-,12,21453,A,N,D,G,A,-,A,H,A,A,0,,Y,,,Y,,L,04,0,1,0,0,0,0,1,0,0,"- ","- ",,,"SAN DIEGO","SAN DIEGO",,
6486052,2014,2014-07-23,3711,2014-05-12,1156,7093,MC1,1,5,7,3711,0,0,0,,0,826,"52ND PL","52ND PL 5200",10.00,N,N,A,-,N,,,,,,,,,,N,3,0,1,2,A,-,11,21950,B,N,G,B,D,A,H,-,A,D,0,Y,,,,Y,,N,60,0,1,0,0,1,0,0,0,0,"- ","- ",,,"SAN DIEGO","SAN DIEGO",-117.08357993,32.749910049999997
6486069,2014,2014-07-24,3711,2014-05-13,0658,6919,,2,5,7,3711,0,0,0,,0,327,"LA DORNA","SHANE PL",50.00,S,N,A,-,N,,,,,,,,,,N,3,0,1,2,A,-,17,22517,,N,H,G,A,A,D,-,A,D,0,,Y,,,Y,,A,01,0,1,0,0,0,0,1,0,0,"- ","- ",,,"SAN DIEGO","SAN DIEGO",-117.05899623000001,32.772713090000003
6491571,2014,2014-07-30,3711,2014-05-12,2008,5727,,1,5,7,3711,0,0,0,,0,618,"ADAIR ST","SUNSET CLIFFS BL",6.00,E,N,A,-,N,,,,,,,,,,N,3,0,1,2,A,-,09,21801,A,N,D,G,A,A,H,-,B,D,0,,Y,,,Y,,-,,0,1,0,0,0,0,1,0,0,"- ","- ",,,"SAN DIEGO","SAN DIEGO",-117.25540423,32.735600380000001
6491868,2014,2014-07-22,3711,2014-04-27,1520,7032,,7,5,7,3711,0,0,0,,0,123,"INGRAHAM ST","DANA LANDING RD",0.00,,Y,A,-,N,,,,,,,,,,N,3,0,1,2,A,-,12,21453,A,N,D,G,A,A,G,-,A,A,0,,Y,,,Y,,L,04,0,1,0,0,0,0,1,0,0,"- ","- ",,,"SAN DIEGO","SAN DIEGO",-117.23359555,32.767835179999999
6494289,2014,2014-08-08,3711,2014-05-22,1446,5114,,4,5,7,3711,0,0,0,,0,242,"MIRA MESA BL","CAMINO RUIZ",407.00,E,N,A,-,N,,,,,,,,,,N,3,0,1,2,A,-,05,21650,1,N,D,G,A,A,H,-,A,D,0,,Y,,,Y,,L,04,0,1,0,0,0,0,1,0,0,"- ","- ",,,"SAN DIEGO","SAN DIEGO",-117.14267857999999,32.91283
6495381,2014,2014-07-30,3711,2014-05-26,1451,6642,,1,5,7,3711,0,0,0,,0,444,"35TH ST","L ST",100.00,N,N,A,-,N,,,,,,,,,,N,4,0,1,2,A,-,11,21954,A,N,D,B,D,A,H,-,A,A,0,Y,,,,Y,,N,60,0,0,1,0,1,0,0,0,0,"- ","- ",,,"SAN DIEGO","SAN DIEGO",-117.11875999999999,32.708213929999999
6495394,2014,2014-08-05,3711,2014-05-27,0745,4848,,2,5,7,3711,0,0,0,,0,621,"LINDA VISTA RD",GLIDDEN,18.00,N,N,A,-,N,,,,,,,,,,N,4,0,1,2,A,-,10,21950,A,N,G,B,B,A,H,-,A,A,0,Y,,,,Y,,-,,0,0,1,0,1,0,0,0,0,"- ","- ",,,"SAN DIEGO","SAN DIEGO",-117.17370228,32.775213389999998
6495462,2014,2014-08-04,3711,2014-05-22,1536,7042,,4,5,7,3711,0,0,0,,0,627,"4TH AV","ROBINSON AV",0.00,,Y,B,-,N,,,,,,,,,,N,3,0,1,2,A,-,10,21950,A,N,G,B,B,A,H,-,A,A,0,Y,,,,Y,,-,,0,1,0,0,1,0,0,0,0,"- ","- ",,,"SAN DIEGO","SAN DIEGO",-117.16159002000001,32.746930079999998
6495482,2014,2014-08-01,3711,2014-05-27,2104,5051,,2,5,7,3711,0,0,0,,0,614,"BACON ST","MUIR AV",59.00,S,N,B,-,N,,,,,,,,,,N,3,0,1,2,A,-,11,21954,A,N,G,B,D,A,H,-,D,D,0,Y,,,,Y,Y,N,60,0,1,0,0,1,0,0,0,0,"- ","- ",,,"SAN DIEGO","SAN DIEGO",-117.24724263,32.751249350000002
6501130,2014,2015-09-24,3711,2014-05-13,2136,6648,,2,5,7,3711,0,0,0,,0,826,"EL CAJON BL","MARCELLENA RD",0.00,,Y,A,-,N,,,,,,,,,,N,4,0,1,2,A,-,14,21201,D,N,A,G,A,A,-,-,D,D,0,,Y,,,Y,Y,L,04,0,0,1,0,0,0,1,0,0,"- ","- ",,,"SAN DIEGO","SAN DIEGO",-117.08085005,32.757630079999998
6501162,2014,2014-07-29,3711,2014-05-15,1537,4759,,4,5,7,3711,0,0,0,,0,122,"MISSION BL","FELSPAR ST",50.00,S,N,A,-,N,,,,,,,,,,N,3,0,1,2,A,-,09,21801,A,N,D,G,A,A,H,-,A,D,0,,Y,,,Y,,-,,0,1,0,0,0,0,1,0,0,"- ","- ",,,"SAN DIEGO","SAN DIEGO",-117.25572016,32.797347209999998
6505576,2014,2014-07-30,3711,2014-05-13,1315,6107,,2,5,7,3711,0,0,0,,0,511,"SICARD ST","NEWTON AV",15.00,E,N,A,-,N,,,,,,,,,,N,3,0,2,2,A,-,12,22450,,N,D,G,A,A,H,-,A,D,0,,Y,,,Y,,L,04,0,2,0,0,0,0,2,0,0,"- ","- ",,,"SAN DIEGO","SAN DIEGO",-117.13917884999999,32.695291539999999
6506186,2014,2014-07-21,3711,2014-04-23,1714,7025,,3,5,7,3711,0,0,0,,0,529,"DATE ST","4TH AV",0.00,,Y,A,-,N,,,,,,,,,,N,4,0,1,2,A,-,09,21804,A,N,H,G,A,A,H,-,A,D,0,,Y,,,Y,,L,04,0,0,1,0,0,0,1,0,0,"- ","- ",,,"SAN DIEGO","SAN DIEGO",-117.16114,32.723030020000003
6514021,2014,2014-08-11,3711,2014-06-17,1825,5757,,2,5,7,3711,0,0,0,,0,316,"VOLTAIRE ST","POINSETTIA DR",0.00,,Y,A,-,N,,,,,,,,,,N,3,0,1,2,A,-,11,21950,B,N,D,B,B,A,H,-,A,D,0,Y,,,,Y,,-,,0,1,0,0,1,0,0,0,0,"- ","- ",,,"SAN DIEGO","SAN DIEGO",-117.22895999000001,32.740100120000001
6516121,2014,2014-08-11,3711,2014-06-11,2315,7134,,3,5,7,3711,0,0,0,,0,838,"EL CAJON BL","39TH ST",180.00,E,N,A,-,N,,,,,,,,,,N,4,0,2,2,A,-,08,22107,,N,C,G,A,A,H,-,C,A,0,,Y,,,Y,,L,04,0,0,2,0,0,0,1,0,0,"- ","- ",,,"SAN DIEGO","SAN DIEGO",-117.10983668999999,32.755252509999998
6519201,2014,2015-02-17,3711,2014-06-03,0545,HB3763,,2,5,7,3711,0,0,0,,0,504,"NORTH HARBOR DR","WEST GRAPE ST",0.00,,Y,B,-,N,,,,,,,,,,N,3,0,1,2,A,-,21,22106,,N,D,G,A,A,H,-,A,A,0,,Y,,,Y,,A,01,0,1,0,0,0,0,1,0,0,"- ","- ",,,"SAN DIEGO","SAN DIEGO",-117.17321001000001,32.7241201
6519233,2014,2014-08-08,3711,2014-06-01,0623,5292,,7,5,7,3711,0,0,0,,0,521,"11TH AV","B ST",23.00,S,N,B,-,N,,,,,,,,,,N,2,0,1,2,A,-,03,22350,,N,D,G,A,A,H,-,A,A,0,,Y,,,Y,,L,04,1,0,0,0,0,0,1,0,0,"- ","- ",,,"SAN DIEGO","SAN DIEGO",-117.15472878999999,32.717767000000002
6523567,2014,2014-07-17,3711,2014-04-30,1558,4897,,3,5,7,3711,0,0,0,,0,621,"LINDA VISTA RD","FULTON ST",751.00,S,N,A,-,N,,,,,,,,,,N,3,0,1,2,D,-,00,,,N,G,B,C,A,H,-,A,A,0,Y,,,,Y,,-,"- ",0,1,0,0,1,0,0,0,0,"- ","- ",,,"SAN DIEGO","SAN DIEGO",-117.16909760999999,32.788344510000002
6524958,2014,2014-08-08,3711,2014-06-10,0745,6192,,2,5,7,3711,0,0,0,,0,242,"GOLD COAST DR","WESTCHESTER AV",0.00,,Y,B,-,N,,,,,,,,,,N,3,0,1,2,A,-,08,22100,A,M,D,G,A,A,H,-,A,D,0,,Y,,,Y,,-,,0,1,0,0,0,0,1,0,0,"- ","- ",,,"SAN DIEGO","SAN DIEGO",-117.1271201,32.905360100000003
6527288,2014,2014-07-17,3711,2014-04-23,2006,6444,,3,5,7,3711,0,0,0,,0,623,"FRIARS RD","COLUSA DR",492.00,W,N,A,-,N,,,,,,,,,,N,4,0,1,2,A,-,11,21950,B,N,G,B,D,A,H,-,C,D,0,Y,,,,Y,Y,N,60,0,0,1,0,1,0,0,0,0,"- ","- ",,,"SAN DIEGO","SAN DIEGO",-117.19118487999999,32.764482909999998
6529784,2014,2014-08-20,3711,2014-06-18,1528,6994,,3,5,7,3711,0,0,0,,0,442,"SOUTH 43RD ST","BETA ST",0.00,,N,A,-,N,,,,,,,,,,,3,0,1,2,A,-,11,21950,B,N,G,B,D,A,H,-,A,D,0,Y,,,,Y,,N,60,0,1,0,0,1,0,0,0,0,"- ","- ",,,"SAN DIEGO","SAN DIEGO",-117.10245001,32.690640019999996
6540805,2014,2014-08-08,3711,2014-01-11,0915,4565,,6,5,7,3711,0,0,0,,0,931,"SCRANTON RD","CARROLL CANYON RD",0.00,,Y,A,-,N,,,,,,,,,,N,4,0,1,2,A,-,08,22107,,N,B,G,A,A,D,-,A,D,0,,Y,,,Y,,L,04,0,0,1,0,0,0,1,0,0,"- ","- ",,,"SAN DIEGO","SAN DIEGO",-117.20100001,32.889740070000002
6545047,2014,2014-08-18,3711,2014-06-29,2237,7093,SDPD,7,5,7,3711,0,0,0,,0,627,UNIVERSITY,"NORMAL AV",0.00,,Y,A,-,N,,,,,,,,,,N,3,0,1,2,A,-,09,21801,A,N,D,G,A,A,G,-,C,A,0,,Y,,,Y,,L,04,0,1,0,0,0,0,1,0,0,"- ","- ",,,"SAN DIEGO","SAN DIEGO",-117.14996008,32.748460020000003
6548354,2014,2015-09-24,3711,2014-06-25,1916,4653,,3,5,7,3711,0,0,0,,0,232,"TED WILLIAMS PKWY","SABRE SPRINGS PKWY",25.00,W,N,A,-,N,,,,,,,,,,N,2,0,1,2,A,-,11,21456,B,N,G,B,B,A,H,-,A,A,0,Y,,,,Y,,N,60,1,0,0,0,1,0,0,0,0,"- ","- ",,,"SAN DIEGO","SAN DIEGO",-117.09044784,32.964851860000003
6550187,2014,2014-08-25,3711,2014-06-30,1955,6827,,1,5,7,3711,0,0,0,,0,839,"UNIVERSITY AV","37TH ST",0.00,,Y,A,-,N,,,,,,,,,,N,3,0,1,2,A,-,03,22350,,N,C,G,A,A,H,-,B,D,0,,Y,,,Y,,L,04,0,1,0,0,0,0,1,0,0,"- ","- ",,,"SAN DIEGO","SAN DIEGO",-117.11311004,32.749730079999999