CASE_ID,ACCIDENT_YEAR,PROC_DATE,JURIS,COLLISION_DATE,COLLISION_TIME,OFFICER_ID,REPORTING_DISTRICT,DAY_OF_WEEK,CHP_SHIFT,POPULATION,CNTY_CITY_LOC,SPECIAL_COND,BEAT_TYPE,CHP_BEAT_TYPE,CITY_DIVISION_LAPD,CHP_BEAT_CLASS,BEAT_NUMBER,PRIMARY_RD,SECONDARY_RD,DISTANCE,DIRECTION,INTERSECTION,WEATHER_1,WEATHER_2,STATE_HWY_IND,CALTRANS_COUNTY,CALTRANS_DISTRICT,STATE_ROUTE,ROUTE_SUFFIX,POSTMILE_PREFIX,POSTMILE,LOCATION_TYPE,RAMP_INTERSECTION,SIDE_OF_HWY,TOW_AWAY,COLLISION_SEVERITY,NUMBER_KILLED,NUMBER_INJURED,PARTY_COUNT,PRIMARY_COLL_FACTOR,PCF_CODE_OF_VIOL,PCF_VIOL_CATEGORY,PCF_VIOLATION,PCF_VIOL_SUBSECTION,HIT_AND_RUN,TYPE_OF_COLLISION,MVIW,PED_ACTION,ROAD_SURFACE,ROAD_COND_1,ROAD_COND_2,LIGHTING,CONTROL_DEVICE,CHP_ROAD_TYPE,PEDESTRIAN_ACCIDENT,BICYCLE_ACCIDENT,MOTORCYCLE_ACCIDENT,TRUCK_ACCIDENT,NOT_PRIVATE_PROPERTY,ALCOHOL_INVOLVED,STWD_VEHTYPE_AT_FAULT,CHP_VEHTYPE_AT_FAULT,COUNT_SEVERE_INJ,COUNT_VISIBLE_INJ,COUNT_COMPLAINT_PAIN,COUNT_PED_KILLED,COUNT_PED_INJURED,COUNT_BICYCLIST_KILLED,COUNT_BICYCLIST_INJURED,COUNT_MC_KILLED,COUNT_MC_INJURED,PRIMARY_RAMP,SECONDARY_RAMP,LATITUDE,LONGITUDE,COUNTY,CITY,POINT_X,POINT_Y
6550236,2014,2015-10-13,3711,2014-06-27,1509,6000,,5,5,7,3711,0,0,0,,0,311,"MURPHY CANYON MULTI USE PATH","FRIARS RD",75.00,S,N,A,-,N,,,,,,,,,,N,3,0,2,2,-,-,"- ",,,N,B,G,A,A,H,-,A,D,0,,Y,Y,,Y,,-,"- ",0,2,0,0,0,0,1,0,1,"- ",TR,,,"SAN DIEGO","SAN DIEGO",,
6550452,2014,2014-08-26,3711,2014-07-01,0900,5496,,2,5,7,3711,0,0,0,,0,115,"REGENTS RD","PLAZA DE PALMAS",9.00,N,N,A,-,N,,,,,,,,,,N,4,0,1,2,A,-,10,21950,A,N,G,B,B,A,H,-,A,A,0,Y,,,,Y,,-,,0,0,1,0,1,0,0,0,0,"- ","- ",,,"SAN DIEGO","SAN DIEGO",-117.21822059,32.869644649999998
6560113,2014,2016-01-05,3711,2014-07-08,0830,7092,,2,5,7,3711,0,0,0,,0,315,"CAMINO DEL RIO S","RT 163",200.00,E,N,A,-,N,,,,,,,,,,N,4,0,1,2,A,-,21,22106,,N,G,B,F,A,H,-,A,D,0,Y,,,,Y,,-,,0,0,1,0,1,0,0,0,0,"- ","- ",,,"SAN DIEGO","SAN DIEGO",,
6560199,2014,2014-08-21,3711,2014-07-05,0928,5300,,6,5,7,3711,0,0,0,,0,121,"DOVER CT","STRAND WY",23.00,E,N,A,-,N,,,,,,,,,,N,3,0,1,2,A,-,21,22106,,N,G,B,E,A,H,-,A,D,0,Y,,,,Y,,-,,0,1,0,0,1,0,0,0,0,"- ","- ",,,"SAN DIEGO","SAN DIEGO",-117.25204549999999,32.766662889999999
6560581,2014,2014-08-12,3711,2014-06-17,1457,7085,SANDI,2,5,7,3711,0,0,0,,0,242,"BLACK MOUNTAIN RD","GOLD COAST DR",1056.00,N,N,A,-,N,,,,,,,,,,N,4,0,1,2,A,-,05,21650,1,N,D,G,A,A,H,-,A,D,0,,Y,,,Y,,L,04,0,0,1,0,0,0,1,0,0,"- ","- ",,,"SAN DIEGO","SAN DIEGO",-117.12426404999999,32.90825212
6564360,2014,2014-08-25,3711,2014-07-03,2342,4576,,4,5,7,3711,0,0,0,,0,821,"70TH ST","EL CAJON BL",0.00,,Y,B,-,N,,,,,,,,,,N,3,0,1,2,A,-,10,21950,A,N,G,B,B,A,H,-,C,A,0,Y,,,,Y,,A,07,0,1,0,0,1,0,0,0,0,"- ","- ",,,"SAN DIEGO","SAN DIEGO",-117.04710002,32.768700019999997
6566439,2014,2014-08-27,3711,2014-07-11,2030,6798,SD,5,5,7,3711,0,0,0,,0,443,"OSBORN ST","COTTONWOOD ST",7.00,N,N,A,-,N,,,,,,,,,,N,3,0,1,2,A,-,11,21950,B,N,G,B,E,A,H,-,C,A,0,Y,,,,Y,Y,N,60,0,1,0,0,1,0,0,0,0,"- ","- ",,,"SAN DIEGO","SAN DIEGO",-117.10986985,32.684799169999998
6567980,2014,2014-08-25,3711,2014-07-09,1649,6415,,3,5,7,3711,0,0,0,,0,315,"MISSION CENTER RD","FRIARS RD",20.00,N,N,A,-,N,,,,,,,,,,N,3,0,1,1,A,-,05,21650,1,N,E,G,A,A,H,-,A,A,0,,Y,,,Y,Y,L,04,0,1,0,0,0,0,1,0,0,"- ","- ",,,"SAN DIEGO","SAN DIEGO",-117.15385503,32.774694629999999
6570826,2014,2014-09-23,3711,2014-07-17,1259,7149,SANDI,4,5,7,3711,0,0,0,,0,,"NOBEL DR",REGENTS,180.00,W,N,A,-,N,,,,,,,,,,N,3,0,1,2,A,-,08,22107,,N,B,G,A,A,H,-,A,A,0,,Y,,,Y,,-,,0,1,0,0,0,0,1,0,0,"- ","- ",,,"SAN DIEGO","SAN DIEGO",-117.21965596,32.867704830000001
6570867,2014,2016-01-05,3711,2014-07-20,0250,7058,,7,5,7,3711,0,0,0,,0,725,"WESTPORT VIEW DR","CRYSTALAIRE DR",195.00,E,N,A,-,N,,,,,,,,,,N,4,0,1,2,A,-,11,21954,A,N,B,B,E,A,-,-,C,D,0,Y,,,,Y,Y,N,60,0,0,1,0,1,0,0,0,0,"- ","- ",,,"SAN DIEGO","SAN DIEGO",-117.02009081999999,32.577997140000001
6580609,2014,2014-09-02,3711,2014-07-07,0619,5209,,1,5,7,3711,0,0,0,,0,437,"PARADISE VALLEY RD","DEEP DELL RD",0.00,,Y,A,-,N,,,,,,,,,,N,2,0,1,2,A,-,11,21456,B,N,G,B,B,A,H,-,A,A,0,Y,,,,Y,,N,60,1,0,0,0,1,0,0,0,0,"- ","- ",,,"SAN DIEGO","SAN DIEGO",-117.02935013,32.695420050000003
6580720,2014,2014-09-02,3711,2014-07-23,1155,4757,,3,5,7,3711,0,0,0,,0,524,"4TH AV","B ST",6.00,S,N,A,-,N,,,,,,,,,,N,3,0,1,2,A,-,10,21950,A,N,G,B,B,A,H,-,A,A,0,Y,,,,Y,,-,,0,1,0,0,1,0,0,0,0,"- ","- ",,,"SAN DIEGO","SAN DIEGO",-117.16107984,32.717773559999998
6582384,2014,2014-08-18,3711,2014-07-30,1155,6344,,3,5,7,3711,0,0,0,,0,433,"AKINS AV","62ND ST",0.00,,Y,A,-,N,,,,,,,,,,N,4,0,1,2,A,-,10,21950,A,M,G,B,B,A,H,-,A,D,0,Y,,,,Y,,-,,0,0,1,0,1,0,0,0,0,"- ","- ",,,"SAN DIEGO","SAN DIEGO",-117.06394012,32.710180020000003
6585504,2014,2016-05-20,9645,2014-07-31,0616,18936,,4,1,7,3711,0,1,1,,2,009,"RT 805","SAN YSIDRO BL",6.00,E,N,A,-,Y,SD,11,805,-,-,0.872,R,3,N,N,3,0,1,2,A,-,11,21950,B,N,G,B,B,A,H,-,A,A,1,Y,,,,Y,,N,60,0,1,0,0,1,0,0,0,0,FR,"- ",32.552250000000001,-117.04042,"SAN DIEGO","SAN DIEGO",-117.04167858,32.554725019999999
6585524,2014,2014-09-05,3711,2014-08-02,1519,5046,,6,5,7,3711,0,0,0,,0,524,"MARKET ST","7TH AV",63.00,W,N,C,-,N,,,,,,,,,,N,4,0,1,2,A,-,17,22517,,N,B,G,A,B,H,-,A,D,0,,Y,,,Y,,A,01,0,0,1,0,0,0,1,0,0,"- ","- ",,,"SAN DIEGO","SAN DIEGO",-117.15853414,32.711509999999997
6585775,2014,2014-08-19,3711,2014-07-23,2215,4576,,3,5,7,3711,0,0,0,,0,813,"UNIVERSITY AV","OREGON ST",0.00,,Y,A,-,N,,,,,,,,,,N,2,0,1,2,A,-,09,21801,A,N,D,G,A,A,H,-,C,D,0,,Y,,,Y,,A,08,1,0,0,0,0,0,1,0,0,"- ","- ",,,"SAN DIEGO","SAN DIEGO",-117.13511004,32.74846007
6587484,2014,2014-09-04,3711,2014-08-02,0013,6671,,6,5,7,3711,0,0,0,,0,122,"GARNET AV","CASS ST",15.00,E,N,A,-,N,,,,,,,,,,N,4,0,1,2,A,-,10,21950,A,N,G,B,B,A,H,-,C,A,0,Y,,,,Y,,-,,0,0,1,0,1,0,0,0,0,"- ","- ",,,"SAN DIEGO","SAN DIEGO",-117.25178284,32.797350110000004
6588899,2014,2014-09-18,3711,2014-08-05,1131,5624,,2,5,7,3711,0,0,0,,0,713,"PASEO DE LAS AMERICAS","SIEMPRE VIVA",0.00,,Y,A,-,N,,,,,,,,,,N,3,0,1,2,A,-,17,21208,A,N,B,G,A,A,H,-,A,A,0,,Y,,Y,Y,,L,04,0,1,0,0,0,0,1,0,0,"- ","- ",,,"SAN DIEGO","SAN DIEGO",-116.93592013,32.556890080000002
6589717,2014,2014-09-08,3711,2014-08-08,2305,6262,,5,5,7,3711,0,0,0,,0,712,"EAST SAN YSIDRO BL","CAMINO DE LA PLAZA",250.00,N,N,A,-,N,,,,,,,,,,N,3,0,1,2,A,-,03,22350,,M,G,B,D,A,-,-,D,D,0,Y,,,,Y,,-,,0,1,0,0,1,0,0,0,0,"- ","- ",,,"SAN DIEGO","SAN DIEGO",-117.03193648,32.546483240000001
6589765,2014,2014-09-04,3711,2014-08-09,2038,6522,,6,5,7,3711,0,0,0,,0,621,"MESA COLLEGE DR",ARMSTRONG,9.00,E,N,A,-,N,,,,,,,,,,N,4,0,1,2,D,-,00,,,N,B,B,B,A,H,-,C,A,0,Y,,,,Y,,-,"- ",0,0,1,0,1,0,0,0,0,"- ","- ",,,"SAN DIEGO","SAN DIEGO",-117.16392999999999,32.804259999999999
6589921,2014,2014-08-22,3711,2014-07-31,1936,7042,,4,5,7,3711,0,0,0,,0,627,WASHINGTON,RICHMOND,90.00,W,N,A,-,N,,,,,,,,,,N,3,0,1,2,A,-,08,22107,,N,-,G,A,A,H,-,A,D,0,,Y,,,Y,,A,01,0,1,0,0,0,0,1,0,0,"- ","- ",,,"SAN DIEGO","SAN DIEGO",-117.15125813,32.751263620000003
6589929,2014,2014-08-22,3711,2014-07-18,1747,6956,,5,5,7,3711,0,0,0,,0,115,"EXECUTIVE DR","EXECUTIVE WY",0.00,,Y,A,-,N,,,,,,,,,,N,4,0,1,2,A,-,04,21703,,N,B,G,A,A,H,-,A,A,0,,Y,,,Y,,L,04,0,0,1,0,0,0,1,0,0,"- ","- ",,,"SAN DIEGO","SAN DIEGO",-117.21014003000001,32.875600089999999
6595501,2014,2014-09-08,3711,2014-08-04,0625,7052,SD,1,5,7,3711,0,0,0,,0,522,"WEST G ST","PACIFIC HWY",105.00,E,N,A,-,N,,,,,,,,,,N,4,0,1,2,A,-,05,21650,,N,A,G,A,A,H,-,A,D,0,,Y,,,Y,,L,04,0,0,1,0,0,0,1,0,0,"- ","- ",,,"SAN DIEGO","SAN DIEGO",-117.17069979,32.712523619999999
6595514,2014,2014-09-08,3711,2014-08-07,1715,4505,,4,5,7,3711,0,0,0,,0,934,"EL CAMINIO REAL","DEL MAR CORPORATE",528.00,S,N,A,-,N,,,,,,,,,,N,3,0,1,2,A,-,09,21804,A,N,G,B,F,A,H,-,A,D,0,Y,,,,Y,,A,01,0,1,0,0,1,0,0,0,0,"- ","- ",,,"SAN DIEGO","SAN DIEGO",-117.24010717,32.939454789999999
6601711,2014,2016-05-16,3711,2014-08-20,1210,3633,,3,5,7,3711,0,0,0,,0,713,"SIEMPRE VIVA RD","RT 905",0.00,,Y,A,-,Y,SD,11,905,-,R,11.266,R,1,E,N,4,0,1,2,A,-,05,21650,,N,D,G,A,A,H,-,A,A,0,,Y,,,Y,,L,04,0,0,1,0,0,0,1,0,0,"- ","- ",,,"SAN DIEGO","SAN DIEGO",-116.94105705,32.556649219999997
6601732,2014,2014-09-25,3711,2014-08-20,1447,6493,,3,5,7,3711,0,0,0,,0,313,"SPECTRUM CTR BL","RUFFIN RD",0.00,,Y,B,-,N,,,,,,,,,,N,4,0,1,2,A,-,12,21453,A,N,D,G,A,A,H,-,A,A,0,,Y,,,Y,,L,04,0,0,1,0,0,0,1,0,0,"- ","- ",,,"SAN DIEGO","SAN DIEGO",-117.12745008,32.825390079999998
6601998,2014,2014-09-09,3711,2014-07-09,2332,5051,,3,5,7,3711,0,0,0,,0,712,"CAMINO DE LA PLAZA","WILLOW RD",491.00,E,N,B,-,N,,,,,,,,,,Y,2,0,2,2,A,-,08,22107,,N,G,B,F,A,H,-,C,D,0,Y,,,,Y,,A,01,1,0,1,0,1,0,0,0,0,"- ","- ",,,"SAN DIEGO","SAN DIEGO",-117.04101276,32.545400000000001
6610054,2014,2014-09-16,3711,2014-08-20,2304,HB5627,,3,5,7,3711,0,0,0,,0,504,"W HARBOR DR","MARKET PL",210.00,E,N,A,-,N,,,,,,,,,,N,3,0,1,2,A,-,05,21650,1,N,D,G,A,A,H,-,C,D,0,,Y,,,Y,,L,04,0,1,0,0,0,0,1,0,0,"- ","- ",,,"SAN DIEGO","SAN DIEGO",-117.16765644,32.710630459999997
6610070,2014,2014-09-16,3711,2014-08-01,1102,HB5404,,5,5,7,3711,0,0,0,,0,503,"HARBOR ISLAND","HARBOR ISLAND DR 1000",0.00,,Y,-,-,N,,,,,,,,,,N,3,0,1,2,A,-,08,22101,D,N,D,G,A,A,H,-,A,A,0,,Y,,,Y,,A,01,0,1,0,0,0,0,1,0,0,"- ","- ",,,"SAN DIEGO","SAN DIEGO",-117.19182819,32.724695650000001
6611631,2014,2014-09-19,3711,2014-08-23,1731,6000,,6,5,7,3711,0,0,0,,0,839,"WIGHTMAN ST","35TH ST",60.00,W,N,A,-,N,,,,,,,,,,Y,3,0,1,3,A,-,21,22106,,N,G,B,E,A,H,-,A,D,0,Y,,,,Y,,A,07,0,1,0,0,1,0,0,0,0,"- ","- ",,,"SAN DIEGO","SAN DIEGO",-117.11823449000001,32.747869999999999
6612232,2014,2014-09-16,3711,2014-08-26,1915,7180,SANDI,2,5,7,3711,0,0,0,,0,832,MARLBOROUGH,UNIVERSITY,4.00,N,N,A,-,N,,,,,,,,,,Y,4,0,1,2,-,-,"- ",,,N,A,G,A,A,H,-,B,D,0,,Y,,,Y,,-,"- ",0,0,1,0,0,0,1,0,0,"- ","- ",,,"SAN DIEGO","SAN DIEGO",-117.10568988,32.749690960000002
6612616,2014,2014-09-22,3711,2014-08-27,1846,7179,,3,5,7,3711,0,0,0,,0,611,ROSECRANS,"ROOSEVELT RD",0.00,,Y,A,-,N,,,,,,,,,,N,4,0,1,2,A,-,11,21456,,N,D,G,A,A,H,-,A,A,0,,Y,,,Y,,L,04,0,0,1,0,0,0,1,0,0,"- ","- ",,,"SAN DIEGO","SAN DIEGO",-117.21686004999999,32.739220029999998
6613416,2014,2014-10-02,3711,2014-09-04,1720,4491,,4,5,7,3711,0,0,0,,0,521,MARKET,"PARK BL",0.00,,Y,A,-,N,,,,,,,,,,N,4,0,1,2,A,-,09,21802,A,N,D,G,A,A,H,-,A,A,0,,Y,,,Y,,L,04,0,0,1,0,0,0,1,0,0,"- ","- ",,,"SAN DIEGO","SAN DIEGO",-117.15375001,32.71153004
6613423,2014,2014-10-27,3711,2014-09-04,1712,5335,,4,5,7,3711,0,0,0,,0,234,"WEST BERNARDO DR","RANCHO BERNARDO RD",528.00,S,N,A,-,N,,,,,,,,,,N,4,0,1,2,A,-,"- ",,,N,D,G,A,A,H,-,A,D,0,,Y,,,Y,,L,04,0,0,1,0,0,0,1,0,0,"- ","- ",,,"SAN DIEGO","SAN DIEGO",-117.08188918,33.022516150000001
6613686,2014,2016-01-05,3711,2014-07-03,0916,5450,,4,5,7,3711,0,0,0,,0,121,"WEST MISSION BAY DR","MISSION BL",230.00,E,N,A,-,N,,,,,,,,,,N,3,0,1,2,A,-,05,21650,1,N,D,G,A,A,H,-,A,D,0,,Y,,,Y,,L,04,0,1,0,0,0,0,1,0,0,"- ","- ",,,"SAN DIEGO","SAN DIEGO",-117.2503844,32.772053749999998
6621799,2014,2014-09-27,3711,2014-03-17,1330,5876,WESTE,1,5,7,3711,0,0,0,,0,623,"BIKE PATH","PACIFIC HWY",0.00,,Y,A,-,N,,,,,,,,,,N,3,0,3,3,A,-,05,21650,,N,A,G,A,A,H,-,A,-,0,,Y,,,Y,,L,04,0,2,1,0,0,0,3,0,0,"- ","- ",,,"SAN DIEGO","SAN DIEGO",,
6624694,2014,2014-10-02,3711,2014-09-10,0229,5051,,3,5,7,3711,0,0,0,,0,621,"COMSTOCK ST","LINDA VISTA RD",0.00,,Y,A,-,N,,,,,,,,,,N,3,0,1,2,A,-,11,21456,B,N,G,B,B,A,H,-,C,A,0,Y,,,,Y,Y,N,60,0,1,0,0,1,0,0,0,0,"- ","- ",,,"SAN DIEGO","SAN DIEGO",-117.17174000999999,32.783369999999998
6629848,2014,2014-09-30,3711,2014-09-16,1628,6628,,2,5,7,3711,0,0,0,,0,512,"NATIONAL AV","33RD ST",264.00,W,N,A,-,N,,,,,,,,,,N,3,0,1,2,A,-,11,21950,B,M,G,B,D,A,H,-,A,D,0,Y,,,,Y,,N,60,0,1,0,0,1,0,0,0,0,"- ","- ",,,"SAN DIEGO","SAN DIEGO",-117.12405523,32.695985950000001
6629887,2014,2014-09-30,3711,2014-09-15,0730,5985,,1,5,7,3711,0,0,0,,0,541,"IMPERIAL AV","13TH ST",0.00,,Y,A,-,N,,,,,,,,,,N,3,0,1,2,A,-,10,21950,A,N,G,B,B,A,H,-,A,B,0,Y,,,,Y,,A,07,0,1,0,0,1,0,0,0,0,"- ","- ",,,"SAN DIEGO","SAN DIEGO",-117.15277003999999,32.706280020000001
6638309,2014,2014-10-08,3711,2014-09-17,0747,6659,,3,5,7,3711,0,0,0,,0,838,"UNIVERSITY AV","SWIFT AV",8.00,E,N,A,-,N,,,,,,,,,,N,4,0,1,2,D,-,00,,,N,A,B,-,A,H,-,A,A,0,Y,,,,Y,,-,"- ",0,0,1,0,1,0,0,0,0,"- ","- ",,,"SAN DIEGO","SAN DIEGO",-117.11925407,32.749769999999998
6638314,2014,2014-10-08,3711,2014-09-19,1858,6516,,5,5,7,3711,0,0,0,,0,621,"MESA COLLEGE DR","ASHFORD ST",300.00,W,N,A,-,N,,,,,,,,,,N,4,0,1,3,A,-,"- ",,,M,B,G,A,A,H,-,B,D,0,,Y,,,Y,,-,,0,0,1,0,0,0,1,0,0,"- ","- ",,,"SAN DIEGO","SAN DIEGO",-117.16049409,32.801771129999999
6640629,2014,2014-10-13,3711,2014-09-10,1744,7084,"S 2",3,5,7,3711,0,0,0,,0,723,"PALM AV","BEYER BL",15.00,W,N,A,-,N,,,,,,,,,,N,4,0,1,2,A,-,08,22100,A,N,H,G,A,A,H,-,A,A,0,,Y,,,Y,,-,,0,0,1,0,0,0,1,0,0,"- ","- ",,,"SAN DIEGO","SAN DIEGO",-117.07128853,32.583880000000001
6643036,2014,2014-10-22,3711,2014-07-24,1740,6912,FSNVL,4,5,7,3711,0,0,0,,0,623,"FASHION VALLEY RD","FASHION VALLEY RD 1300",0.00,,-,A,-,N,,,,,,,,,,N,3,0,1,2,A,-,08,22107,,N,D,G,A,A,H,-,A,D,0,,Y,,,Y,,-,,0,1,0,0,0,0,1,0,0,"- ","- ",,,"SAN DIEGO","SAN DIEGO",-117.17045724,32.765227160000002
6644812,2014,2014-10-10,3711,2014-09-11,1009,7025,,4,5,7,3711,0,0,0,,0,528,"STATE ST","HAWTHORN ST",600.00,W,N,A,-,N,,,,,,,,,,N,2,0,1,2,A,-,08,22107,,N,B,G,A,A,H,-,A,A,0,,Y,,,Y,,-,,1,0,0,0,0,0,1,0,0,"- ","- ",,,"SAN DIEGO","SAN DIEGO",-117.16892141,32.728221240000003
6644901,2014,2014-10-09,3711,2014-09-24,1420,6540,,3,5,7,3711,0,0,0,,0,242,"CAMINO RUIZ",REAGAN,10.00,S,N,A,-,N,,,,,,,,,,N,4,0,1,3,A,-,10,21950,A,M,C,B,B,A,H,-,A,A,0,Y,,,,Y,,-,,0,0,1,0,1,0,0,0,0,"- ","- ",,,"SAN DIEGO","SAN DIEGO",-117.14532109,32.908154250000003
6646843,2014,2014-10-09,3711,2014-09-23,0825,7080,,2,5,7,3711,0,0,0,,0,451,"JUANITA ST","REDWOOD ST",0.00,,Y,A,-,N,,,,,,,,,,N,4,0,1,2,A,-,11,21954,A,N,G,B,D,A,H,-,A,D,0,Y,,,,Y,,N,60,0,0,1,0,1,0,0,0,0,"- ","- ",,,"SAN DIEGO","SAN DIEGO",-117.07126012000001,32.740720070000002
6656587,2014,2014-10-23,3711,2014-09-22,1708,4576,,1,5,7,3711,0,0,0,,0,627,"UNIVERSITY AV","PARK BL",0.00,,Y,A,-,N,,,,,,,,,,N,3,0,1,2,A,-,11,21456,B,N,G,B,B,A,H,-,A,A,0,Y,,,,Y,,N,60,0,1,0,0,1,0,0,0,0,"- ","- ",,,"SAN DIEGO","SAN DIEGO",-117.14641001,32.74845002
6659046,2014,2014-11-17,3711,2014-10-03,0000,6929,NORTH,5,5,7,3711,0,0,0,,0,122,BALBOA,"GARNET AV",0.00,,Y,A,-,N,,,,,,,,,,N,3,0,1,2,A,-,09,21453,C,N,D,G,A,A,H,-,C,A,0,,Y,,,Y,Y,L,04,0,1,0,0,0,0,1,0,0,"- ","- ",,,"SAN DIEGO","SAN DIEGO",-117.22697013,32.802740059999998
6659058,2014,2014-12-02,3711,2014-10-05,0922,S284,,7,5,7,3711,0,0,0,,0,122,"GARNET AV","GRESHAM ST",0.00,,Y,A,-,N,,,,,,,,,,N,3,0,1,2,A,-,09,21802,A,N,D,G,A,A,H,-,A,A,0,,Y,,,Y,,-,"- ",0,1,0,0,0,0,1,0,0,"- ","- ",,,"SAN DIEGO","SAN DIEGO",-117.24452004,32.798940090000002
6661015,2014,2015-05-29,3711,2014-10-07,2144,3792,3711,2,5,7,3711,0,0,0,,0,441,"IMPERIAL AV","MESSINA WY",102.00,W,N,A,-,N,,,,,,,,,,,2,0,1,2,A,-,11,21954,A,F,G,B,E,A,H,-,C,D,0,Y,,,,Y,,N,60,1,0,0,0,1,0,0,0,0,"- ","- ",,,"SAN DIEGO","SAN DIEGO",-117.10594044,32.704172929999999
6664385,2014,2014-10-21,3711,2014-08-23,0655,6018,,6,5,7,3711,0,0,0,,0,621,"LINDA VISTA RD","FULTON ST",0.00,,Y,A,-,N,,,,,,,,,,N,3,0,1,2,A,-,09,21801,A,N,D,G,A,A,H,-,A,A,0,,Y,,,Y,,-,,0,1,0,0,0,0,1,0,0,"- ","- ",,,"SAN DIEGO","SAN DIEGO",-117.16756006999999,32.789940080000001
6665997,2014,2014-12-19,3711,2014-10-15,1755,7093,,3,5,7,3711,0,0,0,,0,613,"WEST POINT LOMA BL","WEST POINT LOMA BL 4400",12.00,S,N,A,F,N,,,,,,,,,,Y,3,0,1,2,A,-,09,21801,A,N,D,G,A,A,H,-,A,D,0,,Y,,,Y,,L,04,0,1,0,0,0,0,1,0,0,"- ","- ",,,"SAN DIEGO","SAN DIEGO",,
6666817,2014,2014-11-14,3711,2014-10-01,1701,7072,,3,5,7,3711,0,0,0,,0,113,"JUTLAND DR","LUNA AV",16.00,S,N,A,-,N,,,,,,,,,,N,2,0,1,2,A,-,10,21950,A,N,B,B,B,A,H,-,A,A,0,Y,,,,Y,,-,,1,0,0,0,1,0,0,0,0,"- ","- ",,,"SAN DIEGO","SAN DIEGO",-117.21659606,32.831272089999999
6668812,2014,2014-12-15,3711,2014-10-05,1018,6774,SANDI,7,5,7,3711,0,0,0,,0,623,"FRIARS RD","VIA DE LA MODA",14.00,W,N,A,-,N,,,,,,,,,,N,4,0,1,2,A,-,11,21456,B,N,G,B,B,A,H,-,A,A,0,Y,,,,Y,,N,60,0,0,1,0,1,0,0,0,0,"- ","- ",,,"SAN DIEGO","SAN DIEGO",-117.16971223,32.769555920000002
6668814,2014,2014-12-15,3711,2014-10-10,0715,6345,SD,5,5,7,3711,0,0,0,,0,246,"SCRIPPS POWAY PKWY","RT 15",28.00,E,N,A,-,Y,,,,,,,,,,N,4,0,1,2,A,-,09,21453,B,N,D,G,A,A,H,-,A,A,0,,Y,,,Y,,A,07,0,0,1,0,0,0,1,0,0,"- ",NO,,,"SAN DIEGO","SAN DIEGO",,
6668822,2014,2014-12-15,3711,2014-10-13,0615,6576,MIDCI,1,5,7,3711,0,0,0,,0,813,"30TH ST","PALM ST",18.00,N,N,A,-,N,,,,,,,,,,N,4,0,1,2,A,-,09,21801,A,N,D,G,A,A,H,-,A,A,0,,Y,,,Y,,-,,0,0,1,0,0,0,1,0,0,"- ","- ",,,"SAN DIEGO","SAN DIEGO",-117.12932000000001,32.735679310000002
6668841,2014,2014-11-26,3711,2014-10-12,1253,7153,,7,5,7,3711,0,0,0,,0,115,"RENAISSANCE WY","TOSCANA WY",0.00,,Y,A,-,N,,,,,,,,,,N,3,0,1,2,B,-,22,,,N,G,B,B,A,H,-,A,A,0,Y,,,,Y,,-,,0,1,0,0,1,0,0,0,0,"- ","- ",,,"SAN DIEGO","SAN DIEGO",-117.20397011,32.868840120000002
6668850,2014,2014-11-26,3711,2014-10-10,0725,7153,,5,5,7,3711,0,0,0,,0,115,"GENESEE AV","CENTURION SQ",300.00,S,N,A,-,N,,,,,,,,,,N,3,0,1,1,B,-,22,,,N,H,G,A,A,H,-,A,D,0,,Y,,,Y,,L,04,0,1,0,0,0,0,1,0,0,"- ","- ",,,"SAN DIEGO","SAN DIEGO",-117.20878869000001,32.86060586
6672433,2014,2016-06-13,3711,2014-10-14,0640,6962,,2,5,7,3711,0,0,0,,0,722,"PALM AV","SATURN BL",22.00,E,N,A,-,Y,SD,11,75,-,-,9.310,I,6,S,N,4,0,1,2,A,-,10,21950,A,N,G,G,A,A,H,-,B,A,0,,Y,,,Y,,-,,0,0,1,0,0,0,1,0,0,"- ","- ",,,"SAN DIEGO","SAN DIEGO",-117.09267041,32.583757939999998
6675113,2014,2016-02-24,3711,2014-10-22,0715,6992,,3,5,7,3711,0,0,0,,0,529,"KALMIA ST",4TH,15.00,W,N,A,-,N,,,,,,,,,,N,3,0,1,2,A,-,09,21802,A,N,D,G,A,A,H,-,A,A,0,,Y,,,Y,,-,,0,1,0,0,0,0,1,0,0,"- ","- ",,,"SAN DIEGO","SAN DIEGO",-117.16125861,32.730329470000001
6679364,2014,2014-12-29,3711,2014-10-17,1928,6702,,5,5,7,3711,0,0,0,,0,931,"MIRA MESA BL","CAMINO SANTA FE",128.00,W,N,A,-,N,,,,,,,,,,N,2,0,1,2,A,-,07,21658,A,N,C,G,A,A,H,-,C,D,0,,Y,Y,,Y,Y,L,04,1,0,0,0,0,0,1,0,0,"- ","- ",,,"SAN DIEGO","SAN DIEGO",-117.1718273,32.907549930000002
6680470,2014,2014-12-26,3711,2014-10-17,2341,6963,,5,5,7,3711,0,0,0,,0,821,"COLLEGE AV","EL CAJON BL",5.00,N,N,A,-,N,,,,,,,,,,N,3,0,1,2,A,-,11,21456,B,N,G,B,B,A,H,-,C,A,0,Y,,Y,,Y,,N,60,0,1,0,0,1,0,0,0,0,"- ","- ",,,"SAN DIEGO","SAN DIEGO",-117.06703,32.761363699999997
6680805,2014,2014-12-12,3711,2014-10-19,1124,7086,,7,5,7,3711,0,0,0,,0,E13,"UNIVERSITY AV","TEXAS ST",150.00,W,N,A,-,N,,,,,,,,,,N,3,0,1,2,A,-,"- ",,,N,B,G,A,A,H,-,A,D,0,,Y,,,Y,,-,,0,1,0,0,0,0,1,0,0,"- ","- ",,,"SAN DIEGO","SAN DIEGO",-117.1394562,32.748444589999998