CASE_ID,ACCIDENT_YEAR,PROC_DATE,JURIS,COLLISION_DATE,COLLISION_TIME,OFFICER_ID,REPORTING_DISTRICT,DAY_OF_WEEK,CHP_SHIFT,POPULATION,CNTY_CITY_LOC,SPECIAL_COND,BEAT_TYPE,CHP_BEAT_TYPE,CITY_DIVISION_LAPD,CHP_BEAT_CLASS,BEAT_NUMBER,PRIMARY_RD,SECONDARY_RD,DISTANCE,DIRECTION,INTERSECTION,WEATHER_1,WEATHER_2,STATE_HWY_IND,CALTRANS_COUNTY,CALTRANS_DISTRICT,STATE_ROUTE,ROUTE_SUFFIX,POSTMILE_PREFIX,POSTMILE,LOCATION_TYPE,RAMP_INTERSECTION,SIDE_OF_HWY,TOW_AWAY,COLLISION_SEVERITY,NUMBER_KILLED,NUMBER_INJURED,PARTY_COUNT,PRIMARY_COLL_FACTOR,PCF_CODE_OF_VIOL,PCF_VIOL_CATEGORY,PCF_VIOLATION,PCF_VIOL_SUBSECTION,HIT_AND_RUN,TYPE_OF_COLLISION,MVIW,PED_ACTION,ROAD_SURFACE,ROAD_COND_1,ROAD_COND_2,LIGHTING,CONTROL_DEVICE,CHP_ROAD_TYPE,PEDESTRIAN_ACCIDENT,BICYCLE_ACCIDENT,MOTORCYCLE_ACCIDENT,TRUCK_ACCIDENT,NOT_PRIVATE_PROPERTY,ALCOHOL_INVOLVED,STWD_VEHTYPE_AT_FAULT,CHP_VEHTYPE_AT_FAULT,COUNT_SEVERE_INJ,COUNT_VISIBLE_INJ,COUNT_COMPLAINT_PAIN,COUNT_PED_KILLED,COUNT_PED_INJURED,COUNT_BICYCLIST_KILLED,COUNT_BICYCLIST_INJURED,COUNT_MC_KILLED,COUNT_MC_INJURED,PRIMARY_RAMP,SECONDARY_RAMP,LATITUDE,LONGITUDE,COUNTY,CITY,POINT_X,POINT_Y
6681309,2014,2014-12-11,3711,2014-10-20,2003,6101,,1,5,7,3711,0,0,0,,0,621,"ULRIC ST","LINDA VISTA RD",0.00,,Y,A,-,N,,,,,,,,,,N,3,0,1,2,D,-,00,,,N,G,B,B,A,H,-,C,A,0,Y,,,,Y,,-,"- ",0,1,0,0,1,0,0,0,0,"- ","- ",,,"SAN DIEGO","SAN DIEGO",-117.17029008999999,32.786500050000001
6681317,2014,2014-12-11,3711,2014-10-16,1005,4386,,4,5,7,3711,0,0,0,,0,624,"MONRE ST","PARK BL",0.00,,Y,A,-,N,,,,,,,,,,N,3,0,1,2,A,-,10,21950,A,N,D,B,B,A,-,-,A,D,0,Y,,,,Y,,-,,0,1,0,0,1,0,0,0,0,"- ","- ",,,"SAN DIEGO","SAN DIEGO",-117.14626007,32.759080079999997
6681325,2014,2015-01-07,3711,2014-10-17,1710,6961,,5,5,7,3711,0,0,0,,0,524,"8TH AV","B ST",0.00,,Y,A,-,N,,,,,,,,,,N,3,0,1,2,A,-,10,21950,A,N,G,B,B,A,H,-,A,A,0,Y,,,,Y,,-,,0,1,0,0,1,0,0,0,0,"- ","- ",,,"SAN DIEGO","SAN DIEGO",-117.15743999999999,32.717800089999997
6681333,2014,2014-12-12,3711,2014-10-18,0630,7161,NORTH,6,5,7,3711,0,0,0,,0,121,"MISSION BL","SAN RAFAEL PL",3.00,N,N,B,-,N,,,,,,,,,,N,3,0,1,2,A,-,09,21802,A,N,B,G,A,A,H,-,B,A,0,,Y,,,Y,,-,,0,1,0,0,0,0,1,0,0,"- ","- ",,,"SAN DIEGO","SAN DIEGO",-117.25357,32.787148219999999
6683153,2014,2014-12-29,3711,2014-10-27,0912,7197,SANDI,1,5,7,3711,0,0,0,,0,839,"UNIVERSITY AV","39TH ST",0.00,,Y,A,-,N,,,,,,,,,,N,4,0,1,2,A,-,09,21801,A,N,G,B,B,A,H,-,A,A,0,Y,,,,Y,,-,,0,0,1,0,1,0,0,0,0,"- ","- ",,,"SAN DIEGO","SAN DIEGO",-117.11065003,32.749690049999998
6690588,2014,2014-12-24,3711,2014-10-25,2250,4708,,6,5,7,3711,0,0,0,,0,529,"LAUREL ST","5TH AV",0.00,,Y,A,-,N,,,,,,,,,,N,4,0,1,2,A,-,10,21950,A,N,H,G,A,A,H,-,C,A,0,,Y,,,Y,,-,,0,0,1,0,0,0,1,0,0,"- ","- ",,,"SAN DIEGO","SAN DIEGO",-117.16029002000001,32.731400059999999
6690619,2014,2016-02-23,3711,2014-10-25,1225,6692,,6,5,7,3711,0,0,0,,0,811,"37TH ST","MONROE AV",150.00,N,N,A,-,N,,,,,,,,,,,3,0,1,2,A,-,"- ",,,N,G,B,D,A,H,-,A,D,0,Y,,,,Y,,N,60,0,1,0,0,1,0,0,0,0,"- ","- ",,,"SAN DIEGO","SAN DIEGO",-117.11308286000001,32.759400839999998
6691550,2014,2014-12-09,3711,2014-10-29,1530,6823,,3,5,7,3711,0,0,0,,0,327,"MONTEZUMA RD","E FALLS VIEW DR",181.00,W,N,A,-,N,,,,,,,,,,N,4,0,1,2,A,-,05,21650,1,N,D,G,A,A,H,-,A,D,0,,Y,,,Y,Y,L,04,0,0,1,0,0,0,1,0,0,"- ","- ",,,"SAN DIEGO","SAN DIEGO",-117.06565492999999,32.770687219999999
6694607,2014,2015-01-08,3711,2014-11-03,1040,6213,,1,5,7,3711,0,0,0,,0,444,"MARKET ST","GATEWAY CENTER DR",0.00,,-,A,-,N,,,,,,,,,,N,3,0,1,2,A,-,21,22106,,M,G,B,D,A,H,-,A,D,0,Y,,,,Y,,-,99,0,1,0,0,1,0,0,0,0,"- ","- ",,,"SAN DIEGO","SAN DIEGO",-117.11421005,32.711520010000001
6694723,2014,2014-12-31,3711,2014-10-22,1550,5791,,3,5,7,3711,0,0,0,,0,116,"TECOLOTE RD","RT 5",0.00,,Y,A,-,Y,,,,,,,,,,Y,3,0,3,2,A,-,12,21453,A,N,D,B,A,A,H,-,A,A,0,,,,,Y,,-,,0,1,2,0,0,0,0,0,0,"- ",NO,,,"SAN DIEGO","SAN DIEGO",,
6695300,2014,2015-01-02,3711,2014-10-29,1730,7163,,3,5,7,3711,0,0,0,,0,,"HOWARD ST","TEXAS ST",300.00,E,N,A,-,N,,,,,,,,,,N,3,0,1,2,A,-,08,22107,,N,D,G,A,A,H,-,A,D,0,,Y,,,Y,,-,,0,1,0,0,0,0,1,0,0,"- ","- ",,,"SAN DIEGO","SAN DIEGO",-117.13782752,32.754038039999998
6697025,2014,2014-12-31,3711,2014-10-28,1358,4864,,2,5,7,3711,0,0,0,,0,521,"MARKET ST","6TH AV",0.00,,Y,A,-,N,,,,,,,,,,N,4,0,1,2,A,-,10,21950,A,N,G,B,B,A,H,-,A,A,0,Y,,,,Y,,A,01,0,0,1,0,1,0,0,0,0,"- ","- ",,,"SAN DIEGO","SAN DIEGO",-117.15927007000001,32.711510060000002
6698966,2014,2014-12-09,3711,2014-10-04,0108,5787,,6,5,7,3711,0,0,0,,0,122,"MISSION BL","EMERALD ST",33.00,N,N,A,-,N,,,,,,,,,,N,3,0,1,2,A,-,11,21954,A,N,B,B,D,A,H,-,C,D,0,Y,,,,Y,Y,N,60,0,1,0,0,1,0,0,0,0,"- ","- ",,,"SAN DIEGO","SAN DIEGO",-117.25608575,32.798497750000003
6701063,2014,2015-01-08,3711,2014-11-07,0650,7085,SANDI,5,5,7,3711,0,0,0,,0,116,"KNAPP ST","CLAIREMONT DR",6.00,E,N,A,-,N,,,,,,,,,,N,3,0,1,2,A,-,08,22107,,M,G,B,D,A,H,-,A,D,0,Y,,,,Y,,D,22,0,1,0,0,1,0,0,0,0,"- ","- ",,,"SAN DIEGO","SAN DIEGO",-117.19674525000001,32.801280720000001
6701069,2014,2015-01-08,3711,2014-11-10,1630,7168,,1,5,7,3711,0,0,0,,0,123,"MISSION BAY DR","QUIVIRA ACCESS RD",1056.00,W,N,A,-,N,,,,,,,,,,N,3,0,1,2,A,-,08,22107,,N,E,G,A,A,H,-,A,D,0,,Y,,,Y,Y,L,04,0,1,0,0,0,0,1,0,0,"- ","- ",,,"SAN DIEGO","SAN DIEGO",-117.24090099,32.766887910000001
6701089,2014,2015-01-08,3711,2014-11-10,2245,6511,,1,5,7,3711,0,0,0,,0,122,"HORNBLEND ST","KENDALL ST 4400",0.00,,Y,A,-,N,,,,,,,,,,N,4,0,1,2,A,-,10,21950,A,N,G,B,B,A,H,-,C,A,0,Y,,,,Y,,-,,0,0,1,0,1,0,0,0,0,"- ","- ",,,"SAN DIEGO","SAN DIEGO",,
6701101,2014,2015-01-08,3711,2014-11-10,0730,7051,,1,5,7,3711,0,0,0,,0,931,"PACIFIC HEIGHTS BL","BARNES CANYON RD",0.00,,Y,A,-,N,,,,,,,,,,N,3,0,1,2,A,-,09,21801,A,N,G,B,B,A,H,-,A,A,0,Y,,,,Y,,-,,0,1,0,0,1,0,0,0,0,"- ","- ",,,"SAN DIEGO","SAN DIEGO",-117.1934601,32.901610120000001
6701105,2014,2015-01-08,3711,2014-11-10,1757,7163,,1,5,7,3711,0,0,0,,0,313,"KEARNY VILLA WY","TECH WY",90.00,N,N,A,-,N,,,,,,,,,,Y,3,0,1,2,A,-,11,21954,A,N,G,B,D,A,H,-,C,D,0,Y,,,,Y,,N,60,0,1,0,0,1,0,0,0,0,"- ","- ",,,"SAN DIEGO","SAN DIEGO",-117.14400261999999,32.825815740000003
6702534,2014,2016-02-23,3711,2014-10-29,0741,4823,SANDI,3,5,7,3711,0,0,0,,0,514,"16TH ST","G ST",0.00,,Y,A,-,N,,,,,,,,,,N,3,0,1,2,A,-,08,22107,,N,B,G,A,A,H,-,A,A,0,,Y,,,Y,,A,01,0,1,0,0,0,0,1,0,0,"- ","- ",,,"SAN DIEGO","SAN DIEGO",-117.14949011,32.71261002
6703758,2014,2015-01-08,3711,2014-11-05,1045,6515,,3,5,7,3711,0,0,0,,0,524,"A ST",10TH,9.00,E,N,A,-,N,,,,,,,,,,N,4,0,1,2,A,-,10,21950,A,N,G,B,B,A,H,-,A,A,0,Y,,,,Y,,-,,0,0,1,0,1,0,0,0,0,"- ","- ",,,"SAN DIEGO","SAN DIEGO",-117.15559084,32.718859999999999
6705507,2014,2015-02-02,3711,2014-11-04,1529,7203,,2,5,7,3711,0,0,0,,0,114,"CLAIREMONT MESA BL",FRINK,470.00,E,N,A,-,N,,,,,,,,,,Y,3,0,2,5,A,-,08,22107,,N,B,B,E,A,H,-,A,D,0,Y,,,,Y,,-,,0,1,1,0,1,0,0,0,0,"- ","- ",,,"SAN DIEGO","SAN DIEGO",-117.19002489,32.83455
6705515,2014,2015-01-07,3711,2014-11-05,2322,5106,,3,5,7,3711,0,0,0,,0,826,"ORANGE AV","ORANGE AV 4700",0.00,,Y,A,-,N,,,,,,,,,,N,4,0,1,2,A,-,09,21801,A,N,G,B,B,A,-,-,C,A,0,Y,,,,Y,,-,,0,0,1,0,1,0,0,0,0,"- ","- ",,,"SAN DIEGO","SAN DIEGO",-117.09330887,32.753102499999997
6706042,2014,2015-01-08,3711,2014-11-02,1225,5985,,7,5,7,3711,0,0,0,,0,521,"15TH ST",BROADWAY,0.00,,Y,B,-,N,,,,,,,,,,N,3,0,1,2,A,-,09,21802,A,N,D,G,A,A,H,-,A,A,0,,Y,,,Y,Y,A,07,0,1,0,0,0,0,1,0,0,"- ","- ",,,"SAN DIEGO","SAN DIEGO",-117.15039011,32.715740019999998
6710946,2014,2015-01-08,3711,2014-11-15,1617,6699,,6,5,7,3711,0,0,0,,0,821,"67TH ST","AMHERST ST",77.00,S,N,A,-,N,,,,,,,,,,N,2,0,1,2,A,-,21,22106,,N,G,B,F,A,H,-,A,D,0,Y,,,,Y,,-,"- ",1,0,0,0,1,0,0,0,0,"- ","- ",,,"SAN DIEGO","SAN DIEGO",-117.05408891,32.766442120000001
6713350,2014,2015-01-13,3711,2014-11-09,1142,5197,,7,5,7,3711,0,0,0,,0,529,"STATE ST","WEST LAUREL ST",0.00,,Y,A,-,N,,,,,,,,,,N,3,0,1,2,A,-,10,21950,A,N,G,B,B,A,H,-,A,A,0,Y,,,,Y,,A,07,0,1,0,0,1,0,0,0,0,"- ","- ",,,"SAN DIEGO","SAN DIEGO",-117.16944002,32.730850119999999
6718115,2014,2015-02-09,3711,2014-12-29,2308,5051,,1,5,7,3711,0,0,0,,0,115,"LEBON DR","LA JOLLA VILLAGE DR",0.00,,Y,B,-,N,,,,,,,,,,Y,1,1,0,2,A,-,11,21456,B,N,G,B,B,A,H,-,C,A,0,Y,,,,Y,,N,60,0,0,0,1,0,0,0,0,0,"- ","- ",,,"SAN DIEGO","SAN DIEGO",-117.22362003000001,32.870860110000002
6718332,2015,2017-04-20,3711,2015-01-31,1807,5916,,6,5,7,3711,0,0,0,,0,833,"UNIVERSITY AV","47TH ST",82.90,W,N,B,-,N,,,,,,,,,,N,1,1,0,2,A,-,11,21954,A,N,G,B,D,A,H,-,C,D,0,Y,,,,Y,,N,60,0,0,0,1,0,0,0,0,0,"- ","- ",,,"SAN DIEGO","SAN DIEGO",-117.09359865,32.749574799999998
6718503,2014,2016-01-14,9645,2014-11-01,1733,18678,,6,2,7,3711,0,1,3,,2,023,"RT 163","RT 8",39.00,N,N,B,-,Y,SD,11,163,-,-,3.710,H,-,S,Y,1,1,0,2,A,-,11,21954,A,N,G,B,E,A,H,-,A,D,1,Y,,,,Y,Y,N,60,0,0,0,1,0,0,0,0,0,"- ","- ",32.762740000000001,-117.16339000000001,"SAN DIEGO","SAN DIEGO",-117.16356853000001,32.763028200000001
6721800,2014,2015-01-13,3711,2014-11-23,0204,5972,,7,5,7,3711,0,0,0,,0,122,"MISSION BL","EMERALD ST",0.00,,Y,A,-,N,,,,,,,,,,Y,2,0,1,2,A,-,11,21954,A,N,G,B,D,A,H,-,C,D,0,Y,,,,Y,Y,N,60,1,0,0,0,1,0,0,0,0,"- ","- ",,,"SAN DIEGO","SAN DIEGO",-117.25606003,32.798410089999997
6727979,2014,2015-01-15,3711,2014-11-24,1525,6395,SANDI,1,5,7,3711,0,0,0,,0,722,"SATURN BL","DAHLIA AV",0.00,,Y,A,-,N,,,,,,,,,,N,4,0,1,2,A,-,10,21950,A,N,G,B,D,-,H,-,A,D,0,Y,,,,Y,,-,,0,0,1,0,1,0,0,0,0,"- ","- ",,,"SAN DIEGO","SAN DIEGO",-117.09266006999999,32.582890069999998
6731906,2014,2015-01-29,3711,2014-12-02,1731,4897,,2,5,7,3711,0,0,0,,0,451,"FEDERAL BL","EUCLID AV",0.00,,Y,C,-,N,,,,,,,,,,N,2,0,1,2,A,-,11,21950,B,N,G,B,B,B,H,-,C,A,0,Y,,,,Y,,N,60,1,0,0,0,1,0,0,0,0,"- ","- ",,,"SAN DIEGO","SAN DIEGO",-117.08495001,32.721420090000002
6731917,2014,2015-02-03,3711,2014-12-07,1800,7097,,7,5,7,3711,0,0,0,,0,721,"PALM AV","RT 5",0.00,,Y,A,-,Y,,,,,,,,,,N,4,0,1,2,A,-,10,21950,A,N,H,G,A,A,H,-,C,A,0,,Y,,,Y,,-,,0,0,1,0,0,0,1,0,0,"- ",SF,,,"SAN DIEGO","SAN DIEGO",-117.08753009,32.583910039999999
6732708,2014,2015-01-30,3711,2014-12-02,1311,5628,,2,5,7,3711,0,0,0,,0,327,"COLLEGE AV","MONTEZUMA RD",19.00,S,N,B,-,N,,,,,,,,,,N,4,0,1,2,A,-,08,22107,,M,G,B,F,B,H,-,A,A,0,Y,,,,Y,,-,,0,0,1,0,1,0,0,0,0,"- ","- ",,,"SAN DIEGO","SAN DIEGO",-117.06979487,32.770659549999998
6737463,2014,2015-01-20,3711,2014-11-24,1015,7221,WEI,1,5,7,3711,0,0,0,,0,627,"1ST AV",UNIVERSITY,220.00,S,N,A,-,N,,,,,,,,,,N,4,0,1,2,A,-,21,22106,,N,G,B,F,A,H,-,A,D,0,Y,,,,Y,,-,,0,0,1,0,1,0,0,0,0,"- ","- ",,,"SAN DIEGO","SAN DIEGO",-117.16389556999999,32.74766734
6738969,2014,2015-01-16,3711,2014-11-23,1044,7021,,7,5,7,3711,0,0,0,,0,614,"CABLE ST","NEWPORT AV",0.00,,Y,A,-,N,,,,,,,,,,N,3,0,1,2,A,-,10,21950,A,N,G,B,B,A,H,-,A,A,0,Y,,,,Y,,-,,0,1,0,0,1,0,0,0,0,"- ","- ",,,"SAN DIEGO","SAN DIEGO",-117.24931008999999,32.745800109999998
6738993,2014,2015-01-20,3711,2014-11-20,0716,7044,,4,5,7,3711,0,0,0,,0,624,"LINCOLN AV","NORMAL ST",15.00,E,N,A,-,N,,,,,,,,,,N,4,0,1,2,A,-,10,21950,A,N,G,B,B,A,H,-,A,A,0,Y,,,,Y,,-,,0,0,1,0,1,0,0,0,0,"- ","- ",,,"SAN DIEGO","SAN DIEGO",-117.14852605,32.751082420000003
6739017,2014,2015-01-20,3711,2014-11-21,0755,6515,,5,5,7,3711,0,0,0,,0,526,"6TH AV","CEDAR ST",3.00,S,N,B,-,N,,,,,,,,,,N,3,0,1,2,A,-,10,21950,A,N,G,B,B,B,H,-,A,A,0,Y,,,,Y,,-,,0,1,0,0,1,0,0,0,0,"- ","- ",,,"SAN DIEGO","SAN DIEGO",-117.1593,32.721961780000001
6739461,2014,2015-01-29,3711,2014-11-17,1059,7200,,1,5,7,3711,0,0,0,,0,321,"MONTEZUMA RD","RESERVOIR DR",0.00,,Y,A,-,N,,,,,,,,,,N,3,0,1,2,A,-,10,21950,A,N,G,B,B,A,H,-,A,A,0,Y,,,,Y,,-,,0,1,0,0,1,0,0,0,0,"- ","- ",,,"SAN DIEGO","SAN DIEGO",-117.05652009000001,32.769010059999999
6762300,2014,2015-01-28,3711,2014-11-30,2313,4495,,7,5,7,3711,0,0,0,,0,813,"EL CAJON BL","30TH ST",0.00,,Y,A,-,N,,,,,,,,,,N,3,0,1,2,A,-,11,21456,B,F,G,B,B,A,H,-,C,A,0,Y,,,,Y,Y,N,60,0,1,0,0,1,0,0,0,0,"- ","- ",,,"SAN DIEGO","SAN DIEGO",-117.13017010999999,32.755400080000001
6764190,2014,2015-02-02,3711,2014-12-07,0603,5652,SANDI,7,5,7,3711,0,0,0,,0,251,"POWAY RD","SABRE SPRINGS",1056.00,W,N,A,-,N,,,,,,,,,,N,3,0,1,2,A,-,11,21950,B,N,B,B,D,A,H,-,D,D,0,Y,,,,Y,,N,,0,1,0,0,1,0,0,0,0,"- ","- ",,,"SAN DIEGO","SAN DIEGO",-117.09934613999999,32.946938520000003
6764200,2014,2015-02-02,3711,2014-12-12,1834,6676,SD,5,5,7,3711,0,0,0,,0,813,"TEXAS ST","UNIVERSITY AV",60.00,N,N,C,-,N,,,,,,,,,,N,3,0,1,2,A,-,11,21950,B,N,G,B,D,B,H,-,C,A,0,Y,,,,Y,Y,N,60,0,1,0,0,1,0,0,0,0,"- ","- ",,,"SAN DIEGO","SAN DIEGO",-117.13897,32.748440000000002
6765249,2014,2015-02-02,3711,2014-12-11,1106,6447,SANDI,4,5,7,3711,0,0,0,,0,522,"MARKET ST","3RD AV",0.00,,Y,A,-,N,,,,,,,,,,N,3,0,1,2,A,-,10,21950,A,N,G,B,B,A,H,-,A,A,0,Y,,,,Y,,-,,0,1,0,0,1,0,0,0,0,"- ","- ",,,"SAN DIEGO","SAN DIEGO",-117.16199009,32.711480119999997
6767067,2014,2015-02-05,3711,2014-12-25,1743,6332,,4,5,7,3711,0,0,0,,0,823,"BOREN ST","HUGHES ST",300.00,N,N,A,-,N,,,,,,,,,,N,3,0,1,2,A,-,11,21954,A,N,-,B,E,A,H,-,B,-,0,Y,,,,Y,,N,60,0,1,0,0,1,0,0,0,0,"- ","- ",,,"SAN DIEGO","SAN DIEGO",-117.06298733,32.7481163
6771041,2014,2015-02-10,3711,2014-12-23,1010,5945,627,2,5,7,3711,0,0,0,,0,,VERMONT,CLEVELAND,250.00,N,N,A,-,N,,,,,,,,,,N,4,0,1,2,A,-,10,21950,A,M,A,B,-,A,H,-,A,D,0,Y,,,,Y,,-,,0,0,1,0,1,0,0,0,0,"- ","- ",,,"SAN DIEGO","SAN DIEGO",-117.15343507,32.749624660000002
6771050,2014,2015-02-10,3711,2014-12-26,0950,7212,,5,5,7,3711,0,0,0,,0,614,"SANTA MONICA AV","CABLE ST",130.00,E,N,A,-,N,,,,,,,,,,N,4,0,1,1,A,-,03,22350,,N,H,G,A,A,H,-,A,D,0,,Y,,,Y,,L,04,0,0,1,0,0,0,1,0,0,"- ","- ",,,"SAN DIEGO","SAN DIEGO",-117.24825724999999,32.746432759999998
6771089,2014,2015-02-10,3711,2014-12-29,1630,7191,,1,5,7,3711,0,0,0,,0,541,"IMPERIAL AV","11TH AV",180.00,E,N,A,-,N,,,,,,,,,,N,4,0,1,2,A,-,21,22106,,N,G,B,D,A,H,-,A,A,0,Y,,,,Y,,-,,0,0,1,0,1,0,0,0,0,"- ","- ",,,"SAN DIEGO","SAN DIEGO",-117.15404033999999,32.706278589999997
6775036,2015,2015-02-19,3711,2015-01-03,1033,4220,,6,5,7,3711,0,0,0,,0,614,"CABLE ST","CABLE ST 1783",0.00,,N,A,-,N,,,,,,,,,,N,4,0,1,2,A,-,"- ",,,M,B,G,A,A,H,-,A,-,0,,Y,,,Y,,-,,0,0,1,0,0,0,1,0,0,"- ","- ",,,"SAN DIEGO","SAN DIEGO",-117.25098251999999,32.743839100000002
6777033,2014,2015-01-28,3711,2014-11-08,2500,C9,CL01,6,5,7,3711,0,0,0,,0,CL01,"EL PRADO","1549 EL PRADO",0.00,,Y,A,-,N,,,,,,,,,,N,3,0,1,2,B,-,22,,,F,G,B,E,A,H,-,A,A,0,Y,,,,Y,,N,60,0,1,0,0,1,0,0,0,0,"- ","- ",,,"SAN DIEGO","SAN DIEGO",-117.15060889999999,32.731370079999998
6780869,2014,2015-01-29,3711,2014-10-25,1142,7197,,6,5,7,3711,0,0,0,,0,831,UNIVERSITY,"UNIVERSITY 4300",0.00,,N,A,-,N,,,,,,,,,,N,4,0,1,2,A,-,08,22100,,F,G,B,F,A,H,-,A,A,0,Y,,,,Y,,-,,0,0,1,0,1,0,0,0,0,"- ","- ",,,"SAN DIEGO","SAN DIEGO",-117.10145831,32.749602240000002
6781103,2014,2015-02-10,3711,2014-12-08,1515,5876,WESTE,1,5,7,3711,0,0,0,,0,611,"ROSECRANS ST","ROSECRANS ST 3350",0.00,,Y,A,-,N,,,,,,,,,,N,3,0,1,2,A,-,09,21804,A,N,-,G,A,A,H,-,A,A,0,,Y,,,Y,Y,L,04,0,1,0,0,0,0,1,0,0,"- ","- ",,,"SAN DIEGO","SAN DIEGO",-117.20689951999999,32.748877360000002
6781736,2015,2015-02-24,3711,2015-01-14,0751,5628,,3,5,7,3711,0,0,0,,0,315,"CAMINO DE LA REINA","PARK IN THE VALLEY DRIVEWAY",0.00,,Y,A,-,N,,,,,,,,,,N,4,0,1,2,A,-,09,21453,B,N,D,G,A,A,H,-,A,A,0,,Y,,Y,Y,,G,25,0,0,1,0,0,0,1,0,0,"- ","- ",,,"SAN DIEGO","SAN DIEGO",,
6784136,2015,2015-04-29,3711,2015-01-06,1825,3661,TRAFF,2,5,7,3711,0,0,0,,0,111,"BALBOA AV","MOUNT RIAS PL",217.00,W,N,A,-,N,,,,,,,,,,N,3,0,1,2,A,-,11,21954,A,N,G,B,E,A,H,-,D,D,0,Y,,,,Y,,N,60,0,1,0,0,1,0,0,0,0,"- ","- ",,,"SAN DIEGO","SAN DIEGO",-117.17414399,32.820375220000003
6785315,2015,2015-02-19,3711,2015-01-09,1930,7160,,5,5,7,3711,0,0,0,,0,437,"ALTA VIEW DR","S WOODMAN",450.00,E,N,A,-,N,,,,,,,,,,N,3,0,1,2,A,-,21,22106,,M,G,B,F,A,H,-,C,D,0,Y,,,,Y,,-,,0,1,0,0,1,0,0,0,0,"- ","- ",,,"SAN DIEGO","SAN DIEGO",-117.03883075,32.676030130000001
6785433,2015,2016-04-07,3711,2015-01-01,1737,,112,4,5,7,3711,0,0,0,,0,112,"GENESEE AV","MOUNT HERBERT AV",51.00,S,N,B,-,N,,,,,,,,,,N,3,0,1,2,A,-,11,21955,,M,G,B,D,A,H,-,C,A,0,Y,,,,Y,,-,"- ",0,1,0,0,1,0,0,0,0,"- ","- ",,,"SAN DIEGO","SAN DIEGO",-117.1904948,32.826342990000001
6789055,2015,2015-02-27,3711,2015-01-22,1352,4897,,4,5,7,3711,0,0,0,,0,833,"UNIVERSITY AV","MENLO AV",0.00,,Y,A,-,N,,,,,,,,,,N,3,0,1,2,A,-,10,21950,A,N,G,B,B,A,H,-,A,A,0,Y,,,,Y,,A,01,0,1,0,0,1,0,0,0,0,"- ","- ",,,"SAN DIEGO","SAN DIEGO",-117.09443012,32.749580049999999
6789999,2015,2015-02-19,3711,2015-01-01,0230,5105,,4,5,7,3711,0,0,0,,0,813,"30TH ST","MADISON AV",60.00,N,N,A,-,N,,,,,,,,,,N,3,0,1,3,A,-,08,22107,,M,B,B,E,A,H,-,C,D,0,Y,,,,Y,Y,-,,0,1,0,0,1,0,0,0,0,"- ","- ",,,"SAN DIEGO","SAN DIEGO",-117.13020912,32.761184350000001
6790190,2015,2015-02-24,3711,2015-01-07,1223,7143,,3,5,7,3711,0,0,0,,0,932,"NORTH TORREY PINES RD","CARMEL VALLEY RD",2112.00,S,N,A,-,N,,,,,,,,,,N,3,0,1,2,A,-,03,22350,,N,C,G,A,A,H,-,A,D,0,,Y,,,Y,,L,04,0,1,0,0,0,0,1,0,0,"- ","- ",,,"SAN DIEGO","SAN DIEGO",-117.26123,32.938180000000003
6793551,2015,2015-02-23,3711,2015-01-22,0735,5924,,4,5,7,3711,0,0,0,,0,627,"W WASHINGTON AV","FRONT ST",0.00,,Y,A,-,N,,,,,,,,,,N,4,0,1,2,A,-,10,21950,A,N,G,B,B,A,H,-,A,A,0,Y,,,,Y,,-,,0,0,1,0,1,0,0,0,0,"- ","- ",,,"SAN DIEGO","SAN DIEGO",-117.16500009000001,32.749830070000002
6801935,2015,2015-02-18,3711,2015-01-22,0805,7175,,4,5,7,3711,0,0,0,,0,541,"IMPERIAL AV","11TH AV",27.00,W,N,A,-,N,,,,,,,,,,N,3,0,1,2,A,-,09,21801,A,N,D,G,A,A,H,-,A,A,0,,Y,,,Y,,-,,0,1,0,0,0,0,1,0,0,"- ","- ",,,"SAN DIEGO","SAN DIEGO",-117.15470374,32.706265049999999
6801940,2015,2015-02-18,3711,2015-01-21,1330,7198,,3,5,7,3711,0,0,0,,0,437,"BRIARWOOD RD","ALTA VIEW DR",0.00,,Y,A,-,N,,,,,,,,,,N,3,0,1,2,A,-,09,21804,A,N,D,G,A,A,H,-,A,A,0,,Y,,,Y,,L,04,0,1,0,0,0,0,1,0,0,"- ","- ",,,"SAN DIEGO","SAN DIEGO",-117.03183012,32.682830029999998
6801946,2015,2015-02-18,3711,2015-01-22,1943,4653,,4,5,7,3711,0,0,0,,0,314,"HEALTH CENTER DR","MARY BIRCH LN",187.00,S,N,A,-,N,,,,,,,,,,N,2,0,1,2,A,-,11,21954,A,N,G,B,D,A,H,-,C,D,0,Y,,,,Y,,N,60,1,0,0,0,1,0,0,0,0,"- ","- ",,,"SAN DIEGO","SAN DIEGO",-117.15627909,32.798131949999998
6806178,2015,2015-03-03,3711,2015-01-28,1613,6792,,3,5,7,3711,0,0,0,,0,446,"SOUTH EUCLID AV","CERVANTES AV",4.00,N,N,A,-,N,,,,,,,,,,N,4,0,1,2,A,-,09,21802,A,N,A,G,A,A,H,-,A,D,0,,Y,,,Y,,A,01,0,0,1,0,0,0,1,0,0,"- ","- ",,,"SAN DIEGO","SAN DIEGO",-117.08514,32.692400960000001