CASE_ID,ACCIDENT_YEAR,PROC_DATE,JURIS,COLLISION_DATE,COLLISION_TIME,OFFICER_ID,REPORTING_DISTRICT,DAY_OF_WEEK,CHP_SHIFT,POPULATION,CNTY_CITY_LOC,SPECIAL_COND,BEAT_TYPE,CHP_BEAT_TYPE,CITY_DIVISION_LAPD,CHP_BEAT_CLASS,BEAT_NUMBER,PRIMARY_RD,SECONDARY_RD,DISTANCE,DIRECTION,INTERSECTION,WEATHER_1,WEATHER_2,STATE_HWY_IND,CALTRANS_COUNTY,CALTRANS_DISTRICT,STATE_ROUTE,ROUTE_SUFFIX,POSTMILE_PREFIX,POSTMILE,LOCATION_TYPE,RAMP_INTERSECTION,SIDE_OF_HWY,TOW_AWAY,COLLISION_SEVERITY,NUMBER_KILLED,NUMBER_INJURED,PARTY_COUNT,PRIMARY_COLL_FACTOR,PCF_CODE_OF_VIOL,PCF_VIOL_CATEGORY,PCF_VIOLATION,PCF_VIOL_SUBSECTION,HIT_AND_RUN,TYPE_OF_COLLISION,MVIW,PED_ACTION,ROAD_SURFACE,ROAD_COND_1,ROAD_COND_2,LIGHTING,CONTROL_DEVICE,CHP_ROAD_TYPE,PEDESTRIAN_ACCIDENT,BICYCLE_ACCIDENT,MOTORCYCLE_ACCIDENT,TRUCK_ACCIDENT,NOT_PRIVATE_PROPERTY,ALCOHOL_INVOLVED,STWD_VEHTYPE_AT_FAULT,CHP_VEHTYPE_AT_FAULT,COUNT_SEVERE_INJ,COUNT_VISIBLE_INJ,COUNT_COMPLAINT_PAIN,COUNT_PED_KILLED,COUNT_PED_INJURED,COUNT_BICYCLIST_KILLED,COUNT_BICYCLIST_INJURED,COUNT_MC_KILLED,COUNT_MC_INJURED,PRIMARY_RAMP,SECONDARY_RAMP,LATITUDE,LONGITUDE,COUNTY,CITY,POINT_X,POINT_Y
6809169,2015,2015-03-06,3711,2015-02-06,1444,4523,,5,5,7,3711,0,0,0,,0,124,"VILLA LA JOLLA DR","LA JOLLA VILLAGE DR",0.00,,Y,A,-,N,,,,,,,,,,N,3,0,2,2,A,-,03,22350,,N,D,G,A,A,H,-,A,A,0,,Y,,,Y,Y,L,04,0,2,0,0,0,0,1,0,0,"- ","- ",,,"SAN DIEGO","SAN DIEGO",-117.23390000000001,32.871780039999997
6810609,2015,2015-03-02,3711,2015-01-30,1846,70L5,,5,5,7,3711,0,0,0,,0,518,"JUNIPER ST","30TH ST",7.00,W,N,A,-,N,,,,,,,,,,N,3,0,1,2,A,-,10,21950,A,F,G,B,B,A,H,-,C,D,0,Y,,,,Y,,-,,0,1,0,0,1,0,0,0,0,"- ","- ",,,"SAN DIEGO","SAN DIEGO",-117.13017268999999,32.729640000000003
6820189,2015,2015-03-06,3711,2015-02-10,1747,7205,,2,5,7,3711,0,0,0,,0,311,"SANDROCK RD","HAMMOND DR",0.00,,Y,A,-,N,,,,,,,,,,N,4,0,1,2,A,-,10,21950,A,N,G,B,B,A,H,-,C,A,0,Y,,,,Y,,-,,0,0,1,0,1,0,0,0,0,"- ","- ",,,"SAN DIEGO","SAN DIEGO",-117.1400101,32.804400059999999
6821294,2015,2015-03-16,3711,2015-02-15,1240,5929,,7,5,7,3711,0,0,0,,0,123,"EAST MISSION BAY DR","FIESTA ISLAND RD",61.00,S,N,A,-,N,,,,,,,,,,N,3,0,2,3,A,-,00,21760,C,N,-,G,A,A,H,-,A,A,0,,Y,,,Y,,-,,0,2,0,0,0,0,2,0,0,"- ","- ",,,"SAN DIEGO","SAN DIEGO",-117.2093022,32.768696919999996
6823306,2015,2015-03-06,3711,2015-02-12,0720,7039,,4,5,7,3711,0,0,0,,0,721,"THERMAL AV","ELM AV",15.00,S,N,A,-,N,,,,,,,,,,N,4,0,1,2,A,-,10,21950,A,N,G,B,B,A,H,-,B,A,0,Y,,,,Y,,A,01,0,0,1,0,1,0,0,0,0,"- ","- ",,,"SAN DIEGO","SAN DIEGO",-117.09700096,32.580608920000003
6830069,2015,2015-03-12,9645,2015-02-11,1507,15580,,3,2,7,3711,0,3,5,,2,024,"CARMEL VALLEY RD","WINESPRINGS RD",50.00,W,N,A,-,N,,,,,,,,,,N,3,0,1,2,A,-,17,21208,B,N,G,G,A,A,H,-,A,A,0,,Y,,,Y,,L,04,0,1,0,0,0,0,1,0,0,"- ","- ",33.003779999999999,-117.10775,"SAN DIEGO","SAN DIEGO",-117.10768121,33.000452840000001
6835182,2015,2015-03-12,3711,2015-02-23,1505,5916,,1,5,7,3711,0,0,0,,0,627,"4TH AV","ROBINSON AV",0.00,,Y,A,-,N,,,,,,,,,,N,3,0,1,2,A,-,11,21950,B,N,G,B,B,A,H,-,A,A,0,Y,,,,Y,,N,60,0,1,0,0,1,0,0,0,0,"- ","- ",,,"SAN DIEGO","SAN DIEGO",-117.16159002000001,32.746930079999998
6837933,2015,2015-03-12,3711,2015-01-28,0736,6702,3711,3,5,7,3711,0,0,0,,0,322,"WARING RD","ELDRIDGE ST 7030",0.00,,Y,A,-,N,,,,,,,,,,N,2,0,1,2,A,-,10,21950,A,N,G,B,B,A,H,-,A,A,0,Y,,,,Y,,A,01,1,0,0,0,1,0,0,0,0,"- ","- ",,,"SAN DIEGO","SAN DIEGO",-117.07084992,32.796420060000003
6844387,2015,2015-03-25,3711,2015-03-02,1608,7114,50,1,5,7,3711,0,0,0,,0,836,"THORN AV","45TH ST",0.00,,Y,B,-,N,,,,,,,,,,N,3,0,1,1,C,-,18,,,N,H,B,A,A,H,-,A,A,0,,,,,Y,,-,"- ",0,1,0,0,0,0,0,0,0,"- ","- ",,,"SAN DIEGO","SAN DIEGO",-117.09770003,32.740220059999999
6844395,2015,2015-03-25,3711,2015-03-01,1336,7251,,7,5,7,3711,0,0,0,,0,122,"DAMON AV","MISSION BAY DR",32.00,E,N,C,-,N,,,,,,,,,,N,4,0,1,2,A,-,05,21651,A,N,B,G,A,B,H,-,A,A,0,,Y,,,Y,,L,04,0,0,1,0,0,0,1,0,0,"- ","- ",,,"SAN DIEGO","SAN DIEGO",-117.21928800000001,32.807566319999999
6849170,2015,2015-03-23,3711,2015-03-09,0750,5929,,1,5,7,3711,0,0,0,,0,115,"CARGILL AV","CAMINO MILITA",18.00,N,N,B,-,N,,,,,,,,,,N,4,0,1,2,A,-,10,21950,A,N,-,B,D,A,H,-,A,A,0,Y,,,,Y,,-,,0,0,1,0,1,0,0,0,0,"- ","- ",,,"SAN DIEGO","SAN DIEGO",-117.21713689000001,32.861230630000001
6853941,2015,2015-03-25,3711,2015-03-03,1602,4897,,2,5,7,3711,0,0,0,,0,312,"TIERRASANTA BL","LA CUENTA DR",0.00,,Y,A,-,N,,,,,,,,,,N,4,0,1,2,A,-,12,21453,A,N,D,G,A,A,H,-,A,A,0,,Y,,,Y,,A,01,0,0,1,0,0,0,1,0,0,"- ","- ",,,"SAN DIEGO","SAN DIEGO",-117.09787,32.821270079999998
6854077,2015,2017-07-26,3711,2015-02-24,1010,5072,,2,5,7,3711,0,0,0,,0,441,"IMPERIAL AV","MESSINA WY",369.00,E,N,A,-,N,,,,,,,,,,N,1,1,0,2,A,-,09,21804,A,N,D,G,A,A,H,-,A,D,0,,Y,,,Y,,L,04,0,0,0,0,0,1,0,0,0,"- ","- ",,,"SAN DIEGO","SAN DIEGO",-117.10441468,32.704160000000002
6856646,2015,2015-04-08,3711,2015-03-16,1456,7180,,1,5,7,3711,0,0,0,,0,627,"UNIVERSITY AV","EIGHT AV",70.00,E,N,A,-,N,,,,,,,,,,N,4,0,1,2,A,-,00,21760,B,N,H,G,A,A,H,-,A,A,0,,Y,,,Y,Y,-,"- ",0,0,1,0,0,0,1,0,0,"- ","- ",,,"SAN DIEGO","SAN DIEGO",-117.15693176000001,32.748387829999999
6857150,2015,2015-04-02,3711,2015-03-17,1830,7222,"SAN D",2,5,7,3711,0,0,0,,0,112,"MOUNT LINDSEY AV","MOUNT KING DR",165.00,N,N,A,-,N,,,,,,,,,,N,4,0,1,2,A,-,00,83020,A,N,G,B,E,A,H,-,A,D,0,Y,,,,Y,,N,60,0,0,1,0,1,0,0,0,0,"- ","- ",,,"SAN DIEGO","SAN DIEGO",-117.19519518,32.824701490000002
6858835,2015,2016-09-23,9645,2015-03-04,1955,017499,,3,2,7,3711,0,1,1,,2,003,"RT 5","PARK BL",200.00,S,N,A,-,Y,SD,11,5,-,R,15.780,H,-,N,N,4,0,1,2,A,-,11,21954,A,N,G,B,D,A,H,-,C,D,1,Y,,,,Y,,N,60,0,0,1,0,1,0,0,0,0,"- ","- ",32.723770000000002,-117.15183,"SAN DIEGO","SAN DIEGO",-117.15058758000001,32.723841
6859932,2015,2015-03-27,3711,2015-03-13,2350,7080,,5,5,7,3711,0,0,0,,0,431,"EUCLID AV","HILLTOP DR",306.00,N,N,A,-,N,,,,,,,,,,N,3,0,1,2,A,-,11,21954,A,N,G,B,E,A,H,-,C,D,0,Y,,,,Y,,N,60,0,1,0,0,1,0,0,0,0,"- ","- ",,,"SAN DIEGO","SAN DIEGO",-117.08499051,32.715838009999999
6859968,2015,2015-03-30,3711,2015-03-13,1602,6946,SD,5,5,7,3711,0,0,0,,0,833,UNIVERSITY,"45TH ST",45.00,W,N,A,-,N,,,,,,,,,,N,4,0,1,2,A,-,05,21650,1,N,D,G,A,A,H,-,-,-,0,,Y,,,Y,,L,04,0,0,1,0,0,0,1,0,0,"- ","- ",,,"SAN DIEGO","SAN DIEGO",-117.09779586000001,32.749609999999997
6859971,2015,2015-03-27,3711,2015-03-14,1540,5989,,6,5,7,3711,0,0,0,,0,122,"MISSION BL","THOMAS AV",0.00,,Y,A,-,N,,,,,,,,,,N,3,0,1,2,A,-,09,21804,A,N,G,B,D,A,H,-,A,D,0,Y,,,,Y,,N,60,0,1,0,0,1,0,0,0,0,"- ","- ",,,"SAN DIEGO","SAN DIEGO",-117.25459003,32.793630049999997
6862514,2015,2015-03-30,3711,2015-03-15,1228,6904,SANDI,7,5,7,3711,0,0,0,,0,723,"PALM AV","CHURRITUCK DR",10.00,E,N,A,-,N,,,,,,,,,,N,3,0,1,2,A,-,11,21950,B,N,G,B,D,A,H,-,A,D,0,Y,,,,Y,Y,N,60,0,1,0,0,1,0,0,0,0,"- ","- ",,,"SAN DIEGO","SAN DIEGO",-117.05805764999999,32.583769480000001
6862519,2015,2016-04-07,3711,2015-03-05,0815,7252,,4,5,7,3711,0,0,0,,0,234,"PASEO MONTANOSO","PASEO MONTANOSO 11200",0.00,,N,A,-,N,,,,,,,,,,N,3,0,1,2,A,-,11,21456,B,N,-,G,A,A,H,-,A,A,0,,Y,,,Y,,L,04,0,1,0,0,0,0,1,0,0,"- ","- ",,,"SAN DIEGO","SAN DIEGO",-117.08735973,32.998670930000003
6866017,2015,2015-04-14,3711,2015-03-29,1854,4523,,7,5,7,3711,0,0,0,,0,122,"GARNET AV","JEWELL ST",0.00,,Y,A,-,N,,,,,,,,,,N,3,0,1,2,A,-,12,21453,A,M,D,G,A,A,H,-,A,A,0,,Y,,,Y,,-,,0,1,0,0,0,0,1,0,0,"- ","- ",,,"SAN DIEGO","SAN DIEGO",-117.2389701,32.800200080000003
6866034,2015,2015-04-16,3711,2015-03-29,1615,6521,,7,5,7,3711,0,0,0,,0,834,"42ND ST","THORN ST",150.00,N,N,A,-,N,,,,,,,,,,N,3,0,1,2,A,-,08,22107,,N,H,G,A,A,H,-,A,D,0,,Y,,,Y,,L,04,0,1,0,0,0,0,1,0,0,"- ","- ",,,"SAN DIEGO","SAN DIEGO",-117.10518999999999,32.740299999999998
6869381,2015,2015-04-30,3711,2015-03-22,1817,5787,,7,5,7,3711,0,0,0,,0,122,"TOURMALINE ST","DAWES ST",261.00,W,N,A,-,N,,,,,,,,,,N,3,0,1,2,A,-,11,21954,A,N,A,B,E,A,G,-,A,D,0,Y,,,,Y,,N,60,0,1,0,0,1,0,0,0,0,"- ","- ",,,"SAN DIEGO","SAN DIEGO",-117.25397842,32.807906639999999
6875881,2015,2015-04-14,3711,2015-03-22,1100,7272,,7,5,7,3711,0,0,0,,0,445,"MARKET ST","47TH ST",500.00,E,N,A,-,N,,,,,,,,,,N,3,0,1,2,A,-,03,22350,,M,G,B,D,A,H,-,A,D,0,Y,,,,Y,,-,,0,1,0,0,1,0,0,0,0,"- ","- ",,,"SAN DIEGO","SAN DIEGO",-117.09230795000001,32.710715690000001
6876000,2015,2015-04-14,3711,2015-03-21,0957,5929,,6,5,7,3711,0,0,0,,0,115,"LEBON DR","NOBEL DR",450.00,S,N,A,-,N,,,,,,,,,,N,3,0,1,2,A,-,11,21950,B,N,A,B,D,A,H,-,A,D,0,Y,,,,Y,,N,60,0,1,0,0,1,0,0,0,0,"- ","- ",,,"SAN DIEGO","SAN DIEGO",-117.22484521,32.86728763
6877510,2015,2015-04-15,3711,2015-03-16,0836,6913,"SAN D",1,5,7,3711,0,0,0,,0,713,"OTAY CENTER DR","SIEMPRE VIVA RD",0.00,,Y,A,-,N,,,,,,,,,,N,4,0,1,2,A,-,09,21801,A,N,G,B,B,A,H,-,A,D,0,Y,,,,Y,,-,,0,0,1,0,1,0,0,0,0,"- ","- ",,,"SAN DIEGO","SAN DIEGO",-116.94243003,32.554060020000001
6877516,2015,2015-04-14,3711,2015-03-25,1210,6939,"SAN D",3,5,7,3711,0,0,0,,0,611,"MIDWAY DR","SPORTS ARENA BL",150.00,S,N,A,-,N,,,,,,,,,,N,4,0,1,2,A,-,10,21952,,N,H,B,F,A,G,-,A,A,0,Y,,,,Y,,-,,0,0,1,0,1,0,0,0,0,"- ","- ",,,"SAN DIEGO","SAN DIEGO",-117.21912296000001,32.754591189999999
6878726,2015,2015-04-17,3711,2015-04-04,1800,3432,,6,5,7,3711,0,0,0,,0,124,"FAY AV","KLINE ST",1.00,N,N,A,-,N,,,,,,,,,,N,3,0,1,2,A,-,05,21650,1,N,A,G,A,A,H,-,A,A,0,,Y,,,Y,,L,04,0,1,0,0,0,0,1,0,0,"- ","- ",,,"SAN DIEGO","SAN DIEGO",-117.27473088000001,32.843302639999997
6878899,2015,2015-04-20,3711,2015-03-25,1505,5507,SDSU,3,5,7,3711,0,0,0,,0,00E,"AZTEC CIRCLE DR","S WALL OF EBA",57.00,N,N,A,-,N,,,,,,,,,,N,3,0,1,2,A,-,17,22517,,N,H,G,A,A,E,-,A,D,0,,Y,,,Y,,I,11,0,1,0,0,0,0,1,0,0,"- ","- ",,,"SAN DIEGO","SAN DIEGO",,
6883950,2015,2015-04-21,3711,2015-04-06,1609,7274,,1,5,7,3711,0,0,0,,0,434,"BAY VIEW HEIGHTS PL","BAY VIEW HEIGHTS DR",500.00,W,N,A,-,N,,,,,,,,,,N,3,0,1,2,A,-,11,21950,B,N,G,B,D,A,H,-,A,D,0,Y,,,,Y,,N,60,0,1,0,0,1,0,0,0,0,"- ","- ",,,"SAN DIEGO","SAN DIEGO",-117.079341,32.724437940000001
6887083,2015,2015-05-07,3711,2015-04-15,1735,7004,SOUTH,3,5,7,3711,0,0,0,,0,712,"WEST SAN YSIDRO BL","ALVERSON RD",300.00,W,N,A,-,N,,,,,,,,,,N,3,0,1,2,A,-,05,21202,A,N,D,G,A,A,H,-,A,-,0,,Y,,,Y,Y,L,04,0,1,0,0,0,0,1,0,0,"- ","- ",,,"SAN DIEGO","SAN DIEGO",-117.05247305,32.555726919999998
6894639,2015,2015-05-11,3711,2015-04-18,1805,7032,,6,5,7,3711,0,0,0,,0,831,"ORANGE AV","CHAMOUNE AV",0.00,,Y,A,-,N,,,,,,,,,,N,4,0,1,2,A,-,03,22350,,N,G,B,D,A,H,-,A,A,0,Y,,,,Y,Y,-,,0,0,1,0,1,0,0,0,0,"- ","- ",,,"SAN DIEGO","SAN DIEGO",-117.09657007,32.753130120000002
6902543,2015,2015-05-08,3711,2015-01-13,1351,5313,,2,5,7,3711,0,0,0,,0,724,"PALM AV","HOLLISTER ST",0.00,,Y,A,-,N,,,,,,,,,,N,4,0,1,2,A,-,10,21950,A,N,G,B,B,A,G,-,A,A,0,Y,,,,Y,,D,22,0,0,1,0,1,0,0,0,0,"- ","- ",,,"SAN DIEGO","SAN DIEGO",-117.08407006,32.58378003
6902654,2015,2016-06-06,3711,2015-04-26,1624,6648,,7,5,7,3711,0,0,0,,0,933,"DEL MAR HEIGHTS RD","CREST WY",0.00,,Y,A,-,N,,,,,,,,,,N,3,0,1,2,A,-,17,21200,A,N,D,G,A,A,H,-,A,A,0,,Y,,,Y,,L,04,0,1,0,0,0,0,1,0,0,"- ","- ",,,"SAN DIEGO","SAN DIEGO",-117.25510002999999,32.949380089999998
6904921,2015,2015-05-20,9645,2015-03-19,2027,020066,,4,2,7,3711,0,1,1,,2,003,"RT 5","28TH ST",800.00,S,N,A,-,Y,SD,11,5,-,R,13.230,H,-,S,Y,1,1,0,4,A,-,11,21954,A,N,G,B,D,A,H,-,D,D,1,Y,,,,Y,,N,60,0,0,0,1,0,0,0,0,0,"- ","- ",32.69455,-117.13267,"SAN DIEGO","SAN DIEGO",-117.13129068000001,32.694338930000001
6905946,2015,2015-05-22,3711,2015-04-17,1121,5838,,5,5,7,3711,0,0,0,,0,511,"HARBOR BL","HARBOR BL 2800",0.00,,-,A,-,N,,,,,,,,,,N,3,0,1,2,A,-,08,22107,,N,H,G,A,A,H,-,A,D,0,,Y,,,Y,,L,04,0,1,0,0,0,0,1,0,0,"- ","- ",,,"SAN DIEGO","SAN DIEGO",,
6907212,2015,2017-01-06,3711,2015-04-27,1820,7220,"SAN D",1,5,7,3711,0,0,0,,0,511,"MAIN ST","RT 15",12.00,W,N,A,-,Y,SD,11,15,-,R,0.026,R,1,S,N,4,0,1,2,A,-,09,21453,B,N,D,G,A,A,H,-,A,A,0,,Y,,,Y,,-,,0,0,1,0,0,0,1,0,0,"- ",WF,,,"SAN DIEGO","SAN DIEGO",-117.12169588,32.693001649999999
6909242,2015,2015-05-15,3711,2015-04-30,1935,6555,,4,5,7,3711,0,0,0,,0,813,UNIVERSITY,"32ND ST",0.00,,Y,-,-,N,,,,,,,,,,,4,0,1,2,A,-,09,21801,A,N,D,G,A,-,-,-,-,A,0,,Y,,,Y,,-,,0,0,1,0,0,0,1,0,0,"- ","- ",,,"SAN DIEGO","SAN DIEGO",-117.12521005000001,32.748500010000001
6910527,2015,2015-05-12,3711,2015-04-18,1656,6794,SD,6,5,7,3711,0,0,0,,0,242,"HILLERY DR","HILLERY DR 9260",10.00,E,N,A,-,N,,,,,,,,,,N,3,0,1,2,A,-,05,21651,B,N,D,G,A,A,H,-,A,D,0,,Y,,,Y,,L,04,0,1,0,0,0,0,1,0,0,"- ","- ",,,"SAN DIEGO","SAN DIEGO",,
6921407,2015,2015-06-25,3711,2015-05-06,1745,7125,SD,3,5,7,3711,0,0,0,,0,826,"EL CAJON BL","52ND ST",10.00,E,Y,B,-,N,,,,,,,,,,N,3,0,1,2,A,-,10,21950,A,N,G,B,B,A,H,-,A,A,0,Y,,,,Y,Y,-,,0,1,0,0,1,0,0,0,0,"- ","- ",,,"SAN DIEGO","SAN DIEGO",-117.08355793,32.757243969999998
6921414,2015,2015-06-03,3711,2015-05-05,1000,6939,,2,5,7,3711,0,0,0,,0,611,"SPORTS ARENA BL","SPORTS ARENA BL 3200",0.00,,-,A,-,N,,,,,,,,,,N,4,0,1,2,A,-,21,22106,,M,G,B,F,A,H,-,A,D,0,Y,,,,Y,Y,-,99,0,0,1,0,1,0,0,0,0,"- ","- ",,,"SAN DIEGO","SAN DIEGO",-117.20674305999999,32.752407730000002
6921417,2015,2016-06-15,3711,2015-05-08,1500,7135,,5,5,7,3711,0,0,0,,0,115,"CLAIRMONT MESA BL","CLAIRMONT MESA BL 4140",0.00,,-,B,C,N,,,,,,,,,,N,4,0,2,4,B,-,22,,,M,C,B,E,B,H,-,A,D,0,Y,,,,Y,,-,99,0,0,2,0,2,0,0,0,0,"- ","- ",,,"SAN DIEGO","SAN DIEGO",-117.20172286,32.830431820000001
6921420,2015,2015-06-01,3711,2015-05-07,2220,7088,SD,4,5,7,3711,0,0,0,,0,521,"7TH AV","J ST",0.00,,Y,A,-,N,,,,,,,,,,N,4,0,1,2,A,-,11,21950,B,N,G,B,D,A,H,-,C,D,0,Y,,,,Y,Y,N,60,0,0,1,0,1,0,0,0,0,"- ","- ",,,"SAN DIEGO","SAN DIEGO",-117.15828012999999,32.70940006
6925454,2015,2015-06-11,3711,2015-05-06,1536,6366,,3,5,7,3711,0,0,0,,0,611,"KURTZ ST","ROSECRANS ST",152.00,E,N,A,-,N,,,,,,,,,,N,3,0,1,2,A,I,"- ",,,N,G,B,D,A,H,-,A,D,0,Y,,,,Y,,N,60,0,1,0,0,1,0,0,0,0,"- ","- ",,,"SAN DIEGO","SAN DIEGO",-117.2034812,32.752065399999999
6925930,2015,2015-06-04,3711,2015-05-12,1857,7109,52,2,5,7,3711,0,0,0,,0,723,"IRIS AV","MONTEREY PINE DR",119.00,E,N,A,-,N,,,,,,,,,,N,3,0,1,2,A,-,09,21804,A,N,G,G,A,A,H,-,A,D,0,,Y,,,Y,,-,,0,1,0,0,0,0,1,0,0,"- ","- ",,,"SAN DIEGO","SAN DIEGO",-117.07179515,32.569143250000003
6928789,2015,2015-06-17,3711,2015-05-14,1418,1037,,4,5,7,3711,0,0,0,,0,001,"2ND ST","ORANGE AV",0.00,,Y,C,-,N,,,,,,,,,,N,4,0,1,2,A,-,11,21954,A,N,D,B,D,B,H,-,A,B,0,Y,,,,Y,,N,60,0,0,1,0,1,0,0,0,0,"- ","- ",,,"SAN DIEGO","SAN DIEGO",-117.17325009,32.697360119999999
6934317,2015,2015-06-24,3711,2015-05-17,1057,7125,SD,7,5,7,3711,0,0,0,,0,822,"EL CAJON BL","54TH ST",10.00,W,N,A,-,N,,,,,,,,,,N,4,0,1,2,A,-,12,21453,A,N,D,G,A,A,H,-,A,A,0,,Y,,,Y,,-,"- ",0,0,1,0,0,0,1,0,0,"- ","- ",,,"SAN DIEGO","SAN DIEGO",-117.07938197999999,32.75783552
6934353,2015,2015-06-11,3711,2015-05-07,1421,6702,,4,5,7,3711,0,0,0,,0,712,"WEST SAN YSIDRO BL","ALVERSON RD",0.00,,Y,A,-,N,,,,,,,,,,N,4,0,1,2,A,-,10,21950,A,N,G,B,B,A,H,-,A,A,0,Y,,,,Y,,A,07,0,0,1,0,1,0,0,0,0,"- ","- ",,,"SAN DIEGO","SAN DIEGO",-117.05160011,32.555370060000001
6935203,2015,2015-07-22,3711,2015-06-27,0255,6614,,6,5,7,3711,0,0,0,,0,122,"GARNET AV","DAWES ST",30.00,E,N,A,-,N,,,,,,,,,,N,3,0,1,2,A,-,11,21954,A,N,G,B,D,A,H,-,C,D,0,Y,,,,Y,Y,N,60,0,1,0,0,1,0,0,0,0,"- ","- ",,,"SAN DIEGO","SAN DIEGO",-117.24991548,32.79774956
6940054,2015,2015-08-19,3711,2015-05-05,2143,4310,,2,5,7,3711,0,0,0,,0,122,"BALBOA AV","NOYES ST",0.00,,Y,A,-,N,,,,,,,,,,N,2,0,1,2,A,-,10,21950,A,N,G,B,B,A,H,-,C,D,0,Y,,,,Y,,A,01,1,0,0,0,1,0,0,0,0,"- ","- ",,,"SAN DIEGO","SAN DIEGO",-117.2313401,32.800680110000002
6947935,2015,2015-06-29,3711,2015-05-24,1610,6361,,7,5,7,3711,0,0,0,,0,813,"REDWOOD ST","28TH ST",0.00,,Y,A,-,N,,,,,,,,,,N,4,0,1,2,A,-,10,21950,A,N,G,B,B,A,H,-,A,D,0,Y,,,,Y,,A,01,0,0,1,0,1,0,0,0,0,"- ","- ",,,"SAN DIEGO","SAN DIEGO",-117.13361002000001,32.737430029999999
6953142,2015,2015-06-16,3711,2015-05-22,2036,6104,,5,5,7,3711,0,0,0,,0,611,"MIDWAY DR","ROSECRANS ST",300.00,W,N,B,-,N,,,,,,,,,,N,4,0,1,2,A,-,11,21954,A,N,A,B,D,B,H,-,E,D,0,Y,,,,Y,,N,60,0,0,1,0,1,0,0,0,0,"- ","- ",,,"SAN DIEGO","SAN DIEGO",-117.20700601,32.75011508
6960162,2015,2015-07-08,3711,2015-06-06,1936,7037,SANDI,6,5,7,3711,0,0,0,,0,614,"EBERS ST",NIAGARA,0.00,,Y,A,-,N,,,,,,,,,,N,2,0,1,2,A,-,12,22450,A,N,D,G,A,A,H,-,A,A,0,,Y,Y,,Y,,L,04,1,0,0,0,0,0,1,0,0,"- ","- ",,,"SAN DIEGO","SAN DIEGO",-117.24660005,32.742820010000003
6965354,2015,2015-07-09,3711,2015-06-17,1225,6657,SANDI,3,5,7,3711,0,0,0,,0,524,"3RD AV","B ST",0.00,,Y,A,-,N,,,,,,,,,,Y,3,0,2,2,A,-,17,21663,,N,G,B,F,A,H,-,A,A,0,Y,,,,Y,,-,,0,1,1,0,1,0,0,0,0,"- ","- ",,,"SAN DIEGO","SAN DIEGO",-117.16200005,32.717800089999997
6965730,2015,2015-07-11,3711,2015-06-12,0831,6082,,5,5,7,3711,0,0,0,,0,124,"LA JOLLA BL","COLIMA ST",45.00,S,N,B,-,N,,,,,,,,,,N,3,0,1,2,A,-,10,21950,A,N,-,B,C,B,H,-,A,A,0,Y,,,,Y,,-,,0,1,0,0,1,0,0,0,0,"- ","- ",,,"SAN DIEGO","SAN DIEGO",-117.26651787999999,32.810991389999998
6965832,2015,2015-07-11,3711,2015-06-11,1442,6994,,4,5,7,3711,0,0,0,,0,451,"REDWOOD ST","54TH ST",90.00,E,N,A,-,N,,,,,,,,,,N,4,0,1,2,A,-,17,22517,,N,G,B,E,A,H,-,A,D,0,Y,,,,Y,,N,60,0,0,1,0,1,0,0,0,0,"- ","- ",,,"SAN DIEGO","SAN DIEGO",-117.07952847999999,32.737675709999998
6965848,2015,2015-07-15,3711,2015-06-12,2315,7010,,5,5,7,3711,0,0,0,,0,524,"6TH AV","A ST",0.00,N,N,A,-,N,,,,,,,,,,N,3,0,1,2,A,-,11,21955,,M,G,B,D,A,H,-,C,D,0,Y,,,,Y,,N,60,0,1,0,0,1,0,0,0,0,"- ","- ",,,"SAN DIEGO","SAN DIEGO",-117.15928012000001,32.718840049999997
6965893,2015,2015-07-20,3711,2015-06-06,2156,6817,SANDI,6,5,7,3711,0,0,0,,0,122,"DAWES ST","GARNET AV",12.00,S,N,A,-,N,,,,,,,,,,N,4,0,1,2,A,-,"- ",,,N,G,B,B,A,H,-,C,D,0,Y,,,,Y,Y,-,,0,0,1,0,1,0,0,0,0,"- ","- ",,,"SAN DIEGO","SAN DIEGO",-117.24999968,32.7976983
6965918,2015,2015-07-15,3711,2015-06-14,1553,5491,SANDI,7,5,7,3711,0,0,0,,0,531,"PARK BL","MORLEY FIELD DR",21.00,N,N,B,-,N,,,,,,,,,,Y,3,0,1,3,A,-,04,21703,,N,H,G,A,A,H,-,A,A,0,,Y,,,Y,,-,,0,1,0,0,0,0,1,0,0,"- ","- ",,,"SAN DIEGO","SAN DIEGO",-117.14742642,32.740275830000002
6967421,2015,2015-07-03,3711,2015-06-05,0830,5061,,5,5,7,3711,0,0,0,,0,313,"BALBOA AV","MERCURY ST",16.00,W,N,B,-,N,,,,,,,,,,N,2,0,1,2,A,-,11,21456,B,N,G,B,B,A,H,-,A,A,0,Y,,,,Y,,N,60,1,0,0,0,1,0,0,0,0,"- ","- ",,,"SAN DIEGO","SAN DIEGO",-117.14897190000001,32.82181911
6974421,2015,2015-07-08,3711,2015-06-23,2107,7236,,2,5,7,3711,0,0,0,,0,512,"NATIONAL AV","31ST ST",0.00,,Y,A,-,N,,,,,,,,,,N,3,0,1,2,D,-,00,,,M,G,B,B,A,H,-,C,D,0,Y,,,,Y,,-,"- ",0,1,0,0,1,0,0,0,0,"- ","- ",,,"SAN DIEGO","SAN DIEGO",-117.12729001,32.695970029999998