CASE_ID,ACCIDENT_YEAR,PROC_DATE,JURIS,COLLISION_DATE,COLLISION_TIME,OFFICER_ID,REPORTING_DISTRICT,DAY_OF_WEEK,CHP_SHIFT,POPULATION,CNTY_CITY_LOC,SPECIAL_COND,BEAT_TYPE,CHP_BEAT_TYPE,CITY_DIVISION_LAPD,CHP_BEAT_CLASS,BEAT_NUMBER,PRIMARY_RD,SECONDARY_RD,DISTANCE,DIRECTION,INTERSECTION,WEATHER_1,WEATHER_2,STATE_HWY_IND,CALTRANS_COUNTY,CALTRANS_DISTRICT,STATE_ROUTE,ROUTE_SUFFIX,POSTMILE_PREFIX,POSTMILE,LOCATION_TYPE,RAMP_INTERSECTION,SIDE_OF_HWY,TOW_AWAY,COLLISION_SEVERITY,NUMBER_KILLED,NUMBER_INJURED,PARTY_COUNT,PRIMARY_COLL_FACTOR,PCF_CODE_OF_VIOL,PCF_VIOL_CATEGORY,PCF_VIOLATION,PCF_VIOL_SUBSECTION,HIT_AND_RUN,TYPE_OF_COLLISION,MVIW,PED_ACTION,ROAD_SURFACE,ROAD_COND_1,ROAD_COND_2,LIGHTING,CONTROL_DEVICE,CHP_ROAD_TYPE,PEDESTRIAN_ACCIDENT,BICYCLE_ACCIDENT,MOTORCYCLE_ACCIDENT,TRUCK_ACCIDENT,NOT_PRIVATE_PROPERTY,ALCOHOL_INVOLVED,STWD_VEHTYPE_AT_FAULT,CHP_VEHTYPE_AT_FAULT,COUNT_SEVERE_INJ,COUNT_VISIBLE_INJ,COUNT_COMPLAINT_PAIN,COUNT_PED_KILLED,COUNT_PED_INJURED,COUNT_BICYCLIST_KILLED,COUNT_BICYCLIST_INJURED,COUNT_MC_KILLED,COUNT_MC_INJURED,PRIMARY_RAMP,SECONDARY_RAMP,LATITUDE,LONGITUDE,COUNTY,CITY,POINT_X,POINT_Y
6976010,2015,2015-08-06,3711,2015-06-26,2321,7293,,5,5,7,3711,0,0,0,,0,122,"GRAND AV",JEWELL,75.00,E,N,A,-,N,,,,,,,,,,N,3,0,1,2,A,-,05,21202,A,N,B,G,A,A,H,-,C,D,0,,Y,,,Y,,-,"- ",0,1,0,0,0,0,1,0,0,"- ","- ",,,"SAN DIEGO","SAN DIEGO",-117.2381838,32.798399209999999
6980272,2015,2015-07-11,3711,2015-06-28,1130,4691,,7,5,7,3711,0,0,0,,0,531,"BALBOA DR","QUINCE DR",1056.00,N,N,A,-,N,,,,,,,,,,N,4,0,1,2,A,-,11,21950,B,N,G,B,D,A,H,-,-,D,0,Y,,,,Y,,N,60,0,0,1,0,1,0,0,0,0,"- ","- ",,,"SAN DIEGO","SAN DIEGO",-117.15833041,32.739493250000002
6982549,2015,2015-07-18,3711,2015-07-04,1036,5061,,6,5,7,3711,0,0,0,,0,932,"VEREDA MAR DE PONDEROSA","VEREDA MDP",70.00,E,N,B,-,N,,,,,,,,,,N,3,0,2,2,A,-,08,22107,,N,A,G,A,A,H,-,A,D,0,,Y,,,Y,,L,04,0,1,1,0,0,0,2,0,0,"- ","- ",,,"SAN DIEGO","SAN DIEGO",,
6982550,2015,2015-08-10,3711,2015-07-06,0932,6702,,1,5,7,3711,0,0,0,,0,713,"ROLL DR","VIA DE LA AMISTAD",30.00,N,N,A,-,N,,,,,,,,,,N,4,0,1,2,A,-,10,21950,A,N,G,B,B,A,H,-,A,A,0,Y,,,,Y,,A,08,0,0,1,0,1,0,0,0,0,"- ","- ",,,"SAN DIEGO","SAN DIEGO",-116.93742886,32.553002149999998
6989464,2015,2016-11-22,3711,2015-06-30,1210,4421,,2,5,7,3711,0,0,0,,0,933,"DEL MAR HEIGHTS RD","RT 5",0.00,,Y,B,-,Y,SD,11,5,-,R,33.891,R,4,S,N,3,0,1,2,A,-,17,21208,A,N,D,G,A,A,H,-,A,A,0,,Y,,,Y,,L,04,0,1,0,0,0,0,1,0,0,"- ",SO,,,"SAN DIEGO","SAN DIEGO",-117.24320449,32.946445420000003
6989687,2015,2015-07-27,3711,2015-07-05,2345,7204,SD,7,5,7,3711,0,0,0,,0,121,"MISSION BL","MISSION BL 3200",15.00,W,N,A,-,N,,,,,,,,,,N,3,0,1,3,A,-,11,21950,B,N,G,B,D,A,H,-,D,D,0,Y,,,,Y,Y,-,"- ",0,1,0,0,1,0,0,0,0,"- ","- ",,,"SAN DIEGO","SAN DIEGO",,
6992835,2015,2015-08-29,3711,2015-07-21,0914,7265,,2,5,7,3711,0,0,0,,0,624,"CAMPUS AV","MEADE AV",6.00,S,N,B,-,N,,,,,,,,,,N,4,0,1,2,A,-,10,21950,A,N,G,B,B,A,H,-,A,-,0,Y,,,,Y,,-,,0,0,1,0,1,0,0,0,0,"- ","- ",,,"SAN DIEGO","SAN DIEGO",-117.14878982,32.757183570000002
6994451,2015,2015-08-29,3711,2015-07-17,1140,6704,,5,5,7,3711,0,0,0,,0,627,"UNIVERSITY AV","8TH AV",0.00,,Y,A,-,N,,,,,,,,,,N,4,0,1,2,A,-,"- ",,,N,B,G,A,A,H,-,A,A,0,,Y,,,Y,,L,04,0,0,1,0,0,0,1,0,0,"- ","- ",,,"SAN DIEGO","SAN DIEGO",-117.15742009,32.748390090000001
6995802,2015,2015-08-10,3711,2015-07-08,1233,6418,,3,5,7,3711,0,0,0,,0,123,"BAYSIDE WALK","MANHATTAN CT",40.00,S,N,A,-,N,,,,,,,,,,N,3,0,1,2,A,-,08,22107,,N,A,G,A,A,H,-,A,D,0,,Y,,,Y,,L,04,0,1,0,0,0,0,1,0,0,"- ","- ",,,"SAN DIEGO","SAN DIEGO",-117.25169765,32.77770091
6995983,2015,2015-08-04,3711,2015-07-17,1420,7303,2,5,5,7,3711,0,0,0,,0,001,"EL CAJON BL","ILLINOIS ST",18.00,W,N,A,-,N,,,,,,,,,,N,3,0,1,2,A,-,08,22107,,N,G,B,B,A,H,-,A,A,0,Y,,,,Y,,-,,0,1,0,0,1,0,0,0,0,"- ","- ",,,"SAN DIEGO","SAN DIEGO",-117.12775834999999,32.755409530000001
7000699,2015,2015-07-30,3711,2015-07-03,1612,7178,CEN,5,5,7,3711,0,0,0,,0,523,"MARKET ST","5TH AV",150.00,W,N,A,-,N,,,,,,,,,,N,3,0,1,2,A,-,17,22517,,N,A,G,A,A,H,-,A,D,0,,Y,,,Y,,-,,0,1,0,0,0,0,1,0,0,"- ","- ",,,"SAN DIEGO","SAN DIEGO",-117.16063567,32.711483909999998
7000707,2015,2015-07-31,3711,2015-07-10,1520,5918,,5,5,7,3711,0,0,0,,0,432,"OLVERA RD","SOUTH EUCLID AV",9.00,E,N,A,-,N,,,,,,,,,,N,3,0,1,2,A,-,11,21456,B,N,G,B,B,A,H,-,A,A,0,Y,,,,Y,,N,60,0,1,0,0,1,0,0,0,0,"- ","- ",,,"SAN DIEGO","SAN DIEGO",-117.08507673,32.697054850000001
7004168,2015,2015-08-07,3711,2015-07-27,1543,7317,SANDI,1,5,7,3711,0,0,0,,0,515,"K ST","DODSON ST",2.00,E,N,A,-,N,,,,,,,,,,N,3,0,1,2,A,-,12,22450,A,F,B,G,A,A,H,-,A,A,0,,Y,,,Y,,-,,0,1,0,0,0,0,1,0,0,"- ","- ",,,"SAN DIEGO","SAN DIEGO",-117.13112353,32.708460209999998
7004176,2015,2016-07-19,3711,2015-07-27,1900,7203,SANDI,1,5,7,3711,0,0,0,,0,452,"ALDERLEY ST","61ST ST",300.00,E,N,A,-,N,,,,,,,,,,N,4,0,1,2,A,-,11,21950,B,N,G,B,E,A,H,-,A,D,0,Y,,,,Y,,N,60,0,0,1,0,1,0,0,0,0,"- ","- ",,,"SAN DIEGO","SAN DIEGO",-117.06586933,32.700529719999999
7004187,2015,2015-08-07,3711,2015-07-27,2005,6891,,1,5,7,3711,0,0,0,,0,111,"CLAIREMONT MESA BL","DIANE AV",0.00,,Y,A,-,N,,,,,,,,,,N,4,0,1,2,A,-,09,21801,A,N,G,B,B,A,H,-,C,A,0,Y,,,,Y,,-,,0,0,1,0,1,0,0,0,0,"- ","- ",,,"SAN DIEGO","SAN DIEGO",-117.18705011999999,32.834530030000003
7005012,2015,2015-07-24,3711,2015-07-02,1410,5600,,4,5,7,3711,0,0,0,,0,314,"HEALTH CENTER DR","FROST ST",0.00,,Y,A,-,N,,,,,,,,,,N,2,0,1,2,A,-,10,21950,A,N,G,B,B,A,H,-,A,A,0,Y,,,,Y,,A,08,1,0,0,0,1,0,0,0,0,"- ","- ",,,"SAN DIEGO","SAN DIEGO",-117.15532007,32.800290019999998
7006285,2015,2015-11-13,3711,2015-09-28,0534,5838,,1,5,7,3711,0,0,0,,0,242,"FLANDERS DR","CAMINO RUIZ",22.00,E,N,E,-,N,,,,,,,,,,N,1,1,0,2,A,-,12,21453,A,N,D,G,A,A,H,-,C,A,0,,Y,,,Y,,L,04,0,0,0,0,0,1,0,0,0,"- ","- ",,,"SAN DIEGO","SAN DIEGO",-117.14583545000001,32.906784180000002
7006303,2015,2017-03-30,3711,2015-10-09,2019,5600,,5,5,7,3711,0,0,0,,0,822,"54TH ST","LEA ST",161.00,S,N,A,-,N,,,,,,,,,,N,1,1,0,3,A,-,11,21956,,F,G,B,E,A,H,-,D,D,0,Y,,,,Y,Y,N,60,0,0,0,1,0,0,0,0,0,"- ","- ",,,"SAN DIEGO","SAN DIEGO",-117.07952027,32.745399079999999
7006501,2015,2017-03-20,9645,2015-07-18,0234,20857,,6,3,7,3711,0,1,1,,2,005,"RT 5","CLAIREMONT DR",3500.00,S,N,A,-,Y,SD,11,5,-,R,21.600,H,-,N,Y,1,1,0,2,A,-,11,21954,A,N,G,B,D,A,H,-,D,D,1,Y,,,,Y,,N,60,0,0,0,1,0,0,0,0,0,"- ","- ",32.781300000000002,-117.2079,"SAN DIEGO","SAN DIEGO",-117.20805054,32.781129409999998
7010523,2015,2015-08-04,3711,2015-07-21,1330,3667,,2,5,7,3711,0,0,0,,0,626,"WEST WASHINGTON ST","INDIA ST",0.00,,Y,A,-,N,,,,,,,,,,N,4,0,1,2,A,-,21,22106,,N,G,B,B,A,H,-,A,A,0,Y,,,,Y,,A,07,0,0,1,0,1,0,0,0,0,"- ","- ",,,"SAN DIEGO","SAN DIEGO",-117.18129012999999,32.743280059999996
7026719,2015,2015-09-08,3711,2015-08-01,2033,6996,,6,5,7,3711,0,0,0,,0,441,"OCEAN VIEW BL","36TH ST",25.00,E,N,A,-,N,,,,,,,,,,N,3,0,1,2,A,-,08,22107,,N,A,B,D,A,H,-,D,D,0,Y,,,,Y,Y,-,,0,1,0,0,1,0,0,0,0,"- ","- ",,,"SAN DIEGO","SAN DIEGO",-117.11670900999999,32.701250610000002
7031722,2015,2015-09-17,3711,2015-08-16,2108,6366,,7,5,7,3711,0,0,0,,0,833,"UNIVERSITY AV","44TH ST",12.00,W,N,A,-,N,,,,,,,,,,N,4,0,1,2,A,-,10,21950,A,N,G,B,B,A,H,-,C,D,0,Y,,,,Y,,D,22,0,0,1,0,1,0,0,0,0,"- ","- ",,,"SAN DIEGO","SAN DIEGO",-117.0998489,32.749609999999997
7031767,2015,2015-08-31,3711,2015-08-13,2123,3815,,4,5,7,3711,0,0,0,,0,324,"LAKE MURRAY BL","NAVAJO RD",2.00,N,N,A,-,N,,,,,,,,,,N,4,0,1,2,A,-,11,21456,B,N,G,B,B,A,H,-,C,A,0,Y,,,,Y,,N,60,0,0,1,0,1,0,0,0,0,"- ","- ",,,"SAN DIEGO","SAN DIEGO",-117.01045480000001,32.802933269999997
7031811,2015,2015-08-31,3711,2015-08-11,1834,6393,,2,5,7,3711,0,0,0,,0,123,"FIESTA ISLAND RD","FIESTA ISLAND RD 1515",0.00,,N,A,-,N,,,,,,,,,,N,4,0,1,2,A,-,09,21804,A,M,A,G,A,A,H,-,A,D,0,,Y,,,Y,,-,,0,0,1,0,0,0,1,0,0,"- ","- ",32.780459999999998,-117.22185,"SAN DIEGO","SAN DIEGO",-117.22192705000001,32.780243480000003
7032591,2015,2015-09-17,3711,2015-08-11,1611,6293,,2,5,7,3711,0,0,0,,0,116,"BALBOA AV","MODOC ST",2640.00,W,N,A,-,N,,,,,,,,,,N,3,0,2,2,A,-,08,22107,,N,B,G,A,A,H,-,A,D,0,,Y,,,Y,,-,,0,2,0,0,0,0,1,0,0,"- ","- ",,,"SAN DIEGO","SAN DIEGO",-117.20888979,32.808292389999998
7042944,2015,2015-09-02,3711,2015-08-03,1220,4957,,1,5,7,3711,0,0,0,,0,234,"POMERADO RD","RIOS RD",8.00,N,N,A,-,N,,,,,,,,,,N,3,0,1,2,A,-,12,21453,A,N,D,G,A,A,H,-,A,A,0,,Y,,,Y,,L,04,0,1,0,0,0,0,1,0,0,"- ","- ",,,"SAN DIEGO","SAN DIEGO",-117.05944555000001,33.015547570000003
7043684,2015,2015-09-10,3711,2015-08-21,0935,6704,,5,5,7,3711,0,0,0,,0,627,"ROBINSON AV","4TH AV",0.00,,Y,A,-,N,,,,,,,,,,N,3,0,1,2,A,-,10,21950,A,M,G,B,B,A,H,-,A,A,0,Y,,,,Y,,-,,0,1,0,0,1,0,0,0,0,"- ","- ",,,"SAN DIEGO","SAN DIEGO",-117.16159002000001,32.746930079999998
7044308,2015,2015-09-10,3711,2015-08-01,1725,HB5213,,6,5,7,3711,0,0,0,,0,504,"NORTH HARBOR DR","ASH ST",0.00,,Y,A,-,N,,,,,,,,,,N,3,0,1,2,A,-,10,21950,A,N,G,B,B,A,H,-,A,A,0,Y,,,,Y,,I,10,0,1,0,0,1,0,0,0,0,"- ","- ",,,"SAN DIEGO","SAN DIEGO",-117.17312011,32.719840120000001
7050059,2015,2015-12-30,3711,2015-08-17,2015,6775,"SAN D",1,5,7,3711,0,0,0,,0,233,"PASEO MONTALBAN","CARMEL MOUNTAIN RD",20.00,W,N,B,-,N,,,,,,,,,,,4,0,1,2,A,-,21,22106,,N,B,B,E,A,H,-,C,A,0,Y,,,,Y,,-,,0,0,1,0,1,0,0,0,0,"- ","- ",,,"SAN DIEGO","SAN DIEGO",-117.11805912,32.962287259999997
7050061,2015,2015-12-30,3711,2015-08-25,1908,6112,,2,5,7,3711,0,0,0,,0,111,"BEAGLE ST","KESTON CT",170.00,S,N,A,-,N,,,,,,,,,,N,4,0,1,2,A,-,08,22107,,N,D,G,A,A,H,-,A,D,0,,Y,,,Y,,A,,0,0,1,0,0,0,1,0,0,"- ","- ",,,"SAN DIEGO","SAN DIEGO",-117.16973360999999,32.807131990000002
7056584,2015,2015-11-24,3711,2015-11-04,1718,7052,,3,5,7,3711,0,0,0,,0,529,"ELM ST","2ND AV",0.00,,Y,B,-,N,,,,,,,,,,N,3,0,1,2,A,-,10,21950,A,N,G,B,B,A,H,-,D,D,0,Y,,,,Y,Y,-,,0,1,0,0,1,0,0,0,0,"- ","- ",,,"SAN DIEGO","SAN DIEGO",-117.16296008,32.724070040000001
7061590,2015,2015-11-06,3711,2015-09-30,1209,7299,SEI,3,5,7,3711,0,0,0,,0,431,"EUCLID AV","LAKIBA PALMER",12.00,S,N,A,-,N,,,,,,,,,,N,3,0,1,2,A,-,10,21950,A,M,H,G,A,A,H,-,A,A,0,,Y,,,Y,,-,"- ",0,1,0,0,0,0,1,0,0,"- ","- ",,,"SAN DIEGO","SAN DIEGO",-117.08503515,32.713735990000004
7061897,2015,2015-10-27,3711,2015-10-05,2212,6843,SD,1,5,7,3711,0,0,0,,0,232,"RANCHO CARMEL DR","WINDCREST LN",0.00,,Y,A,-,N,,,,,,,,,,N,4,0,1,2,A,-,12,21453,A,M,G,B,B,A,A,-,C,A,0,Y,,,,Y,,-,,0,0,1,0,1,0,0,0,0,"- ","- ",,,"SAN DIEGO","SAN DIEGO",-117.08339005000001,32.976440080000003
7061898,2015,2015-10-27,3711,2015-10-09,1126,7082,,5,5,7,3711,0,0,0,,0,813,"ADAMS AV",OREGON,100.00,E,N,A,-,N,,,,,,,,,,N,3,0,1,2,A,-,09,21804,A,N,D,G,A,A,H,-,A,D,0,,Y,,,Y,,A,01,0,1,0,0,0,0,1,0,0,"- ","- ",,,"SAN DIEGO","SAN DIEGO",-117.13483585,32.76284519
7064681,2015,2015-09-28,3711,2015-09-05,1840,7044,,6,5,7,3711,0,0,0,,0,621,"NYE ST","OSLER ST",250.00,S,N,A,-,N,,,,,,,,,,N,4,0,1,2,A,-,08,22107,,N,B,B,A,A,H,-,A,D,0,,Y,,,Y,,L,04,0,0,1,0,0,0,1,0,0,"- ","- ",,,"SAN DIEGO","SAN DIEGO",-117.17626318000001,32.791488219999998
7064682,2015,2015-09-22,3711,2015-09-04,2007,7235,,5,5,7,3711,0,0,0,,0,242,"CAMINO RUIZ","CAPRICORN WY",8.00,N,N,A,-,N,,,,,,,,,,N,4,0,1,2,A,-,10,21950,A,N,G,B,B,A,H,-,C,A,0,Y,,,,Y,,-,,0,0,1,0,1,0,0,0,0,"- ","- ",,,"SAN DIEGO","SAN DIEGO",-117.14394023,32.92507191
7066781,2015,2015-09-23,3711,2015-09-10,2050,6104,,4,5,7,3711,0,0,0,,0,614,"SUNSET CLIFFS BL","NARRAGANSETT AV",24.00,N,N,B,-,N,,,,,,,,,,N,4,0,1,2,A,-,03,22350,,N,G,B,E,A,H,-,C,D,0,Y,,,,Y,,-,,0,0,1,0,1,0,0,0,0,"- ","- ",,,"SAN DIEGO","SAN DIEGO",-117.24901471,32.743113469999997
7068282,2015,2015-09-23,3711,2015-09-15,0724,5985,,2,5,7,3711,0,0,0,,0,324,"BOULDER LAKE AV","BASHAN LAKE AV",0.00,,Y,B,-,N,,,,,,,,,,N,3,0,1,2,A,-,11,21950,B,N,G,B,B,A,H,-,A,A,0,Y,,,,Y,,N,60,0,1,0,0,1,0,0,0,0,"- ","- ",,,"SAN DIEGO","SAN DIEGO",-117.01786004,32.801520089999997
7068429,2015,2015-09-23,3711,2015-09-14,1820,4495,,1,5,7,3711,0,0,0,,0,521,"J ST","15TH ST",178.00,W,N,A,-,N,,,,,,,,,,N,4,0,1,2,A,-,04,21703,,M,C,G,A,-,H,-,A,D,0,,Y,,,Y,,-,99,0,0,1,0,0,0,1,0,0,"- ","- ",,,"SAN DIEGO","SAN DIEGO",-117.15093668,32.709417539999997
7082012,2015,2015-10-17,3711,2015-09-25,2100,3762,,5,5,7,3711,0,0,0,,0,832,"ORANGE AV","CENTRAL AV",9.00,W,N,A,-,N,,,,,,,,,,N,3,0,1,2,A,-,09,21801,A,N,D,G,A,A,H,-,C,D,0,,Y,,,Y,,-,,0,1,0,0,0,0,1,0,0,"- ","- ",,,"SAN DIEGO","SAN DIEGO",-117.10826917,32.753210000000003
7082020,2015,2015-10-17,3711,2015-09-26,1750,6167,SD,6,5,7,3711,0,0,0,,0,122,"FELSPAR ST","EVERTS ST",0.00,,Y,A,-,N,,,,,,,,,,N,3,0,1,2,A,-,03,22350,,N,G,B,D,A,H,-,B,D,0,Y,,,,Y,,A,01,0,1,0,0,1,0,0,0,0,"- ","- ",,,"SAN DIEGO","SAN DIEGO",-117.24844001,32.79907008
7088027,2015,2015-10-20,3711,2015-09-21,0830,7131,,1,5,7,3711,0,0,0,,0,116,"KNAPP ST","WACO ST",0.00,,Y,B,-,N,,,,,,,,,,N,3,0,1,2,A,-,08,22107,,M,A,G,A,A,H,-,A,D,0,,Y,,,Y,,-,,0,1,0,0,0,0,1,0,0,"- ","- ",,,"SAN DIEGO","SAN DIEGO",-117.1955901,32.802120109999997
7088028,2015,2015-10-09,3711,2015-09-17,1738,6487,SD,4,5,7,3711,0,0,0,,0,833,"UNIVERSITY AV","44TH ST",0.00,,Y,A,-,N,,,,,,,,,,N,3,0,1,2,A,-,10,21950,A,F,G,B,C,A,H,-,A,A,0,Y,,,,Y,Y,-,,0,1,0,0,1,0,0,0,0,"- ","- ",,,"SAN DIEGO","SAN DIEGO",-117.09981006,32.74961012
7088043,2015,2015-10-09,3711,2015-09-17,1403,6837,,4,5,7,3711,0,0,0,,0,529,"2ND AV","FIR ST",5.00,S,N,A,-,N,,,,,,,,,,N,3,0,1,2,A,-,10,21950,A,N,G,B,B,A,H,-,A,D,0,Y,,,,Y,,-,,0,1,0,0,1,0,0,0,0,"- ","- ",,,"SAN DIEGO","SAN DIEGO",-117.1629896,32.725086310000002
7090801,2015,2015-11-20,3711,2015-09-24,0655,7204,SD,4,5,7,3711,0,0,0,,0,122,"GARNET AV",JEWELL,0.00,,Y,A,-,N,,,,,,,,,,N,4,0,1,2,A,-,10,21952,,N,G,B,B,A,H,-,A,A,0,Y,,,,Y,,-,"- ",0,0,1,0,1,0,0,0,0,"- ","- ",,,"SAN DIEGO","SAN DIEGO",-117.2389701,32.800200080000003
7090834,2015,2015-11-16,3711,2015-09-24,2153,7192,,4,5,7,3711,0,0,0,,0,512,"NATIONAL AV","SOUTH 28TH ST",304.00,E,N,A,-,N,,,,,,,,,,N,3,0,1,2,A,-,11,21950,B,N,G,B,F,A,H,-,C,D,0,Y,,,,Y,,N,60,0,1,0,0,1,0,0,0,0,"- ","- ",,,"SAN DIEGO","SAN DIEGO",-117.13281529,32.695930939999997
7090874,2015,2015-11-16,3711,2015-09-02,2120,6542,,3,5,7,3711,0,0,0,,0,451,"STREAMVIEW DR","LYNN ST",500.00,E,N,A,-,N,,,,,,,,,,N,3,0,1,2,A,-,11,21954,A,N,G,B,D,A,H,-,C,D,0,Y,,,,Y,,N,60,0,1,0,0,1,0,0,0,0,"- ","- ",,,"SAN DIEGO","SAN DIEGO",-117.07018410000001,32.744085239999997
7090879,2015,2015-10-09,3711,2015-09-25,1639,4759,,5,5,7,3711,0,0,0,,0,122,"JEWELL ST","EMERALD ST",156.00,S,N,A,-,N,,,,,,,,,,N,4,0,1,2,A,-,09,21802,A,N,D,G,A,A,H,-,A,D,0,,Y,,,Y,,L,04,0,0,1,0,0,0,1,0,0,"- ","- ",,,"SAN DIEGO","SAN DIEGO",-117.23946909,32.801717259999997
7093437,2015,2015-10-30,3711,2015-09-18,0900,2801,SDPD,5,5,7,3711,0,0,0,,0,326,"MONTEZUMA RD","55TH ST",7.00,W,N,A,-,N,,,,,,,,,,N,3,0,1,2,A,-,09,21803,A,N,A,G,A,A,H,-,A,A,0,,Y,,,Y,,L,04,0,1,0,0,0,0,1,0,0,"- ","- ",32.770769999999999,-117.07625,"SAN DIEGO","SAN DIEGO",-117.07628268000001,32.770710680000001
7097004,2015,2017-01-27,3711,2015-10-01,1059,5985,,4,5,7,3711,0,0,0,,0,314,"MESA COLLEGE DR","RT 805",48.00,W,N,A,-,Y,SD,11,805,-,-,19.854,R,4,S,N,3,0,1,2,A,-,08,22107,,M,B,G,A,A,H,-,A,A,0,,Y,,,Y,,-,99,0,1,0,0,0,0,1,0,0,"- ",SO,,,"SAN DIEGO","SAN DIEGO",-117.14969128,32.798340750000001
7098610,2015,2015-10-21,3711,2015-10-05,1840,6223,N2,1,5,7,3711,0,0,0,,0,124,"TORREY PINES RD","ARDATH LN",236.00,N,N,A,-,N,,,,,,,,,,N,3,0,1,2,A,-,17,22517,,N,H,G,A,A,H,-,C,D,0,,Y,,,Y,,A,01,0,1,0,0,0,0,1,0,0,"- ","- ",,,"SAN DIEGO","SAN DIEGO",-117.24972584,32.850800759999998
7102929,2015,2015-10-29,3711,2015-09-30,2025,7042,,3,5,7,3711,0,0,0,,0,628,"KETTNER BL","WEST OLIVE ST",189.00,S,N,A,-,N,,,,,,,,,,N,3,0,1,2,A,-,17,22517,,N,B,G,A,A,H,-,C,D,0,,Y,,,Y,,A,01,0,1,0,0,0,0,1,0,0,"- ","- ",,,"SAN DIEGO","SAN DIEGO",-117.17296655,32.732291850000003
7103032,2015,2015-10-29,3711,2015-10-07,0940,5072,,3,5,7,3711,0,0,0,,0,327,"MONTEZUMA RD","COLLEGE AV",61.00,E,N,A,-,N,,,,,,,,,,N,3,0,1,2,A,-,05,21650,1,N,D,G,A,A,H,-,A,A,0,,Y,,,Y,,L,04,0,1,0,0,0,0,1,0,0,"- ","- ",,,"SAN DIEGO","SAN DIEGO",-117.06961226999999,32.770713409999999
7106115,2015,2015-11-06,3711,2015-10-13,1550,5604,,2,5,7,3711,0,0,0,,0,613,"MIDWAY DR","MIDWAY DR 3600",0.00,,N,A,-,N,,,,,,,,,,N,4,0,1,2,A,-,10,21952,,N,G,B,F,A,H,-,A,D,0,Y,,,,Y,,-,,0,0,1,0,1,0,0,0,0,"- ","- ",,,"SAN DIEGO","SAN DIEGO",-117.21515983,32.752121989999999
7106416,2015,2015-11-02,3711,2015-10-15,1352,7044,,4,5,7,3711,0,0,0,,0,621,"LINDA VISTA RD","ULRIC ST",150.00,W,N,A,-,N,,,,,,,,,,N,3,0,1,2,A,-,08,22107,,N,B,G,A,A,H,-,A,D,0,,Y,,,Y,,-,,0,1,0,0,0,0,1,0,0,"- ","- ",,,"SAN DIEGO","SAN DIEGO",-117.17046670000001,32.786117150000003
7106762,2015,2015-10-29,3711,2015-10-13,1813,4523,,2,5,7,3711,0,0,0,,0,124,"LA JOLLA BL","PEARL ST",78.00,S,N,A,-,N,,,,,,,,,,N,3,0,1,2,A,-,21,22106,,M,G,B,F,A,H,-,B,D,0,Y,,,,Y,,-,,0,1,0,0,1,0,0,0,0,"- ","- ",,,"SAN DIEGO","SAN DIEGO",-117.27844152,32.83891208
7107512,2015,2015-11-02,3711,2015-10-06,0600,HB5730,,2,5,7,3711,0,0,0,,0,503,"SPRUANCE ST","MCCAIN ST",0.00,,Y,A,-,N,,,,,,,,,,N,4,0,1,2,A,-,10,21950,A,N,G,B,B,A,H,-,B,A,0,Y,,,,Y,,A,01,0,0,1,0,1,0,0,0,0,"- ","- ",,,"SAN DIEGO","SAN DIEGO",-117.20858,32.73195011
7108602,2015,2015-11-07,3711,2015-10-20,2138,4310,,2,5,7,3711,0,0,0,,0,517,BROADWAY,"21ST ST",68.00,W,N,A,-,N,,,,,,,,,,N,4,0,1,2,A,-,09,21801,A,N,D,G,A,A,H,-,C,D,0,,Y,,,Y,,A,01,0,0,1,0,0,0,1,0,0,"- ","- ",,,"SAN DIEGO","SAN DIEGO",-117.14515033000001,32.715777629999998
7109043,2015,2015-11-05,3711,2015-10-23,1934,6389,,5,5,7,3711,0,0,0,,0,526,"PARK BL","PARK BL 1400",0.00,,-,A,-,N,,,,,,,,,,N,4,0,1,2,A,-,09,21801,A,N,D,G,A,A,D,-,C,A,0,,Y,,,Y,Y,-,,0,0,1,0,0,0,1,0,0,"- ","- ",,,"SAN DIEGO","SAN DIEGO",-117.15391338000001,32.720263060000001
7113753,2015,2015-11-13,3711,2015-10-16,0753,5313,,5,5,7,3711,0,0,0,,0,515,"26TH ST","J ST",3.00,N,N,-,-,N,,,,,,,,,,N,4,0,1,2,-,-,"- ",,,N,G,B,B,-,-,-,-,A,0,Y,,,,Y,,-,"- ",0,0,1,0,1,0,0,0,0,"- ","- ",,,"SAN DIEGO","SAN DIEGO",-117.13813985,32.70949822
7114251,2015,2015-11-17,3711,2015-11-04,1313,5901,,3,5,7,3711,0,0,0,,0,622,"MORENA BL","MORENA BL 1000",0.00,,N,A,-,N,,,,,,,,,,N,3,0,1,2,A,-,11,21950,B,N,G,B,D,A,H,-,A,D,0,Y,,,,Y,,N,60,0,1,0,0,1,0,0,0,0,"- ","- ",,,"SAN DIEGO","SAN DIEGO",-117.19894588,32.76659772
7116175,2015,2015-11-19,3711,2015-11-06,1310,7304,,5,5,7,3711,0,0,0,,0,327,"RICHARD ST","RICHARD ST 6852",13.00,S,N,A,-,N,,,,,,,,,,N,2,0,1,2,A,-,09,21804,A,N,H,G,A,A,C,-,A,D,0,,Y,,,Y,,L,04,1,0,0,0,0,0,1,0,0,"- ","- ",,,"SAN DIEGO","SAN DIEGO",,