CASE_ID,ACCIDENT_YEAR,PROC_DATE,JURIS,COLLISION_DATE,COLLISION_TIME,OFFICER_ID,REPORTING_DISTRICT,DAY_OF_WEEK,CHP_SHIFT,POPULATION,CNTY_CITY_LOC,SPECIAL_COND,BEAT_TYPE,CHP_BEAT_TYPE,CITY_DIVISION_LAPD,CHP_BEAT_CLASS,BEAT_NUMBER,PRIMARY_RD,SECONDARY_RD,DISTANCE,DIRECTION,INTERSECTION,WEATHER_1,WEATHER_2,STATE_HWY_IND,CALTRANS_COUNTY,CALTRANS_DISTRICT,STATE_ROUTE,ROUTE_SUFFIX,POSTMILE_PREFIX,POSTMILE,LOCATION_TYPE,RAMP_INTERSECTION,SIDE_OF_HWY,TOW_AWAY,COLLISION_SEVERITY,NUMBER_KILLED,NUMBER_INJURED,PARTY_COUNT,PRIMARY_COLL_FACTOR,PCF_CODE_OF_VIOL,PCF_VIOL_CATEGORY,PCF_VIOLATION,PCF_VIOL_SUBSECTION,HIT_AND_RUN,TYPE_OF_COLLISION,MVIW,PED_ACTION,ROAD_SURFACE,ROAD_COND_1,ROAD_COND_2,LIGHTING,CONTROL_DEVICE,CHP_ROAD_TYPE,PEDESTRIAN_ACCIDENT,BICYCLE_ACCIDENT,MOTORCYCLE_ACCIDENT,TRUCK_ACCIDENT,NOT_PRIVATE_PROPERTY,ALCOHOL_INVOLVED,STWD_VEHTYPE_AT_FAULT,CHP_VEHTYPE_AT_FAULT,COUNT_SEVERE_INJ,COUNT_VISIBLE_INJ,COUNT_COMPLAINT_PAIN,COUNT_PED_KILLED,COUNT_PED_INJURED,COUNT_BICYCLIST_KILLED,COUNT_BICYCLIST_INJURED,COUNT_MC_KILLED,COUNT_MC_INJURED,PRIMARY_RAMP,SECONDARY_RAMP,LATITUDE,LONGITUDE,COUNTY,CITY,POINT_X,POINT_Y
7123980,2015,2015-12-01,3711,2015-11-09,1215,6781,SD,1,5,7,3711,0,0,0,,0,821,"ACORN ST","COLLEGE AV",0.00,,Y,A,-,N,,,,,,,,,,N,2,0,1,2,A,-,08,22107,,N,G,B,B,A,H,-,A,A,0,Y,,,,Y,,-,,1,0,0,0,1,0,0,0,0,"- ","- ",,,"SAN DIEGO","SAN DIEGO",-117.06638012000001,32.759590039999999
7124073,2015,2015-12-01,3711,2015-11-15,1725,7303,"MID C",7,5,7,3711,0,0,0,,0,813,"EL CAJON BL",KANSAS,10.00,W,N,-,-,N,,,,,,,,,,N,4,0,1,2,A,-,17,21461,A,M,G,B,D,B,H,-,-,D,0,Y,,,,Y,,N,60,0,0,1,0,1,0,0,0,0,"- ","- ",,,"SAN DIEGO","SAN DIEGO",-117.13145242,32.755400000000002
7124078,2015,2015-12-01,3711,2015-11-11,1721,6000,,3,5,7,3711,0,0,0,,0,838,"EL CAJON BL","36TH ST",0.00,,Y,A,-,N,,,,,,,,,,N,2,0,1,2,A,-,10,21950,A,N,G,B,B,A,H,-,C,D,0,Y,,,,Y,,A,01,1,0,0,0,1,0,0,0,0,"- ","- ",,,"SAN DIEGO","SAN DIEGO",-117.11578006000001,32.755290010000003
7124079,2015,2015-12-07,3711,2015-11-16,1446,6424,,1,5,7,3711,0,0,0,,0,242,"WESTVIEW PKWY","MIRA MESA BL",2000.00,N,N,A,-,N,,,,,,,,,,N,3,0,1,2,A,-,08,22107,,N,A,G,A,A,H,-,A,D,0,,Y,,,Y,,-,,0,1,0,0,0,0,1,0,0,"- ","- ",,,"SAN DIEGO","SAN DIEGO",-117.11899,32.922512070000003
7125117,2015,2015-12-02,3711,2015-11-21,2013,6676,SD,6,5,7,3711,0,0,0,,0,831,"UNIVERSITY AV","MENLO AV",12.00,E,N,A,-,N,,,,,,,,,,N,4,0,1,2,A,-,10,21950,A,M,D,B,-,A,H,-,C,D,0,Y,,,,Y,,-,,0,0,1,0,1,0,0,0,0,"- ","- ",,,"SAN DIEGO","SAN DIEGO",-117.0943911,32.749580000000002
7127690,2015,2015-12-03,3711,2015-11-19,1426,5491,SANDI,4,5,7,3711,0,0,0,,0,529,"4TH AV","4TH AV 2200",9.00,E,N,A,-,N,,,,,,,,,,N,4,0,1,2,A,-,11,21954,A,N,G,B,D,A,H,-,A,-,0,Y,,,,Y,Y,N,60,0,0,1,0,1,0,0,0,0,"- ","- ",,,"SAN DIEGO","SAN DIEGO",-117.16123044,32.72822773
7127742,2015,2015-12-03,3711,2015-11-10,1148,HB4715,,2,5,7,3711,0,0,0,,0,710,"NORTH HARBOR DR","N HARBOR DR 3665",0.00,,Y,-,-,N,,,,,,,,,,N,4,0,1,2,A,-,"- ",,,N,G,B,E,A,H,-,A,D,0,Y,,,,Y,,A,01,0,0,1,0,1,0,0,0,0,"- ","- ",,,"SAN DIEGO","SAN DIEGO",-117.20493436,32.729461219999997
7128777,2015,2015-12-10,3711,2015-11-06,1825,4617,,5,5,7,3711,0,0,0,,0,242,"HILLERY DR","RICKERT RD",45.00,E,N,A,-,N,,,,,,,,,,N,3,0,1,2,A,-,08,22107,,N,B,G,A,A,H,-,C,D,0,,Y,,,Y,,-,,0,1,0,0,0,0,1,0,0,"- ","- ",,,"SAN DIEGO","SAN DIEGO",-117.12679389,32.912907689999997
7130767,2015,2015-12-09,3711,2015-11-26,0657,6837,,4,5,7,3711,0,0,0,,0,528,"HAWTHORN ST","HAWTHORN ST 500",1.00,S,N,B,-,N,,,,,,,,,,N,3,0,1,2,A,-,08,22107,,N,B,G,A,A,H,-,A,A,0,,Y,,,Y,,A,01,0,1,0,0,0,0,1,0,0,"- ","- ",,,"SAN DIEGO","SAN DIEGO",-117.16026664,32.727167970000004
7135243,2015,2016-08-10,3711,2015-12-23,1752,7185,,3,5,7,3711,0,0,0,,0,321,"MISSION GORGE RD","MISSION GORGE PL",15.00,N,N,B,-,N,,,,,,,,,,N,4,0,1,2,A,-,10,21950,A,N,G,B,B,A,H,-,C,A,0,Y,,,,Y,,-,,0,0,1,0,1,0,0,0,0,"- ","- ",,,"SAN DIEGO","SAN DIEGO",-117.09836361000001,32.783204509999997
7137162,2015,2016-01-06,3711,2015-12-01,1620,6863,,2,5,7,3711,0,0,0,,0,934,"CARMEL MOUNTAIN RD","CARMEL COUNTRY RD",0.00,,Y,A,-,N,,,,,,,,,,N,3,0,1,2,A,-,17,21451,A,N,G,B,B,A,H,-,A,A,0,Y,,,,Y,,-,"- ",0,1,0,0,1,0,0,0,0,"- ","- ",,,"SAN DIEGO","SAN DIEGO",-117.19695013,32.928920079999997
7137299,2015,2015-12-28,3711,2015-12-04,1115,5498,,5,5,7,3711,0,0,0,,0,521,BROADWAY,"14TH ST",41.00,E,N,A,-,N,,,,,,,,,,N,3,0,1,2,A,-,03,22350,,N,C,G,A,A,H,-,A,A,0,,Y,,,Y,Y,L,04,0,1,0,0,0,0,1,0,0,"- ","- ",,,"SAN DIEGO","SAN DIEGO",-117.15180716,32.715758289999997
7142086,2015,2015-12-28,3711,2015-12-05,1811,7174,WESTE,6,5,7,3711,0,0,0,,0,614,"EBERS ST","VOLTAIRE ST",0.00,,Y,B,-,N,,,,,,,,,,,2,0,1,2,A,-,11,21950,B,N,G,B,D,A,H,-,C,A,0,Y,,,,Y,Y,N,60,1,0,0,0,1,0,0,0,0,"- ","- ",,,"SAN DIEGO","SAN DIEGO",-117.24139012000001,32.748830069999997
7142181,2015,2015-12-28,3711,2015-12-13,1110,6973,,7,5,7,3711,0,0,0,,0,445,"MARKET ST","COTTON ST",152.00,W,N,A,-,N,,,,,,,,,,N,3,0,1,2,A,-,17,22517,,N,B,G,A,A,H,-,A,D,0,,Y,,,Y,,-,,0,1,0,0,0,0,1,0,0,"- ","- ",,,"SAN DIEGO","SAN DIEGO",-117.09546232,32.71143052
7144606,2015,2016-01-05,3711,2015-12-14,1715,4495,,1,5,7,3711,0,0,0,,0,627,"WASHINGTON ST","3RD AV",43.00,,N,A,-,N,,,,,,,,,,N,2,0,1,2,A,-,11,21954,A,N,G,B,D,A,H,-,C,D,0,Y,,,,Y,,N,60,1,0,0,0,1,0,0,0,0,"- ","- ",,,"SAN DIEGO","SAN DIEGO",-117.16274005,32.749980000000001
7144614,2015,2016-08-10,3711,2015-12-21,1816,7404,,1,5,7,3711,0,0,0,,0,447,"FAIRMOUNT AV","RIDGEVIEW DR",183.00,N,N,A,-,N,,,,,,,,,,N,4,0,1,2,A,-,11,21954,A,N,G,B,D,A,H,-,D,A,0,Y,,,,Y,,N,60,0,0,1,0,1,0,0,0,0,"- ","- ",,,"SAN DIEGO","SAN DIEGO",-117.0981307,32.726936610000003
7145955,2015,2016-01-04,3711,2015-12-15,1215,7368,,2,5,7,3711,0,0,0,,0,833,"UNIVERSITY AV","FAIRMOUNT AV",0.00,,Y,A,-,N,,,,,,,,,,N,4,0,1,2,A,-,10,21950,A,N,G,B,B,A,H,-,A,A,0,Y,,,,Y,,D,22,0,0,1,0,1,0,0,0,0,"- ","- ",,,"SAN DIEGO","SAN DIEGO",-117.10090012000001,32.749600039999997
7146139,2015,2015-12-30,3711,2015-12-16,1715,7024,,3,5,7,3711,0,0,0,,0,315,"CAMINO DEL RIO S","TEXAS ST",1500.00,E,N,A,-,N,,,,,,,,,,N,3,0,1,2,A,-,11,21950,B,M,G,B,D,A,H,-,D,D,0,Y,,,,Y,Y,N,60,0,1,0,0,1,0,0,0,0,"- ","- ",,,"SAN DIEGO","SAN DIEGO",-117.13603860000001,32.769723710000001
7146151,2015,2016-01-08,3711,2015-12-16,1458,7340,"SAN D",3,5,7,3711,0,0,0,,0,613,"EBERS ST","WEST POINT LOMA BL",46.00,S,N,A,-,N,,,,,,,,,,N,3,0,1,2,A,-,08,22107,,M,B,G,A,A,H,-,A,A,0,,Y,,,Y,,-,"- ",0,1,0,0,0,0,1,0,0,"- ","- ",,,"SAN DIEGO","SAN DIEGO",-117.24008061000001,32.75046485
7149403,2015,2016-01-06,3711,2015-12-25,0102,5972,,5,5,7,3711,0,0,0,,0,903,"SATURN BL","AVENIDA DEL MEXICO",5.00,N,N,C,-,N,,,,,,,,,,N,3,0,1,2,A,-,10,21950,A,N,G,B,D,B,H,-,C,D,0,Y,,,,Y,,A,01,0,1,0,0,1,0,0,0,0,"- ","- ",,,"SAN DIEGO","SAN DIEGO",-117.09265980000001,32.582903700000003
7149407,2015,2016-08-10,3711,2015-12-12,2030,3815,,6,5,7,3711,0,0,0,,0,115,"NOBEL DR","LEBON DR",162.00,W,N,A,-,N,,,,,,,,,,N,3,0,1,2,A,-,11,21955,,N,G,B,D,A,H,-,C,D,0,Y,,,,Y,Y,N,60,0,1,0,0,1,0,0,0,0,"- ","- ",,,"SAN DIEGO","SAN DIEGO",-117.22540572,32.868508370000001
7153650,2015,2016-01-19,3711,2015-12-24,1302,6956,,4,5,7,3711,0,0,0,,0,824,"FAIRMONT AV","FAIRMONT AV 5100",2112.00,S,N,A,-,N,,,,,,,,,,N,3,0,1,2,A,-,08,22107,,N,B,G,A,A,H,-,A,D,0,,Y,,,Y,,L,04,0,1,0,0,0,0,1,0,0,"- ","- ",,,"SAN DIEGO","SAN DIEGO",,
7156179,2015,2016-01-19,3711,2015-12-29,2209,7145,,2,5,7,3711,0,0,0,,0,521,"J ST","11TH AV",6.00,W,N,A,-,N,,,,,,,,,,N,4,0,1,2,A,-,10,21950,A,N,G,B,B,A,H,-,C,A,0,Y,,,,Y,,A,01,0,0,1,0,1,0,0,0,0,"- ","- ",,,"SAN DIEGO","SAN DIEGO",-117.15464944,32.709409790000002
7157067,2016,2016-01-22,3711,2016-01-07,0523,7004,SOUTH,4,5,7,3711,0,0,0,,0,903,"EAST SAN YSIDRO BL","RAIL CT",0.00,,Y,C,-,N,,,,,,,,,,N,3,0,1,2,A,-,11,21456,B,N,G,B,B,B,G,-,C,A,0,Y,,,,Y,,N,60,0,1,0,0,1,0,0,0,0,"- ","- ",,,"SAN DIEGO","SAN DIEGO",-117.02872004,32.544200080000003
7158459,2016,2016-01-27,3711,2016-01-17,1556,6176,,7,5,7,3711,0,0,0,,0,437,"PARADISE VALLEY RD","POTOMAC ST",210.00,W,N,A,-,N,,,,,,,,,,N,4,0,1,2,A,-,08,22107,,M,G,B,E,A,H,-,A,D,0,Y,,,,Y,,-,,0,0,1,0,1,0,0,0,0,"- ","- ",,,"SAN DIEGO","SAN DIEGO",-117.04930971,32.688053179999997
7158468,2016,2016-01-27,3711,2016-01-13,1630,6734,,3,5,7,3711,0,0,0,,0,627,"ROBINSON AV","ROBINSON AV 700",0.00,,Y,A,-,N,,,,,,,,,,Y,3,0,1,2,A,-,09,21801,A,N,D,G,A,A,H,-,B,A,0,,Y,,,Y,,A,01,0,1,0,0,0,0,1,0,0,"- ","- ",,,"SAN DIEGO","SAN DIEGO",-117.15837836,32.746932780000002
7158506,2016,2016-01-28,3711,2016-01-06,0955,7067,,3,5,7,3711,0,0,0,,0,623,"FRIARS RD","FRIARS RD 7200",28.00,S,N,A,-,N,,,,,,,,,,N,4,0,1,3,A,-,08,22107,,N,A,B,F,A,H,-,A,A,0,Y,,,,Y,,A,07,0,0,1,0,1,0,0,0,0,"- ","- ",,,"SAN DIEGO","SAN DIEGO",,
7158553,2016,2016-01-28,3711,2016-01-13,1435,7136,,3,5,7,3711,0,0,0,,0,512,"COMMERCIAL ST","29TH ST",3.00,W,N,A,-,N,,,,,,,,,,N,4,0,1,2,A,-,09,21802,A,M,B,G,A,A,H,-,A,D,0,,Y,,,Y,,-,"- ",0,0,1,0,0,0,1,0,0,"- ","- ",,,"SAN DIEGO","SAN DIEGO",-117.13206972,32.70539995
7165638,2016,2016-01-25,3711,2016-01-11,0624,7130,,1,5,7,3711,0,0,0,,0,831,"FAIRMOUNT AV","ORANGE AV",14.00,W,N,B,-,N,,,,,,,,,,N,3,0,1,2,A,-,09,21801,A,N,G,B,B,A,H,-,C,A,0,Y,,,,Y,,-,,0,1,0,0,1,0,0,0,0,"- ","- ",,,"SAN DIEGO","SAN DIEGO",-117.10086,32.753169999999997
7165641,2016,2016-01-26,3711,2016-01-12,2305,7404,,2,5,7,3711,0,0,0,,0,122,"GARNET AV","JEWELL ST",0.00,,Y,A,-,N,,,,,,,,,,N,4,0,1,2,A,-,12,21453,A,M,G,B,B,A,H,-,C,A,0,Y,,,,Y,Y,-,,0,0,1,0,1,0,0,0,0,"- ","- ",,,"SAN DIEGO","SAN DIEGO",-117.2389701,32.800200080000003
7165642,2016,2016-01-25,3711,2016-01-11,0630,5983,,1,5,7,3711,0,0,0,,0,831,"UNIVERSITY AV","44TH ST",0.00,,Y,A,-,N,,,,,,,,,,N,3,0,1,2,A,-,10,21950,A,N,G,B,B,A,H,-,C,A,0,Y,,,,Y,,D,22,0,1,0,0,1,0,0,0,0,"- ","- ",,,"SAN DIEGO","SAN DIEGO",-117.09981006,32.74961012
7171824,2016,2016-02-23,3711,2016-01-29,1911,5939,,5,5,7,3711,0,0,0,,0,242,"BLACK MOUNTAIN RD","9900 BLACK MOUNTAIN RD",17.00,E,N,-,-,N,,,,,,,,,,N,4,0,1,2,A,-,10,21950,A,N,G,B,B,A,H,-,C,A,0,Y,,,,Y,,-,,0,0,1,0,1,0,0,0,0,"- ","- ",,,"SAN DIEGO","SAN DIEGO",,
7175922,2016,2016-02-08,3711,2016-01-26,1807,6753,SANDI,2,5,7,3711,0,0,0,,0,621,"LINDA VISTA RD","NORTHRIM CT",150.00,N,N,A,-,N,,,,,,,,,,N,4,0,1,2,A,-,11,21954,A,N,G,B,D,A,H,-,C,D,0,Y,,,,Y,,N,60,0,0,1,0,1,0,0,0,0,"- ","- ",,,"SAN DIEGO","SAN DIEGO",-117.17513138,32.77397809
7176003,2016,2016-02-09,3711,2016-01-28,1520,7376,,4,5,7,3711,0,0,0,,0,442,"SOUTH 43RD ST","ALPHA ST",100.00,S,N,A,-,N,,,,,,,,,,N,4,0,1,2,D,-,00,,,N,G,B,F,A,H,-,A,D,0,Y,,,,Y,,-,"- ",0,0,1,0,1,0,0,0,0,"- ","- ",,,"SAN DIEGO","SAN DIEGO",-117.10243507,32.692916109999999
7176072,2016,2016-02-09,3711,2016-01-25,0820,5342,,1,5,7,3711,0,0,0,,0,271,"POMERADO RD","AVENUE OF NATIONS",0.00,,Y,A,-,N,,,,,,,,,,N,3,0,1,2,A,-,09,21453,C,N,C,G,A,A,H,-,A,A,0,,Y,,,Y,,L,04,0,1,0,0,0,0,1,0,0,"- ","- ",,,"SAN DIEGO","SAN DIEGO",-117.10270002,32.897630020000001
7178174,2016,2016-02-11,3711,2016-01-31,1220,7042,,7,5,7,3711,0,0,0,,0,627,"ROBINSON AV","10TH AV",23.00,E,N,A,-,N,,,,,,,,,,N,3,0,1,2,A,-,03,22350,,N,G,B,B,A,H,-,A,D,0,Y,,,,Y,,-,,0,1,0,0,1,0,0,0,0,"- ","- ",,,"SAN DIEGO","SAN DIEGO",-117.15519745,32.746415489999997
7182932,2016,2016-03-28,3711,2016-03-11,2142,7329,,5,5,7,3711,0,0,0,,0,712,"BEYER BL","DAIRY MART RD",0.00,,Y,A,-,N,,,,,,,,,,N,4,0,1,2,A,-,10,21950,,M,G,B,B,A,H,-,C,A,0,Y,,,,Y,,-,,0,0,1,0,1,0,0,0,0,"- ","- ",,,"SAN DIEGO","SAN DIEGO",-117.06233004000001,32.566970019999999
7184554,2016,2016-02-19,3711,2016-02-09,1809,7293,,2,5,7,3711,0,0,0,,0,01N,"DERRICK DR","GENESEE AV",0.00,,Y,A,-,N,,,,,,,,,,N,4,0,1,2,A,-,10,21950,A,N,B,B,B,A,H,-,C,A,0,Y,,,,Y,,-,,0,0,1,0,1,0,0,0,0,"- ","- ",,,"SAN DIEGO","SAN DIEGO",-117.18409001000001,32.822890090000001
7187048,2016,2016-02-26,3711,2016-02-13,1825,6555,,6,5,7,3711,0,0,0,,0,839,"37TH ST","UNIVERSITY AV",15.00,S,N,A,-,N,,,,,,,,,,N,3,0,1,2,A,-,10,21950,A,N,-,B,-,A,H,-,C,-,0,Y,,,,Y,,-,,0,1,0,0,1,0,0,0,0,"- ","- ",,,"SAN DIEGO","SAN DIEGO",-117.11311044,32.749688910000003
7187052,2016,2016-02-26,3711,2016-02-12,2205,5983,,5,5,7,3711,0,0,0,,0,835,"POPLAR ST","JAMIES WY",20.00,E,N,A,-,N,,,,,,,,,,N,3,0,1,2,A,-,11,21950,B,N,G,B,D,A,H,-,C,D,0,Y,,,,Y,Y,N,60,0,1,0,0,1,0,0,0,0,"- ","- ",,,"SAN DIEGO","SAN DIEGO",-117.10406005,32.735836720000002
7187099,2016,2016-02-26,3711,2016-02-14,1709,3696,,7,5,7,3711,0,0,0,,0,121,"MISSION BL","MISSION BL 3150",9.00,N,N,A,-,N,,,,,,,,,,N,3,0,1,2,A,-,09,21801,A,N,A,G,A,A,H,-,A,A,0,,Y,,,Y,,-,,0,1,0,0,0,0,1,0,0,"- ","- ",,,"SAN DIEGO","SAN DIEGO",,
7190491,2016,2016-10-14,3711,2016-09-27,1212,5985,,2,5,7,3711,0,0,0,,0,529,"5TH AV","HAWTHORN ST",0.00,,Y,A,-,N,,,,,,,,,,N,1,1,0,2,A,-,10,21950,A,N,G,B,B,A,H,-,A,D,0,Y,,,,Y,,A,07,0,0,0,1,0,0,0,0,0,"- ","- ",,,"SAN DIEGO","SAN DIEGO",-117.16027010000001,32.727170119999997
7190492,2016,2016-10-14,3711,2016-09-22,2010,6034,,4,5,7,3711,0,0,0,,0,528,"W DATE ST","W DATE ST 700",18.00,S,N,A,-,N,,,,,,,,,,N,1,1,0,2,A,-,10,21950,A,N,G,B,B,A,H,-,C,A,0,Y,,,,Y,,A,01,0,0,0,1,0,0,0,0,0,"- ","- ",,,"SAN DIEGO","SAN DIEGO",,
7191159,2016,2016-02-24,3711,2016-02-11,1900,7315,,4,5,7,3711,0,0,0,,0,835,"POPLAR ST","HEATHER ST",85.00,W,N,A,-,N,,,,,,,,,,N,4,0,1,2,A,-,03,22350,,N,G,B,E,A,H,-,C,D,0,Y,,,,Y,,-,,0,0,1,0,1,0,0,0,0,"- ","- ",,,"SAN DIEGO","SAN DIEGO",-117.10190694000001,32.737687200000003
7200078,2017,2019-04-08,3711,2017-03-17,0903,6764,,5,5,7,3711,0,0,0,,0,242,"WESTONHILL DR","HARLINGTON DR",100.00,N,N,A,-,N,,,,,,,,,,N,1,1,0,2,A,-,10,21954,B,N,G,B,D,A,H,-,A,D,0,Y,,,,Y,,A,01,0,0,0,1,0,0,0,0,0,"- ","- ",,,"SAN DIEGO","SAN DIEGO",-117.13563000000001,32.913993929999997
7209394,2016,2016-03-16,3711,2016-03-07,0737,6768,,1,5,7,3711,0,0,0,,0,835,"FAIRMONT AV","MANZANITA PL",0.00,,Y,A,-,N,,,,,,,,,,N,3,0,1,2,A,-,00,21207,A,N,D,G,A,B,H,-,A,D,0,,Y,,,Y,,L,04,0,1,0,0,0,0,1,0,0,"- ","- ",,,"SAN DIEGO","SAN DIEGO",-117.10099006999999,32.739660069999999
7209484,2016,2016-03-16,3711,2016-02-28,1122,6332,,7,5,7,3711,0,0,0,,0,826,"50TH ST","TROJAN AV",189.00,N,N,A,-,N,,,,,,,,,,N,3,0,1,2,A,-,09,21804,A,N,D,G,A,A,H,-,A,D,0,,Y,,,Y,,L,04,0,1,0,0,0,0,1,0,0,"- ","- ",,,"SAN DIEGO","SAN DIEGO",-117.08685174,32.755427650000001
8000902,2016,2016-03-30,3711,2016-03-16,0813,6831,,3,5,7,3711,0,0,0,,0,723,"PICADOR AV","MAJESTIC DR",6.00,S,N,A,-,N,,,,,,,,,,N,3,0,1,2,A,-,11,21950,B,N,G,B,B,A,-,-,A,D,0,Y,,,,Y,,-,,0,1,0,0,1,0,0,0,0,"- ","- ",,,"SAN DIEGO","SAN DIEGO",-117.05723402,32.576680680000003
8000942,2016,2016-03-30,3711,2016-03-18,1945,6443,,5,5,7,3711,0,0,0,,0,832,"FAIRMOUNT AV","POLK AV",0.00,,Y,B,-,N,,,,,,,,,,N,3,0,1,2,A,-,09,21804,A,N,D,G,A,A,H,-,C,A,0,,Y,,,Y,,L,04,0,1,0,0,0,0,1,0,0,"- ","- ",,,"SAN DIEGO","SAN DIEGO",-117.10088008,32.751410010000001
8002344,2016,2016-04-05,3711,2016-03-10,1405,5313,,4,5,7,3711,0,0,0,,0,,"MARKET ST","11TH AV",65.00,W,N,A,-,N,,,,,,,,,,N,3,0,1,3,A,-,21,22106,,N,G,B,F,A,H,-,A,D,0,Y,,,,Y,,A,01,0,1,0,0,1,0,0,0,0,"- ","- ",,,"SAN DIEGO","SAN DIEGO",-117.15487062,32.71152
8003130,2016,2016-03-25,3711,2016-03-15,1440,5804,SD,2,5,7,3711,0,0,0,,0,327,"COLLEGE AV","COLLEGE AV 4935",0.00,,N,A,-,N,,,,,,,,,,N,4,0,1,2,A,-,21,22106,,N,E,B,F,A,H,-,A,D,0,Y,,,,Y,,-,,0,0,1,0,1,0,0,0,0,"- ","- ",,,"SAN DIEGO","SAN DIEGO",-117.06782072999999,32.76741723
8007172,2016,2016-04-14,3711,2016-03-07,0725,5198,,1,5,7,3711,0,0,0,,0,524,"FRONT ST","WEST ASH ST",12.00,S,N,B,-,N,,,,,,,,,,N,2,0,1,2,A,-,10,21950,C,N,G,B,B,B,H,-,A,A,0,Y,,,,Y,,I,12,1,0,0,0,1,0,0,0,0,"- ","- ",,,"SAN DIEGO","SAN DIEGO",-117.16474968,32.719827129999999
8008001,2016,2016-04-05,3711,2016-02-23,2100,7064,SANDI,2,5,7,3711,0,0,0,,0,523,"G ST","3RD ST",25.00,E,N,A,-,N,,,,,,,,,,N,4,0,1,1,A,-,11,21950,B,N,G,B,E,A,H,-,C,D,0,Y,,,,Y,,N,60,0,0,1,0,1,0,0,0,0,"- ","- ",,,"SAN DIEGO","SAN DIEGO",-117.16182902,32.712588089999997
8008124,2016,2017-01-28,3711,2016-03-24,2000,8282,SDPD,4,5,7,3711,0,0,0,,0,241,AVIARY,"SCRIPPS RANCH BL",83.00,N,N,A,-,N,,,,,,,,,,N,4,0,1,2,A,-,10,21950,A,N,G,B,B,A,H,-,C,D,0,Y,,,,Y,,-,,0,0,1,0,1,0,0,0,0,"- ","- ",,,"SAN DIEGO","SAN DIEGO",-117.10033512,32.904445420000002
8011363,2016,2016-04-08,3711,2016-03-26,0830,6879,,6,5,7,3711,0,0,0,,0,518,"FELTON ST","ELM ST",40.00,N,N,A,-,N,,,,,,,,,,N,3,0,1,2,A,-,00,20002,A,M,G,B,E,A,A,-,A,D,0,Y,,,,Y,Y,N,60,0,1,0,0,1,0,0,0,0,"- ","- ",,,"SAN DIEGO","SAN DIEGO",-117.12268428,32.724508559999997
8014788,2016,2016-05-24,3711,2016-04-16,1449,4656,SANDI,6,5,7,3711,0,0,0,,0,521,BROADWAY,"14TH ST",0.00,,Y,A,-,N,,,,,,,,,,N,3,0,2,3,A,-,10,21950,A,N,G,B,B,A,H,-,A,A,0,Y,,,,Y,,J,48,0,2,0,0,2,0,0,0,0,"- ","- ",,,"SAN DIEGO","SAN DIEGO",-117.15194001,32.715760099999997
8014836,2016,2016-04-06,3711,2016-03-14,2214,4310,,1,5,7,3711,0,0,0,,0,122,"GARNET AV","MISSION BAY DR",169.00,W,N,A,-,N,,,,,,,,,,N,2,0,1,2,A,-,11,21954,A,N,G,B,D,A,H,-,C,D,0,Y,,,,Y,Y,N,60,1,0,0,0,1,0,0,0,0,"- ","- ",,,"SAN DIEGO","SAN DIEGO",-117.2195017,32.806037140000001
8020429,2016,2016-04-13,3711,2016-03-22,1144,4965,SD,2,5,7,3711,0,0,0,,0,615,"NIMITZ BL","LOCUST ST",0.00,E,N,A,-,N,,,,,,,,,,N,3,0,1,2,A,-,03,22350,,N,C,G,A,A,H,-,A,D,0,,Y,,,Y,,L,04,0,1,0,0,0,0,1,0,0,"- ","- ",,,"SAN DIEGO","SAN DIEGO",-117.22685002,32.729150019999999
8020882,2016,2016-08-24,3711,2016-03-16,0632,5485,,3,5,7,3711,0,0,0,,0,903,"PALM AV","HAWAII AV",0.00,E,N,A,-,N,,,,,,,,,,N,4,0,1,2,B,-,22,,,N,-,B,B,A,H,-,B,A,0,Y,,,,Y,,N,60,0,0,1,0,1,0,0,0,0,"- ","- ",,,"SAN DIEGO","SAN DIEGO",-117.06636004000001,32.583750090000002
8020925,2016,2016-04-15,3711,2016-03-16,2037,6513,,3,5,7,3711,0,0,0,,0,233,"CARMEL MOUNTAIN RD","VIA SAN MARCO",0.00,,Y,A,-,N,,,,,,,,,,N,2,0,1,2,A,-,11,21950,B,N,G,B,B,A,H,-,C,D,0,Y,,,,Y,,N,60,1,0,0,0,1,0,0,0,0,"- ","- ",,,"SAN DIEGO","SAN DIEGO",-117.09688013,32.968710020000003
8023593,2016,2017-02-18,3711,2016-04-14,1950,4884,SDPD,4,5,7,3711,0,0,0,,0,233,"CARMEL MOUNTAIN RD","RT 15",20.00,W,N,A,-,Y,SD,11,15,-,M,20.772,R,4,S,N,3,0,1,2,A,-,11,21456,A,N,B,B,B,A,H,-,C,A,0,Y,,,,Y,,N,60,0,1,0,0,1,0,0,0,0,"- ",SF,,,"SAN DIEGO","SAN DIEGO",-117.08513172000001,32.98130243
8024169,2016,2016-04-20,3711,2016-04-09,2021,5600,,6,5,7,3711,0,0,0,,0,903,"WEST SAN YSIDRO BL","COTTONWOOD RD",0.00,,Y,C,-,N,,,,,,,,,,N,4,0,1,2,A,-,10,21950,A,M,G,B,B,B,H,-,C,A,0,Y,,,,Y,,-,99,0,0,1,0,1,0,0,0,0,"- ","- ",,,"SAN DIEGO","SAN DIEGO",-117.04796003,32.553770120000003