CASE_ID,ACCIDENT_YEAR,PROC_DATE,JURIS,COLLISION_DATE,COLLISION_TIME,OFFICER_ID,REPORTING_DISTRICT,DAY_OF_WEEK,CHP_SHIFT,POPULATION,CNTY_CITY_LOC,SPECIAL_COND,BEAT_TYPE,CHP_BEAT_TYPE,CITY_DIVISION_LAPD,CHP_BEAT_CLASS,BEAT_NUMBER,PRIMARY_RD,SECONDARY_RD,DISTANCE,DIRECTION,INTERSECTION,WEATHER_1,WEATHER_2,STATE_HWY_IND,CALTRANS_COUNTY,CALTRANS_DISTRICT,STATE_ROUTE,ROUTE_SUFFIX,POSTMILE_PREFIX,POSTMILE,LOCATION_TYPE,RAMP_INTERSECTION,SIDE_OF_HWY,TOW_AWAY,COLLISION_SEVERITY,NUMBER_KILLED,NUMBER_INJURED,PARTY_COUNT,PRIMARY_COLL_FACTOR,PCF_CODE_OF_VIOL,PCF_VIOL_CATEGORY,PCF_VIOLATION,PCF_VIOL_SUBSECTION,HIT_AND_RUN,TYPE_OF_COLLISION,MVIW,PED_ACTION,ROAD_SURFACE,ROAD_COND_1,ROAD_COND_2,LIGHTING,CONTROL_DEVICE,CHP_ROAD_TYPE,PEDESTRIAN_ACCIDENT,BICYCLE_ACCIDENT,MOTORCYCLE_ACCIDENT,TRUCK_ACCIDENT,NOT_PRIVATE_PROPERTY,ALCOHOL_INVOLVED,STWD_VEHTYPE_AT_FAULT,CHP_VEHTYPE_AT_FAULT,COUNT_SEVERE_INJ,COUNT_VISIBLE_INJ,COUNT_COMPLAINT_PAIN,COUNT_PED_KILLED,COUNT_PED_INJURED,COUNT_BICYCLIST_KILLED,COUNT_BICYCLIST_INJURED,COUNT_MC_KILLED,COUNT_MC_INJURED,PRIMARY_RAMP,SECONDARY_RAMP,LATITUDE,LONGITUDE,COUNTY,CITY,POINT_X,POINT_Y
8025194,2016,2016-05-20,3711,2016-05-10,1530,6151,,2,5,7,3711,0,0,0,,0,303,"KEARNY VILLA RD","KEARNY VILLA CT",390.00,N,N,B,-,N,,,,,,,,,,N,3,0,1,2,A,-,08,22100,A,N,A,G,A,A,H,-,A,D,0,,Y,,,Y,,-,,0,1,0,0,0,0,1,0,0,"- ","- ",,,"SAN DIEGO","SAN DIEGO",-117.13467948,32.837975350000001
8027406,2016,2016-05-02,3711,2016-04-19,1952,7399,,2,5,7,3711,0,0,0,,0,721,"SATURN BL","DONAX AV",0.00,,Y,A,-,N,,,,,,,,,,N,3,0,1,3,A,-,09,21804,A,N,G,B,B,A,H,-,C,A,0,Y,,,,Y,,-,,0,1,0,0,1,0,0,0,0,"- ","- ",,,"SAN DIEGO","SAN DIEGO",-117.09264002,32.581970060000003
8037577,2016,2016-05-11,3711,2016-04-25,0840,7190,,1,5,7,3711,0,0,0,,0,525,BROADWAY,"2ND AV",20.00,E,N,A,-,N,,,,,,,,,,N,4,0,1,2,A,-,08,22107,,N,D,B,B,A,H,-,A,A,0,Y,,,,Y,,-,"- ",0,0,1,0,1,0,0,0,0,"- ","- ",,,"SAN DIEGO","SAN DIEGO",-117.16281524999999,32.715777690000003
8037579,2016,2016-08-29,3711,2016-04-29,2230,6830,,5,5,7,3711,0,0,0,,0,111,"E INGERSOLL ST","E INGERSOLL ST 2400",0.00,,Y,-,-,N,,,,,,,,,,N,4,0,1,2,A,-,03,22350,,M,-,B,D,A,H,-,C,D,0,Y,,,,Y,,-,,0,0,1,0,1,0,0,0,0,"- ","- ",,,"SAN DIEGO","SAN DIEGO",-117.16370076,32.787840500000001
8037583,2016,2016-05-11,3711,2016-04-27,2046,7147,,3,5,7,3711,0,0,0,,0,451,"54TH ST","WESTOVER PL",129.00,N,N,B,-,N,,,,,,,,,,N,2,0,1,2,A,-,"- ",,,F,A,B,D,A,H,-,C,D,0,Y,,,,Y,Y,N,60,1,0,0,0,1,0,0,0,0,"- ","- ",,,"SAN DIEGO","SAN DIEGO",-117.08375606,32.725110669999999
8046693,2016,2016-05-17,3711,2016-05-03,2114,8447,SDPD,2,5,7,3711,0,0,0,,0,521,"9TH AV","MARKET ST",0.00,,Y,A,-,N,,,,,,,,,,N,4,0,1,2,A,-,05,21650,1,M,D,G,A,A,H,-,C,A,0,,Y,,,Y,,L,04,0,0,1,0,0,0,1,0,0,"- ","- ",,,"SAN DIEGO","SAN DIEGO",-117.15650008999999,32.71152009
8046709,2016,2016-05-17,3711,2016-05-04,0840,6716,SD,3,5,7,3711,0,0,0,,0,124,"MONTE VISTA AV","DUNEMERE DR",0.00,,Y,B,-,N,,,,,,,,,,N,3,0,1,2,A,-,12,22450,A,N,D,G,A,A,H,-,A,A,0,,Y,,,Y,,L,04,0,1,0,0,0,0,1,0,0,"- ","- ",,,"SAN DIEGO","SAN DIEGO",-117.27938012,32.835050039999999
8047630,2016,2016-05-23,3711,2016-05-08,0148,6146,,7,5,7,3711,0,0,0,,0,523,"G ST","5TH AV",2112.00,W,N,A,-,N,,,,,,,,,,N,2,0,1,2,A,-,12,21453,A,F,G,B,B,A,H,-,C,A,0,Y,,,,Y,Y,-,99,1,0,0,0,1,0,0,0,0,"- ","- ",,,"SAN DIEGO","SAN DIEGO",-117.16379999999999,32.71255
8055265,2016,2016-06-08,3711,2016-05-31,1644,6807,,2,5,7,3711,0,0,0,,0,724,"PALM AV","PALM AV 2200",0.00,,N,B,-,N,,,,,,,,,,N,3,0,1,2,A,-,21,22106,,N,G,B,F,A,H,-,A,-,0,Y,,,,Y,,-,,0,1,0,0,1,0,0,0,0,"- ","- ",,,"SAN DIEGO","SAN DIEGO",-117.08702445,32.583903569999997
8055269,2016,2016-06-09,3711,2016-05-27,2203,7129,,5,5,7,3711,0,0,0,,0,432,"EUCLID AV","CASTANA ST",4.00,S,N,A,-,N,,,,,,,,,,N,4,0,1,2,A,-,10,21950,A,N,G,B,B,A,H,-,D,D,0,Y,,,,Y,,A,07,0,0,1,0,1,0,0,0,0,"- ","- ",,,"SAN DIEGO","SAN DIEGO",-117.08506946,32.705919049999999
8059281,2016,2016-06-15,3711,2016-06-01,1257,5747,,3,5,7,3711,0,0,0,,0,611,"SPORTS ARENA BL","GREEN CONTROL BOX ON 3100 SPORTS ARENA BL",42.00,N,N,A,-,N,,,,,,,,,,N,4,0,1,2,A,-,08,22107,A,M,B,B,F,A,H,-,A,D,0,Y,,,,Y,,-,99,0,0,1,0,1,0,0,0,0,"- ","- ",,,"SAN DIEGO","SAN DIEGO",-117.2057578,32.751800920000001
8061189,2016,2016-07-21,3711,2016-07-02,0249,6146,,6,5,7,3711,0,0,0,,0,613,"NIMITZ BL","WEST POINT LOMA BL",6.00,S,N,A,-,N,,,,,,,,,,Y,2,0,1,2,A,-,11,21456,B,N,G,B,B,A,H,-,C,A,0,Y,,,,Y,,N,60,1,0,0,0,1,0,0,0,0,"- ","- ",,,"SAN DIEGO","SAN DIEGO",-117.23611361,32.751224479999998
8064938,2016,2016-06-17,3711,2016-06-05,2143,8861,,7,5,7,3711,0,0,0,,0,111,"LINDA VISTA RD","MARKHAM ST",233.00,S,N,A,-,N,,,,,,,,,,N,3,0,1,2,A,-,11,21950,B,N,G,B,D,A,H,-,C,D,0,Y,,,,Y,,N,60,0,1,0,0,1,0,0,0,0,"- ","- ",,,"SAN DIEGO","SAN DIEGO",-117.15749,32.802050000000001
8065229,2016,2016-06-18,3711,2016-05-12,1550,3508,E,4,5,7,3711,0,0,0,,0,,"AZTEC CIRCLE DR","AZTEC CIRCLE DR 6075",0.00,,-,A,-,N,,,,,,,,,,N,3,0,1,2,C,-,18,,,N,D,B,F,A,H,-,A,D,0,Y,,,,Y,,-,"- ",0,1,0,0,1,0,0,0,0,"- ","- ",32.773769999999999,-117.06891,"SAN DIEGO","SAN DIEGO",-117.06883012999999,32.773692990000001
8067105,2016,2016-06-27,3711,2016-06-13,1829,8447,,1,5,7,3711,0,0,0,,0,722,"PALM AV","SATURN BL",3.00,W,N,A,-,N,,,,,,,,,,N,4,0,1,2,A,-,08,22107,,M,G,B,B,A,A,-,A,A,0,Y,,,,Y,,-,,0,0,1,0,1,0,0,0,0,"- ","- ",,,"SAN DIEGO","SAN DIEGO",-117.09263971,32.583739999999999
8069103,2016,2016-07-11,3711,2016-06-16,2040,7130,,4,5,7,3711,0,0,0,,0,826,"EL CAJON BL","52ND ST",17.00,W,N,A,-,N,,,,,,,,,,N,4,0,1,2,A,-,10,21952,,N,G,B,B,A,H,-,C,A,0,Y,,,,Y,Y,-,,0,0,1,0,1,0,0,0,0,"- ","- ",,,"SAN DIEGO","SAN DIEGO",-117.08364435999999,32.757232369999997
8069137,2016,2016-06-28,3711,2016-06-18,2250,5388,,6,5,7,3711,0,0,0,,0,624,"MEADE AV","PARK BL",0.00,,Y,A,-,N,,,,,,,,,,N,4,0,1,2,A,-,12,21453,A,M,D,G,A,A,H,-,C,A,0,,Y,,,Y,,-,,0,0,1,0,0,0,1,0,0,"- ","- ",,,"SAN DIEGO","SAN DIEGO",-117.14626009,32.757220029999999
8069197,2016,2016-06-28,3711,2016-06-15,1205,6830,,3,5,7,3711,0,0,0,,0,111,"BALBOA AV",CHARGER,3.00,W,N,A,-,N,,,,,,,,,,N,4,0,1,2,A,-,10,21950,A,N,A,B,B,A,H,-,A,A,0,Y,,,,Y,,-,,0,0,1,0,1,0,0,0,0,"- ","- ",,,"SAN DIEGO","SAN DIEGO",-117.1671194,32.820587879999998
8072115,2016,2016-06-29,3711,2016-06-19,1130,7344,,7,5,7,3711,0,0,0,,0,822,"EL CAJON BL","54TH ST",200.00,E,N,A,-,N,,,,,,,,,,N,4,0,1,2,A,-,21,22106,,N,G,B,E,A,H,-,A,D,0,Y,,,,Y,,-,,0,0,1,0,1,0,0,0,0,"- ","- ",,,"SAN DIEGO","SAN DIEGO",-117.07871311,32.757942460000002
8072126,2016,2016-06-28,3711,2016-06-11,0132,6366,,6,5,7,3711,0,0,0,,0,524,"G ST","8TH AV",9.00,E,N,A,-,N,,,,,,,,,,N,3,0,2,3,A,-,10,21950,A,M,G,B,B,A,H,-,C,A,0,Y,,,,Y,Y,-,99,0,2,0,0,1,0,0,0,0,"- ","- ",,,"SAN DIEGO","SAN DIEGO",-117.15738084,32.712589999999999
8072127,2016,2016-06-29,3711,2016-06-19,0431,5555,,7,5,7,3711,0,0,0,,0,521,"K ST","7TH AV",100.00,E,N,A,-,N,,,,,,,,,,N,4,0,1,2,A,-,21,22106,,N,G,B,E,A,H,-,C,D,0,Y,,,,Y,Y,-,,0,0,1,0,1,0,0,0,0,"- ","- ",,,"SAN DIEGO","SAN DIEGO",-117.15827,32.708320000000001
8072135,2016,2016-06-29,3711,2016-06-17,2249,7447,,5,5,7,3711,0,0,0,,0,823,"UNIVERSITY AV","58TH ST",0.00,,Y,A,-,N,,,,,,,,,,N,3,0,1,2,A,-,10,21950,A,N,G,B,B,A,H,-,C,A,0,Y,,,,Y,,A,01,0,1,0,0,1,0,0,0,0,"- ","- ",,,"SAN DIEGO","SAN DIEGO",-117.07287002,32.74914003
8072422,2016,2016-07-12,3711,2016-06-17,1445,5315,,5,5,7,3711,0,0,0,,0,111,"AMOROSO ST","HATTON ST",200.00,N,N,A,-,N,,,,,,,,,,N,3,0,1,2,A,-,21,22106,,N,-,B,-,A,H,-,A,D,0,Y,,,,Y,,-,,0,1,0,0,1,0,0,0,0,"- ","- ",,,"SAN DIEGO","SAN DIEGO",-117.16452916999999,32.817976160000001
8074912,2016,2016-11-22,3711,2016-06-26,2044,6104,,7,5,7,3711,0,0,0,,0,614,"SUNSET CLIFFS BL","POINT LOMA AV",0.00,,Y,A,-,N,,,,,,,,,,N,4,0,2,3,A,-,10,21950,A,N,G,B,D,A,H,-,C,D,0,Y,,,,Y,Y,-,,0,0,2,0,2,0,0,0,0,"- ","- ",,,"SAN DIEGO","SAN DIEGO",-117.25487008,32.73633006
8074913,2016,2016-07-06,3711,2016-06-26,1932,7423,,7,5,7,3711,0,0,0,,0,312,"CLAIREMONT MESA BL",ANTIGUA,18.00,E,N,A,-,N,,,,,,,,,,N,3,0,1,2,A,-,12,21453,A,N,G,B,B,A,H,-,B,A,0,Y,,,,Y,,A,01,0,1,0,0,1,0,0,0,0,"- ","- ",,,"SAN DIEGO","SAN DIEGO",-117.10918642,32.831330379999997
8075729,2016,2016-07-12,3711,2016-06-26,1007,7479,,7,5,7,3711,0,0,0,,0,521,"PARK BL","13TH ST",80.00,W,N,A,-,N,,,,,,,,,,N,4,0,1,2,A,-,"- ",,,N,D,G,A,A,H,-,A,D,0,,Y,,,Y,,L,04,0,0,1,0,0,0,1,0,0,"- ","- ",,,"SAN DIEGO","SAN DIEGO",,
8078980,2016,2016-07-12,3711,2016-06-24,1124,7272,,5,5,7,3711,0,0,0,,0,452,"IMPERIAL AV","65TH ST",5.00,E,N,A,-,N,,,,,,,,,,N,4,0,1,2,A,-,11,21954,A,N,G,B,D,A,H,-,A,A,0,Y,,,,Y,,N,60,0,0,1,0,1,0,0,0,0,"- ","- ",,,"SAN DIEGO","SAN DIEGO",-117.05800395,32.710551870000003
8079789,2016,2016-07-13,3711,2016-07-02,1744,6621,SD,6,5,7,3711,0,0,0,,0,124,"FAY AV","PROSPECT ST",250.00,S,N,A,-,N,,,,,,,,,,N,4,0,1,2,A,-,21,22106,,N,G,B,D,A,H,-,A,D,0,Y,,,,Y,,-,,0,0,1,0,1,0,0,0,0,"- ","- ",,,"SAN DIEGO","SAN DIEGO",-117.27555526,32.84573366
8079844,2016,2016-07-14,3711,2016-06-30,1920,6986,,4,5,7,3711,0,0,0,,0,242,"HILLERY DR","GREENFORD DR",40.00,W,N,A,-,N,,,,,,,,,,N,2,0,1,2,A,-,11,21954,A,N,G,B,D,A,H,-,B,D,0,Y,,,,Y,,N,60,1,0,0,0,1,0,0,0,0,"- ","- ",,,"SAN DIEGO","SAN DIEGO",-117.131559,32.9120171
8081526,2016,2016-07-11,3711,2016-06-28,1615,7281,SANDI,2,5,7,3711,0,0,0,,0,524,"B ST","9TH AV",9.00,E,N,B,-,N,,,,,,,,,,N,3,0,1,2,A,-,12,21453,A,M,G,B,B,A,H,-,A,A,0,Y,,,,Y,,-,99,0,1,0,0,1,0,0,0,0,"- ","- ",,,"SAN DIEGO","SAN DIEGO",-117.15652084,32.717810309999997
8081542,2016,2016-08-03,3711,2016-06-28,2145,7157,,2,5,7,3711,0,0,0,,0,442,"S 38TH ST","S 38TH ST 1000",0.00,,-,A,-,N,,,,,,,,,,N,3,0,1,2,A,-,11,21954,A,N,G,B,D,A,H,-,C,A,0,Y,,,,Y,,-,"- ",0,1,0,0,1,0,0,0,0,"- ","- ",,,"SAN DIEGO","SAN DIEGO",-117.11247145999999,32.695962989999998
8082988,2016,2016-07-14,3711,2016-07-02,1227,7336,SANDI,6,5,7,3711,0,0,0,,0,813,UNIVERSITY,"32ND ST",0.00,,Y,A,-,N,,,,,,,,,,N,4,0,1,2,A,-,10,21952,,N,-,B,B,A,H,-,A,A,0,Y,,,,Y,,-,"- ",0,0,1,0,1,0,0,0,0,"- ","- ",,,"SAN DIEGO","SAN DIEGO",-117.12521005000001,32.748500010000001
8083040,2016,2016-07-14,3711,2016-07-02,2147,7114,5D,6,5,7,3711,0,0,0,,0,811,"ADAMS AV",33RD,84.00,E,N,A,-,N,,,,,,,,,,N,4,0,1,2,A,-,11,21950,B,N,A,B,D,A,H,-,C,A,0,Y,,,,Y,,-,"- ",0,0,1,0,1,0,0,0,0,"- ","- ",,,"SAN DIEGO","SAN DIEGO",-117.12257782,32.763357630000002
8083093,2016,2016-07-14,3711,2016-06-26,1701,7124,,7,5,7,3711,0,0,0,,0,444,"K ST","44TH ST",300.00,,Y,A,-,N,,,,,,,,,,N,4,0,1,2,A,-,05,21650,1,N,G,G,A,A,H,-,A,D,0,,Y,,,Y,,L,04,0,0,1,0,0,0,1,0,0,"- ","- ",,,"SAN DIEGO","SAN DIEGO",-117.09969006999999,32.707810029999997
8087290,2016,2016-07-19,3711,2016-06-30,1850,7067,,4,5,7,3711,0,0,0,,0,615,"SCOTT ST","CARLETON ST",5.00,N,N,A,-,N,,,,,,,,,,N,3,0,1,2,A,-,08,22107,,N,D,G,A,A,H,-,A,A,0,,Y,,,Y,,L,04,0,1,0,0,0,0,1,0,0,"- ","- ",,,"SAN DIEGO","SAN DIEGO",-117.22940044000001,32.722561059999997
8087345,2016,2016-07-19,3711,2016-07-06,0645,6282,,3,5,7,3711,0,0,0,,0,834,"WIGHTMAN ST","42ND ST",0.00,,Y,A,-,N,,,,,,,,,,N,4,0,1,2,D,-,00,,,M,G,B,D,A,H,-,A,D,0,Y,,,,Y,,-,"- ",0,0,1,0,1,0,0,0,0,"- ","- ",,,"SAN DIEGO","SAN DIEGO",-117.10449013,32.74776001
8087577,2016,2016-07-22,3711,2016-07-13,1417,4897,,3,5,7,3711,0,0,0,,0,234,"HIGA PL","GABARDA RD",35.00,N,N,A,-,N,,,,,,,,,,N,3,0,1,2,A,-,08,22107,,N,D,G,A,A,H,-,A,D,0,,Y,,,Y,,L,04,0,1,0,0,0,0,1,0,0,"- ","- ",,,"SAN DIEGO","SAN DIEGO",-117.05685012000001,33.01133488
8090887,2016,2016-07-27,3711,2016-07-16,2015,7438,,6,5,7,3711,0,0,0,,0,531,"6TH AV","PALM ST",57.00,N,N,A,-,N,,,,,,,,,,N,3,0,1,2,A,-,21,22106,,N,G,B,D,A,H,-,C,D,0,Y,,,,Y,,-,,0,1,0,0,1,0,0,0,0,"- ","- ",,,"SAN DIEGO","SAN DIEGO",-117.15941628,32.735726110000002
8095413,2016,2016-08-02,3711,2016-07-16,1944,7388,,6,5,7,3711,0,0,0,,0,512,"S BANCROFT ST","S BANCROFT ST 500",21.00,E,N,A,-,N,,,,,,,,,,N,3,0,1,2,A,-,11,21950,B,N,G,B,D,A,H,-,A,D,0,Y,,,,Y,,N,60,0,1,0,0,1,0,0,0,0,"- ","- ",,,"SAN DIEGO","SAN DIEGO",,
8095442,2016,2016-08-05,3711,2016-07-21,1638,5972,,4,5,7,3711,0,0,0,,0,713,"ROLL DR","VIA DE LA AMISTAD",15.00,N,N,A,-,N,,,,,,,,,,N,3,0,1,2,A,-,10,21950,A,N,G,B,B,A,H,-,A,D,0,Y,,,,Y,,D,22,0,1,0,0,1,0,0,0,0,"- ","- ",,,"SAN DIEGO","SAN DIEGO",-116.93742942999999,32.552961080000003
8096628,2016,2016-08-11,3711,2016-07-27,1935,6501,MC,3,5,7,3711,0,0,0,,0,813,"UNIVERSITY AV","BANCROFT ST",0.00,,-,A,-,N,,,,,,,,,,,3,0,1,2,A,-,08,22107,,N,B,G,A,A,H,-,B,D,0,,Y,,,Y,,-,,0,1,0,0,0,0,1,0,0,"- ","- ",,,"SAN DIEGO","SAN DIEGO",-117.12394008,32.74850009
8096697,2016,2016-08-11,3711,2016-08-02,1734,6811,,2,5,7,3711,0,0,0,,0,824,"EL CAJON BL","DAYTON ST",0.00,,Y,A,-,N,,,,,,,,,,N,3,0,1,2,A,-,00,21760,C,M,B,G,A,A,H,-,A,A,0,,Y,,,Y,,-,,0,1,0,0,0,0,1,0,0,"- ","- ",,,"SAN DIEGO","SAN DIEGO",-117.07742008,32.758120099999999
8101517,2016,2016-09-02,3711,2016-08-09,1427,5985,,2,5,7,3711,0,0,0,,0,838,"EL CAJON BL","36TH ST",0.00,,Y,A,-,N,,,,,,,,,,N,4,0,1,2,A,-,05,21650,1,N,H,G,A,A,H,-,A,A,0,,Y,,,Y,,L,04,0,0,1,0,0,0,1,0,0,"- ","- ",,,"SAN DIEGO","SAN DIEGO",-117.11578006000001,32.755290010000003
8105384,2016,2016-08-26,3711,2016-08-16,2017,6529,"SAN D",2,5,7,3711,0,0,0,,0,447,"FEDERAL BL","48TH ST",3.00,W,N,A,-,N,,,,,,,,,,N,4,0,1,2,A,-,03,22350,,M,G,B,C,A,H,-,C,D,0,Y,,,,Y,,-,,0,0,1,0,1,0,0,0,0,"- ","- ",,,"SAN DIEGO","SAN DIEGO",-117.09202972,32.721260000000001
8105426,2016,2016-08-26,3711,2016-08-09,1829,5985,,2,5,7,3711,0,0,0,,0,833,"UNIVERSITY AV","FAIRMOUNT AV",128.00,E,N,A,-,N,,,,,,,,,,N,2,0,1,2,A,-,11,21954,A,N,G,B,D,A,H,-,A,D,0,Y,,,,Y,,N,60,1,0,0,0,1,0,0,0,0,"- ","- ",,,"SAN DIEGO","SAN DIEGO",-117.10048539,32.749609999999997
8105430,2016,2016-08-26,3711,2016-08-09,1318,5972,,2,5,7,3711,0,0,0,,0,627,"3RD AV","WASHINGTON ST",54.00,N,N,A,-,N,,,,,,,,,,N,2,0,1,2,A,-,08,22107,,N,G,B,E,A,H,-,A,D,0,Y,,,,Y,Y,A,07,1,0,0,0,1,0,0,0,0,"- ","- ",,,"SAN DIEGO","SAN DIEGO",-117.16274237,32.750127910000003
8107451,2016,2016-08-22,3711,2016-08-10,2010,6811,SD,3,5,7,3711,0,0,0,,0,832,"ORANGE AV","43RD AV",50.00,W,N,A,-,N,,,,,,,,,,N,4,0,1,2,A,-,08,22107,,M,C,G,A,A,H,-,C,D,0,,Y,,,Y,,-,,0,0,1,0,0,0,1,0,0,"- ","- ",,,"SAN DIEGO","SAN DIEGO",-117.10209208000001,32.753169999999997
8108802,2016,2016-09-13,3711,2016-08-03,1140,4491,,3,5,7,3711,0,0,0,,0,624,LINCOLN,"E ALLEY 4000 NORMAL",8.00,E,N,A,-,N,,,,,,,,,,N,4,0,1,2,A,-,09,21802,A,N,D,G,A,A,H,-,A,D,0,,Y,,,Y,,L,04,0,0,1,0,0,0,1,0,0,"- ","- ",,,"SAN DIEGO","SAN DIEGO",-117.14785159,32.750834679999997
8110919,2016,2016-10-18,3711,2016-08-17,0543,7468,SD,3,5,7,3711,0,0,0,,0,511,"E HARBOR DR","SOUTH 28TH ST",380.00,E,N,A,-,N,,,,,,,,,,N,4,0,1,2,A,-,08,22107,,N,-,G,A,A,H,-,B,D,0,,Y,,,Y,,-,"- ",0,0,1,0,0,0,1,0,0,"- ","- ",,,"SAN DIEGO","SAN DIEGO",-117.13260239,32.690505940000001
8110940,2016,2016-08-30,3711,2016-08-11,1654,6869,,4,5,7,3711,0,0,0,,0,813,"ADAMS AV","ARIZONA ST",0.00,,Y,A,-,N,,,,,,,,,,N,4,0,1,2,A,-,09,21801,A,N,-,G,A,A,H,-,A,D,0,,Y,,,Y,,-,,0,0,1,0,0,0,1,0,0,"- ","- ",,,"SAN DIEGO","SAN DIEGO",-117.13763007999999,32.76285008
8112027,2016,2016-08-31,3711,2016-08-21,1244,7487,SANDI,7,5,7,3711,0,0,0,,0,613,"WEST POINT LOMA BL","TEMECULA ST",60.00,W,N,A,-,N,,,,,,,,,,N,3,0,1,2,A,-,00,21954,,N,G,B,D,A,H,-,A,D,0,Y,,,,Y,,N,60,0,1,0,0,1,0,0,0,0,"- ","- ",,,"SAN DIEGO","SAN DIEGO",-117.23262397000001,32.752327620000003
8117047,2016,2016-11-08,3711,2016-08-21,1712,7238,,7,5,7,3711,0,0,0,,0,614,"CABLE ST","VOLTAIRE ST",21.00,S,N,A,-,N,,,,,,,,,,N,3,0,1,2,A,-,00,21958,A,N,G,B,B,A,H,-,A,D,0,Y,,,,Y,,A,01,0,1,0,0,1,0,0,0,0,"- ","- ",,,"SAN DIEGO","SAN DIEGO",-117.24491834,32.750912460000002
8122161,2016,2016-09-14,3711,2016-09-02,0655,5983,,5,5,7,3711,0,0,0,,0,326,"MONTEZUMA RD","COLLWOOD BL",386.00,W,N,B,-,N,,,,,,,,,,N,3,0,1,3,A,-,17,22517,,N,D,G,A,A,H,-,A,D,0,,Y,,,Y,,A,01,0,1,0,0,0,0,1,0,0,"- ","- ",,,"SAN DIEGO","SAN DIEGO",-117.08719533999999,32.769733420000001
8122187,2016,2016-09-19,3711,2016-09-03,1315,5813,UNIVE,6,5,7,3711,0,0,0,,0,115,"GOVERNOR DR","GENESEE AV",0.00,,Y,A,-,N,,,,,,,,,,N,4,0,1,2,D,-,00,,,M,G,B,B,A,H,-,A,A,0,Y,,,,Y,,-,"- ",0,0,1,0,1,0,0,0,0,"- ","- ",,,"SAN DIEGO","SAN DIEGO",-117.20468,32.854610059999999
8122191,2016,2016-09-14,3711,2016-09-02,0130,7341,,5,5,7,3711,0,0,0,,0,122,"MISSION BAY DR","DAMON AV",0.00,,Y,A,-,N,,,,,,,,,,N,4,0,1,2,A,-,12,21453,A,M,G,B,B,A,H,-,C,A,0,Y,,,,Y,Y,-,,0,0,1,0,1,0,0,0,0,"- ","- ",,,"SAN DIEGO","SAN DIEGO",-117.21939007,32.807550040000002
8122211,2016,2016-09-19,3711,2016-09-04,0402,7485,,7,5,7,3711,0,0,0,,0,321,"REFLECTION DR","AMBROSIA DR",0.00,,Y,B,-,N,,,,,,,,,,N,4,0,1,2,D,-,00,,,M,G,B,B,A,H,-,C,D,0,Y,,,,Y,Y,-,"- ",0,0,1,0,1,0,0,0,0,"- ","- ",,,"SAN DIEGO","SAN DIEGO",-117.10930001,32.791760070000002
8122345,2016,2016-09-15,3711,2016-08-31,0640,6040,SDPD,3,5,7,3711,0,0,0,,0,814,"ADAMS AV",CHEROKEE,8.00,E,N,A,-,N,,,,,,,,,,N,3,0,1,2,A,-,10,21950,A,N,B,B,B,A,H,-,A,A,0,Y,,,,Y,,-,,0,1,0,0,1,0,0,0,0,"- ","- ",,,"SAN DIEGO","SAN DIEGO",-117.11409412,32.763318560000002
8123002,2016,2016-09-19,3711,2016-08-26,2130,7443,,5,5,7,3711,0,0,0,,0,523,"ISLAND AV","5TH AV",0.00,,Y,A,-,N,,,,,,,,,,N,4,0,1,2,A,-,11,21954,A,N,G,B,D,A,H,-,C,A,0,Y,,,,Y,,N,60,0,0,1,0,1,0,0,0,0,"- ","- ",,,"SAN DIEGO","SAN DIEGO",-117.16011011000001,32.710430049999999
8124908,2016,2016-09-21,3711,2016-09-12,1650,7491,,1,5,7,3711,0,0,0,,0,525,"STATE ST",BROADWAY,108.00,S,N,A,-,N,,,,,,,,,,N,3,0,1,2,A,-,08,22107,,N,B,G,A,A,H,-,A,A,0,,Y,,,Y,,L,04,0,1,0,0,0,0,1,0,0,"- ","- ",,,"SAN DIEGO","SAN DIEGO",-117.16649825,32.715464150000003
8124928,2016,2016-09-21,3711,2016-09-13,1436,6532,,2,5,7,3711,0,0,0,,0,611,"SPORTS ARENA BL","ROSECRANS ST",1320.00,E,N,A,-,N,,,,,,,,,,N,3,0,1,2,A,-,00,20002,,M,G,B,E,A,H,-,A,D,0,Y,,,,Y,,-,,0,1,0,0,1,0,0,0,0,"- ","- ",,,"SAN DIEGO","SAN DIEGO",-117.20493999999999,32.751530000000002
8128910,2016,2016-09-26,3711,2016-08-29,2113,6366,,1,5,7,3711,0,0,0,,0,833,"DWIGHT ST","CHAMOUNE AV",0.00,,Y,A,-,N,,,,,,,,,,N,3,0,1,2,A,-,"- ",,,N,G,B,E,A,H,-,C,D,0,Y,,,,Y,,N,60,0,1,0,0,1,0,0,0,0,"- ","- ",,,"SAN DIEGO","SAN DIEGO",-117.09662002,32.743970079999997
8132347,2016,2016-10-04,3711,2016-09-23,0811,6774,,5,5,7,3711,0,0,0,,0,315,"FRIARS RD","FRAZEE RD",331.00,W,N,A,-,N,,,,,,,,,,N,4,0,1,2,A,-,05,21650,1,N,D,G,A,A,H,-,A,D,0,,Y,,,Y,,L,04,0,0,1,0,0,0,1,0,0,"- ","- ",,,"SAN DIEGO","SAN DIEGO",-117.15828591,32.772114700000003
8132366,2016,2016-10-04,3711,2016-09-20,1505,5555,,2,5,7,3711,0,0,0,,0,0S2,"HARRISON AV","SICARD ST",500.00,S,N,C,-,N,,,,,,,,,,N,4,0,1,2,A,-,10,21950,A,N,B,B,B,B,H,-,A,D,0,Y,,,,Y,,-,,0,0,1,0,1,0,0,0,0,"- ","- ",,,"SAN DIEGO","SAN DIEGO",-117.13384000000001,32.699680000000001