CASE_ID,ACCIDENT_YEAR,PROC_DATE,JURIS,COLLISION_DATE,COLLISION_TIME,OFFICER_ID,REPORTING_DISTRICT,DAY_OF_WEEK,CHP_SHIFT,POPULATION,CNTY_CITY_LOC,SPECIAL_COND,BEAT_TYPE,CHP_BEAT_TYPE,CITY_DIVISION_LAPD,CHP_BEAT_CLASS,BEAT_NUMBER,PRIMARY_RD,SECONDARY_RD,DISTANCE,DIRECTION,INTERSECTION,WEATHER_1,WEATHER_2,STATE_HWY_IND,CALTRANS_COUNTY,CALTRANS_DISTRICT,STATE_ROUTE,ROUTE_SUFFIX,POSTMILE_PREFIX,POSTMILE,LOCATION_TYPE,RAMP_INTERSECTION,SIDE_OF_HWY,TOW_AWAY,COLLISION_SEVERITY,NUMBER_KILLED,NUMBER_INJURED,PARTY_COUNT,PRIMARY_COLL_FACTOR,PCF_CODE_OF_VIOL,PCF_VIOL_CATEGORY,PCF_VIOLATION,PCF_VIOL_SUBSECTION,HIT_AND_RUN,TYPE_OF_COLLISION,MVIW,PED_ACTION,ROAD_SURFACE,ROAD_COND_1,ROAD_COND_2,LIGHTING,CONTROL_DEVICE,CHP_ROAD_TYPE,PEDESTRIAN_ACCIDENT,BICYCLE_ACCIDENT,MOTORCYCLE_ACCIDENT,TRUCK_ACCIDENT,NOT_PRIVATE_PROPERTY,ALCOHOL_INVOLVED,STWD_VEHTYPE_AT_FAULT,CHP_VEHTYPE_AT_FAULT,COUNT_SEVERE_INJ,COUNT_VISIBLE_INJ,COUNT_COMPLAINT_PAIN,COUNT_PED_KILLED,COUNT_PED_INJURED,COUNT_BICYCLIST_KILLED,COUNT_BICYCLIST_INJURED,COUNT_MC_KILLED,COUNT_MC_INJURED,PRIMARY_RAMP,SECONDARY_RAMP,LATITUDE,LONGITUDE,COUNTY,CITY,POINT_X,POINT_Y
8134569,2016,2016-10-05,3711,2016-09-27,1705,7447,"SAN D",2,5,7,3711,0,0,0,,0,523,"5TH AV","F ST",84.00,N,N,B,-,N,,,,,,,,,,N,4,0,1,2,A,-,02,22400,A,N,H,G,A,A,H,-,A,D,0,,Y,,,Y,,A,01,0,0,1,0,0,0,1,0,0,"- ","- ",,,"SAN DIEGO","SAN DIEGO",-117.16015221000001,32.713850100000002
8138510,2016,2016-10-13,3711,2016-08-25,1815,6760,,4,5,7,3711,0,0,0,,0,839,"UNIVERSITY AV","WABASH AV",75.00,W,N,A,-,N,,,,,,,,,,N,4,0,1,2,A,-,10,21950,A,N,A,B,B,A,-,-,A,A,0,Y,,,,Y,,-,,0,0,1,0,1,0,0,0,0,"- ","- ",,,"SAN DIEGO","SAN DIEGO",-117.12097073,32.749055660000003
8139753,2016,2016-10-06,3711,2016-09-28,2107,7485,,3,5,7,3711,0,0,0,,0,327,"RESERVOIR DR","RESERVOIR LN",221.00,S,N,A,-,N,,,,,,,,,,N,4,0,1,2,A,-,14,21201,D,N,C,G,A,A,H,-,D,D,0,,Y,,,Y,,L,04,0,0,1,0,0,0,1,0,0,"- ","- ",,,"SAN DIEGO","SAN DIEGO",-117.05554116,32.772215529999997
8141828,2016,2016-12-19,3711,2016-09-29,1640,4840,,4,5,7,3711,0,0,0,,0,615,"ROSECRANS ST","HUGO ST",18.00,S,N,A,-,N,,,,,,,,,,N,3,0,1,2,A,-,10,21950,A,N,G,B,B,A,H,-,A,A,0,Y,,,,Y,,-,,0,1,0,0,1,0,0,0,0,"- ","- ",,,"SAN DIEGO","SAN DIEGO",-117.22793397,32.726139910000001
8141988,2016,2016-10-13,3711,2016-10-02,0826,7026,SANDI,7,5,7,3711,0,0,0,,0,813,"31ST ST","31ST ST 3700",21.00,E,N,A,-,N,,,,,,,,,,N,3,0,1,2,A,-,08,22107,A,N,B,G,A,A,H,-,A,D,0,,Y,,,Y,,-,"- ",0,1,0,0,0,0,1,0,0,"- ","- ",,,"SAN DIEGO","SAN DIEGO",,
8143560,2016,2017-01-19,3711,2016-09-12,1400,7067,,1,5,7,3711,0,0,0,,0,613,CHATSWORTH,POINTSETTIA,20.00,W,N,A,-,N,,,,,,,,,,N,3,0,1,2,A,-,"- ",,,N,B,G,A,A,H,-,A,A,0,,Y,,,Y,,-,,0,1,0,0,0,0,1,0,0,"- ","- ",,,"SAN DIEGO","SAN DIEGO",-117.2289486,32.738746560000003
8144664,2016,2016-12-19,3711,2016-11-25,1716,6958,,5,5,7,3711,0,0,0,,0,622,"MORENA BL","TECOLOTE RD",0.00,,Y,A,-,N,,,,,,,,,,N,3,0,1,2,A,-,05,21650,1,N,D,G,A,A,H,-,C,A,0,,Y,,,Y,,L,04,0,1,0,0,0,0,1,0,0,"- ","- ",,,"SAN DIEGO","SAN DIEGO",-117.20290011,32.772720110000002
8144741,2016,2016-12-16,3711,2016-11-21,1510,7179,,1,5,7,3711,0,0,0,,0,512,"COMMERCIAL ST","24TH ST",6.00,S,N,A,-,,,,,,,,,,,,4,0,1,2,A,-,"- ",,,N,G,B,D,A,H,-,A,D,0,Y,,,,Y,,-,"- ",0,0,1,0,1,0,0,0,0,"- ","- ",,,"SAN DIEGO","SAN DIEGO",-117.14239999999999,32.705300000000001
8146659,2016,2016-10-19,3711,2016-10-09,1150,8447,,7,5,7,3711,0,0,0,,0,724,"PALM AV","LANAO LN",4.00,E,N,A,-,N,,,,,,,,,,N,4,0,1,2,A,-,11,21950,B,N,G,B,C,A,H,-,A,D,0,Y,,,,Y,Y,N,60,0,0,1,0,1,0,0,0,0,"- ","- ",,,"SAN DIEGO","SAN DIEGO",-117.07450706,32.58408
8146683,2016,2016-10-19,3711,2016-10-06,0749,6434,SD,4,5,7,3711,0,0,0,,0,621,"LINDA VISTA DR","FULTON ST",6.00,N,N,A,-,N,,,,,,,,,,N,4,0,1,2,A,-,10,21950,A,N,G,G,A,A,H,-,A,A,0,,Y,,,Y,,-,,0,0,1,0,0,0,1,0,0,"- ","- ",,,"SAN DIEGO","SAN DIEGO",-117.16754760000001,32.789952669999998
8146709,2016,2016-10-18,3711,2016-10-04,1500,6825,,2,5,7,3711,0,0,0,,0,234,"POMERADO RD","HIGA PL",0.00,,Y,A,-,N,,,,,,,,,,N,3,0,1,2,A,-,00,21451,,N,G,B,B,A,H,-,A,A,0,Y,,,,Y,,-,,0,1,0,0,1,0,0,0,0,"- ","- ",,,"SAN DIEGO","SAN DIEGO",-117.05643003,33.011430060000002
8151838,2016,2016-12-28,3711,2016-10-11,1826,7118,,2,5,7,3711,0,0,0,,0,521,"7TH AV",BROADWAY,141.00,S,N,A,-,N,,,,,,,,,,N,3,0,1,2,A,-,05,21650,A,N,D,G,A,A,H,-,C,D,0,,Y,,,Y,,L,04,0,1,0,0,0,0,1,0,0,"- ","- ",,,"SAN DIEGO","SAN DIEGO",-117.15834,32.715333749999999
8151912,2016,2016-10-31,3711,2016-10-14,1644,7138,"SAN D",5,5,7,3711,0,0,0,,0,821,"EL CAJON BL","60TH ST",0.00,,Y,A,-,N,,,,,,,,,,N,4,0,1,2,A,-,11,21954,A,N,A,B,D,A,H,-,A,D,0,Y,,,,Y,,N,60,0,0,1,0,1,0,0,0,0,"- ","- ",,,"SAN DIEGO","SAN DIEGO",-117.06874008,32.76054001
8155505,2016,2016-11-01,3711,2016-10-01,0550,6702,,6,5,7,3711,0,0,0,,0,446,"47TH ST","FRANKLIN AV",116.00,S,N,A,-,N,,,,,,,,,,Y,2,0,1,2,A,-,11,21950,B,N,G,B,D,A,H,-,C,D,0,Y,,,,Y,,N,60,1,0,0,0,1,0,0,0,0,"- ","- ",,,"SAN DIEGO","SAN DIEGO",-117.09372,32.701962260000002
8156750,2016,2016-10-28,3711,2016-05-06,1641,7343,,5,5,7,3711,0,0,0,,0,312,"TAUSSIG CT","10300 TAUSSIG CT",50.00,N,N,A,-,N,,,,,,,,,,N,4,0,1,3,A,-,21,22106,,N,G,B,E,A,H,-,A,D,0,Y,,,,Y,,-,,0,0,1,0,1,0,0,0,0,"- ","- ",,,"SAN DIEGO","SAN DIEGO",,
8157021,2016,2016-11-02,3711,2016-10-21,1539,5515,,5,5,7,3711,0,0,0,,0,624,"CAMPUS AV","MEADE AV",0.00,,-,A,-,N,,,,,,,,,,N,3,0,1,2,A,-,10,21950,A,N,A,B,B,A,H,-,A,D,0,Y,,,,Y,,-,,0,1,0,0,1,0,0,0,0,"- ","- ",,,"SAN DIEGO","SAN DIEGO",-117.14879001,32.757200019999999
8157025,2016,2016-11-02,3711,2016-10-22,1220,6702,,6,5,7,3711,0,0,0,,0,722,"PALM AV","SATURN BL",0.00,,Y,A,-,N,,,,,,,,,,N,3,0,1,2,A,-,08,22107,,M,D,G,A,A,H,-,A,A,0,,Y,,,Y,Y,L,04,0,1,0,0,0,0,1,0,0,"- ","- ",,,"SAN DIEGO","SAN DIEGO",-117.09263007,32.583740059999997
8157826,2016,2016-11-04,3711,2016-10-26,0800,7451,SD,3,5,7,3711,0,0,0,,0,934,"CARMEL CENTER RD","SUNSET BLUFFS WY",21.00,N,N,A,-,N,,,,,,,,,,N,3,0,1,2,A,-,10,21950,A,N,G,B,B,A,H,-,A,A,0,Y,,,,Y,,-,,0,1,0,0,1,0,0,0,0,"- ","- ",,,"SAN DIEGO","SAN DIEGO",-117.21886284999999,32.951457210000001
8162286,2016,2016-11-15,3711,2016-10-30,2034,7461,SANDI,7,5,7,3711,0,0,0,,0,311,"MURPHY CANYON RD","AERO DR",350.00,N,N,B,-,N,,,,,,,,,,N,4,0,1,2,A,-,11,21954,A,N,G,B,A,A,-,-,D,A,0,,Y,,,Y,,L,04,0,0,1,0,0,0,1,0,0,"- ","- ",,,"SAN DIEGO","SAN DIEGO",-117.11685917,32.810522499999998
8163996,2016,2016-11-18,3711,2016-10-26,1116,7464,SDPD,3,5,7,3711,0,0,0,,0,526,"6TH AV","BEECH ST",51.00,S,N,A,-,N,,,,,,,,,,N,4,0,1,2,A,-,08,22107,,N,D,G,A,A,H,-,A,A,0,,Y,,Y,Y,,L,04,0,0,1,0,0,0,1,0,0,"- ","- ",,,"SAN DIEGO","SAN DIEGO",-117.15928864,32.720780300000001
8165300,2016,2016-11-14,3711,2016-11-01,0742,6104,,2,5,7,3711,0,0,0,,0,613,"CATALINA BL","BERNICE DR",0.00,,Y,A,-,N,,,,,,,,,,N,3,0,1,2,A,-,09,21804,A,N,D,G,A,A,H,-,A,D,0,,Y,,,Y,,-,,0,1,0,0,0,0,1,0,0,"- ","- ",,,"SAN DIEGO","SAN DIEGO",-117.23686006,32.739120079999999
8165336,2016,2016-11-14,3711,2016-11-02,0715,7130,,3,5,7,3711,0,0,0,,0,831,"FAIRMOUNT AV","POLK AV",0.00,,Y,A,-,N,,,,,,,,,,N,4,0,1,2,A,-,09,21802,A,N,D,G,A,A,H,-,A,A,0,,Y,,,Y,,L,04,0,0,1,0,0,0,1,0,0,"- ","- ",,,"SAN DIEGO","SAN DIEGO",-117.10088008,32.751410010000001
8166634,2016,2018-09-27,3711,2016-12-31,2121,6146,,6,5,7,3711,0,0,0,,0,824,"FAIRMOUNT AV","MEADE AV",3168.00,N,N,B,C,N,,,,,,,,,,Y,1,1,0,2,A,-,11,21954,A,N,G,B,D,B,H,-,C,D,0,Y,,,,Y,,N,60,0,0,0,1,0,0,0,0,0,"- ","- ",,,"SAN DIEGO","SAN DIEGO",-117.09699765000001,32.764441120000001
8166659,2016,2017-02-01,3711,2016-11-03,1929,4243,,4,5,7,3711,0,0,0,,0,233,"CARMEL MOUNTAIN RD","GERANA ST",37.00,S,N,A,-,N,,,,,,,,,,Y,1,1,0,2,A,-,11,21950,B,N,G,B,D,A,H,-,E,D,0,Y,,,,Y,,N,60,0,0,0,1,0,0,0,0,0,"- ","- ",,,"SAN DIEGO","SAN DIEGO",-117.09295514,32.973126069999999
8169683,2016,2017-01-04,3711,2016-11-05,1748,7410,,6,5,7,3711,0,0,0,,0,835,"PEPPER DR","SNOWDROP ST",0.00,,Y,A,-,N,,,,,,,,,,N,4,0,1,2,A,-,07,21658,,N,A,G,A,A,H,-,B,D,0,,Y,,,Y,,L,04,0,0,1,0,0,0,1,0,0,"- ","- ",,,"SAN DIEGO","SAN DIEGO",-117.10421001,32.73443005
8170959,2016,2016-11-18,3711,2016-10-22,1300,5668,,6,5,7,3711,0,0,0,,0,611,"ROSECRANS ST","ROSECRANS ST  3500",0.00,,N,A,-,N,,,,,,,,,,N,4,0,1,2,A,-,09,21804,A,M,D,G,A,A,H,-,A,D,0,,Y,,,Y,,-,,0,0,1,0,0,0,1,0,0,"- ","- ",,,"SAN DIEGO","SAN DIEGO",-117.2061798,32.749699239999998
8176820,2016,2016-12-02,3711,2016-11-16,1940,6896,,3,5,7,3711,0,0,0,,0,813,"29TH ST","UNIVERSITY AV",0.00,,Y,B,-,N,,,,,,,,,,N,4,0,1,2,A,-,10,21950,A,N,B,B,B,A,H,-,C,D,0,Y,,,,Y,,-,,0,0,1,0,1,0,0,0,0,"- ","- ",,,"SAN DIEGO","SAN DIEGO",-117.13100004,32.748450099999999
8178673,2016,2016-12-06,3711,2016-11-19,0030,7550,SD,6,5,7,3711,0,0,0,,0,813,"UNIVERSITY AV","UNIVERSITY AV 3255",66.00,S,N,A,-,N,,,,,,,,,,N,4,0,1,2,A,-,21,22106,,N,G,B,F,A,H,-,C,D,0,Y,,,,Y,,-,,0,0,1,0,1,0,0,0,0,"- ","- ",,,"SAN DIEGO","SAN DIEGO",,
8178685,2016,2016-12-06,3711,2016-11-18,1747,7030,,5,5,7,3711,0,0,0,,0,614,"POINT LOMA AV","SUNSET BL",0.00,,Y,B,-,N,,,,,,,,,,N,4,0,1,2,A,-,10,21950,A,N,B,B,B,A,H,-,C,D,0,Y,,,,Y,,-,,0,0,1,0,1,0,0,0,0,"- ","- ",,,"SAN DIEGO","SAN DIEGO",-117.1848899,32.751220060000001
8178699,2016,2016-12-06,3711,2016-11-10,1807,5972,,4,5,7,3711,0,0,0,,0,447,"47TH ST","FEDERAL BL",122.00,S,N,A,-,N,,,,,,,,,,N,2,0,1,2,A,-,11,21954,A,N,G,B,D,A,H,-,D,D,0,Y,,,,Y,Y,N,60,1,0,0,0,1,0,0,0,0,"- ","- ",,,"SAN DIEGO","SAN DIEGO",-117.09354,32.721115820000001
8178709,2016,2016-12-06,3711,2016-11-18,1322,7072,,5,5,7,3711,0,0,0,,0,115,"EXECUTIVE WY","EXECUTIVE WY 9200",0.00,,Y,A,-,N,,,,,,,,,,N,3,0,1,2,A,-,11,21955,,N,G,B,D,A,H,-,A,D,0,Y,,,,Y,Y,N,60,0,1,0,0,1,0,0,0,0,"- ","- ",,,"SAN DIEGO","SAN DIEGO",-117.20968544,32.87447598
8178946,2016,2016-12-09,3711,2016-10-19,1950,6414,,3,5,7,3711,0,0,0,,0,811,"HAWLEY BL","MONROE AV",100.00,N,N,A,-,N,,,,,,,,,,N,3,0,1,2,A,-,00,20002,A,M,B,B,-,A,D,-,D,-,0,Y,,,,Y,,-,99,0,1,0,0,1,0,0,0,0,"- ","- ",,,"SAN DIEGO","SAN DIEGO",-117.11948,32.759293929999998
8179441,2016,2016-12-09,3711,2016-11-06,1700,7420,SD,7,5,7,3711,0,0,0,,0,521,"11TH AV","11TH AV  1100",39.00,E,N,A,-,N,,,,,,,,,,N,4,0,1,2,A,-,00,21954,,N,G,B,B,A,H,-,B,A,0,Y,,,,Y,,-,,0,0,1,0,1,0,0,0,0,"- ","- ",,,"SAN DIEGO","SAN DIEGO",,
8179465,2016,2016-12-09,3711,2016-11-29,0715,6415,,2,5,7,3711,0,0,0,,0,124,"NAUTILUS ST","DRAPER AV",0.00,,Y,B,-,N,,,,,,,,,,N,4,0,1,2,A,-,10,21950,A,M,G,B,B,B,H,-,A,A,0,Y,,,,Y,,-,99,0,0,1,0,1,0,0,0,0,"- ","- ",,,"SAN DIEGO","SAN DIEGO",-117.27416004,32.832380059999998
8182830,2016,2016-12-08,3711,2016-10-31,1425,HB4531,,1,5,7,3711,0,0,0,,0,503,"NORTH HARBOR DR","ACCESS ROADWAY",0.00,,Y,A,-,N,,,,,,,,,,N,4,0,1,2,A,-,10,21950,A,F,G,B,B,A,H,-,A,A,0,Y,,,,Y,,-,,0,0,1,0,1,0,0,0,0,"- ","- ",,,"SAN DIEGO","SAN DIEGO",,
8187269,2016,2016-12-22,3711,2016-11-22,1320,5498,,2,5,7,3711,0,0,0,,0,525,"FRONT ST","W F ST",21.00,S,N,A,-,N,,,,,,,,,,N,3,0,1,2,A,-,10,21950,A,N,G,B,B,A,H,-,A,D,0,Y,,,,Y,,A,01,0,1,0,0,1,0,0,0,0,"- ","- ",,,"SAN DIEGO","SAN DIEGO",-117.16469112999999,32.713502480000002
8187782,2016,2017-01-03,3711,2016-12-09,1100,6517,,5,5,7,3711,0,0,0,,0,242,"MIRA MESA BL","TARGET DRWY",0.00,,Y,A,-,N,,,,,,,,,,N,3,0,1,2,A,-,10,21950,A,N,G,B,B,A,H,-,A,A,0,Y,,,,Y,,-,,0,1,0,0,1,0,0,0,0,"- ","- ",32.912570000000002,-117.14668,"SAN DIEGO","SAN DIEGO",-117.14668,32.912570000000002
8188770,2016,2016-12-15,3711,2016-12-02,0700,7521,,5,5,7,3711,0,0,0,,0,813,"OREGON ST","MONROE AV",0.00,,Y,A,-,N,,,,,,,,,,N,3,0,1,2,A,-,10,21950,A,N,G,B,B,A,H,-,A,-,0,Y,,,,Y,,-,,0,1,0,0,1,0,0,0,0,"- ","- ",,,"SAN DIEGO","SAN DIEGO",-117.13515011,32.759130040000002
8189047,2016,2016-12-15,3711,2016-12-04,2018,7272,,7,5,7,3711,0,0,0,,0,432,"SOUTH EUCLID AV","TRINIDAD WY",800.00,N,N,A,-,N,,,,,,,,,,Y,4,0,1,2,A,-,03,22350,,N,G,B,E,A,H,-,D,D,0,Y,,,,Y,,A,01,0,0,1,0,1,0,0,0,0,"- ","- ",,,"SAN DIEGO","SAN DIEGO",-117.08503965,32.702230710000002
8189075,2016,2016-12-16,3711,2016-12-01,1749,6332,,4,5,7,3711,0,0,0,,0,823,"UNIVERSITY AV","58TH ST",5.00,E,N,A,-,N,,,,,,,,,,N,3,0,1,2,B,-,22,,,N,G,B,-,A,H,-,B,A,0,Y,,,,Y,,N,60,0,1,0,0,1,0,0,0,0,"- ","- ",,,"SAN DIEGO","SAN DIEGO",-117.07285650999999,32.74914759
8189158,2016,2016-12-16,3711,2016-11-28,1404,6837,,1,5,7,3711,0,0,0,,0,524,"4TH AV","4TH AV 1000",0.00,,-,A,-,N,,,,,,,,,,N,4,0,1,2,A,-,11,21955,,N,G,B,D,A,H,-,A,A,0,Y,,,,Y,,N,60,0,0,1,0,1,0,0,0,0,"- ","- ",,,"SAN DIEGO","SAN DIEGO",-117.16107845000001,32.71674797
8190014,2016,2016-12-22,3711,2016-12-05,2201,7364,"SAN D",1,5,7,3711,0,0,0,,0,826,"WINONA AV","TROJAN AV",165.00,N,N,A,-,N,,,,,,,,,,N,4,0,1,2,A,-,11,21950,B,N,G,B,D,A,H,-,D,D,0,Y,,,,Y,,N,60,0,0,1,0,1,0,0,0,0,"- ","- ",,,"SAN DIEGO","SAN DIEGO",-117.08791216,32.755371910000001
8190050,2016,2016-12-22,3711,2016-12-07,1540,6045,,3,5,7,3711,0,0,0,,0,114,"CLAIREMONT MESA BL","LAKEHURST AV",0.00,,Y,B,-,N,,,,,,,,,,N,4,0,1,2,A,-,09,21802,A,N,H,G,A,A,H,-,A,D,0,,Y,,,Y,,-,,0,0,1,0,0,0,1,0,0,"- ","- ",,,"SAN DIEGO","SAN DIEGO",-117.20172012,32.831170069999999
8191017,2016,2016-12-21,3711,2016-12-05,1913,6334,,1,5,7,3711,0,0,0,,0,445,"EUCLID AV","GUYMON ST",0.00,,Y,A,-,N,,,,,,,,,,N,3,0,2,3,D,-,00,,,N,G,B,B,A,H,-,C,A,0,Y,,,,Y,,-,"- ",0,1,1,0,2,0,0,0,0,"- ","- ",,,"SAN DIEGO","SAN DIEGO",-117.08505006,32.7123901
8191711,2016,2016-12-21,3711,2016-11-30,0036,HB4323,,3,5,7,3711,0,0,0,,0,503,"HARBOR ISLAND DR","NORTH HARBOR DR",24.00,S,N,A,-,N,,,,,,,,,,Y,4,0,2,2,A,-,09,21801,A,N,B,G,A,A,H,-,C,A,0,,Y,Y,,Y,,C,02,0,0,2,0,0,0,1,0,1,"- ","- ",,,"SAN DIEGO","SAN DIEGO",-117.19519624,32.729224459999998
8191828,2016,2016-12-21,3711,2016-12-03,0738,HB5833,,6,5,7,3711,0,0,0,,0,710,"AIRPORT FRONTAGE RD","AIRLANE RD",343.00,N,N,A,-,N,,,,,,,,,,N,4,0,1,2,A,-,21,22106,,N,G,B,E,A,H,-,A,D,0,Y,,,,Y,,A,01,0,0,1,0,1,0,0,0,0,"- ","- ",,,"SAN DIEGO","SAN DIEGO",-117.19631553000001,32.731206120000003
8192386,2016,2016-12-22,3711,2016-12-09,1710,6909,,5,5,7,3711,0,0,0,,0,826,"POLK AV","EUCLID AV",0.00,,Y,B,-,N,,,,,,,,,,N,4,0,2,3,A,-,10,21950,A,N,G,B,B,A,H,-,C,A,0,Y,,,,Y,,-,,0,0,2,0,2,0,0,0,0,"- ","- ",,,"SAN DIEGO","SAN DIEGO",-117.09227000999999,32.751350010000003
8192389,2016,2016-12-30,3711,2016-12-13,1842,4759,,2,5,7,3711,0,0,0,,0,,"GENESEE AV","APPLETON ST",20.00,S,N,B,-,N,,,,,,,,,,N,3,0,1,2,A,-,10,21950,A,N,D,B,-,A,H,-,C,A,0,Y,,,,Y,,-,,0,1,0,0,1,0,0,0,0,"- ","- ",,,"SAN DIEGO","SAN DIEGO",-117.19599328,32.837627060000003
8195690,2017,2017-02-09,3711,2017-01-15,1028,7413,,7,5,7,3711,0,0,0,,0,821,"EL CAJON BL","68TH ST",0.00,,-,A,-,N,,,,,,,,,,N,4,0,1,2,A,-,17,21461,A,N,A,G,A,A,H,-,A,A,0,,Y,Y,,Y,,L,04,0,0,1,0,0,0,1,0,0,"- ","- ",,,"SAN DIEGO","SAN DIEGO",-117.05148005,32.768640079999997
8198204,2016,2017-01-06,3711,2016-12-21,1835,7274,,3,5,7,3711,0,0,0,,0,627,"WASHINGTON ST","5TH AV",0.00,,Y,C,-,N,,,,,,,,,,N,3,0,2,3,A,-,10,21950,A,N,A,B,B,B,H,-,C,A,0,Y,,,,Y,,-,,0,1,1,0,2,0,0,0,0,"- ","- ",,,"SAN DIEGO","SAN DIEGO",-117.16083003,32.75000009
8198228,2016,2017-01-06,3711,2016-12-21,2320,6686,,3,5,7,3711,0,0,0,,0,511,"COMMERCIAL ST","19TH ST",291.00,W,N,B,C,N,,,,,,,,,,N,4,0,1,2,A,-,21,22106,,M,A,B,D,B,H,-,C,D,0,Y,,,,Y,,-,,0,0,1,0,1,0,0,0,0,"- ","- ",,,"SAN DIEGO","SAN DIEGO",-117.14765266000001,32.705257150000001
8198283,2016,2017-01-06,3711,2016-12-24,2301,7367,,6,5,7,3711,0,0,0,,0,432,"IMPERIAL AV","EUCLID AV",15.00,E,N,A,-,N,,,,,,,,,,N,4,0,1,2,A,-,11,21453,D,M,A,B,B,A,H,-,C,A,0,Y,,,,Y,,N,60,0,0,1,0,1,0,0,0,0,"- ","- ",,,"SAN DIEGO","SAN DIEGO",-117.08495759,32.704530060000003
8199259,2016,2017-01-04,3711,2016-12-12,0710,7559,,1,5,7,3711,0,0,0,,0,834,UNIVERSITY,"41ST ST",18.00,W,N,A,-,N,,,,,,,,,,N,3,0,1,2,A,-,10,21950,A,N,G,B,B,A,H,-,A,A,0,Y,,,,Y,,-,,0,1,0,0,1,0,0,0,0,"- ","- ",,,"SAN DIEGO","SAN DIEGO",-117.10699835,32.749690000000001
8199263,2016,2017-01-04,3711,2016-12-19,0758,6774,,1,5,7,3711,0,0,0,,0,122,"JEWELL ST","GARNET AV",12.00,N,N,A,-,N,,,,,,,,,,N,4,0,1,2,A,-,09,21801,A,N,D,G,A,A,H,-,A,A,0,,Y,,,Y,,A,01,0,0,1,0,0,0,1,0,0,"- ","- ",,,"SAN DIEGO","SAN DIEGO",-117.23898036,32.800231689999997
8199313,2016,2017-01-03,3711,2016-12-16,1320,7086,,5,5,7,3711,0,0,0,,0,831,"ORANGE AV","HIGHLAND AV",0.00,,Y,C,-,N,,,,,,,,,,N,4,0,1,2,A,-,12,22450,A,N,G,B,B,B,H,-,A,A,0,Y,,,,Y,,-,,0,0,1,0,1,0,0,0,0,"- ","- ",,,"SAN DIEGO","SAN DIEGO",-117.09869006,32.753140000000002
8199354,2016,2017-02-28,3711,2016-12-09,0945,7238,,5,5,7,3711,0,0,0,,0,834,"WIGHTMAN ST","VAN DYKE AV",6.00,W,N,A,-,N,,,,,,,,,,N,3,0,1,2,A,-,09,21802,A,N,A,G,A,A,H,-,A,A,0,,Y,,,Y,,-,,0,1,0,0,0,0,1,0,0,"- ","- ",,,"SAN DIEGO","SAN DIEGO",-117.10324945000001,32.74776
8200363,2017,2017-03-15,3711,2017-02-21,1150,5791,,2,5,7,3711,0,0,0,,0,122,"GARRETT AV","OLNEY ST",0.00,,Y,A,-,N,,,,,,,,,,N,4,0,1,2,A,-,10,21952,,M,B,B,-,A,H,-,A,A,0,Y,,,,Y,,-,,0,0,1,0,1,0,0,0,0,"- ","- ",,,"SAN DIEGO","SAN DIEGO",-117.22985923,32.80219469
8202935,2016,2017-01-09,3711,2016-11-30,1348,6366,,3,5,7,3711,0,0,0,,0,116,"BALBOA AV","STREET LIGHT #1276",67.00,W,N,A,-,N,,,,,,,,,,N,2,0,2,2,A,-,05,21650,1,N,A,G,A,A,H,-,A,D,0,,Y,,,Y,,L,04,1,1,0,0,0,0,2,0,0,"- ","- ",,,"SAN DIEGO","SAN DIEGO",,
8202964,2016,2017-01-13,3711,2016-12-16,1937,7075,,5,5,7,3711,0,0,0,,0,431,"EUCLID AV","GENEVA AV",57.00,N,N,B,C,N,,,,,,,,,,N,4,0,1,2,A,-,10,21950,A,M,B,B,C,B,H,-,C,D,0,Y,,,,Y,,-,99,0,0,1,0,1,0,0,0,0,"- ","- ",,,"SAN DIEGO","SAN DIEGO",-117.08497,32.716876130000003
8203041,2016,2017-01-06,3711,2016-12-21,1919,7556,"SAN D",3,5,7,3711,0,0,0,,0,234,"WEST BERNARDO DR","POBLADO RD",9.00,S,N,C,-,N,,,,,,,,,,N,3,0,1,2,A,-,10,21950,A,N,-,B,B,B,-,-,C,A,0,Y,,,,Y,,A,01,0,1,0,0,1,0,0,0,0,"- ","- ",,,"SAN DIEGO","SAN DIEGO",-117.08242643,33.02634553
8207727,2016,2017-01-13,3711,2016-12-24,0600,7086,,6,5,7,3711,0,0,0,,0,821,"EL CAJON BL","COLLEGE AV",0.00,,Y,C,-,N,,,,,,,,,,N,4,0,1,2,A,-,12,22450,A,M,D,G,A,B,H,-,C,A,0,,Y,,,Y,,-,,0,0,1,0,0,0,1,0,0,"- ","- ",,,"SAN DIEGO","SAN DIEGO",-117.06703001,32.761350010000001
8207738,2016,2017-01-13,3711,2016-12-23,1427,7447,SAND,5,5,7,3711,0,0,0,,0,521,"K ST","15TH ST",30.00,W,N,B,-,N,,,,,,,,,,N,4,0,1,2,C,-,18,,,N,C,G,A,A,H,-,A,D,0,,Y,,,Y,,-,"- ",0,0,1,0,0,0,1,0,0,"- ","- ",,,"SAN DIEGO","SAN DIEGO",-117.15041720000001,32.708370000000002
8207766,2016,2017-01-17,3711,2016-11-06,1025,6914,3711,7,5,7,3711,0,0,0,,0,516,"IMPERIAL AV","33RD ST",120.00,E,N,A,-,N,,,,,,,,,,N,4,0,1,2,A,-,08,22107,,N,H,G,A,A,H,-,A,D,0,,Y,,,Y,,L,04,0,0,1,0,0,0,1,0,0,"- ","- ",,,"SAN DIEGO","SAN DIEGO",-117.12216119999999,32.706760000000003