CASE_ID,ACCIDENT_YEAR,PROC_DATE,JURIS,COLLISION_DATE,COLLISION_TIME,OFFICER_ID,REPORTING_DISTRICT,DAY_OF_WEEK,CHP_SHIFT,POPULATION,CNTY_CITY_LOC,SPECIAL_COND,BEAT_TYPE,CHP_BEAT_TYPE,CITY_DIVISION_LAPD,CHP_BEAT_CLASS,BEAT_NUMBER,PRIMARY_RD,SECONDARY_RD,DISTANCE,DIRECTION,INTERSECTION,WEATHER_1,WEATHER_2,STATE_HWY_IND,CALTRANS_COUNTY,CALTRANS_DISTRICT,STATE_ROUTE,ROUTE_SUFFIX,POSTMILE_PREFIX,POSTMILE,LOCATION_TYPE,RAMP_INTERSECTION,SIDE_OF_HWY,TOW_AWAY,COLLISION_SEVERITY,NUMBER_KILLED,NUMBER_INJURED,PARTY_COUNT,PRIMARY_COLL_FACTOR,PCF_CODE_OF_VIOL,PCF_VIOL_CATEGORY,PCF_VIOLATION,PCF_VIOL_SUBSECTION,HIT_AND_RUN,TYPE_OF_COLLISION,MVIW,PED_ACTION,ROAD_SURFACE,ROAD_COND_1,ROAD_COND_2,LIGHTING,CONTROL_DEVICE,CHP_ROAD_TYPE,PEDESTRIAN_ACCIDENT,BICYCLE_ACCIDENT,MOTORCYCLE_ACCIDENT,TRUCK_ACCIDENT,NOT_PRIVATE_PROPERTY,ALCOHOL_INVOLVED,STWD_VEHTYPE_AT_FAULT,CHP_VEHTYPE_AT_FAULT,COUNT_SEVERE_INJ,COUNT_VISIBLE_INJ,COUNT_COMPLAINT_PAIN,COUNT_PED_KILLED,COUNT_PED_INJURED,COUNT_BICYCLIST_KILLED,COUNT_BICYCLIST_INJURED,COUNT_MC_KILLED,COUNT_MC_INJURED,PRIMARY_RAMP,SECONDARY_RAMP,LATITUDE,LONGITUDE,COUNTY,CITY,POINT_X,POINT_Y
8207930,2017,2017-01-18,3711,2017-01-01,2036,7444,,7,5,7,3711,0,0,0,,0,524,"8TH AV","E ST",0.00,,Y,A,-,N,,,,,,,,,,N,3,0,1,2,A,-,11,21950,B,N,G,B,B,A,H,-,C,A,0,Y,,,,Y,,N,60,0,1,0,0,1,0,0,0,0,"- ","- ",,,"SAN DIEGO","SAN DIEGO",-117.15743002000001,32.714680080000001
8282753,2017,2017-01-24,3711,2017-01-03,1939,7311,SD,2,5,7,3711,0,0,0,,0,624,"MADISON AV",GEORGIA,39.00,E,N,-,-,N,,,,,,,,,,N,4,0,1,2,A,-,10,21950,A,M,G,B,D,A,H,-,C,D,0,Y,,,,Y,,N,60,0,0,1,0,1,0,0,0,0,"- ","- ",,,"SAN DIEGO","SAN DIEGO",-117.14491356000001,32.76097
8282816,2017,2017-01-27,3711,2017-01-06,1720,7567,,5,5,7,3711,0,0,0,,0,524,BROADWAY,"6TH AV",5.00,E,N,A,-,N,,,,,,,,,,N,3,0,1,2,A,-,10,21950,,N,G,B,B,A,H,-,C,A,0,Y,,,,Y,,A,01,0,1,0,0,1,0,0,0,0,"- ","- ",,,"SAN DIEGO","SAN DIEGO",-117.1592338,32.715710180000002
8282880,2017,2017-01-27,3711,2017-01-04,0804,6445,,3,5,7,3711,0,0,0,,0,437,"PARADISE VALLEY RD","BRIARWOOD RD",33.00,N,N,A,-,N,,,,,,,,,,N,3,0,2,3,A,-,08,22107,A,N,G,B,B,A,H,-,A,A,0,Y,,,,Y,,-,,0,1,1,0,2,0,0,0,0,"- ","- ",,,"SAN DIEGO","SAN DIEGO",-117.03668475000001,32.691775739999997
8286888,2017,2017-01-25,3711,2017-01-10,2056,7255,,2,5,7,3711,0,0,0,,0,611,"MIDWAY DR","EAST DR",0.00,,Y,B,-,N,,,,,,,,,,N,3,0,1,2,A,-,10,21950,,N,G,B,D,A,H,-,C,A,0,Y,,,,Y,,N,60,0,1,0,0,1,0,0,0,0,"- ","- ",,,"SAN DIEGO","SAN DIEGO",-117.20946005,32.750400079999999
8286943,2017,2017-01-25,3711,2017-01-17,0659,4274,,2,5,7,3711,0,0,0,,0,312,"PORTO CT","SANTO RD",0.00,,Y,B,-,N,,,,,,,,,,N,3,0,1,2,A,-,11,21955,,N,-,B,D,B,H,-,A,A,0,Y,,,,Y,,N,60,0,1,0,0,1,0,0,0,0,"- ","- ",,,"SAN DIEGO","SAN DIEGO",-117.10403004,32.82578006
8289395,2017,2017-01-27,3711,2017-01-16,0848,7381,,1,5,7,3711,0,0,0,,0,531,"6TH AV",QUINCE,6.00,S,N,A,-,N,,,,,,,,,,N,3,0,1,2,A,-,10,21950,A,N,A,B,B,A,H,-,A,A,0,Y,,,,Y,,-,"- ",0,1,0,0,1,0,0,0,0,"- ","- ",,,"SAN DIEGO","SAN DIEGO",-117.15940999999999,32.736603559999999
8291018,2017,2017-02-02,3711,2017-01-18,0735,7525,,3,5,7,3711,0,0,0,,0,111,"CHANDLER DR","CANNINGTON DR",0.00,,Y,A,-,N,,,,,,,,,,N,3,0,1,2,A,-,10,21950,A,N,G,B,B,A,H,-,B,A,0,Y,,,,Y,,A,01,0,1,0,0,1,0,0,0,0,"- ","- ",32.824150000000003,-117.16903000000001,"SAN DIEGO","SAN DIEGO",-117.16901002,32.824140079999999
8291021,2017,2017-02-02,3711,2017-01-18,2025,4527,,3,5,7,3711,0,0,0,,0,521,"E ST","10TH ST",12.00,E,N,C,-,N,,,,,,,,,,N,4,0,1,2,A,-,10,21950,A,N,B,B,B,B,H,-,-,A,0,Y,,,,Y,,-,,0,0,1,0,1,0,0,0,0,"- ","- ",,,"SAN DIEGO","SAN DIEGO",-117.15556112,32.714690429999997
8295281,2017,2017-12-26,3711,2017-01-21,0902,6764,,6,5,7,3711,0,0,0,,0,531,"PERSHING DR","FLORIDA ST",868.00,W,N,B,-,N,,,,,,,,,,N,3,0,1,2,A,-,03,22350,,N,C,G,A,A,H,-,A,D,0,,Y,,,Y,,A,01,0,1,0,0,0,0,1,0,0,"- ","- ",,,"SAN DIEGO","SAN DIEGO",-117.14460022,32.721034439999997
8295310,2017,2017-02-07,3711,2017-01-24,0910,7247,,2,5,7,3711,0,0,0,,0,313,"CONVOY ST","CONVOY ST 4700",4.00,E,N,B,-,N,,,,,,,,,,N,4,0,1,2,A,-,10,21950,A,F,G,B,B,B,H,-,-,A,0,Y,,,,Y,,-,,0,0,1,0,1,0,0,0,0,"- ","- ",,,"SAN DIEGO","SAN DIEGO",,
8295337,2017,2017-02-21,3711,2017-01-25,1853,7183,,3,5,7,3711,0,0,0,,0,521,"7TH AV","G ST",0.00,,Y,A,-,N,,,,,,,,,,N,3,0,1,2,C,-,18,,,M,G,B,B,A,H,-,C,A,0,Y,,,,Y,,-,"- ",0,1,0,0,1,0,0,0,0,"- ","- ",,,"SAN DIEGO","SAN DIEGO",-117.15834001,32.712580019999997
8304154,2017,2017-02-09,3711,2017-01-25,0647,7519,,3,5,7,3711,0,0,0,,0,437,"WOODMAN ST","ALSACIA ST",0.00,,Y,B,-,N,,,,,,,,,,N,4,0,1,2,A,-,10,21950,A,N,G,B,B,A,A,-,B,A,0,Y,,,,Y,,A,01,0,0,1,0,1,0,0,0,0,"- ","- ",,,"SAN DIEGO","SAN DIEGO",-117.04320001000001,32.682940049999999
8305197,2017,2017-03-16,3711,2017-02-01,0253,6895,,3,5,7,3711,0,0,0,,0,826,"TROJAN AV","50TH ST",0.00,,Y,A,-,N,,,,,,,,,,N,4,0,1,2,A,-,17,21461,A,M,G,B,B,A,H,-,C,D,0,Y,,,,Y,,-,,0,0,1,0,1,0,0,0,0,"- ","- ",,,"SAN DIEGO","SAN DIEGO",-117.08686001,32.75491006
8305272,2017,2017-03-29,3711,2017-02-04,1555,7300,,6,5,7,3711,0,0,0,,0,712,"EAST SAN YSIDRO BL","BORDER VILLAGE RD",34.00,W,N,B,-,N,,,,,,,,,,N,3,0,1,2,A,-,10,21950,A,N,G,B,B,A,H,-,A,A,0,Y,,,,Y,,-,,0,1,0,0,1,0,0,0,0,"- ","- ",,,"SAN DIEGO","SAN DIEGO",-117.03903651,32.551254620000002
8305776,2017,2017-02-24,3711,2017-02-06,1623,6176,,1,5,7,3711,0,0,0,,0,433,"BROOKLYN AV","59TH ST",0.00,,Y,B,-,N,,,,,,,,,,N,3,0,1,2,A,-,11,21950,B,N,B,B,A,A,H,-,A,D,0,,,,,Y,,-,,0,1,0,0,0,0,0,0,0,"- ","- ",,,"SAN DIEGO","SAN DIEGO",-117.06998003,32.713160029999997
8313628,2017,2017-03-23,3711,2017-02-15,0729,4759,NORTH,3,5,7,3711,0,0,0,,0,123,"MISSION BAY DR","CLAIREMONT DR",45.00,E,N,E,-,N,,,,,,,,,,N,4,0,1,2,A,-,09,21802,A,N,B,G,A,A,H,-,A,A,0,,Y,,,Y,,-,,0,0,1,0,0,0,1,0,0,"- ","- ",,,"SAN DIEGO","SAN DIEGO",-117.20916717,32.790188239999999
8316154,2017,2017-03-01,3711,2017-02-09,0645,5624,,4,5,7,3711,0,0,0,,0,441,"46TH ST","LOGAN AV",0.00,,Y,E,-,N,,,,,,,,,,N,4,0,1,2,A,-,11,21954,A,N,G,B,D,B,-,-,B,D,0,Y,,Y,,Y,,N,60,0,0,1,0,0,0,0,0,1,"- ","- ",32.69688,-117.09582,"SAN DIEGO","SAN DIEGO",-117.09586002,32.696800019999998
8316158,2017,2017-02-24,3711,2017-02-13,0128,6146,,1,5,7,3711,0,0,0,,0,115,"LA JOLLA VILLAGE DR","GENESEE AV",520.00,W,N,A,-,N,,,,,,,,,,Y,3,0,3,2,A,-,11,21955,,N,G,B,E,A,H,-,C,D,0,Y,,,,Y,,N,60,0,3,0,0,1,0,0,0,0,"- ","- ",,,"SAN DIEGO","SAN DIEGO",-117.21580178000001,32.872278489999999
8318831,2017,2017-03-13,3711,2017-02-14,1848,6618,,2,5,7,3711,0,0,0,,0,712,"SMYTHE  AV","SUNSET LN",15.00,E,N,A,-,N,,,,,,,,,,N,4,0,1,2,A,-,12,22450,A,N,A,B,A,A,H,-,C,A,0,,,,,Y,,-,,0,0,1,0,0,0,0,0,0,"- ","- ",,,"SAN DIEGO","SAN DIEGO",-117.04939,32.558169999999997
8321232,2017,2017-03-10,3711,2017-02-23,1534,5985,,4,5,7,3711,0,0,0,,0,515,"DODSON ST","K ST",0.00,,Y,A,-,N,,,,,,,,,,N,4,0,1,2,A,-,11,21954,A,M,G,B,D,A,H,-,A,D,0,Y,,,,Y,,N,60,0,0,1,0,1,0,0,0,0,"- ","- ",,,"SAN DIEGO","SAN DIEGO",-117.13113004,32.708460080000002
8323560,2017,2017-03-16,3711,2017-02-27,1018,7255,SD,1,5,7,3711,0,0,0,,0,627,"7TH ST","UNIVERSITY AV",3.00,W,N,C,-,N,,,,,,,,,,N,4,0,1,2,A,-,09,21801,A,N,H,G,A,B,H,-,A,A,0,,Y,,,Y,,A,01,0,0,1,0,0,0,1,0,0,"- ","- ",,,"SAN DIEGO","SAN DIEGO",-117.15837000000001,32.748379999999997
8326152,2017,2017-03-21,3711,2017-02-25,1314,6837,,6,5,7,3711,0,0,0,,0,517,"26TH ST","B ST",60.00,N,N,A,-,N,,,,,,,,,,N,4,0,1,2,A,-,09,21804,A,N,D,G,A,A,C,-,A,D,0,,Y,,,Y,,A,01,0,0,1,0,0,0,1,0,0,"- ","- ",,,"SAN DIEGO","SAN DIEGO",-117.13822999999999,32.718084359999999
8326652,2017,2017-04-29,3711,2017-03-02,1145,7052,SD,4,5,7,3711,0,0,0,,0,521,"11TH AV",BROADWAY,0.00,,Y,A,-,N,,,,,,,,,,N,3,0,1,2,A,-,10,21950,A,N,B,B,B,A,H,-,A,A,0,Y,,,,Y,,-,,0,1,0,0,1,0,0,0,0,"- ","- ",,,"SAN DIEGO","SAN DIEGO",-117.15473013,32.715740029999999
8326719,2017,2017-04-24,3711,2017-03-03,1322,5901,,5,5,7,3711,0,0,0,,0,623,"FRIARS RD","FRIARS RD 7007",0.00,,N,A,-,N,,,,,,,,,,N,3,0,1,2,A,-,09,21802,A,N,G,B,C,A,H,-,A,D,0,Y,,,,Y,,-,,0,1,0,0,1,0,0,0,0,"- ","- ",,,"SAN DIEGO","SAN DIEGO",-117.16663599,32.769726679999998
8326727,2017,2017-04-05,3711,2017-03-06,1915,5531,,1,5,7,3711,0,0,0,,0,121,"EL CARMEL PL","BAYSIDE WALK",0.00,,Y,A,-,N,,,,,,,,,,N,4,0,1,2,A,-,12,22450,A,N,-,G,A,A,H,-,C,A,0,,Y,,,Y,,L,04,0,0,1,0,0,0,1,0,0,"- ","- ",,,"SAN DIEGO","SAN DIEGO",-117.25169006,32.778340120000003
8330974,2017,2017-04-04,3711,2017-03-24,1746,6443,,5,5,7,3711,0,0,0,,0,811,"MEADE AV","CHEROKEE AV",0.00,,Y,A,-,N,,,,,,,,,,N,2,0,1,2,A,-,12,22450,A,N,D,G,A,A,H,-,A,A,0,,Y,,,Y,Y,L,04,1,0,0,0,0,0,1,0,0,"- ","- ",,,"SAN DIEGO","SAN DIEGO",-117.1147101,32.757150080000002
8333474,2017,2017-03-24,3711,2017-03-11,1740,7364,"SAN D",6,5,7,3711,0,0,0,,0,827,"REX AV","REX AV 5200",0.00,,N,A,-,N,,,,,,,,,,N,3,0,1,2,A,-,21,22106,,N,G,B,E,A,H,-,A,D,0,Y,,,,Y,,-,,0,1,0,0,1,0,0,0,0,"- ","- ",,,"SAN DIEGO","SAN DIEGO",-117.08360195,32.748246459999997
8334739,2017,2017-03-30,3711,2017-03-19,1610,4897,,7,5,7,3711,0,0,0,,0,,"FAIRMOUNT AV","MISSION GORGE RD",85.00,W,N,A,-,N,,,,,,,,,,N,3,0,1,2,A,-,21,22106,,N,G,B,F,A,H,-,A,D,0,Y,,,,Y,,A,07,0,1,0,0,1,0,0,0,0,"- ","- ",,,"SAN DIEGO","SAN DIEGO",-117.10139384,32.781014329999998
8335368,2017,2017-04-11,3711,2017-03-18,2047,6372,,6,5,7,3711,0,0,0,,0,622,"MARIAN WY","LINDA VISTA RD",379.00,N,N,B,-,N,,,,,,,,,,N,3,0,1,2,A,-,08,22107,,N,A,G,A,A,H,-,C,D,0,,Y,,,Y,,L,04,0,1,0,0,0,0,1,0,0,"- ","- ",,,"SAN DIEGO","SAN DIEGO",-117.19532234,32.768707339999999
8339269,2017,2017-04-18,3711,2017-04-02,2029,7172,,7,5,7,3711,0,0,0,,0,841,"COLLEGE AV","UNIVERSITY AV",7.00,S,N,A,-,N,,,,,,,,,,Y,3,0,1,3,A,-,11,21954,A,N,H,B,E,A,H,-,C,A,0,Y,,,,Y,Y,N,60,0,1,0,0,1,0,0,0,0,"- ","- ",,,"SAN DIEGO","SAN DIEGO",-117.06447176,32.752842139999998
8349431,2017,2017-04-20,3711,2017-04-01,2249,7279,,6,5,7,3711,0,0,0,,0,452,"IMPERIAL AV","IMPERIAL AV  6200",20.00,N,N,A,-,N,,,,,,,,,,N,3,0,1,2,A,-,11,21955,,N,G,B,-,A,H,-,C,A,0,Y,,,,Y,Y,N,60,0,1,0,0,1,0,0,0,0,"- ","- ",,,"SAN DIEGO","SAN DIEGO",,
8349594,2017,2017-04-27,3711,2017-04-06,1232,6057,,4,5,7,3711,0,0,0,,0,437,"PARADISE VALLEY RD",MEADOWBROOK,1.00,E,N,A,-,N,,,,,,,,,,N,3,0,1,2,A,-,10,21950,A,N,A,B,B,A,H,-,A,A,0,Y,,,,Y,,A,01,0,1,0,0,1,0,0,0,0,"- ","- ",,,"SAN DIEGO","SAN DIEGO",-117.02584717000001,32.697511339999998
8350434,2017,2017-04-25,3711,2017-04-14,0210,4708,SANDI,5,5,7,3711,0,0,0,,0,522,"4TH AV","MARKET ST",30.00,S,N,A,-,N,,,,,,,,,,N,4,0,1,2,A,-,12,21453,A,M,G,B,D,-,H,-,C,A,0,Y,,,,Y,,-,,0,0,1,0,1,0,0,0,0,"- ","- ",,,"SAN DIEGO","SAN DIEGO",-117.16105761,32.71138784
8352072,2017,2017-05-03,3711,2017-04-15,1320,7618,,6,5,7,3711,0,0,0,,0,813,"33RD ST","PARK WY",0.00,,Y,A,-,N,,,,,,,,,,N,4,0,1,2,A,-,21,22106,,N,G,B,F,A,H,-,A,D,0,Y,,,,Y,,-,,0,0,1,0,1,0,0,0,0,"- ","- ",,,"SAN DIEGO","SAN DIEGO",-117.12285013,32.747430049999998
8352447,2017,2017-05-10,3711,2017-04-29,1415,4957,,6,5,7,3711,0,0,0,,0,243,"MIRAMAR RD",CARROLL,528.00,E,N,A,-,N,,,,,,,,,,N,4,0,1,2,A,-,05,21650,1,N,-,G,A,A,H,-,A,D,0,,Y,,,Y,,L,04,0,0,1,0,0,0,1,0,0,"- ","- ",,,"SAN DIEGO","SAN DIEGO",-117.15479139999999,32.882823639999998
8357267,2017,2017-05-09,3711,2017-04-24,2130,5672,,1,5,7,3711,0,0,0,,0,314,"HEALTH CENTER DR","VISTA HILL RD",538.00,N,N,A,-,N,,,,,,,,,,N,3,0,1,2,A,-,11,21956,A,N,G,B,E,A,H,-,D,D,0,Y,,,,Y,,N,60,0,1,0,0,1,0,0,0,0,"- ","- ",,,"SAN DIEGO","SAN DIEGO",-117.15694831,32.796371550000003
8358525,2017,2017-05-04,3711,2017-04-05,2043,HB4531,,3,5,7,3711,0,0,0,,0,503,"NORTH HARBOR DR","WINSHIP LN",0.00,,Y,A,-,N,,,,,,,,,,N,4,0,1,2,A,-,08,22107,,N,B,G,A,A,H,-,C,D,0,,Y,,,Y,,A,01,0,0,1,0,0,0,1,0,0,"- ","- ",,,"SAN DIEGO","SAN DIEGO",-117.19106013,32.729740059999997
8359434,2017,2017-05-09,3711,2017-04-26,1601,7594,,3,5,7,3711,0,0,0,,0,521,"G ST","11TH AV",29.00,E,N,A,-,N,,,,,,,,,,N,3,0,1,2,A,-,12,21453,A,N,D,G,A,A,H,-,A,A,0,,Y,,,Y,,L,04,0,1,0,0,0,0,1,0,0,"- ","- ",,,"SAN DIEGO","SAN DIEGO",-117.15459604,32.71260101
8361455,2017,2017-05-18,3711,2017-04-27,1506,7402,SD,4,5,7,3711,0,0,0,,0,521,"IMPERIAL AV","13TH ST",5.00,E,N,A,-,N,,,,,,,,,,N,4,0,1,2,A,-,08,22107,,N,G,B,B,A,H,-,A,A,0,Y,,,,Y,,-,,0,0,1,0,1,0,0,0,0,"- ","- ",,,"SAN DIEGO","SAN DIEGO",-117.1527538,32.70628
8362952,2017,2017-05-12,3711,2017-05-03,0724,4691,,3,5,7,3711,0,0,0,,0,241,"SCRIPPS LAKE DR","TREENA ST",120.00,E,N,A,-,N,,,,,,,,,,N,4,0,1,2,A,-,17,22517,,N,H,G,A,A,H,-,A,D,0,,Y,,,Y,,-,,0,0,1,0,0,0,1,0,0,"- ","- ",,,"SAN DIEGO","SAN DIEGO",-117.11343844,32.910384700000002
8362960,2017,2017-05-12,3711,2017-05-03,1605,5619,SDPD,3,5,7,3711,0,0,0,,0,723,"CORONADO AV","30TH ST",200.00,W,N,A,-,N,,,,,,,,,,N,4,0,1,2,A,-,08,22107,,N,D,G,A,A,H,-,A,D,0,,Y,,,Y,,L,04,0,0,1,0,0,0,1,0,0,"- ","- ",,,"SAN DIEGO","SAN DIEGO",-117.07011666,32.57646029
8370526,2017,2017-05-19,3711,2017-05-09,2100,7448,SD,2,5,7,3711,0,0,0,,0,931,"MIRA MESA BL","SEQUENCE DR",0.00,,Y,A,-,N,,,,,,,,,,N,4,0,2,3,A,-,10,21950,A,N,G,B,C,A,H,-,C,A,0,Y,,,,Y,Y,-,,0,0,2,0,2,0,0,0,0,"- ","- ",,,"SAN DIEGO","SAN DIEGO",-117.18436002,32.903480029999997
8372010,2017,2017-05-23,3711,2017-05-11,2228,4310,,4,5,7,3711,0,0,0,,0,122,"GRAND AV","CASS ST",9.00,E,N,A,-,N,,,,,,,,,,N,3,0,2,3,A,-,10,21950,A,N,G,B,B,A,H,-,C,A,0,Y,,,,Y,Y,A,01,0,1,1,0,2,0,0,0,0,"- ","- ",,,"SAN DIEGO","SAN DIEGO",-117.25123168,32.795535989999998
8372337,2017,2017-05-24,3711,2017-05-13,0050,6553,,6,5,7,3711,0,0,0,,0,122,"BALBOA AV",GARNET,17.00,E,N,B,-,N,,,,,,,,,,N,3,0,1,2,A,-,11,21954,A,N,G,B,D,A,H,-,D,A,0,Y,,,,Y,,N,60,0,1,0,0,1,0,0,0,0,"- ","- ",,,"SAN DIEGO","SAN DIEGO",-117.22692789,32.802770080000002
8372804,2017,2017-06-06,3711,2017-05-11,0620,6252,,4,5,7,3711,0,0,0,,0,115,"LA JOLLA COLONY DR","PORTE LA PAZ",178.00,N,N,A,-,N,,,,,,,,,,N,2,0,1,2,A,-,08,22107,,F,C,G,A,A,H,-,A,D,0,,Y,,,Y,Y,A,01,1,0,0,0,0,0,1,0,0,"- ","- ",,,"SAN DIEGO","SAN DIEGO",-117.22789099000001,32.85588731
8372831,2017,2017-06-06,3711,2017-05-14,2028,6553,,7,5,7,3711,0,0,0,,0,442,"NATIONAL AV","S 39TH ST",0.00,,Y,A,-,N,,,,,,,,,,N,2,0,1,2,A,-,10,21950,A,N,G,B,D,A,H,-,C,D,0,Y,,,,Y,,A,01,1,0,0,0,1,0,0,0,0,"- ","- ",,,"SAN DIEGO","SAN DIEGO",-117.11029010999999,32.696060029999998
8372871,2017,2017-06-06,3711,2017-05-13,1854,7339,SANDI,6,5,7,3711,0,0,0,,0,433,"IMPERIAL AV","62ND ST",30.00,W,N,A,-,N,,,,,,,,,,N,2,0,1,2,A,-,11,21950,B,N,G,B,E,A,G,-,B,A,0,Y,,,,Y,,N,60,1,0,0,0,1,0,0,0,0,"- ","- ",,,"SAN DIEGO","SAN DIEGO",-117.06401611,32.709817729999997
8375277,2017,2017-06-06,3711,2017-05-23,1650,7544,"SAN D",2,5,7,3711,0,0,0,,0,813,"UPAS ST","30TH ST",0.00,,Y,A,-,N,,,,,,,,,,N,4,0,1,1,A,-,10,21950,A,N,G,B,A,A,H,-,A,D,0,,,,,Y,,-,,0,0,1,0,0,0,0,0,0,"- ","- ",,,"SAN DIEGO","SAN DIEGO",-117.13009006999999,32.741080080000003
8375458,2017,2017-06-08,3711,2017-05-26,1620,8816,,5,5,7,3711,0,0,0,,0,122,"MISSION BL",EMERALD,5.00,N,N,A,-,N,,,,,,,,,,N,3,0,1,2,A,-,10,21950,A,M,G,B,B,A,H,-,A,A,0,Y,,,,Y,,-,99,0,1,0,0,1,0,0,0,0,"- ","- ",,,"SAN DIEGO","SAN DIEGO",-117.2560639,32.798423300000003
8375477,2017,2017-06-07,3711,2017-05-29,2105,8816,,1,5,7,3711,0,0,0,,0,115,"COSTA VERDE BL","NOBEL DR",20.00,N,N,A,-,N,,,,,,,,,,N,3,0,1,2,A,-,10,21950,A,N,G,B,B,A,H,-,C,A,0,Y,,,,Y,,A,01,0,1,0,0,1,0,0,0,0,"- ","- ",,,"SAN DIEGO","SAN DIEGO",-117.21654672,32.866664720000003
8381109,2017,2018-07-20,3711,2017-05-13,2138,HB5712,,6,5,7,3711,0,0,0,,0,503,"HARBOR ISLAND DR","HARBOR ISLAND DR 1300",1077.00,W,N,A,-,N,,,,,,,,,,N,2,0,2,3,A,-,11,21954,A,N,G,B,D,A,H,-,C,D,0,Y,,,,Y,Y,N,60,1,0,1,0,2,0,0,0,0,"- ","- ",,,"SAN DIEGO","SAN DIEGO",,
8382090,2017,2017-06-14,3711,2017-05-28,1750,7544,,7,5,7,3711,0,0,0,,0,813,"EL CAJON BL","IDAHO ST",40.00,W,N,A,-,N,,,,,,,,,,N,4,0,1,2,A,-,21,22106,,N,G,B,F,A,H,-,A,D,0,Y,,,,Y,,-,,0,0,1,0,1,0,0,0,0,"- ","- ",,,"SAN DIEGO","SAN DIEGO",-117.13400967,32.755388959999998
8383071,2017,2017-06-09,3711,2017-05-31,1612,7550,"SAN D",3,5,7,3711,0,0,0,,0,311,"MISSION VILLAGE DR","SHAWN  AV",0.00,,Y,A,-,N,,,,,,,,,,N,3,0,1,2,A,-,11,21453,D,N,G,B,B,A,H,-,A,A,0,Y,,,,Y,,N,60,0,1,0,0,1,0,0,0,0,"- ","- ",,,"SAN DIEGO","SAN DIEGO",-117.12423006,32.79471006
8384370,2017,2017-07-03,3711,2017-06-13,1224,6082,,2,5,7,3711,0,0,0,,0,124,"DRAPER AV","WESTBOURNE ST",6.00,S,N,A,-,N,,,,,,,,,,N,3,0,1,2,A,-,05,21202,A,N,D,G,A,A,H,-,A,D,0,,Y,,,Y,,L,04,0,1,0,0,0,0,1,0,0,"- ","- ",,,"SAN DIEGO","SAN DIEGO",-117.27450491,32.833444129999997
8388206,2017,2017-06-14,3711,2017-06-01,1105,7143,,4,5,7,3711,0,0,0,,0,521,"9TH AV","ISLAND AV",62.00,N,N,B,-,N,,,,,,,,,,N,4,0,1,2,A,-,08,22107,,N,B,G,A,A,H,-,A,D,0,,Y,,,Y,,L,04,0,0,1,0,0,0,1,0,0,"- ","- ",,,"SAN DIEGO","SAN DIEGO",-117.15649000000001,32.71059984
8388893,2017,2017-06-15,3711,2017-06-04,2015,6741,"SAN D",7,5,7,3711,0,0,0,,0,514,"25TH ST","G ST",120.00,S,N,B,-,N,,,,,,,,,,N,4,0,1,2,A,-,11,21950,B,N,G,B,D,A,H,-,C,A,0,Y,,,,Y,,N,60,0,0,1,0,1,0,0,0,0,"- ","- ",,,"SAN DIEGO","SAN DIEGO",-117.14027,32.712381280000002
8390176,2017,2017-08-15,3711,2017-05-29,2240,4576,,1,5,7,3711,0,0,0,,0,827,"UNIVERSITY AV","50TH ST",18.00,W,N,B,-,N,,,,,,,,,,N,2,0,1,2,A,-,10,21950,A,N,G,B,B,A,H,-,C,A,0,Y,,,,Y,,A,01,1,0,0,0,1,0,0,0,0,"- ","- ",,,"SAN DIEGO","SAN DIEGO",-117.08703515000001,32.749366090000002
8390281,2017,2017-06-20,3711,2017-06-07,2228,6200,,3,5,7,3711,0,0,0,,0,327,"MONTEZUMA RD","RESERVOIR DR",0.00,,Y,B,-,N,,,,,,,,,,N,3,0,1,2,A,-,11,21456,B,N,H,G,A,B,H,-,C,A,0,,Y,,,Y,,L,04,0,1,0,0,0,0,1,0,0,"- ","- ",,,"SAN DIEGO","SAN DIEGO",-117.05652009000001,32.769010059999999
8398166,2017,2017-07-21,3711,2017-06-20,1625,7536,,2,5,7,3711,0,0,0,,0,521,"15TH ST","MARKET ST",24.00,S,N,A,-,N,,,,,,,,,,N,4,0,1,2,A,-,05,21650,1,N,A,G,A,A,H,-,A,D,0,,Y,,,Y,,L,04,0,0,1,0,0,0,1,0,0,"- ","- ",,,"SAN DIEGO","SAN DIEGO",-117.15037816,32.71146427
8399220,2017,2017-07-03,3711,2017-06-09,0708,7180,,5,5,7,3711,0,0,0,,0,622,"BUENOS AV","MORENA BL",5.00,W,N,A,-,N,,,,,,,,,,N,4,0,1,2,A,-,05,21650,1,N,H,G,A,A,H,-,A,A,0,,Y,Y,,Y,,L,04,0,0,1,0,0,0,1,0,0,"- ","- ",,,"SAN DIEGO","SAN DIEGO",-117.20040946,32.76902887
8400972,2017,2017-07-31,3711,2017-06-16,2106,6895,,5,5,7,3711,0,0,0,,0,822,"UNIVERSITY AV","54TH ST",100.00,E,N,A,-,N,,,,,,,,,,N,4,0,1,2,A,-,11,21954,A,N,G,B,D,A,H,-,C,A,0,Y,,,,Y,Y,N,60,0,0,1,0,1,0,0,0,0,"- ","- ",,,"SAN DIEGO","SAN DIEGO",-117.07917012,32.748709660000003
8400980,2017,2017-07-31,3711,2017-06-20,1853,7082,,2,5,7,3711,0,0,0,,0,827,"WIGHTMAN ST","AUBURN DR",0.00,,Y,A,-,N,,,,,,,,,,N,4,0,1,2,A,-,10,21950,A,N,G,B,D,A,H,-,A,D,0,Y,,,,Y,,A,01,0,0,1,0,1,0,0,0,0,"- ","- ",,,"SAN DIEGO","SAN DIEGO",-117.08918,32.746060030000002