CASE_ID,ACCIDENT_YEAR,PROC_DATE,JURIS,COLLISION_DATE,COLLISION_TIME,OFFICER_ID,REPORTING_DISTRICT,DAY_OF_WEEK,CHP_SHIFT,POPULATION,CNTY_CITY_LOC,SPECIAL_COND,BEAT_TYPE,CHP_BEAT_TYPE,CITY_DIVISION_LAPD,CHP_BEAT_CLASS,BEAT_NUMBER,PRIMARY_RD,SECONDARY_RD,DISTANCE,DIRECTION,INTERSECTION,WEATHER_1,WEATHER_2,STATE_HWY_IND,CALTRANS_COUNTY,CALTRANS_DISTRICT,STATE_ROUTE,ROUTE_SUFFIX,POSTMILE_PREFIX,POSTMILE,LOCATION_TYPE,RAMP_INTERSECTION,SIDE_OF_HWY,TOW_AWAY,COLLISION_SEVERITY,NUMBER_KILLED,NUMBER_INJURED,PARTY_COUNT,PRIMARY_COLL_FACTOR,PCF_CODE_OF_VIOL,PCF_VIOL_CATEGORY,PCF_VIOLATION,PCF_VIOL_SUBSECTION,HIT_AND_RUN,TYPE_OF_COLLISION,MVIW,PED_ACTION,ROAD_SURFACE,ROAD_COND_1,ROAD_COND_2,LIGHTING,CONTROL_DEVICE,CHP_ROAD_TYPE,PEDESTRIAN_ACCIDENT,BICYCLE_ACCIDENT,MOTORCYCLE_ACCIDENT,TRUCK_ACCIDENT,NOT_PRIVATE_PROPERTY,ALCOHOL_INVOLVED,STWD_VEHTYPE_AT_FAULT,CHP_VEHTYPE_AT_FAULT,COUNT_SEVERE_INJ,COUNT_VISIBLE_INJ,COUNT_COMPLAINT_PAIN,COUNT_PED_KILLED,COUNT_PED_INJURED,COUNT_BICYCLIST_KILLED,COUNT_BICYCLIST_INJURED,COUNT_MC_KILLED,COUNT_MC_INJURED,PRIMARY_RAMP,SECONDARY_RAMP,LATITUDE,LONGITUDE,COUNTY,CITY,POINT_X,POINT_Y
8405385,2017,2017-08-14,3711,2017-07-27,1830,7083,,4,5,7,3711,0,0,0,,0,311,"MURPHY CANYON RD","STONECREST BL",462.00,N,N,A,-,N,,,,,,,,,,N,3,0,1,2,A,-,08,22107,,N,B,G,A,A,H,-,A,A,0,,Y,,,Y,,A,01,0,1,0,0,0,0,1,0,0,"- ","- ",,,"SAN DIEGO","SAN DIEGO",-117.11414523000001,32.805601099999997
8405955,2017,2017-07-20,3711,2017-07-01,2324,8861,,6,5,7,3711,0,0,0,,0,614,"CAPE MAY AV","CAPE MAY AV 4900",0.00,,-,A,-,N,,,,,,,,,,N,3,0,1,2,A,-,21,22106,,M,G,B,E,A,H,-,C,D,0,Y,,,,Y,Y,-,,0,1,0,0,1,0,0,0,0,"- ","- ",,,"SAN DIEGO","SAN DIEGO",-117.24712282,32.748308880000003
8406081,2017,2017-07-20,3711,2017-06-25,2153,7644,,7,5,7,3711,0,0,0,,0,821,"EL CAJON BL","ART ST",0.00,,Y,A,-,N,,,,,,,,,,N,3,0,1,2,A,-,11,21950,B,N,G,B,D,A,H,-,C,A,0,Y,,,,Y,Y,N,60,0,1,0,0,1,0,0,0,0,"- ","- ",,,"SAN DIEGO","SAN DIEGO",-117.06089009999999,32.764870039999998
8408567,2017,2017-07-31,3711,2017-07-16,1915,8816,,7,5,7,3711,0,0,0,,0,122,"PACIFIC BEACH DR","INGRAHAM ST",500.00,E,N,A,-,N,,,,,,,,,,N,4,0,1,2,A,-,03,22350,,M,G,B,E,A,H,-,A,A,0,Y,,,,Y,,-,,0,0,1,0,1,0,0,0,0,"- ","- ",,,"SAN DIEGO","SAN DIEGO",-117.23754113,32.794316790000003
8409647,2017,2017-08-03,3711,2017-07-03,2249,7198,,1,5,7,3711,0,0,0,,0,524,"6TH AV","B ST",0.00,,Y,A,-,N,,,,,,,,,,N,3,0,1,2,A,-,10,21950,A,N,G,B,B,A,H,-,C,A,0,Y,,,,Y,,A,01,0,1,0,0,1,0,0,0,0,"- ","- ",,,"SAN DIEGO","SAN DIEGO",-117.15927004,32.717800109999999
8410562,2017,2017-07-27,3711,2017-07-13,2152,6469,,4,5,7,3711,0,0,0,,0,813,"LOUISIANA ST","LINCOLN AV",10.00,N,N,A,-,N,,,,,,,,,,N,3,0,1,2,A,-,09,21802,A,M,G,B,A,A,H,-,D,A,0,,,,,Y,,-,,0,1,0,0,0,0,0,0,0,"- ","- ",,,"SAN DIEGO","SAN DIEGO",-117.14003029,32.750327390000002
8410602,2017,2017-07-27,3711,2017-07-14,0750,7581,,5,5,7,3711,0,0,0,,0,833,"FAIRMOUNT AV","FAIRMOUNT AV 3600",17.00,W,N,A,-,N,,,,,,,,,,N,4,0,1,2,A,-,10,21950,A,N,G,B,-,A,H,-,A,A,0,Y,,,,Y,,-,"- ",0,0,1,0,1,0,0,0,0,"- ","- ",,,"SAN DIEGO","SAN DIEGO",,
8410622,2017,2017-07-27,3711,2017-07-10,0557,7366,,1,5,7,3711,0,0,0,,0,512,"LOGAN AV","33RD ST",0.00,,Y,A,-,N,,,,,,,,,,N,4,0,1,2,D,-,00,,,M,G,B,-,A,H,-,A,D,0,Y,,,,Y,,-,"- ",0,0,1,0,1,0,0,0,0,"- ","- ",,,"SAN DIEGO","SAN DIEGO",-117.12318007,32.697020070000001
8412635,2017,2017-08-31,3711,2017-08-19,2230,6167,SD,6,5,7,3711,0,0,0,,0,122,"MISSION BL","GRAND AV",150.00,S,N,A,-,N,,,,,,,,,,N,3,0,1,2,A,-,11,21954,A,N,D,B,D,A,H,-,C,D,0,Y,,,,Y,,N,60,0,1,0,0,1,0,0,0,0,"- ","- ",,,"SAN DIEGO","SAN DIEGO",-117.25480030999999,32.794311710000002
8414007,2017,2017-09-28,3711,2017-07-22,1842,7183,WE,6,5,7,3711,0,0,0,,0,625,"TAYLOR ST","PRESIDIO DR",12.00,E,N,A,-,N,,,,,,,,,,N,4,0,1,2,A,-,10,21950,A,M,G,B,B,A,H,-,A,D,0,Y,,,,Y,,-,99,0,0,1,0,1,0,0,0,0,"- ","- ",,,"SAN DIEGO","SAN DIEGO",-117.19659821,32.75915724
8414016,2017,2017-08-10,3711,2017-07-27,1217,6931,SD,4,5,7,3711,0,0,0,,0,511,"BOSTON AV","SOUTH 28TH ST",0.00,,Y,A,-,N,,,,,,,,,,N,4,0,1,2,A,-,10,21950,A,N,G,B,B,A,H,-,A,A,0,Y,,,,Y,,-,,0,0,1,0,1,0,0,0,0,"- ","- ",,,"SAN DIEGO","SAN DIEGO",-117.13377,32.693850040000001
8418066,2017,2017-08-04,3711,2017-07-19,1530,7289,,3,5,7,3711,0,0,0,,0,611,"ROSECRANS ST","KURTZ ST",0.00,,Y,A,-,N,,,,,,,,,,N,3,0,1,2,A,-,05,21650,1,N,E,G,A,A,H,-,A,A,0,,Y,,,Y,,L,04,0,1,0,0,0,0,1,0,0,"- ","- ",,,"SAN DIEGO","SAN DIEGO",-117.20388007,32.752310110000003
8421038,2017,2017-08-03,3711,2017-07-16,1922,4643,,7,5,7,3711,0,0,0,,0,437,"ALTA VIEW DR","LEYTE POINT DR",234.00,N,N,A,-,N,,,,,,,,,,N,3,0,1,2,A,-,08,22107,,F,G,B,E,A,H,-,A,D,0,Y,,,,Y,,-,99,0,1,0,0,1,0,0,0,0,"- ","- ",,,"SAN DIEGO","SAN DIEGO",-117.04817817999999,32.682428700000003
8421166,2017,2017-08-03,3711,2017-07-20,1859,6712,,4,5,7,3711,0,0,0,,0,124,"TORREY PINES RD","TORREY PINES RD 4100",111.00,W,N,A,-,N,,,,,,,,,,N,2,0,1,2,A,-,03,22350,,N,C,G,A,A,H,-,B,D,0,,Y,,,Y,,-,,1,0,0,0,0,0,1,0,0,"- ","- ",,,"SAN DIEGO","SAN DIEGO",,
8421231,2017,2017-08-03,3711,2017-07-19,1657,5450,,3,5,7,3711,0,0,0,,0,521,"ISLAND AV","10TH AV",0.00,,Y,A,-,N,,,,,,,,,,N,3,0,1,2,A,-,09,21802,A,N,H,G,A,A,H,-,A,D,0,,Y,,,Y,,L,04,0,1,0,0,0,0,1,0,0,"- ","- ",,,"SAN DIEGO","SAN DIEGO",-117.15557011,32.710440060000003
8424905,2017,2017-08-16,3711,2017-08-04,0429,7335,SD,5,5,7,3711,0,0,0,,0,311,"RUFFIN RD","GRAMERCY DR",8.00,N,N,A,-,N,,,,,,,,,,N,3,0,1,2,A,-,10,21950,A,N,G,B,B,A,H,-,E,A,0,Y,,,,Y,,A,01,0,1,0,0,1,0,0,0,0,"- ","- ",,,"SAN DIEGO","SAN DIEGO",-117.1289407,32.801890460000003
8424921,2017,2017-08-16,3711,2017-08-02,1848,5046,,3,5,7,3711,0,0,0,,0,521,"MARKET ST","15TH ST",0.00,,Y,A,-,N,,,,,,,,,,N,3,0,1,2,A,-,10,21950,,N,G,B,B,A,H,-,A,D,0,Y,,,,Y,,A,01,0,1,0,0,1,0,0,0,0,"- ","- ",,,"SAN DIEGO","SAN DIEGO",-117.15038002,32.711530080000003
8429413,2017,2017-08-18,3711,2017-08-05,2221,4759,"SAN D",6,5,7,3711,0,0,0,,0,122,"MISSION BL","HORNBLEND ST",0.00,,Y,B,-,N,,,,,,,,,,N,3,0,1,2,A,-,11,21954,A,N,G,B,D,A,H,-,C,D,0,Y,,,,Y,,N,60,0,1,0,0,1,0,0,0,0,"- ","- ",,,"SAN DIEGO","SAN DIEGO",-117.25522013,32.795660060000003
8434666,2017,2017-08-24,3711,2017-08-10,0951,7145,,4,5,7,3711,0,0,0,,0,524,"6TH AV",ASH,11.00,S,N,A,-,N,,,,,,,,,,N,4,0,1,2,A,-,10,21950,A,N,G,B,B,A,H,-,A,A,0,Y,,,,Y,,-,,0,0,1,0,1,0,0,0,0,"- ","- ",,,"SAN DIEGO","SAN DIEGO",-117.15928,32.719859870000001
8434678,2017,2017-08-24,3711,2017-08-13,0327,8816,,7,5,7,3711,0,0,0,,0,122,"GARNET AV","FANUEL ST",40.00,E,N,A,-,N,,,,,,,,,,N,4,0,1,2,A,-,08,22107,,M,D,G,A,A,H,-,C,A,0,,Y,,,Y,,-,,0,0,1,0,0,0,1,0,0,"- ","- ",,,"SAN DIEGO","SAN DIEGO",-117.24622459,32.798558100000001
8438865,2017,2018-06-14,3711,2017-08-06,0515,6252,,7,5,7,3711,0,0,0,,0,321,"FAIRMONT AV","RT 8",65.00,W,N,A,-,Y,SD,11,8,-,-,6.141,R,4,E,Y,2,0,2,3,A,-,11,21950,B,N,G,B,D,A,H,-,C,A,0,Y,,,,Y,,N,60,2,0,0,0,2,0,0,0,0,"- ","- ",,,"SAN DIEGO","SAN DIEGO",-117.10365276,32.778761070000002
8443529,2017,2017-09-08,3711,2017-08-25,1417,7547,,5,5,7,3711,0,0,0,,0,934,"SEAGROVE ST","SEACHASE ST",0.00,,Y,A,-,N,,,,,,,,,,N,3,0,1,2,A,-,10,21950,A,N,D,B,D,A,H,-,A,D,0,Y,,,,Y,,N,60,0,1,0,0,1,0,0,0,0,"- ","- ",,,"SAN DIEGO","SAN DIEGO",-117.20502,32.957510059999997
8446432,2017,2017-09-13,3711,2017-09-01,1057,7601,SDPD,5,5,7,3711,0,0,0,,0,614,"EBERS ST","SARATOGA  AV",100.00,N,N,A,-,N,,,,,,,,,,Y,2,0,2,5,A,-,09,21804,A,N,D,B,E,A,H,-,A,D,0,Y,,,,Y,,-,,1,0,1,0,0,0,0,0,0,"- ","- ",,,"SAN DIEGO","SAN DIEGO",-117.24420067,32.74557824
8446448,2017,2017-09-14,3711,2017-09-01,0725,6722,,5,5,7,3711,0,0,0,,0,242,CAPRICORN,"WESTVIEW PKWY",0.00,,Y,A,-,N,,,,,,,,,,N,4,0,1,2,A,-,08,22107,,N,C,B,E,A,H,-,A,A,0,Y,,,,Y,,-,,0,0,1,0,1,0,0,0,0,"- ","- ",,,"SAN DIEGO","SAN DIEGO",-117.11918004,32.924350009999998
8446456,2017,2017-09-14,3711,2017-09-03,2145,7442,,7,5,7,3711,0,0,0,,0,832,"VAN DYKE AV","UNIVERSITY AV",0.00,,Y,A,-,N,,,,,,,,,,N,4,0,1,2,A,-,10,21950,A,N,G,B,B,A,H,-,C,A,0,Y,,,,Y,,-,,0,0,1,0,1,0,0,0,0,"- ","- ",,,"SAN DIEGO","SAN DIEGO",-117.10320006000001,32.749660050000003
8446460,2017,2017-09-14,3711,2017-09-04,0746,6082,,1,5,7,3711,0,0,0,,0,124,"TORREY PINES RD","HILLSIDE DR",15.00,E,N,B,-,N,,,,,,,,,,N,3,0,1,2,A,-,10,21950,A,N,G,B,B,A,H,-,A,D,0,Y,,,,Y,,-,,0,1,0,0,1,0,0,0,0,"- ","- ",,,"SAN DIEGO","SAN DIEGO",-117.26166581,32.84945725
8447569,2017,2017-10-02,3711,2017-08-22,1512,6180,,2,5,7,3711,0,0,0,,0,834,"UNIVERSITY AV","MARLBOROUGH AV",0.00,,Y,A,-,N,,,,,,,,,,N,4,0,1,2,A,-,09,21801,A,N,-,G,A,A,G,-,A,A,0,,Y,,,Y,,A,01,0,0,1,0,0,0,1,0,0,"- ","- ",,,"SAN DIEGO","SAN DIEGO",-117.10569,32.74968003
8449382,2017,2017-09-26,3711,2017-08-20,1844,8334,,7,5,7,3711,0,0,0,,0,432,"IMPERIAL AV","SAN JACINTO DR",15.00,W,N,A,-,N,,,,,,,,,,N,4,0,1,2,-,-,"- ",,,N,A,B,B,A,H,-,B,A,0,Y,,,,Y,,-,"- ",0,0,1,0,1,0,0,0,0,"- ","- ",,,"SAN DIEGO","SAN DIEGO",-117.08268921,32.705615729999998
8450477,2017,2017-09-30,3711,2017-09-12,1440,5335,,2,5,7,3711,0,0,0,,0,233,"PASEO MONTALBAN","PASEO MONTALBAN 9800",0.00,,N,A,-,N,,,,,,,,,,N,3,0,1,2,A,-,12,21453,A,N,D,G,A,A,H,-,A,A,0,,Y,,,Y,,L,04,0,1,0,0,0,0,1,0,0,"- ","- ",32.574399999999997,-117.73999999999999,"SAN DIEGO","SAN DIEGO",-117.1178627,32.962386899999998
8450631,2017,2017-10-14,3711,2017-09-15,0728,6995,SANDI,5,5,7,3711,0,0,0,,0,813,"MADISON AV","MADISON AV 2400",23.00,N,N,A,-,N,,,,,,,,,,N,3,0,1,2,A,-,10,21950,A,N,D,B,D,A,H,-,A,D,0,Y,,,,Y,,-,,0,1,0,0,1,0,0,0,0,"- ","- ",,,"SAN DIEGO","SAN DIEGO",,
8452065,2017,2017-09-18,3711,2017-09-04,1600,4892,,1,5,7,3711,0,0,0,,0,611,"SPORTS ARENA BL","EAST DR",150.00,W,N,A,-,N,,,,,,,,,,N,4,0,1,2,A,-,09,21802,A,N,D,G,A,A,H,-,A,D,0,,Y,,,Y,Y,-,,0,0,1,0,0,0,1,0,0,"- ","- ",,,"SAN DIEGO","SAN DIEGO",-117.20881503,32.753067970000004
8452470,2017,2017-09-25,3711,2017-09-03,1015,6082,,7,5,7,3711,0,0,0,,0,126,"TORREY PINES RD","EXPEDITION WY",0.00,,Y,B,-,N,,,,,,,,,,N,4,0,1,2,A,-,17,21451,A,N,B,G,A,A,H,-,A,A,0,,Y,,,Y,,-,,0,0,1,0,0,0,1,0,0,"- ","- ",,,"SAN DIEGO","SAN DIEGO",-117.24342006000001,32.871130110000003
8452712,2017,2017-09-19,3711,2017-08-29,0458,5985,,2,5,7,3711,0,0,0,,0,517,BROADWAY,"19TH ST",0.00,,Y,B,-,N,,,,,,,,,,N,3,0,1,2,A,-,09,21801,A,N,D,G,A,A,H,-,C,A,0,,Y,,,Y,,A,01,0,1,0,0,0,0,1,0,0,"- ","- ",,,"SAN DIEGO","SAN DIEGO",-117.14678007000001,32.715790060000003
8455120,2017,2017-09-25,3711,2017-09-03,1216,7180,,7,5,7,3711,0,0,0,,0,627,"UNIVERSITY AV","RICHMOND ST",30.00,E,N,A,-,N,,,,,,,,,,N,4,0,1,2,A,-,09,21804,A,N,D,G,A,A,H,-,A,A,0,,Y,Y,,Y,,C,06,0,0,1,0,0,0,1,0,0,"- ","- ",,,"SAN DIEGO","SAN DIEGO",-117.15114275000001,32.748559999999998
8455929,2017,2017-09-27,3711,2017-09-17,2500,7199,,7,5,7,3711,0,0,0,,0,511,"E HARBOR DR","32ND ST",0.00,,Y,A,-,N,,,,,,,,,,N,3,0,1,2,C,-,18,,,N,D,G,A,A,E,-,A,B,0,,Y,,,Y,,-,"- ",0,1,0,0,0,0,1,0,0,"- ","- ",,,"SAN DIEGO","SAN DIEGO",-117.12543008,32.685840089999999
8456296,2017,2017-09-27,3711,2017-09-05,2113,4310,,2,5,7,3711,0,0,0,,0,115,"LA JOLLA VILLAGE DR","LEBON DR",511.00,W,N,A,-,N,,,,,,,,,,Y,2,0,1,2,A,-,11,21955,,N,G,B,D,A,H,-,C,D,0,Y,,,,Y,,N,60,1,0,0,0,1,0,0,0,0,"- ","- ",,,"SAN DIEGO","SAN DIEGO",-117.22506324,32.871550120000002
8461264,2017,2018-06-15,3711,2017-09-24,1210,6941,,7,5,7,3711,0,0,0,,0,722,"CORONADO AV","HOLLISTER ST",36.00,E,N,A,-,Y,SD,11,5,-,-,4.268,R,4,S,N,3,0,1,2,A,-,12,21453,A,N,D,G,A,A,H,-,A,A,0,,Y,,,Y,,L,04,0,1,0,0,0,0,1,0,0,"- ","- ",,,"SAN DIEGO","SAN DIEGO",-117.08507763999999,32.578940609999997
8462825,2017,2017-10-23,3711,2017-10-04,2219,4653,,3,5,7,3711,0,0,0,,0,313,"CONVOY ST","OTHELLO AV",0.00,,Y,A,-,N,,,,,,,,,,N,3,0,1,2,A,-,11,21461,5,N,G,B,B,A,H,-,C,A,0,Y,,,,Y,,N,60,0,1,0,0,1,0,0,0,0,"- ","- ",,,"SAN DIEGO","SAN DIEGO",-117.15477007,32.817140049999999
8463508,2017,2017-10-27,3711,2017-10-14,0603,7419,CENTR,6,5,7,3711,0,0,0,,0,521,"10TH AV",BROADWAY,0.00,,Y,A,-,N,,,,,,,,,,N,4,0,1,2,A,-,10,21950,A,N,G,B,B,A,H,-,E,A,0,Y,,,,Y,,-,,0,0,1,0,1,0,0,0,0,"- ","- ",,,"SAN DIEGO","SAN DIEGO",-117.15561008,32.715720079999997
8464660,2017,2017-10-26,3711,2017-09-23,0130,6372,,6,5,7,3711,0,0,0,,0,445,"47TH ST","HARTLEY ST",125.00,N,N,A,-,N,,,,,,,,,,Y,2,0,1,2,A,-,11,21954,A,F,G,B,D,A,H,-,C,D,0,Y,,,,Y,,N,60,1,0,0,0,1,0,0,0,0,"- ","- ",,,"SAN DIEGO","SAN DIEGO",-117.09362978,32.71043229
8464692,2017,2017-10-26,3711,2017-09-29,1226,7609,MIDCI,5,5,7,3711,0,0,0,,0,811,"ADAMS AV","CHEROKEE AV",8.00,E,N,A,-,N,,,,,,,,,,N,4,0,1,2,A,-,10,21950,A,N,G,B,B,A,H,-,A,A,0,Y,,,,Y,,A,01,0,0,1,0,1,0,0,0,0,"- ","- ",,,"SAN DIEGO","SAN DIEGO",-117.11409412,32.763318560000002
8464786,2017,2017-10-13,3711,2017-10-02,1455,6986,,1,5,7,3711,0,0,0,,0,827,"UNIVERSITY AV","SHILOH RD",0.00,,Y,A,-,N,,,,,,,,,,N,3,0,1,2,A,-,12,22450,A,N,D,G,A,A,H,-,A,D,0,,Y,,,Y,,L,04,0,1,0,0,0,0,1,0,0,"- ","- ",,,"SAN DIEGO","SAN DIEGO",-117.08153000999999,32.749079999999999
8465363,2018,2020-05-26,3711,2018-01-23,0035,6416,,2,5,7,3711,0,0,0,,0,615,"ROSECRANS ST","FARRAGUT RD",15.00,N,N,A,-,N,,,,,,,,,,Y,1,1,0,4,D,-,00,,,F,G,B,B,A,H,-,C,A,0,Y,,,,Y,Y,-,"- ",0,0,0,1,0,0,0,0,0,"- ","- ",,,"SAN DIEGO","SAN DIEGO",-117.22071838378906,32.734691619873047
8466187,2017,2017-10-05,3711,2017-09-26,2147,5999,,2,5,7,3711,0,0,0,,0,442,"S 35TH ST","NATIONAL AV",3.00,S,N,A,-,N,,,,,,,,,,N,4,0,1,2,A,-,10,21950,A,M,G,B,B,A,H,-,C,A,0,Y,,,,Y,,-,,0,0,1,0,1,0,0,0,0,"- ","- ",,,"SAN DIEGO","SAN DIEGO",-117.11888999999999,32.69599178
8468575,2017,2017-11-08,3711,2017-10-06,0757,7289,,5,5,7,3711,0,0,0,,0,627,"WEST LEWIS","FRONT ST",0.00,,Y,A,-,N,,,,,,,,,,N,4,0,1,2,A,-,10,21950,A,N,G,B,B,A,H,-,A,D,0,Y,,,,Y,,-,,0,0,1,0,1,0,0,0,0,"- ","- ",,,"SAN DIEGO","SAN DIEGO",-117.16504008,32.751850109999999
8468619,2017,2017-11-13,3711,2017-10-03,1835,7654,,2,5,7,3711,0,0,0,,0,527,"10TH AV","B ST",70.00,N,N,A,-,N,,,,,,,,,,N,4,0,1,2,A,-,08,22107,,M,G,B,E,A,H,-,C,D,0,Y,,,,Y,,-,"- ",0,0,1,0,1,0,0,0,0,"- ","- ",,,"SAN DIEGO","SAN DIEGO",-117.15562,32.718011760000003
8475927,2017,2017-10-26,3711,2017-10-12,2331,7516,"SAN D",4,5,7,3711,0,0,0,,0,521,"MARKET ST","6TH ST",18.00,S,N,A,-,N,,,,,,,,,,N,4,0,1,2,A,-,03,22350,,M,G,B,B,A,H,-,C,A,0,Y,,,,Y,Y,-,99,0,0,1,0,1,0,0,0,0,"- ","- ",,,"SAN DIEGO","SAN DIEGO",-117.15927000000001,32.711509999999997
8476437,2017,2017-10-27,3711,2017-10-03,1657,6000,,2,5,7,3711,0,0,0,,0,446,"MANOMET ST","GLORIA ST",412.00,E,N,A,-,N,,,,,,,,,,N,3,0,1,2,A,-,08,22107,,M,-,B,E,A,H,-,A,D,0,Y,,,,Y,,-,99,0,1,0,0,1,0,0,0,0,"- ","- ",,,"SAN DIEGO","SAN DIEGO",-117.08915534,32.699021799999997
8480171,2017,2017-11-03,3711,2017-10-23,1700,7559,3711,1,5,7,3711,0,0,0,,0,611,"EAST DR","SPORTS ARENA BL",0.00,,Y,A,-,N,,,,,,,,,,N,3,0,1,2,D,-,00,,,M,G,B,D,A,H,-,A,D,0,Y,,,,Y,,-,"- ",0,1,0,0,1,0,0,0,0,"- ","- ",32.759,-117.20829999999999,"SAN DIEGO","SAN DIEGO",-117.20834006,32.752980090000001
8480187,2017,2017-11-03,3711,2017-10-23,0630,7269,,1,5,7,3711,0,0,0,,0,438,"RIO DR","RANCHO HILLS DR",0.00,,Y,A,-,N,,,,,,,,,,N,3,0,1,2,A,-,"- ",,,M,H,B,B,-,-,-,-,-,0,Y,,,,Y,,-,"- ",0,1,0,0,1,0,0,0,0,"- ","- ",,,"SAN DIEGO","SAN DIEGO",-117.06161007999999,32.672290060000002
8480199,2017,2017-11-03,3711,2017-10-21,1403,7618,,6,5,7,3711,0,0,0,,0,521,"16TH ST","J ST",0.00,,Y,A,-,N,,,,,,,,,,N,4,0,1,2,A,-,11,21950,B,N,G,B,B,A,H,-,A,D,0,Y,,,,Y,,N,60,0,0,1,0,1,0,0,0,0,"- ","- ",,,"SAN DIEGO","SAN DIEGO",-117.14944002,32.709410089999999
8480924,2017,2017-11-09,3711,2017-10-24,1138,7339,"SAN D",2,5,7,3711,0,0,0,,0,437,"PARADISE VALLEY RD","DEEP DELL RD",0.00,,Y,A,-,N,,,,,,,,,,N,4,0,1,2,A,-,10,21950,A,N,G,B,B,A,H,-,A,A,0,Y,,,,Y,,D,22,0,0,1,0,1,0,0,0,0,"- ","- ",,,"SAN DIEGO","SAN DIEGO",-117.02935013,32.695420050000003
8481260,2017,2017-11-17,3711,2017-10-24,1556,7412,SANDI,2,5,7,3711,0,0,0,,0,233,"CARMEL MOUNTAIN RD","CARMEL MOUNTAIN RD 9700",0.00,,Y,A,-,N,,,,,,,,,,N,3,0,1,2,A,-,11,21950,B,N,G,B,D,A,H,-,A,D,0,Y,,,,Y,,N,60,0,1,0,0,1,0,0,0,0,"- ","- ",32.960470000000001,-117.11708,"SAN DIEGO","SAN DIEGO",-117.11714387000001,32.960440990000002
8482422,2017,2017-12-04,3711,2017-10-17,0633,6839,,2,5,7,3711,0,0,0,,0,931,"MIRA MESA BL","SEQUENCE DR",90.00,W,N,A,-,N,,,,,,,,,,N,3,0,1,2,A,-,11,21955,,N,G,B,D,A,H,-,B,A,0,Y,,,,Y,,N,60,0,1,0,0,1,0,0,0,0,"- ","- ",,,"SAN DIEGO","SAN DIEGO",-117.18459451,32.903332859999999
8487055,2017,2018-06-05,3711,2017-10-28,2225,7331,,6,5,7,3711,0,0,0,,0,527,"PACIFIC HWY","WEST BEECH ST",9.00,N,N,B,-,N,,,,,,,,,,N,3,0,1,2,A,-,11,21461,5,N,G,B,D,A,H,-,C,A,0,Y,,,,Y,Y,N,60,0,1,0,0,1,0,0,0,0,"- ","- ",,,"SAN DIEGO","SAN DIEGO",-117.17094,32.720924650000001
8487067,2017,2017-11-30,3711,2017-10-28,1106,7438,,6,5,7,3711,0,0,0,,0,523,"F ST","5TH AV",7.00,W,N,A,-,N,,,,,,,,,,N,3,0,1,2,A,-,12,21453,A,N,G,B,B,A,H,-,A,A,0,Y,,,,Y,,-,,0,1,0,0,1,0,0,0,0,"- ","- ",,,"SAN DIEGO","SAN DIEGO",-117.16017268,32.713619749999999
8487094,2017,2017-11-28,3711,2017-10-27,0910,4957,,5,5,7,3711,0,0,0,,0,246,"SCRIPPS POWAY PKWY","SPRING CYN",8.00,E,N,A,-,N,,,,,,,,,,N,4,0,1,2,A,-,10,21950,A,N,G,B,B,A,H,-,A,A,0,Y,,,,Y,,-,,0,0,1,0,1,0,0,0,0,"- ","- ",,,"SAN DIEGO","SAN DIEGO",-117.09637472,32.936584940000003
8487933,2017,2017-11-16,3711,2017-10-21,1911,HB5434,,6,5,7,3711,0,0,0,,0,503,"HARBOR ISLAND DR","HARBOR ISLAND DR 1600",19.00,N,N,A,-,N,,,,,,,,,,N,2,0,1,2,A,-,01,23152,A,N,G,B,-,A,E,-,A,D,0,Y,,,,Y,Y,A,01,1,0,0,0,1,0,0,0,0,"- ","- ",,,"SAN DIEGO","SAN DIEGO",,
8488620,2017,2017-12-13,3711,2017-11-06,0015,7214,,1,5,7,3711,0,0,0,,0,517,"30TH ST",BROADWAY,0.00,,Y,A,-,N,,,,,,,,,,N,3,0,1,2,A,-,11,21950,B,N,G,B,D,A,H,-,C,D,0,Y,,,,Y,,N,60,0,1,0,0,1,0,0,0,0,"- ","- ",,,"SAN DIEGO","SAN DIEGO",-117.12959005,32.715870049999999
8488653,2017,2017-11-28,3711,2017-11-04,0355,6146,,6,5,7,3711,0,0,0,,0,521,"F ST","PARK BL",0.00,,Y,A,-,N,,,,,,,,,,N,2,0,1,2,A,-,11,21954,A,F,G,B,E,A,H,-,C,A,0,Y,,,,Y,,N,60,1,0,0,0,1,0,0,0,0,"- ","- ",,,"SAN DIEGO","SAN DIEGO",-117.15375011,32.713640040000001
8489886,2017,2017-12-01,3711,2017-10-25,1214,7339,SANDI,3,5,7,3711,0,0,0,,0,437,"CASEY ST","ATTLEBOROUGH CT",150.00,S,N,A,-,N,,,,,,,,,,N,4,0,1,3,A,-,08,22107,,N,B,B,E,A,H,-,A,D,0,Y,,,,Y,,A,01,0,0,1,0,1,0,0,0,0,"- ","- ",,,"SAN DIEGO","SAN DIEGO",-117.03863353,32.68093081
8497193,2017,2018-01-08,3711,2017-11-24,1307,7176,,5,5,7,3711,0,0,0,,0,531,"PARK BL","SPACE THEATER WY",364.00,N,N,A,-,N,,,,,,,,,,N,3,0,1,2,A,-,11,21950,B,N,G,B,D,A,H,-,A,D,0,Y,,,,Y,,N,60,0,1,0,0,1,0,0,0,0,"- ","- ",,,"SAN DIEGO","SAN DIEGO",-117.14619398000001,32.730596910000003