CASE_ID,ACCIDENT_YEAR,PROC_DATE,JURIS,COLLISION_DATE,COLLISION_TIME,OFFICER_ID,REPORTING_DISTRICT,DAY_OF_WEEK,CHP_SHIFT,POPULATION,CNTY_CITY_LOC,SPECIAL_COND,BEAT_TYPE,CHP_BEAT_TYPE,CITY_DIVISION_LAPD,CHP_BEAT_CLASS,BEAT_NUMBER,PRIMARY_RD,SECONDARY_RD,DISTANCE,DIRECTION,INTERSECTION,WEATHER_1,WEATHER_2,STATE_HWY_IND,CALTRANS_COUNTY,CALTRANS_DISTRICT,STATE_ROUTE,ROUTE_SUFFIX,POSTMILE_PREFIX,POSTMILE,LOCATION_TYPE,RAMP_INTERSECTION,SIDE_OF_HWY,TOW_AWAY,COLLISION_SEVERITY,NUMBER_KILLED,NUMBER_INJURED,PARTY_COUNT,PRIMARY_COLL_FACTOR,PCF_CODE_OF_VIOL,PCF_VIOL_CATEGORY,PCF_VIOLATION,PCF_VIOL_SUBSECTION,HIT_AND_RUN,TYPE_OF_COLLISION,MVIW,PED_ACTION,ROAD_SURFACE,ROAD_COND_1,ROAD_COND_2,LIGHTING,CONTROL_DEVICE,CHP_ROAD_TYPE,PEDESTRIAN_ACCIDENT,BICYCLE_ACCIDENT,MOTORCYCLE_ACCIDENT,TRUCK_ACCIDENT,NOT_PRIVATE_PROPERTY,ALCOHOL_INVOLVED,STWD_VEHTYPE_AT_FAULT,CHP_VEHTYPE_AT_FAULT,COUNT_SEVERE_INJ,COUNT_VISIBLE_INJ,COUNT_COMPLAINT_PAIN,COUNT_PED_KILLED,COUNT_PED_INJURED,COUNT_BICYCLIST_KILLED,COUNT_BICYCLIST_INJURED,COUNT_MC_KILLED,COUNT_MC_INJURED,PRIMARY_RAMP,SECONDARY_RAMP,LATITUDE,LONGITUDE,COUNTY,CITY,POINT_X,POINT_Y
8498783,2017,2018-01-10,3711,2017-11-24,0912,7309,,5,5,7,3711,0,0,0,,0,124,"LA JOLLA SHORES DR","LA JOLLA SHORES DR 9100",0.00,,-,A,-,N,,,,,,,,,,N,2,0,2,2,A,-,03,22350,,N,B,G,A,A,H,-,A,D,0,,Y,,,Y,,L,04,1,1,0,0,0,0,2,0,0,"- ","- ",32.8703,-117.25,"SAN DIEGO","SAN DIEGO",-117.25,32.8703
8499532,2017,2018-01-03,3711,2017-11-08,1528,7434,,3,5,7,3711,0,0,0,,0,,"20TH ST","C ST",0.00,,Y,A,-,N,,,,,,,,,,N,3,0,1,2,A,-,09,21802,A,N,D,G,A,A,H,-,A,A,0,,Y,,,Y,,D,22,0,1,0,0,0,0,1,0,0,"- ","- ",,,"SAN DIEGO","SAN DIEGO",-117.14586006,32.716830109999997
8499683,2017,2017-12-06,3711,2017-11-14,1301,6499,,2,5,7,3711,0,0,0,,0,433,"AKINS AV","68TH ST",11.00,W,N,A,-,N,,,,,,,,,,N,3,0,1,2,A,-,05,21650,1,N,D,G,A,-,H,-,A,D,0,,Y,,,Y,,L,04,0,1,0,0,0,0,1,0,0,"- ","- ",,,"SAN DIEGO","SAN DIEGO",-117.05151524,32.711695499999998
8499743,2017,2018-01-08,3711,2017-11-14,0757,7269,,2,5,7,3711,0,0,0,,0,441,"OCEAN VIEW BL","39TH ST",500.00,S,N,A,-,N,,,,,,,,,,N,4,0,2,3,A,-,10,21950,A,N,G,B,B,A,H,-,A,D,0,Y,,,,Y,,-,,0,0,2,0,2,0,0,0,0,"- ","- ",,,"SAN DIEGO","SAN DIEGO",-117.11033999999999,32.701279999999997
8499744,2017,2017-12-07,3711,2017-11-19,0220,7534,SD,7,5,7,3711,0,0,0,,0,523,"MARKET ST","5TH AV",0.00,,Y,A,-,N,,,,,,,,,,N,4,0,1,2,A,-,11,21950,B,N,G,B,E,A,H,-,C,A,0,Y,,,,Y,Y,N,60,0,0,1,0,1,0,0,0,0,"- ","- ",,,"SAN DIEGO","SAN DIEGO",-117.16015003,32.711500010000002
8502907,2017,2017-12-19,3711,2017-11-12,0740,7547,,7,5,7,3711,0,0,0,,0,521,"16TH AV","K ST",0.00,,Y,A,-,N,,,,,,,,,,N,4,0,1,2,A,-,12,22450,A,N,D,G,A,A,H,-,A,A,0,,Y,,,Y,,A,01,0,0,1,0,0,0,1,0,0,"- ","- ",,,"SAN DIEGO","SAN DIEGO",-117.14946001,32.70836001
8502911,2017,2017-12-19,3711,2017-11-11,1417,7552,,6,5,7,3711,0,0,0,,0,522,"FRONT ST","MARKET ST",3.00,S,N,A,-,N,,,,,,,,,,N,4,0,1,2,A,-,10,21950,A,N,G,B,B,A,H,-,A,A,0,Y,,,,Y,,-,,0,0,1,0,1,0,0,0,0,"- ","- ",,,"SAN DIEGO","SAN DIEGO",-117.16471,32.711491780000003
8503556,2017,2017-12-08,3711,2017-11-14,1526,7464,SDPD,2,5,7,3711,0,0,0,,0,838,"35TH ST","EL CAJON BL",110.00,S,N,A,-,N,,,,,,,,,,N,4,0,1,2,A,-,08,22107,,N,B,G,A,A,H,-,A,D,0,,Y,,,Y,,L,04,0,0,1,0,0,0,1,0,0,"- ","- ",,,"SAN DIEGO","SAN DIEGO",-117.11792384,32.754998710000002
8509178,2017,2017-12-15,3711,2017-11-26,0040,7064,SANDI,7,5,7,3711,0,0,0,,0,523,"6TH AV","MARKET ST",105.00,N,N,A,-,N,,,,,,,,,,N,4,0,1,2,A,-,21,22106,,M,G,B,D,A,H,-,C,D,0,Y,,,,Y,,-,,0,0,1,0,1,0,0,0,0,"- ","- ",,,"SAN DIEGO","SAN DIEGO",-117.15925915,32.711797490000002
8513473,2017,2018-02-15,3711,2017-12-28,1215,9445,,4,5,7,3711,0,0,0,,0,441,"OCEAN VIEW BL","36TH ST",0.00,,-,A,-,N,,,,,,,,,,N,3,0,1,2,A,-,08,22107,,N,G,B,F,A,H,-,A,A,0,Y,,,,Y,,-,,0,1,0,0,1,0,0,0,0,"- ","- ",,,"SAN DIEGO","SAN DIEGO",-117.1167901,32.701250029999997
8514280,2017,2017-12-19,3711,2017-12-01,2002,7021,,5,5,7,3711,0,0,0,,0,814,"CHEROKEE AV","ADAMS AV",10.00,N,N,A,-,N,,,,,,,,,,N,4,0,1,2,A,-,04,21703,,M,C,G,A,A,H,-,C,A,0,,Y,,,Y,,-,,0,0,1,0,0,0,1,0,0,"- ","- ",,,"SAN DIEGO","SAN DIEGO",-117.11412,32.76334739
8514303,2017,2017-12-20,3711,2017-12-04,1730,7618,,1,5,7,3711,0,0,0,,0,523,"F ST","6TH AV",0.00,,Y,A,-,N,,,,,,,,,,N,4,0,1,2,A,-,12,21453,A,N,G,B,B,A,H,-,C,A,0,Y,,,,Y,,A,01,0,0,1,0,1,0,0,0,0,"- ","- ",,,"SAN DIEGO","SAN DIEGO",-117.15923012,32.713630119999998
8516984,2017,2018-01-03,3711,2017-11-30,1321,6146,,4,5,7,3711,0,0,0,,0,903,"PALM AV","16TH ST",409.00,W,N,A,-,N,,,,,,,,,,N,2,0,1,2,A,-,11,21955,,N,G,B,D,A,H,-,A,D,0,Y,,,,Y,,N,60,1,0,0,0,1,0,0,0,0,"- ","- ",,,"SAN DIEGO","SAN DIEGO",-117.10082327000001,32.583945200000002
8517118,2017,2017-12-27,3711,2017-12-10,1740,6203,,7,5,7,3711,0,0,0,,0,839,"35TH ST","WIGHTMAN ST",90.00,N,N,A,-,N,,,,,,,,,,N,4,0,1,2,A,-,03,22350,,M,A,B,E,A,H,-,D,D,0,Y,,,,Y,,-,99,0,0,1,0,1,0,0,0,0,"- ","- ",,,"SAN DIEGO","SAN DIEGO",-117.1180413,32.748116529999997
8521498,2017,2018-01-08,3711,2017-12-12,0745,6415,,2,5,7,3711,0,0,0,,0,315,"RIO SAN DIEGO DR","RIVER RUN DR",0.00,,Y,A,-,N,,,,,,,,,,N,3,0,1,2,A,-,10,21950,A,N,G,B,-,A,H,-,A,A,0,Y,,,,Y,,A,01,0,1,0,0,1,0,0,0,0,"- ","- ",,,"SAN DIEGO","SAN DIEGO",-117.13242006999999,32.777450109999997
8522250,2017,2018-01-08,3711,2017-12-14,1110,6776,"SAN D",4,5,7,3711,0,0,0,,0,111,"MESA COLLEGE DR","ASHFORD ST",30.00,E,N,A,-,N,,,,,,,,,,N,4,0,1,2,A,-,21,22106,,N,D,G,A,A,H,-,A,D,0,,Y,,,Y,,-,,0,0,1,0,0,0,1,0,0,"- ","- ",,,"SAN DIEGO","SAN DIEGO",-117.15953218999999,32.801374590000002
8522269,2017,2018-01-03,3711,2017-12-15,2130,7534,SD,5,5,7,3711,0,0,0,,0,521,"11TH AV","ISLAND AV",0.00,,Y,A,-,N,,,,,,,,,,N,4,0,1,2,A,-,12,22450,A,M,G,B,B,A,H,-,C,D,0,Y,,,,Y,,-,,0,0,1,0,1,0,0,0,0,"- ","- ",,,"SAN DIEGO","SAN DIEGO",-117.15464009999999,32.710440030000001
8522313,2017,2018-01-03,3711,2017-12-17,1924,6886,SANDI,7,5,7,3711,0,0,0,,0,821,"EL CAJON BL",MONTEZUMA,393.00,W,N,A,-,N,,,,,,,,,,N,2,0,1,2,A,-,11,21950,B,N,G,B,D,A,-,-,C,D,0,Y,,Y,,Y,,N,60,1,0,0,0,1,0,0,0,0,"- ","- ",,,"SAN DIEGO","SAN DIEGO",-117.05536748999999,32.767827830000002
8522319,2017,2018-01-04,3711,2017-12-12,0800,6785,,2,5,7,3711,0,0,0,,0,242,"MARAUDER WY","MIRA MESA BL",423.00,S,N,A,-,N,,,,,,,,,,N,4,0,1,2,A,-,08,22107,,N,D,G,A,A,H,-,A,D,0,,Y,,,Y,,-,,0,0,1,0,0,0,1,0,0,"- ","- ",,,"SAN DIEGO","SAN DIEGO",-117.13858365999999,32.911611960000002
8523080,2017,2018-01-09,3711,2017-11-10,0853,6686,,5,5,7,3711,0,0,0,,0,442,"NATIONAL AV","35TH ST",0.00,,Y,A,-,N,,,,,,,,,,N,2,0,1,2,A,-,10,21950,A,N,G,B,B,A,H,-,A,A,0,Y,,,,Y,,A,01,1,0,0,0,1,0,0,0,0,"- ","- ",,,"SAN DIEGO","SAN DIEGO",-117.1188901,32.696000050000002
8523137,2017,2018-01-12,3711,2017-12-20,2015,6947,,3,5,7,3711,0,0,0,,0,725,"OTAY MESA RD","OCEAN VIEW HILLS PKWY",0.00,,Y,B,C,N,,,,,,,,,,N,4,0,1,2,D,-,00,,,M,G,B,E,B,H,-,C,A,0,Y,,,,Y,,-,"- ",0,0,1,0,1,0,0,0,0,"- ","- ",,,"SAN DIEGO","SAN DIEGO",-117.01430013,32.568520069999998
8523142,2017,2018-01-11,3711,2017-12-10,1947,7226,,7,5,7,3711,0,0,0,,0,613,"VOLTAIRE ST","VENICE ST",0.00,,-,A,-,N,,,,,,,,,,Y,4,0,1,2,A,-,01,23152,A,N,B,G,A,A,H,-,C,D,0,,Y,,,Y,Y,A,07,0,0,1,0,0,0,1,0,0,"- ","- ",,,"SAN DIEGO","SAN DIEGO",-117.23595012,32.745340110000001
8523161,2017,2018-01-12,3711,2017-12-15,1558,5823,,5,5,7,3711,0,0,0,,0,725,"DENNERY RD","RED FIN LN",0.00,,Y,A,-,N,,,,,,,,,,Y,3,0,1,2,A,-,09,21801,A,N,D,G,A,A,H,-,A,A,0,,Y,,,Y,,L,04,0,1,0,0,0,0,1,0,0,"- ","- ",,,"SAN DIEGO","SAN DIEGO",-117.02892002,32.588500089999997
8524493,2017,2018-01-03,3711,2017-12-12,1340,7556,,2,5,7,3711,0,0,0,,0,512,"OCEAN VIEW BL","S 33RD ST",150.00,W,N,A,-,N,,,,,,,,,,N,4,0,1,2,A,-,08,22107,,N,B,G,A,A,H,-,A,A,0,,Y,,,Y,,A,01,0,0,1,0,0,0,1,0,0,"- ","- ",,,"SAN DIEGO","SAN DIEGO",-117.12306562000001,32.701204580000002
8525960,2017,2018-01-04,3711,2017-12-13,2148,7406,3711,3,5,7,3711,0,0,0,,0,115,"LEBON DR","LA JOLLA VILLAGE DR",7.00,S,N,A,-,N,,,,,,,,,,,3,0,1,2,A,-,12,21453,A,N,A,B,B,A,H,-,C,A,0,Y,,,,Y,,-,,0,1,0,0,1,0,0,0,0,"- ","- ",,,"SAN DIEGO","SAN DIEGO",-117.22363229,32.870843870000002
8526978,2017,2018-02-20,3711,2017-12-15,0700,7646,,5,5,7,3711,0,0,0,,0,512,"SOUTH 32ND ST","NEWTON AV",65.00,N,N,A,-,N,,,,,,,,,,N,4,0,1,2,A,-,11,21954,A,F,B,B,D,A,H,-,A,D,0,Y,,,,Y,,N,60,0,0,1,0,1,0,0,0,0,"- ","- ",,,"SAN DIEGO","SAN DIEGO",-117.12531,32.695108050000002
8527753,2017,2018-01-11,3711,2017-12-27,2347,7435,,3,5,7,3711,0,0,0,,0,123,"WEST MISSION BAY DR","QUIVIRA ACCESS",3400.00,E,N,A,-,N,,,,,,,,,,N,3,0,1,2,A,-,08,22107,,M,C,G,A,A,H,-,C,A,0,,Y,,,Y,,-,,0,1,0,0,0,0,1,0,0,"- ","- ",,,"SAN DIEGO","SAN DIEGO",-117.23316,32.763820000000003
8531609,2017,2018-01-19,3711,2017-06-12,1708,7694,,1,5,7,3711,0,0,0,,0,451,"FEDERAL BL","PENTECOST WY",30.00,E,N,A,-,N,,,,,,,,,,N,4,0,1,2,A,-,11,21950,B,N,G,B,D,A,H,-,B,D,0,Y,,,,Y,,N,60,0,0,1,0,1,0,0,0,0,"- ","- ",,,"SAN DIEGO","SAN DIEGO",-117.0825428,32.72155085
8534776,2018,2018-02-12,3711,2018-01-09,1755,5769,,2,5,7,3711,0,0,0,,0,524,"B ST","7TH AV",2.00,W,N,C,G,N,,,,,,,,,,N,4,0,1,2,A,-,10,21950,,N,G,B,B,B,F,-,C,A,0,Y,,,,Y,,-,,0,0,1,0,1,0,0,0,0,"- ","- ",,,"SAN DIEGO","SAN DIEGO",-117.15833282470703,32.717800140380859
8539712,2018,2018-02-02,3711,2018-01-18,1808,5672,,4,5,7,3711,0,0,0,,0,313,"RONSON RD","MERCURY ST",0.00,,Y,B,-,N,,,,,,,,,,N,3,0,1,2,A,-,09,21801,A,N,D,G,A,A,H,-,C,A,0,,Y,,,Y,,L,04,0,1,0,0,0,0,1,0,0,"- ","- ",,,"SAN DIEGO","SAN DIEGO",-117.14882659912109,32.829078674316406
8539748,2018,2018-02-02,3711,2018-01-15,1745,7344,,1,5,7,3711,0,0,0,,0,821,UNIVERSITY,"ROLANDO BL",50.00,W,N,A,-,N,,,,,,,,,,N,3,0,1,2,A,-,08,22107,,M,A,B,F,A,H,-,C,D,0,Y,,,,Y,,-,,0,1,0,0,1,0,0,0,0,"- ","- ",,,"SAN DIEGO","SAN DIEGO",-117.0584716796875,32.754634857177734
8540574,2018,2018-02-07,3711,2018-01-09,1700,7561,"SAN D",2,5,7,3711,0,0,0,,0,721,"PALM AV","SATURN BL",300.00,W,N,C,-,N,,,,,,,,,,N,4,0,1,2,A,-,03,22350,,N,D,B,F,B,H,-,C,D,0,Y,,,,Y,,-,,0,0,1,0,1,0,0,0,0,"- ","- ",,,"SAN DIEGO","SAN DIEGO",-117.09359741210938,32.583740234375
8540586,2018,2018-02-07,3711,2018-01-09,1719,7391,,2,5,7,3711,0,0,0,,0,725,"RIVIERA SHORES","DEL SOL",50.00,S,N,C,-,N,,,,,,,,,,N,4,0,1,2,A,-,10,21952,,N,B,B,F,B,H,-,C,D,0,Y,,,,Y,,M,97,0,0,1,0,1,0,0,0,0,"- ","- ",,,"SAN DIEGO","SAN DIEGO",-117.03749847412109,32.573333740234375
8543673,2018,2018-06-28,3711,2018-01-09,2334,4576,,2,5,7,3711,0,0,0,,0,832,"ORANGE AV","40TH ST",0.00,,Y,C,-,N,,,,,,,,,,N,3,0,1,2,A,-,12,21453,A,F,G,B,B,B,H,-,C,A,0,Y,,,,Y,,A,01,0,1,0,0,1,0,0,0,0,"- ","- ",,,"SAN DIEGO","SAN DIEGO",-117.10941314697266,32.753238677978516
8544212,2018,2018-01-31,3711,2018-01-19,2111,7653,"SAN D",5,5,7,3711,0,0,0,,0,611,"SPORTS ARENA BL","EAST DR",0.00,,Y,B,-,N,,,,,,,,,,N,2,0,1,2,D,-,00,,,N,G,B,B,A,H,-,C,A,0,Y,,,,Y,,-,"- ",1,0,0,0,1,0,0,0,0,"- ","- ",,,"SAN DIEGO","SAN DIEGO",-117.20834350585938,32.752979278564453
8544445,2018,2018-02-02,3711,2018-01-19,0655,4957,,5,5,7,3711,0,0,0,,0,233,"PARK RUN RD","BRICKELLIA ST",9.00,E,N,B,-,N,,,,,,,,,,N,3,0,1,2,A,-,09,21801,A,N,H,G,A,A,H,-,A,D,0,,Y,,,Y,,-,,0,1,0,0,0,0,1,0,0,"- ","- ",,,"SAN DIEGO","SAN DIEGO",-117.13954162597656,32.952552795410156
8544742,2017,2018-02-07,3711,2017-12-24,2123,7231,3711,7,5,7,3711,0,0,0,,0,444,"LOGAN AV","SOUTH EUCLID AV",6.00,E,N,A,-,N,,,,,,,,,,N,4,0,2,3,A,-,10,21950,A,M,D,B,B,A,H,-,C,A,0,Y,,,,Y,,-,99,0,0,2,0,2,0,0,0,0,"- ","- ",,,"SAN DIEGO","SAN DIEGO",-117.08509060999999,32.696721080000003
8546220,2018,2018-02-08,3711,2018-01-26,0715,7574,"SAN D",5,5,7,3711,0,0,0,,0,614,"VOLTAIRE ST","SUNSET CLIFFS BL",5.00,N,N,A,-,N,,,,,,,,,,N,4,0,1,2,A,-,17,21451,A,N,D,G,A,A,H,-,A,A,0,,Y,,,Y,,D,22,0,0,1,0,0,0,1,0,0,"- ","- ",,,"SAN DIEGO","SAN DIEGO",-117.2431640625,32.749916076660156
8548771,2018,2018-02-15,3711,2018-02-02,2033,7138,SD,5,5,7,3711,0,0,0,,0,821,"ART ST","EL CAJON BL",0.00,,Y,A,-,N,,,,,,,,,,N,4,0,1,2,A,-,10,21950,A,N,G,B,B,A,H,-,C,A,0,Y,,,,Y,,A,01,0,0,1,0,1,0,0,0,0,"- ","- ",,,"SAN DIEGO","SAN DIEGO",-117.06089019775391,32.764869689941406
8549817,2018,2018-02-09,3711,2018-01-20,2103,7516,SANDI,6,5,7,3711,0,0,0,,0,524,"E ST","8TH AV",18.00,S,N,A,-,N,,,,,,,,,,N,4,0,1,2,A,-,10,21950,A,N,G,B,B,A,H,-,C,A,0,Y,,,,Y,Y,A,01,0,0,1,0,1,0,0,0,0,"- ","- ",,,"SAN DIEGO","SAN DIEGO",-117.15743255615234,32.714679718017578
8549829,2018,2018-02-28,3711,2018-01-27,1050,6959,,6,5,7,3711,0,0,0,,0,821,"EL CAJON BL","70TH ST",0.00,,Y,A,-,N,,,,,,,,,,N,4,0,1,2,A,-,11,21950,B,N,G,B,B,A,H,-,A,A,0,Y,,,,Y,,N,60,0,0,1,0,1,0,0,0,0,"- ","- ",,,"SAN DIEGO","SAN DIEGO",-117.04709625244141,32.768699645996094
8560767,2018,2018-02-27,3711,2018-01-24,1424,7163,,3,5,7,3711,0,0,0,,0,832,"FAIRMOUNT AV","UNIVERSITY AV",0.00,,Y,A,-,N,,,,,,,,,,N,2,0,1,2,D,-,00,,,N,D,G,A,A,H,-,A,A,0,,Y,,,Y,,-,"- ",1,0,0,0,0,0,1,0,0,"- ","- ",,,"SAN DIEGO","SAN DIEGO",-117.10089874267578,32.749599456787109
8560840,2018,2018-03-07,3711,2018-02-02,2148,4310,,5,5,7,3711,0,0,0,,0,612,"CHATSWORTH BL","GOLDSMITH ST",166.00,E,N,A,-,N,,,,,,,,,,Y,2,0,2,2,A,-,11,21950,B,N,G,B,D,A,H,-,C,D,0,Y,,,,Y,Y,N,60,1,1,0,0,1,0,0,0,0,"- ","- ",,,"SAN DIEGO","SAN DIEGO",-117.21852874755859,32.743923187255859
8563091,2018,2018-03-08,3711,2018-02-01,1038,6774,,4,5,7,3711,0,0,0,,0,313,"COMPLEX DR","CLAIREMONT MESA BL",375.00,S,N,A,-,N,,,,,,,,,,N,3,0,1,2,A,-,10,21950,C,N,G,B,E,A,H,-,A,D,0,Y,,,,Y,,A,07,0,1,0,0,1,0,0,0,0,"- ","- ",,,"SAN DIEGO","SAN DIEGO",-117.13466644287109,32.830314636230469
8563541,2018,2018-03-06,3711,2018-02-08,1546,6000,,4,5,7,3711,0,0,0,,0,233,"RANCHO PENASQUITOS BL","CARMEL MOUNTAIN RD",165.00,S,N,A,-,N,,,,,,,,,,N,2,0,1,2,A,-,10,21952,,N,G,B,F,A,H,-,A,D,0,Y,,,,Y,,A,01,1,0,0,0,1,0,0,0,0,"- ","- ",,,"SAN DIEGO","SAN DIEGO",-117.11495208740234,32.959228515625
8571447,2018,2018-03-14,3711,2018-02-22,1120,6781,,4,5,7,3711,0,0,0,,0,813,"30TH ST","LINCOLN AV",9.00,N,N,A,-,N,,,,,,,,,,N,4,0,1,2,A,-,09,21801,A,N,-,B,B,A,H,-,A,A,0,Y,,,,Y,,-,,0,0,1,0,1,0,0,0,0,"- ","- ",,,"SAN DIEGO","SAN DIEGO",-117.13015747070312,32.750354766845703
8571478,2018,2018-03-14,3711,2018-02-23,1617,7024,,5,5,7,3711,0,0,0,,0,528,"WEST CEDAR ST","COLUMBIA ST",5.00,E,N,A,-,N,,,,,,,,,,N,4,0,1,2,A,-,08,22100,B,N,G,B,B,A,H,-,A,A,0,Y,,,,Y,,A,01,0,0,1,0,1,0,0,0,0,"- ","- ",,,"SAN DIEGO","SAN DIEGO",-117.16739654541016,32.721950531005859
8571986,2018,2018-03-14,3711,2018-01-10,1754,6034,,3,5,7,3711,0,0,0,,0,122,"INGRAHAM ST","THOMAS AV",26.00,S,N,A,-,N,,,,,,,,,,N,2,0,1,2,A,-,11,21954,A,N,G,B,D,A,H,-,C,D,0,Y,,,,Y,,N,60,1,0,0,0,1,0,0,0,0,"- ","- ",,,"SAN DIEGO","SAN DIEGO",-117.23992919921875,32.796791076660156
8572251,2018,2018-03-14,3711,2018-02-27,2241,7438,SD,2,5,7,3711,0,0,0,,0,528,"HAWTHORNE ST","KETTNER BL",10.00,S,N,A,-,N,,,,,,,,,,N,4,0,1,2,A,-,10,21950,A,N,G,B,B,A,H,-,C,A,0,Y,,,,Y,Y,A,01,0,0,1,0,1,0,0,0,0,"- ","- ",,,"SAN DIEGO","SAN DIEGO",-117.17031097412109,32.726131439208984
8579891,2018,2018-03-26,3711,2018-03-08,1637,6521,,4,5,7,3711,0,0,0,,0,242,"GOLD COAST DR","LIPSCOMB DR",0.00,,Y,A,-,N,,,,,,,,,,N,4,0,1,2,A,-,10,21950,,N,H,B,B,A,H,-,A,D,0,Y,Y,,,Y,,N,60,0,0,1,0,0,0,1,0,0,"- ","- ",,,"SAN DIEGO","SAN DIEGO",-117.13297271728516,32.905521392822266
8580108,2018,2018-03-26,3711,2018-03-09,1216,6958,"SAN D",5,5,7,3711,0,0,0,,0,621,"LINDA VISTA RD","GLIDDEN ST",0.00,,Y,A,-,N,,,,,,,,,,,3,0,1,2,A,-,11,21456,B,N,H,B,B,A,H,-,A,A,0,Y,,,,Y,,N,60,0,1,0,0,1,0,0,0,0,"- ","- ",,,"SAN DIEGO","SAN DIEGO",-117.17372894287109,32.775169372558594
8580151,2018,2018-03-21,3711,2018-03-10,1041,5985,,6,5,7,3711,0,0,0,,0,521,BROADWAY,"PARK BL",41.00,W,N,B,C,N,,,,,,,,,,N,4,0,1,2,A,-,11,21954,A,N,G,B,D,B,H,-,A,A,0,Y,,,,Y,,N,60,0,0,1,0,1,0,0,0,0,"- ","- ",,,"SAN DIEGO","SAN DIEGO",-117.15390014648438,32.715740203857422
8580465,2018,2018-04-03,3711,2018-03-05,2223,7266,,1,5,7,3711,0,0,0,,0,627,"WEST WASHINGTON ST","ALBATROSS ST",9.00,W,N,A,-,N,,,,,,,,,,N,4,0,1,2,A,-,08,22107,,M,G,B,B,A,H,-,C,D,0,Y,,,,Y,,A,01,0,0,1,0,1,0,0,0,0,"- ","- ",,,"SAN DIEGO","SAN DIEGO",-117.16616821289062,32.749950408935547
8582450,2018,2018-04-11,3711,2018-03-16,1512,6814,,5,5,7,3711,0,0,0,,0,529,"4TH AV","ELM ST",30.00,S,N,A,-,N,,,,,,,,,,N,3,0,1,2,A,-,11,21954,A,N,G,B,D,A,H,-,A,A,0,Y,,,,Y,,N,60,0,1,0,0,1,0,0,0,0,"- ","- ",,,"SAN DIEGO","SAN DIEGO",-117.1611328125,32.7239990234375
8584275,2018,2018-03-30,3711,2018-03-12,1217,7412,SANDI,1,5,7,3711,0,0,0,,0,242,"HILLERY DR","BLACK MOUNTAIN RD",0.00,,-,A,-,N,,,,,,,,,,N,3,0,1,2,A,-,10,21950,A,N,G,B,B,A,H,-,A,A,0,Y,,,,Y,,A,01,0,1,0,0,1,0,0,0,0,"- ","- ",32.912998199462891,-117.12419128417969,"SAN DIEGO","SAN DIEGO",-117.12441253662109,32.912868499755859
8587393,2018,2018-05-15,3711,2018-04-24,1545,7492,,2,5,7,3711,0,0,0,,0,512,"NATIONAL AV","S 30TH ST",75.00,W,N,A,-,N,,,,,,,,,,N,3,0,1,2,A,-,11,21950,B,N,G,B,D,A,H,-,A,A,0,Y,,,,Y,,N,60,0,1,0,0,1,0,0,0,0,"- ","- ",,,"SAN DIEGO","SAN DIEGO",-117.12972259521484,32.695957183837891
8590424,2018,2018-04-11,3711,2018-03-03,1239,7435,,6,5,7,3711,0,0,0,,0,124,"AVENIDA DE LA PLAYA","PASEO DEL OCASO",0.00,,-,A,-,N,,,,,,,,,,N,4,0,1,2,A,-,09,21801,A,N,D,G,A,A,H,-,A,A,0,,Y,,,Y,,-,,0,0,1,0,0,0,1,0,0,"- ","- ",,,"SAN DIEGO","SAN DIEGO",-117.25480651855469,32.85382080078125
8591366,2018,2018-04-13,3711,2018-03-26,1310,7453,,1,5,7,3711,0,0,0,,0,826,"52ND ST","EL CAJON BL",35.00,S,N,A,-,N,,,,,,,,,,N,4,0,1,2,C,-,18,,,N,G,B,F,A,H,-,A,D,0,Y,,,,Y,,-,"- ",0,0,1,0,1,0,0,0,0,"- ","- ",,,"SAN DIEGO","SAN DIEGO",-117.08359527587891,32.757144927978516
8591413,2018,2018-04-11,3711,2018-03-26,0750,7280,,1,5,7,3711,0,0,0,,0,621,"ULRIC ST","TAIT ST",0.00,,Y,A,-,N,,,,,,,,,,N,3,0,1,2,A,-,10,21950,A,N,A,G,A,A,H,-,A,A,0,,Y,,,Y,,A,01,0,1,0,0,0,0,1,0,0,"- ","- ",,,"SAN DIEGO","SAN DIEGO",-117.16941070556641,32.780990600585938
8592134,2018,2018-04-20,3711,2018-03-28,1116,7314,,3,5,7,3711,0,0,0,,0,112,"ME ETNA DR","GENESEE AV",24.00,W,N,A,-,N,,,,,,,,,,N,3,0,1,2,A,-,09,21801,A,N,G,B,B,A,H,-,A,A,0,Y,,,,Y,Y,-,,0,1,0,0,1,0,0,0,0,"- ","- ",,,"SAN DIEGO","SAN DIEGO",-117.18313426,32.821324480000001
8594226,2018,2018-05-01,3711,2018-03-30,2235,6459,,5,5,7,3711,0,0,0,,0,122,"GARNET AV","DAWES ST",0.00,,Y,A,-,N,,,,,,,,,,N,4,0,1,2,A,-,10,21950,A,N,D,B,B,A,H,-,C,A,0,Y,,,,Y,Y,A,01,0,0,1,0,1,0,0,0,0,"- ","- ",,,"SAN DIEGO","SAN DIEGO",-117.25000762939453,32.7977294921875