CASE_ID,ACCIDENT_YEAR,PROC_DATE,JURIS,COLLISION_DATE,COLLISION_TIME,OFFICER_ID,REPORTING_DISTRICT,DAY_OF_WEEK,CHP_SHIFT,POPULATION,CNTY_CITY_LOC,SPECIAL_COND,BEAT_TYPE,CHP_BEAT_TYPE,CITY_DIVISION_LAPD,CHP_BEAT_CLASS,BEAT_NUMBER,PRIMARY_RD,SECONDARY_RD,DISTANCE,DIRECTION,INTERSECTION,WEATHER_1,WEATHER_2,STATE_HWY_IND,CALTRANS_COUNTY,CALTRANS_DISTRICT,STATE_ROUTE,ROUTE_SUFFIX,POSTMILE_PREFIX,POSTMILE,LOCATION_TYPE,RAMP_INTERSECTION,SIDE_OF_HWY,TOW_AWAY,COLLISION_SEVERITY,NUMBER_KILLED,NUMBER_INJURED,PARTY_COUNT,PRIMARY_COLL_FACTOR,PCF_CODE_OF_VIOL,PCF_VIOL_CATEGORY,PCF_VIOLATION,PCF_VIOL_SUBSECTION,HIT_AND_RUN,TYPE_OF_COLLISION,MVIW,PED_ACTION,ROAD_SURFACE,ROAD_COND_1,ROAD_COND_2,LIGHTING,CONTROL_DEVICE,CHP_ROAD_TYPE,PEDESTRIAN_ACCIDENT,BICYCLE_ACCIDENT,MOTORCYCLE_ACCIDENT,TRUCK_ACCIDENT,NOT_PRIVATE_PROPERTY,ALCOHOL_INVOLVED,STWD_VEHTYPE_AT_FAULT,CHP_VEHTYPE_AT_FAULT,COUNT_SEVERE_INJ,COUNT_VISIBLE_INJ,COUNT_COMPLAINT_PAIN,COUNT_PED_KILLED,COUNT_PED_INJURED,COUNT_BICYCLIST_KILLED,COUNT_BICYCLIST_INJURED,COUNT_MC_KILLED,COUNT_MC_INJURED,PRIMARY_RAMP,SECONDARY_RAMP,LATITUDE,LONGITUDE,COUNTY,CITY,POINT_X,POINT_Y
8594357,2018,2018-04-20,3711,2018-04-09,1612,7538,,1,5,7,3711,0,0,0,,0,826,"54TH ST","UNIVERSITY AV",280.00,N,N,A,-,N,,,,,,,,,,N,3,0,1,2,A,-,08,22107,,N,B,G,A,A,H,-,A,D,0,,Y,,,Y,,A,01,0,1,0,0,0,0,1,0,0,"- ","- ",,,"SAN DIEGO","SAN DIEGO",-117.0794677734375,32.749557495117188
8605304,2017,2018-05-15,3711,2017-11-06,2140,8447,,1,5,7,3711,0,0,0,,0,724,"HOLLISTER ST","HOLLISTER ST 874",0.00,,-,A,-,N,,,,,,,,,,Y,4,0,1,2,A,-,08,22107,,F,H,G,A,A,H,-,C,D,0,,Y,,,Y,Y,-,,0,0,1,0,0,0,1,0,0,"- ","- ",32.580399999999997,-117.084,"SAN DIEGO","SAN DIEGO",-117.08409011000001,32.580630970000001
8611144,2018,2018-05-23,3711,2018-04-27,2350,6986,,5,5,7,3711,0,0,0,,0,835,"POPLAR ST","VIOLET ST",80.00,E,N,A,-,N,,,,,,,,,,N,4,0,1,2,A,-,"- ",,,M,G,B,E,A,H,-,D,D,0,Y,,,,Y,,N,60,0,0,1,0,1,0,0,0,0,"- ","- ",,,"SAN DIEGO","SAN DIEGO",-117.10668182373047,32.733543395996094
8611184,2018,2018-05-11,3711,2018-04-26,1752,6025,,4,5,7,3711,0,0,0,,0,714,"RAIL CT","EAST SAN YSIDRO BL",105.00,E,N,A,-,N,,,,,,,,,,N,4,0,1,2,A,-,21,22106,,N,G,B,C,A,H,-,A,D,0,Y,,,,Y,,A,01,0,0,1,0,1,0,0,0,0,"- ","- ",,,"SAN DIEGO","SAN DIEGO",-117.02855682373047,32.5439453125
8611188,2018,2018-05-11,3711,2018-04-24,0553,7411,,2,5,7,3711,0,0,0,,0,512,"NATIONAL AV","S 30TH ST",8.00,E,N,A,-,N,,,,,,,,,,N,3,0,1,2,A,-,10,21950,A,N,G,B,B,A,H,-,B,A,0,Y,,,,Y,,A,01,0,1,0,0,1,0,0,0,0,"- ","- ",,,"SAN DIEGO","SAN DIEGO",-117.12945556640625,32.695960998535156
8614247,2018,2018-05-01,3711,2018-04-13,0815,7704,,5,5,7,3711,0,0,0,,0,514,"30TH ST","J ST",5.00,S,N,A,-,N,,,,,,,,,,N,4,0,1,2,A,-,06,21760,C,N,H,G,A,A,A,-,A,A,0,,Y,,,Y,,-,,0,0,1,0,0,0,1,0,0,"- ","- ",,,"SAN DIEGO","SAN DIEGO",-117.13021850585938,32.709526062011719
8614251,2018,2018-04-27,3711,2018-04-16,1622,7245,,1,5,7,3711,0,0,0,,0,524,"WEST BROADWAY","HARBOR DR",100.00,E,N,A,-,N,,,,,,,,,,N,3,0,1,2,A,-,11,21955,,N,G,B,E,A,H,-,A,D,0,Y,,,,Y,,N,60,0,1,0,0,1,0,0,0,0,"- ","- ",,,"SAN DIEGO","SAN DIEGO",-117.17279815673828,32.715652465820312
8614256,2018,2018-04-26,3711,2018-04-16,0958,7185,"SAN D",1,5,7,3711,0,0,0,,0,312,"SANTO RD","PORTOBELO DR",0.00,,Y,B,-,N,,,,,,,,,,N,3,0,1,2,A,-,10,21950,A,N,G,B,B,A,H,-,A,A,0,Y,,,,Y,,-,,0,1,0,0,1,0,0,0,0,"- ","- ",,,"SAN DIEGO","SAN DIEGO",-117.09809112548828,32.838710784912109
8614576,2018,2018-04-30,3711,2018-01-21,0904,4653,,7,5,7,3711,0,0,0,,0,313,"BALBOA AV","CONVOY ST",0.00,,Y,A,-,N,,,,,,,,,,N,2,0,1,2,A,-,17,21451,A,N,D,G,A,A,H,-,A,A,0,,Y,,,Y,,A,01,1,0,0,0,0,0,1,0,0,"- ","- ",,,"SAN DIEGO","SAN DIEGO",-117.15509033203125,32.821750640869141
8615524,2018,2018-08-21,3711,2018-04-25,2010,7510,,3,5,7,3711,0,0,0,,0,936,"CAMINO DEL SUR","RT 56",0.00,,Y,A,-,Y,SD,11,56,-,-,6.337,R,4,E,N,3,0,1,2,D,-,00,,,N,D,G,A,A,H,-,C,A,0,,Y,,,Y,,-,"- ",0,1,0,0,0,0,1,0,0,"- ",EO,,,"SAN DIEGO","SAN DIEGO",-117.15007781982422,32.956466674804688
8619289,2018,2018-05-31,3711,2018-05-05,1837,7157,,6,5,7,3711,0,0,0,,0,624,"MADISON AV","PARK BL",5.00,W,N,A,-,N,,,,,,,,,,N,4,0,1,2,A,-,10,21950,A,N,G,B,B,A,H,-,A,D,0,Y,,,,Y,,A,01,0,0,1,0,1,0,0,0,0,"- ","- ",,,"SAN DIEGO","SAN DIEGO",-117.14629364013672,32.760959625244141
8619313,2018,2018-05-22,3711,2018-05-06,1510,7625,,7,5,7,3711,0,0,0,,0,614,"CABLE ST","DEL MONTE AV",93.00,N,N,A,-,N,,,,,,,,,,N,3,0,1,2,A,-,09,21804,A,N,D,G,A,A,H,-,A,D,0,,Y,,,Y,,L,04,0,1,0,0,0,0,1,0,0,"- ","- ",,,"SAN DIEGO","SAN DIEGO",-117.25132751464844,32.743480682373047
8621316,2018,2018-05-24,3711,2018-05-09,1907,6994,,3,5,7,3711,0,0,0,,0,447,"FEDERAL BL","49TH ST",0.00,,-,A,-,N,,,,,,,,,,N,4,0,1,2,A,-,05,21650,1,N,G,G,A,A,H,-,A,A,0,,Y,,,Y,,L,04,0,0,1,0,0,0,1,0,0,"- ","- ",,,"SAN DIEGO","SAN DIEGO",-117.08978271484375,32.721431732177734
8624234,2018,2018-05-30,3711,2018-05-02,1226,6366,,3,5,7,3711,0,0,0,,0,512,"IMPERIAL AV","S 25TH ST",260.00,E,N,B,-,N,,,,,,,,,,N,3,0,1,2,A,-,09,21804,A,N,D,G,A,A,H,-,A,D,0,,Y,,,Y,Y,J,48,0,1,0,0,0,0,1,0,0,"- ","- ",,,"SAN DIEGO","SAN DIEGO",-117.13935089111328,32.706352233886719
8626122,2018,2018-06-04,3711,2018-05-16,0730,5611,,3,5,7,3711,0,0,0,,0,243,"MIRAMAR RD","PRODUCTION AV",47.00,E,N,B,-,N,,,,,,,,,,N,3,0,1,1,A,-,03,22350,,N,E,G,A,A,C,-,A,D,0,,Y,,,Y,,L,04,0,1,0,0,0,0,1,0,0,"- ","- ",,,"SAN DIEGO","SAN DIEGO",-117.16471862792969,32.878757476806641
8628687,2018,2018-06-12,3711,2018-05-25,1154,7321,"SAN D",5,5,7,3711,0,0,0,,0,833,"WIGHTMAN AV","FAIRMOUNT AV",60.00,E,N,A,-,N,,,,,,,,,,N,4,0,1,2,A,-,21,22106,,N,G,B,E,A,H,-,A,D,0,Y,,,,Y,,-,,0,0,1,0,1,0,0,0,0,"- ","- ",,,"SAN DIEGO","SAN DIEGO",-117.10073852539062,32.747882843017578
8628712,2018,2018-06-13,3711,2018-05-15,1326,5937,,2,5,7,3711,0,0,0,,0,521,"IMPERIAL AV","16TH ST",6.00,N,N,A,-,N,,,,,,,,,,N,3,0,1,2,A,-,11,21950,B,M,-,G,E,A,H,-,A,A,0,Y,Y,,,Y,,N,60,0,1,0,0,0,0,1,0,0,"- ","- ",,,"SAN DIEGO","SAN DIEGO",-117.14945220947266,32.706279754638672
8633602,2018,2018-06-18,3711,2018-05-17,2029,7180,,4,5,7,3711,0,0,0,,0,627,"LINCOLN AV","CENTRE LN",0.00,,Y,A,-,N,,,,,,,,,,N,3,0,1,2,A,-,00,20002,,M,G,B,E,A,H,-,C,A,0,Y,,,,Y,Y,A,01,0,1,0,0,1,0,0,0,0,"- ","- ",,,"SAN DIEGO","SAN DIEGO",-117.14727020263672,32.750640869140625
8640813,2018,2018-06-28,3711,2018-06-14,1115,7601,"SAN D",4,5,7,3711,0,0,0,,0,625,"HARNEY ST","JUAN ST",170.00,W,N,A,-,N,,,,,,,,,,N,3,0,1,2,A,-,"- ",,,N,G,B,E,A,H,-,A,D,0,Y,,,,Y,,N,60,0,1,0,0,1,0,0,0,0,"- ","- ",,,"SAN DIEGO","SAN DIEGO",-117.19424438476562,32.753524780273438
8640829,2018,2018-06-28,3711,2018-06-13,1618,RUSTWOLD,,3,5,7,3711,0,0,0,,0,,"W G ST","UNION S T",0.00,,-,A,-,N,,,,,,,,,,N,3,0,1,2,A,-,08,22107,A,N,D,G,A,A,H,-,A,D,0,,Y,,,Y,,-,"- ",0,1,0,0,0,0,1,0,0,"- ","- ",,,"SAN DIEGO","SAN DIEGO",-117.16562988,32.712540050000001
8640968,2018,2018-06-29,3711,2018-06-12,1854,7663,,2,5,7,3711,0,0,0,,0,813,"NORTH PARK WY","GRIM AV",45.00,W,N,A,-,N,,,,,,,,,,N,4,0,1,2,A,-,10,21950,A,N,G,B,B,A,H,-,A,A,0,Y,,,,Y,,A,01,0,0,1,0,1,0,0,0,0,"- ","- ",,,"SAN DIEGO","SAN DIEGO",-117.12838745117188,32.747421264648438
8640991,2018,2018-07-05,3711,2018-06-08,0923,7633,,5,5,7,3711,0,0,0,,0,115,"GENESEE AV","CALGARY DR",0.00,,Y,A,-,N,,,,,,,,,,N,3,0,1,2,A,-,08,22100,A,N,-,G,A,A,H,-,A,D,0,,Y,,,Y,,-,,0,1,0,0,0,0,1,0,0,"- ","- ",,,"SAN DIEGO","SAN DIEGO",-117.20561218261719,32.858100891113281
8641004,2018,2018-06-29,3711,2018-06-13,1743,6210,SDSC,3,5,7,3711,0,0,0,,0,243,"MIRAMAR RD","DISTRIBUTION AV",0.00,,Y,A,-,N,,,,,,,,,,N,3,0,1,2,A,-,12,21453,A,N,G,B,B,A,H,-,A,A,0,Y,,,,Y,,-,,0,1,0,0,1,0,0,0,0,"- ","- ",,,"SAN DIEGO","SAN DIEGO",-117.16251373291016,32.879150390625
8641652,2018,2018-06-22,3711,2018-06-02,2119,6366,,6,5,7,3711,0,0,0,,0,512,"29TH ST","L ST",0.00,,Y,A,-,N,,,,,,,,,,N,4,0,1,2,A,-,09,21802,A,N,D,G,A,A,H,-,C,D,0,,Y,,,Y,,A,01,0,0,1,0,0,0,1,0,0,"- ","- ",,,"SAN DIEGO","SAN DIEGO",-117.13208770751953,32.707439422607422
8641656,2018,2018-06-22,3711,2018-06-06,0830,6502,,3,5,7,3711,0,0,0,,0,516,"FRANKLIN AV","E EVANS ST",0.00,,Y,A,-,N,,,,,,,,,,N,3,0,1,2,A,-,12,22450,A,N,D,G,A,A,H,-,A,A,0,,Y,,,Y,,L,04,0,1,0,0,0,0,1,0,0,"- ","- ",,,"SAN DIEGO","SAN DIEGO",-117.13623046875,32.704059600830078
8641742,2018,2018-06-21,3711,2018-06-11,0910,4691,,1,5,7,3711,0,0,0,,0,234,"PABLO DR","LOMICA DR",0.00,,Y,A,-,N,,,,,,,,,,N,3,0,1,2,A,-,10,21950,A,N,G,B,D,A,H,-,A,D,0,Y,,,,Y,,-,,0,1,0,0,1,0,0,0,0,"- ","- ",,,"SAN DIEGO","SAN DIEGO",-117.06175994873047,33.009090423583984
8643783,2018,2018-06-27,3711,2018-06-16,1500,5923,"SAN D",6,5,7,3711,0,0,0,,0,627,"UNIVERSITY AV","5TH AV",134.00,N,N,A,-,N,,,,,,,,,,N,4,0,1,2,A,-,08,22107,,M,G,B,E,A,H,-,A,D,0,Y,,,,Y,,-,,0,0,1,0,1,0,0,0,0,"- ","- ",,,"SAN DIEGO","SAN DIEGO",-117.16001129150391,32.748310089111328
8648307,2018,2018-10-29,3711,2018-10-08,2123,7233,,1,5,7,3711,0,0,0,,0,712,"BEYER BL","DEL SUR BL",486.00,E,N,B,-,N,,,,,,,,,,Y,1,1,0,2,A,-,11,21954,A,N,G,B,D,A,H,-,C,D,0,Y,,,,Y,,N,60,0,0,0,1,0,0,0,0,0,"- ","- ",,,"SAN DIEGO","SAN DIEGO",-117.05466461181641,32.562080383300781
8648401,2018,2018-12-10,3711,2018-09-17,0728,6774,,1,5,7,3711,0,0,0,,0,431,"GENEVA AV","WINSTON DR",43.00,E,N,A,-,N,,,,,,,,,,Y,1,1,1,4,A,-,10,21950,A,N,G,B,D,A,H,-,A,D,0,Y,,,,Y,,A,01,0,1,0,1,0,0,0,0,0,"- ","- ",,,"SAN DIEGO","SAN DIEGO",-117.08090209960938,32.716758728027344
8648405,2018,2018-12-10,3711,2018-11-03,1827,5972,,6,5,7,3711,0,0,0,,0,436,"IMPERIAL AV","WOODMAN ST",264.00,W,N,A,-,N,,,,,,,,,,Y,1,1,0,2,A,-,11,21954,A,F,G,B,D,A,H,-,B,D,0,Y,,,,Y,,N,60,0,0,0,1,0,0,0,0,0,"- ","- ",,,"SAN DIEGO","SAN DIEGO",-117.05574798583984,32.710819244384766
8649760,2018,2018-09-06,3711,2018-06-22,1620,7143,,5,5,7,3711,0,0,0,,0,121,"OCEAN FRONT WALK","SANTA BARBARA PL",9.00,W,N,B,-,N,,,,,,,,,,N,3,0,2,2,A,-,08,22107,,N,G,B,F,A,B,-,A,D,0,Y,,,,Y,,-,,0,2,0,0,0,0,0,0,0,"- ","- ",,,"SAN DIEGO","SAN DIEGO",-117.25302124023438,32.774166107177734
8650825,2018,2018-10-11,3711,2018-07-31,2030,7413,,2,5,7,3711,0,0,0,,0,828,"49TH ST","49TH ST 3800",0.00,,Y,A,-,N,,,,,,,,,,N,3,0,1,2,A,-,11,21950,B,M,G,B,E,A,H,-,B,D,0,Y,,,,Y,,N,60,0,1,0,0,1,0,0,0,0,"- ","- ",,,"SAN DIEGO","SAN DIEGO",-117.0885694,32.748410389999997
8651943,2018,2018-10-19,3711,2018-03-27,1540,7329,SDPD,2,5,7,3711,0,0,0,,0,723,"DEL SOL LN","PICADOR BL",0.00,,Y,A,-,N,,,,,,,,,,N,4,0,2,3,A,-,10,21950,A,M,G,B,B,A,H,-,A,A,0,Y,,,,Y,,-,,0,0,2,0,2,0,0,0,0,"- ","- ",32.573200225830078,-117.05390167236328,"SAN DIEGO","SAN DIEGO",-117.05400848388672,32.573299407958984
8654522,2018,2018-07-18,3711,2018-05-29,2004,6967,,2,5,7,3711,0,0,0,,0,445,"47TH ST","HARTLEY ST",12.00,N,N,A,-,N,,,,,,,,,,N,2,0,1,2,A,-,10,21950,A,F,G,B,B,A,H,-,C,A,0,Y,,,,Y,,-,99,1,0,0,0,1,0,0,0,0,"- ","- ",,,"SAN DIEGO","SAN DIEGO",-117.09363555908203,32.710121154785156
8655313,2018,2018-07-09,3711,2018-06-21,1255,7114,SD,4,5,7,3711,0,0,0,,0,821,"EL CAJON BL","73RD ST",60.00,W,N,A,-,N,,,,,,,,,,N,3,0,1,2,A,-,11,21954,A,N,G,B,D,A,H,-,A,D,0,Y,,,,Y,Y,N,60,0,1,0,0,1,0,0,0,0,"- ","- ",,,"SAN DIEGO","SAN DIEGO",-117.04059600830078,32.768821716308594
8659134,2018,2018-08-01,3711,2018-06-18,1647,7484,,1,5,7,3711,0,0,0,,0,523,"4TH AV","G ST",96.00,S,N,A,-,N,,,,,,,,,,N,2,0,1,2,A,-,"- ",,I,F,H,B,F,A,-,-,A,D,0,Y,Y,,,Y,,L,04,1,0,0,0,1,0,0,0,0,"- ","- ",,,"SAN DIEGO","SAN DIEGO",-117.16105651855469,32.712306976318359
8659892,2018,2018-07-13,3711,2018-06-22,1755,5813,PRK,5,5,7,3711,0,0,0,,0,123,"SOUTH SHORES PARK DR","SEA WORLD DR",1500.00,S,N,A,-,N,,,,,,,,,,N,3,0,1,2,A,-,11,21954,A,N,G,B,E,A,H,-,A,D,0,Y,,Y,,Y,,N,60,0,1,0,0,1,0,0,0,0,"- ","- ",,,"SAN DIEGO","SAN DIEGO",,
8659908,2018,2018-07-12,3711,2018-06-28,0750,6880,,4,5,7,3711,0,0,0,,0,444,"39TH ST","HILLTOP DR",100.00,E,N,A,-,N,,,,,,,,,,N,4,0,1,2,D,-,00,,,N,G,B,-,A,G,-,A,D,0,Y,,,,Y,,-,"- ",0,0,1,0,1,0,0,0,0,"- ","- ",,,"SAN DIEGO","SAN DIEGO",-117.11074066162109,32.715129852294922
8661364,2018,2018-07-17,3711,2018-07-03,1946,6458,,2,5,7,3711,0,0,0,,0,524,"B ST","8TH AV",2.00,W,N,A,-,N,,,,,,,,,,N,3,0,1,2,A,-,11,21456,C,N,D,G,A,A,H,-,A,A,0,,Y,,,Y,,L,04,0,1,0,0,0,0,1,0,0,"- ","- ",,,"SAN DIEGO","SAN DIEGO",-117.15744781494141,32.717800140380859
8663699,2018,2018-08-27,3711,2018-07-07,1700,7535,,6,5,7,3711,0,0,0,,0,432,"EUCLID AV",IMPERIAL,100.00,S,N,A,-,N,,,,,,,,,,N,3,0,1,2,A,-,11,21950,B,N,G,B,E,A,H,-,A,D,0,Y,,,,Y,Y,A,01,0,1,0,0,1,0,0,0,0,"- ","- ",,,"SAN DIEGO","SAN DIEGO",-117.08499908447266,32.704509735107422
8664685,2018,2018-07-31,3711,2018-07-10,0756,6451,E1,2,5,7,3711,0,0,0,,0,313,"CHESAPEAKE DR","CLAIREMONT MESA BL",0.00,,-,A,-,N,,,,,,,,,,N,3,0,1,2,A,-,12,22450,A,N,D,G,A,A,H,-,A,D,0,,Y,,,Y,,D,22,0,1,0,0,0,0,1,0,0,"- ","- ",32.832500457763672,-117.12300109863281,"SAN DIEGO","SAN DIEGO",-117.12265014648438,32.832351684570312
8664798,2018,2018-08-27,3711,2018-07-01,0013,7515,,7,5,7,3711,0,0,0,,0,524,"7TH AV","E ST",0.00,,Y,A,-,N,,,,,,,,,,N,4,0,1,2,A,-,10,21950,A,N,G,B,B,A,H,-,C,A,0,Y,,,,Y,,A,07,0,0,1,0,1,0,0,0,0,"- ","- ",,,"SAN DIEGO","SAN DIEGO",-117.15834045410156,32.714679718017578
8666472,2018,2018-08-02,3711,2018-07-07,2200,7412,SANDI,6,5,7,3711,0,0,0,,0,934,"EL CAMINIO REAL","HALF MILE DR",9.00,N,N,A,-,N,,,,,,,,,,N,3,0,1,2,A,-,10,21950,A,N,G,B,B,A,H,-,C,A,0,Y,,,,Y,,A,01,0,1,0,0,1,0,0,0,0,"- ","- ",,,"SAN DIEGO","SAN DIEGO",-117.23421478271484,32.962085723876953
8669301,2018,2018-08-14,3711,2018-07-14,0625,6798,,6,5,7,3711,0,0,0,,0,124,"TORREY PINES RD","IVANHOE AV",20.00,W,N,B,-,N,,,,,,,,,,N,3,0,1,2,A,-,08,22107,,N,B,G,A,A,H,-,A,A,0,,Y,,,Y,,L,04,0,1,0,0,0,0,1,0,0,"- ","- ",,,"SAN DIEGO","SAN DIEGO",-117.27101135253906,32.843780517578125
8671987,2018,2018-10-10,3711,2018-07-30,1453,7640,,1,5,7,3711,0,0,0,,0,627,"ARBOR DR","4TH AV",0.00,,Y,A,-,N,,,,,,,,,,N,4,0,1,2,A,-,03,22350,,M,C,G,A,A,H,-,A,D,0,,Y,,,Y,,-,"- ",0,0,1,0,0,0,1,0,0,"- ","- ",,,"SAN DIEGO","SAN DIEGO",-117.16136932373047,32.753791809082031
8673898,2018,2018-10-11,3711,2018-07-23,1139,7084,S1,1,5,7,3711,0,0,0,,0,713,"SIEMPRE VIVA RD","OTAY CENTER DR",0.00,,Y,A,-,N,,,,,,,,,,N,4,0,1,2,A,-,12,21453,A,N,D,G,A,A,H,-,C,A,0,,Y,,,Y,,L,04,0,0,1,0,0,0,1,0,0,"- ","- ",,,"SAN DIEGO","SAN DIEGO",-116.94242858886719,32.554061889648438
8674553,2018,2018-10-08,3711,2018-08-03,0317,8861,,5,5,7,3711,0,0,0,,0,611,"PACIFIC HWY","ENTERPRISE ST",4.00,S,N,A,-,N,,,,,,,,,,Y,3,0,2,2,A,-,11,21456,B,N,G,B,D,A,H,-,C,A,0,Y,,,,Y,,N,60,0,2,0,0,1,0,0,0,0,"- ","- ",,,"SAN DIEGO","SAN DIEGO",-117.19766235351562,32.747074127197266
8679077,2018,2018-08-30,3711,2018-07-30,1914,6366,,1,5,7,3711,0,0,0,,0,821,"69TH ST","EL CAJON BL",0.00,,Y,A,-,N,,,,,,,,,,N,3,0,1,2,A,-,12,22450,A,N,B,G,A,A,H,-,A,D,0,,Y,,,Y,,L,04,0,1,0,0,0,0,1,0,0,"- ","- ",,,"SAN DIEGO","SAN DIEGO",-117.04927062988281,32.768669128417969
8679845,2018,2018-10-22,3711,2018-07-16,1144,7647,,1,5,7,3711,0,0,0,,0,627,"B ST","6TH AV",0.00,,Y,A,-,N,,,,,,,,,,N,3,0,1,2,A,-,00,21235,,N,A,B,F,A,H,-,A,-,0,Y,,,,Y,,-,,0,1,0,0,1,0,0,0,0,"- ","- ",,,"SAN DIEGO","SAN DIEGO",-117.15927124023438,32.717800140380859
8682084,2018,2018-09-17,3711,2018-08-22,0738,7024,,3,5,7,3711,0,0,0,,0,526,"4TH AV","ASH ST",3.00,S,N,A,-,N,,,,,,,,,,N,3,0,1,2,A,-,10,21950,A,N,G,B,B,A,H,-,A,A,0,Y,,,,Y,,A,01,0,1,0,0,1,0,0,0,0,"- ","- ",,,"SAN DIEGO","SAN DIEGO",-117.1611328125,32.719882965087891
8682120,2018,2018-09-17,3711,2018-08-21,1024,6418,,2,5,7,3711,0,0,0,,0,115,"GENESEE AV","CENTURION SQUARE",1031.00,S,N,A,-,N,,,,,,,,,,N,4,0,1,2,A,-,03,22350,,N,C,G,A,A,H,-,A,D,0,,Y,,,Y,,L,04,0,0,1,0,0,0,1,0,0,"- ","- ",,,"SAN DIEGO","SAN DIEGO",-117.20687002,32.859385459999999
8685344,2018,2018-10-08,3711,2018-08-07,2008,7284,,2,5,7,3711,0,0,0,,0,723,"27TH ST","27TH ST 1400",0.00,,-,A,-,N,,,,,,,,,,N,3,0,1,2,A,-,11,21950,B,M,B,B,E,A,H,-,-,D,0,Y,,,,Y,,N,60,0,1,0,0,1,0,0,0,0,"- ","- ",32.570930480957031,-117.075439453125,"SAN DIEGO","SAN DIEGO",-117.07544535,32.57077555
8685373,2018,2018-10-08,3711,2018-08-09,0731,6865,,4,5,7,3711,0,0,0,,0,452,"S 61ST ST",NEWCASTLE,115.00,S,N,B,-,N,,,,,,,,,,N,3,0,1,2,A,-,11,21950,B,N,G,B,D,A,H,-,A,D,0,Y,,,,Y,,N,60,0,1,0,0,1,0,0,0,0,"- ","- ",,,"SAN DIEGO","SAN DIEGO",-117.06684875488281,32.699413299560547
8688583,2018,2018-09-14,3711,2018-08-26,0037,7782,,7,5,7,3711,0,0,0,,0,122,"BAYARD ST","GARNET AV",126.00,S,N,A,-,N,,,,,,,,,,Y,4,0,1,2,A,-,08,22107,,M,G,B,E,A,H,-,C,D,0,Y,,,,Y,Y,A,01,0,0,1,0,1,0,0,0,0,"- ","- ",,,"SAN DIEGO","SAN DIEGO",-117.25357055664062,32.796638488769531
8689179,2018,2018-11-19,3711,2018-08-14,0656,SD6774,,2,5,7,3711,0,0,0,,0,311,"FRIARS RD","RT 15",19.00,E,N,A,-,Y,SD,11,15,-,R,7.015,R,4,N,N,4,0,1,2,A,-,08,22101,D,N,D,G,A,A,H,-,A,A,0,,Y,,,Y,,A,07,0,0,1,0,0,0,1,0,0,"- ",NO,,,"SAN DIEGO","SAN DIEGO",-117.11275482177734,32.791130065917969
8690879,2018,2018-09-24,3711,2018-09-07,1137,7470,,5,5,7,3711,0,0,0,,0,122,"GARNET AV","MISSION BL",0.00,,Y,A,-,N,,,,,,,,,,N,3,0,1,2,A,-,10,21950,A,N,G,B,B,A,H,-,A,A,0,Y,,,,Y,,A,07,0,1,0,0,1,0,0,0,0,"- ","- ",,,"SAN DIEGO","SAN DIEGO",-117.2554931640625,32.796581268310547
8694830,2018,2018-09-19,3711,2018-08-22,0826,7300,PATRO,3,5,7,3711,0,0,0,,0,723,"CORONADO AV","MADDEN AV",0.00,,Y,A,-,N,,,,,,,,,,N,3,0,1,2,A,-,10,21950,A,N,A,B,D,A,H,-,A,D,0,Y,,,,Y,,-,,0,1,0,0,1,0,0,0,0,"- ","- ",,,"SAN DIEGO","SAN DIEGO",-117.07109832763672,32.576469421386719
8695036,2018,2018-09-28,3711,2018-08-26,0957,7690,SD,7,5,7,3711,0,0,0,,0,122,"MISSION AV","EMERALD CT",37.00,N,N,A,-,N,,,,,,,,,,N,3,0,3,3,A,-,10,21950,A,N,G,B,B,A,H,-,C,A,0,Y,,,,Y,Y,A,01,0,2,1,0,2,0,0,0,0,"- ","- ",,,"SAN DIEGO","SAN DIEGO",-117.25595092773438,32.798076629638672
8697547,2018,2018-09-26,3711,2018-09-05,1120,7516,"SAN D",3,5,7,3711,0,0,0,,0,526,"WEST ASH ST","W ASH ST 100",15.00,N,N,A,-,N,,,,,,,,,,N,3,0,1,2,A,-,10,21950,A,N,G,B,B,A,H,-,A,A,0,Y,,,,Y,,A,01,0,1,0,0,1,0,0,0,0,"- ","- ",,,"SAN DIEGO","SAN DIEGO",,
8699304,2018,2018-10-12,3711,2018-09-14,1020,6594,,5,5,7,3711,0,0,0,,0,441,"OCEAN VIEW BL","SAN PASQUEL ST",45.00,W,N,A,-,N,,,,,,,,,,N,3,0,1,2,A,-,08,22107,,N,-,G,A,A,H,-,A,-,0,,Y,,,Y,,L,04,0,1,0,0,0,0,1,0,0,"- ","- ",,,"SAN DIEGO","SAN DIEGO",-117.10318756103516,32.700538635253906
8699319,2018,2019-01-10,3711,2018-09-10,0827,7519,CENTR,1,5,7,3711,0,0,0,,0,524,"10TH AV",BROADWAY,9.00,S,N,A,-,N,,,,,,,,,,N,3,0,1,2,A,-,10,21950,,M,-,B,B,A,-,-,A,A,0,Y,,,,Y,,-,99,0,1,0,0,1,0,0,0,0,"- ","- ",,,"SAN DIEGO","SAN DIEGO",-117.15560913085938,32.715694427490234