CASE_ID,ACCIDENT_YEAR,PROC_DATE,JURIS,COLLISION_DATE,COLLISION_TIME,OFFICER_ID,REPORTING_DISTRICT,DAY_OF_WEEK,CHP_SHIFT,POPULATION,CNTY_CITY_LOC,SPECIAL_COND,BEAT_TYPE,CHP_BEAT_TYPE,CITY_DIVISION_LAPD,CHP_BEAT_CLASS,BEAT_NUMBER,PRIMARY_RD,SECONDARY_RD,DISTANCE,DIRECTION,INTERSECTION,WEATHER_1,WEATHER_2,STATE_HWY_IND,CALTRANS_COUNTY,CALTRANS_DISTRICT,STATE_ROUTE,ROUTE_SUFFIX,POSTMILE_PREFIX,POSTMILE,LOCATION_TYPE,RAMP_INTERSECTION,SIDE_OF_HWY,TOW_AWAY,COLLISION_SEVERITY,NUMBER_KILLED,NUMBER_INJURED,PARTY_COUNT,PRIMARY_COLL_FACTOR,PCF_CODE_OF_VIOL,PCF_VIOL_CATEGORY,PCF_VIOLATION,PCF_VIOL_SUBSECTION,HIT_AND_RUN,TYPE_OF_COLLISION,MVIW,PED_ACTION,ROAD_SURFACE,ROAD_COND_1,ROAD_COND_2,LIGHTING,CONTROL_DEVICE,CHP_ROAD_TYPE,PEDESTRIAN_ACCIDENT,BICYCLE_ACCIDENT,MOTORCYCLE_ACCIDENT,TRUCK_ACCIDENT,NOT_PRIVATE_PROPERTY,ALCOHOL_INVOLVED,STWD_VEHTYPE_AT_FAULT,CHP_VEHTYPE_AT_FAULT,COUNT_SEVERE_INJ,COUNT_VISIBLE_INJ,COUNT_COMPLAINT_PAIN,COUNT_PED_KILLED,COUNT_PED_INJURED,COUNT_BICYCLIST_KILLED,COUNT_BICYCLIST_INJURED,COUNT_MC_KILLED,COUNT_MC_INJURED,PRIMARY_RAMP,SECONDARY_RAMP,LATITUDE,LONGITUDE,COUNTY,CITY,POINT_X,POINT_Y
8699323,2018,2019-01-10,3711,2018-09-12,1320,5877,NORTH,3,5,7,3711,0,0,0,,0,234,"POMERADO RD","HIGHLAND VALLEY RD",880.00,W,N,A,-,N,,,,,,,,,,N,3,0,1,2,B,-,22,,,M,C,G,A,A,H,-,A,D,0,,Y,,,Y,,-,99,0,1,0,0,0,0,1,0,0,"- ","- ",,,"SAN DIEGO","SAN DIEGO",-117.06906890869141,33.054710388183594
8699344,2018,2018-10-12,3711,2018-09-16,0027,7413,MC,7,5,7,3711,0,0,0,,0,826,"EL CAJON BL","WINONA AV",100.00,E,N,A,-,N,,,,,,,,,,N,4,0,1,2,A,-,11,21950,B,N,G,B,D,A,H,-,C,A,0,Y,,Y,,Y,Y,N,60,0,0,1,0,1,0,0,0,0,"- ","- ",,,"SAN DIEGO","SAN DIEGO",-117.08757019042969,32.756690979003906
8699351,2018,2018-10-15,3711,2018-09-13,0600,7378,,4,5,7,3711,0,0,0,,0,821,"70TH ST","EL CAJON BL",0.00,N,N,A,-,N,,,,,,,,,,N,4,0,1,2,A,-,09,21453,C,N,G,B,B,A,H,-,B,A,0,Y,,,,Y,,A,01,0,0,1,0,1,0,0,0,0,"- ","- ",,,"SAN DIEGO","SAN DIEGO",-117.04709625244141,32.768699645996094
8706770,2018,2018-09-27,3711,2018-09-11,1538,7464,,2,5,7,3711,0,0,0,,0,838,"39TH ST","UNIVERSITY AV",0.00,,Y,A,-,N,,,,,,,,,,N,3,0,1,2,A,-,17,21235,G,M,G,B,F,A,H,-,A,D,0,Y,,,,Y,,M,94,0,1,0,0,1,0,0,0,0,"- ","- ",,,"SAN DIEGO","SAN DIEGO",-117.11064910888672,32.749691009521484
8706783,2018,2018-10-23,3711,2018-09-07,0636,7601,"SAN D",5,5,7,3711,0,0,0,,0,627,"4TH AV","LEWIS ST",15.00,N,N,B,-,N,,,,,,,,,,N,4,0,1,2,A,-,10,21950,A,N,G,B,B,A,H,-,B,D,0,Y,,,,Y,,A,01,0,0,1,0,1,0,0,0,0,"- ","- ",,,"SAN DIEGO","SAN DIEGO",-117.16165924072266,32.751850128173828
8706921,2018,2018-10-09,3711,2018-09-18,0740,7823,"SAN D",2,5,7,3711,0,0,0,,0,528,"WEST GRAPE ST","KETTNER BL",4.00,E,N,A,-,N,,,,,,,,,,N,3,0,1,2,A,-,10,21950,A,N,G,B,B,A,H,-,A,A,0,Y,,,,Y,,A,01,0,1,0,0,1,0,0,0,0,"- ","- ",,,"SAN DIEGO","SAN DIEGO",-117.16983795166016,32.725143432617188
8707822,2018,2018-10-10,3711,2018-09-16,2050,7746,"SAN D",7,5,7,3711,0,0,0,,0,,"NATIONAL AV","39TH ST",5.00,E,N,A,-,N,,,,,,,,,,N,3,0,1,2,A,-,11,21954,A,N,G,B,D,A,H,-,C,D,0,Y,,,,Y,Y,N,60,0,1,0,0,1,0,0,0,0,"- ","- ",,,"SAN DIEGO","SAN DIEGO",-117.11027526855469,32.696060180664062
8708734,2018,2018-10-24,3711,2018-09-26,1956,7462,,3,5,7,3711,0,0,0,,0,521,"10TH AV","MARKET ST",0.00,,Y,A,-,N,,,,,,,,,,N,4,0,1,2,A,-,09,21453,B,N,G,B,A,A,H,-,C,A,0,,Y,,,Y,,A,01,0,0,1,0,0,0,1,0,0,"- ","- ",,,"SAN DIEGO","SAN DIEGO",-117.15557861328125,32.711521148681641
8713182,2018,2018-10-26,3711,2018-10-12,0202,4576,,5,5,7,3711,0,0,0,,0,122,"GARNET AV","HAINES ST",163.00,W,N,A,-,N,,,,,,,,,,N,2,0,1,2,A,-,11,21954,A,N,G,B,D,A,H,-,C,D,0,Y,,,,Y,Y,N,60,1,0,0,0,1,0,0,0,0,"- ","- ",,,"SAN DIEGO","SAN DIEGO",-117.24321746826172,32.799263000488281
8713614,2018,2018-10-19,3711,2018-10-02,1510,7579,,2,5,7,3711,0,0,0,,0,313,"CONVOY ST","CONVOY ST 4800",0.00,,Y,A,-,N,,,,,,,,,,N,3,0,1,2,A,-,10,21950,A,N,G,B,B,A,H,-,A,A,0,Y,,,,Y,,-,,0,1,0,0,1,0,0,0,0,"- ","- ",,,"SAN DIEGO","SAN DIEGO",-117.15324104,32.829299650000003
8713673,2018,2018-10-17,3711,2018-09-28,1838,5604,,5,5,7,3711,0,0,0,,0,611,"MIDWAY DR","EAST DR",0.00,,Y,A,-,N,,,,,,,,,,Y,3,0,1,2,A,-,10,21950,A,M,G,B,B,A,H,-,B,A,0,Y,,,,Y,,-,,0,1,0,0,1,0,0,0,0,"- ","- ",,,"SAN DIEGO","SAN DIEGO",-117.20945739746094,32.750400543212891
8713936,2018,2018-10-19,3711,2018-10-05,2119,7614,,5,5,7,3711,0,0,0,,0,627,"RICHMOND ST","ROBINSON ST",10.00,N,N,A,-,N,,,,,,,,,,N,3,0,1,2,A,-,08,22107,,M,A,G,A,A,H,-,C,A,0,,Y,,,Y,Y,-,,0,1,0,0,0,0,1,0,0,"- ","- ",,,"SAN DIEGO","SAN DIEGO",-117.15122222900391,32.746448516845703
8714109,2018,2018-10-19,3711,2018-10-02,1338,8192,,2,5,7,3711,0,0,0,,0,841,"CASITA WY","CELIA VISTA DR",358.00,N,N,A,-,N,,,,,,,,,,N,3,0,1,2,A,-,03,22350,,N,A,B,E,A,H,-,A,D,0,Y,,,,Y,,A,01,0,1,0,0,1,0,0,0,0,"- ","- ",,,"SAN DIEGO","SAN DIEGO",-117.05112457275391,32.751201629638672
8714149,2018,2018-10-19,3711,2018-10-07,2115,7059,,7,5,7,3711,0,0,0,,0,437,"PARADISE VALLEY RD","DEEP DELL RD",0.00,,Y,A,-,N,,,,,,,,,,N,4,0,1,2,A,-,11,21456,B,N,G,B,B,A,H,-,C,A,0,Y,,,,Y,Y,N,60,0,0,1,0,1,0,0,0,0,"- ","- ",,,"SAN DIEGO","SAN DIEGO",-117.02935028076172,32.695419311523438
8715188,2018,2018-11-15,3711,2018-10-14,2250,8816,,7,5,7,3711,0,0,0,,0,122,"MISSION BL","EMERALD ST",0.00,,Y,A,-,N,,,,,,,,,,N,3,0,1,2,A,-,10,21954,,M,G,B,D,A,H,-,C,A,0,Y,,,,Y,Y,N,60,0,1,0,0,1,0,0,0,0,"- ","- ",,,"SAN DIEGO","SAN DIEGO",-117.25605773925781,32.798408508300781
8721650,2018,2018-11-05,3711,2018-10-04,1024,6620,,4,5,7,3711,0,0,0,,0,935,"CARMEL VALLEY RD","PACIFIC HIGHLANDS RANCH PKWY",0.00,,Y,A,-,N,,,,,,,,,,N,4,0,1,2,A,-,05,21650,,N,D,G,A,A,H,-,A,A,0,,Y,,,Y,,L,04,0,0,1,0,0,0,1,0,0,"- ","- ",,,"SAN DIEGO","SAN DIEGO",-117.19068908691406,32.963001251220703
8722793,2018,2018-11-02,3711,2018-10-08,1839,7690,,1,5,7,3711,0,0,0,,0,115,"PALMILLA DR","ARRIBA ST",0.00,,Y,A,-,N,,,,,,,,,,N,3,0,1,2,A,-,09,21803,,N,D,G,A,A,H,-,B,A,0,,Y,,,Y,Y,L,04,0,1,0,0,0,0,1,0,0,"- ","- ",,,"SAN DIEGO","SAN DIEGO",-117.22528076171875,32.861808776855469
8728933,2018,2018-11-21,3711,2018-10-22,2127,7790,,1,5,7,3711,0,0,0,,0,826,"EL CAJON BL","51ST ST",0.00,,Y,A,-,N,,,,,,,,,,Y,3,0,1,3,A,-,08,22107,,N,C,B,E,A,H,-,C,A,0,Y,,,,Y,Y,-,,0,1,0,0,1,0,0,0,0,"- ","- ",,,"SAN DIEGO","SAN DIEGO",-117.08467864990234,32.757091522216797
8732156,2018,2019-01-11,3711,2018-10-28,1206,7752,,7,5,7,3711,0,0,0,,0,711,"MONUMENT RD","SATURN BL",1584.00,W,N,A,-,N,,,,,,,,,,N,3,0,2,2,A,-,05,21651,B,N,H,G,A,A,A,B,A,D,0,,Y,Y,,Y,,C,02,0,2,0,0,0,0,2,0,0,"- ","- ",,,"SAN DIEGO","SAN DIEGO",-117.09743679,32.545849990000001
8732779,2018,2018-11-26,3711,2018-10-31,0812,5647,,3,5,7,3711,0,0,0,,0,242,"BLACK MOUNTAIN RD","CARROLL CENTER RD",306.00,N,N,A,-,N,,,,,,,,,,N,3,0,1,2,A,-,08,22107,,N,-,G,A,A,H,-,A,D,0,,Y,,,Y,,-,,0,1,0,0,0,0,1,0,0,"- ","- ",,,"SAN DIEGO","SAN DIEGO",-117.12310028076172,32.8994140625
8732808,2018,2018-11-20,3711,2018-11-01,1539,7371,SD,4,5,7,3711,0,0,0,,0,826,"UNIVERSITY AV","WINONA AV",2.00,W,N,A,-,N,,,,,,,,,,N,3,0,1,3,A,-,17,21451,A,N,G,B,B,A,H,-,A,A,0,Y,,,,Y,,A,01,0,1,0,0,1,0,0,0,0,"- ","- ",,,"SAN DIEGO","SAN DIEGO",-117.08797454833984,32.74951171875
8732859,2018,2019-01-10,3711,2018-11-03,0811,7623,,6,5,7,3711,0,0,0,,0,627,"ROBINSON AV","4TH AV",0.00,,Y,A,-,N,,,,,,,,,,N,3,0,1,2,A,-,"- ",,,N,G,B,B,A,H,-,A,-,0,Y,,,,Y,,N,60,0,1,0,0,1,0,0,0,0,"- ","- ",,,"SAN DIEGO","SAN DIEGO",-117.16159057617188,32.746929168701172
8732879,2018,2018-11-20,3711,2018-11-01,0647,7119,,4,5,7,3711,0,0,0,,0,511,"VESTA ST","MAIN ST",0.00,,Y,A,-,N,,,,,,,,,,N,4,0,1,2,A,-,10,21950,A,N,G,B,D,A,H,-,A,A,0,Y,,,,Y,,-,,0,0,1,0,1,0,0,0,0,"- ","- ",,,"SAN DIEGO","SAN DIEGO",-117.11537170410156,32.685489654541016
8733453,2018,2018-11-08,3711,2018-10-07,0155,6967,,7,5,7,3711,0,0,0,,0,122,"INGRAHAM ST","OLIVER AV",43.00,S,N,A,-,N,,,,,,,,,,N,2,0,1,2,A,-,11,21954,A,N,G,B,E,A,H,-,C,A,0,Y,,,,Y,Y,N,60,1,0,0,0,1,0,0,0,0,"- ","- ",,,"SAN DIEGO","SAN DIEGO",-117.23934936523438,32.794906616210938
8733457,2018,2018-11-08,3711,2018-10-15,0615,6702,,1,5,7,3711,0,0,0,,0,825,"EL CAJON BL","EL CERRITO RD",104.00,E,N,A,-,N,,,,,,,,,,N,2,0,1,2,A,-,11,21954,A,N,G,B,D,A,H,-,D,D,0,Y,,,,Y,,N,60,1,0,0,0,1,0,0,0,0,"- ","- ",,,"SAN DIEGO","SAN DIEGO",-117.07331848144531,32.758697509765625
8734498,2018,2018-11-13,3711,2018-10-26,1713,7801,,5,5,7,3711,0,0,0,,0,447,"EUCLID AV","MARILOU RD",150.00,N,N,A,-,N,,,,,,,,,,N,3,0,1,2,A,-,09,21801,A,N,D,G,A,A,H,-,A,D,0,,Y,,,Y,,A,01,0,1,0,0,0,0,1,0,0,"- ","- ",,,"SAN DIEGO","SAN DIEGO",-117.08493041992188,32.722709655761719
8736631,2018,2018-11-26,3711,2018-09-26,0501,6686,,3,5,7,3711,0,0,0,,0,722,"PALM AV","THERMAL AV",193.00,E,N,B,-,N,,,,,,,,,,N,2,0,1,2,A,-,11,21950,B,N,G,B,D,A,H,-,B,D,0,Y,,,,Y,Y,N,60,1,0,0,0,1,0,0,0,0,"- ","- ",,,"SAN DIEGO","SAN DIEGO",-117.09634399414062,32.583778381347656
8741137,2018,2018-11-28,3711,2018-11-08,1235,6834,,4,5,7,3711,0,0,0,,0,934,"CALLE MAR DE MARTPOSA","W OCEAN AIR DR",200.00,E,N,A,-,N,,,,,,,,,,N,3,0,1,2,A,-,03,22350,,N,E,G,A,A,H,-,A,D,0,,Y,,,Y,,L,04,0,1,0,0,0,0,1,0,0,"- ","- ",,,"SAN DIEGO","SAN DIEGO",-117.22491056,32.913458370000001
8741759,2018,2018-12-13,3711,2018-10-22,1602,4212,,1,5,7,3711,0,0,0,,0,813,"UNIVERSITY AV","ALABAMA ST",0.00,,Y,A,-,N,,,,,,,,,,N,3,0,1,2,A,-,10,21950,A,N,G,B,C,A,H,-,A,A,0,Y,,,,Y,,-,,0,1,0,0,1,0,0,0,0,"- ","- ",32.748199462890625,-117.14199829101562,"SAN DIEGO","SAN DIEGO",-117.14250946044922,32.748439788818359
8741971,2018,2018-11-29,3711,2018-11-12,0926,7396,"SAN D",1,5,7,3711,0,0,0,,0,529,"6TH AV","GRAPE ST",18.00,N,N,A,-,N,,,,,,,,,,N,3,0,1,2,A,-,03,22350,,N,C,G,A,A,H,-,A,D,0,,Y,,,Y,,L,04,0,1,0,0,0,0,1,0,0,"- ","- ",,,"SAN DIEGO","SAN DIEGO",-117.15941619873047,32.726261138916016
8744895,2018,2018-11-29,3711,2018-11-10,1340,7444,,6,5,7,3711,0,0,0,,0,114,"CLAIREMONT MESA BL","DIANE AV",100.00,W,N,A,-,N,,,,,,,,,,N,3,0,1,2,A,-,21,22106,,N,G,B,C,A,H,-,A,D,0,Y,,,,Y,,A,01,0,1,0,0,1,0,0,0,0,"- ","- ",,,"SAN DIEGO","SAN DIEGO",-117.1873779296875,32.834537506103516
8745053,2018,2018-12-10,3711,2018-10-30,1038,5624,,2,5,7,3711,0,0,0,,0,712,"AVERIL RD","SUNSET LN",141.00,S,N,A,-,N,,,,,,,,,,N,4,0,1,2,A,-,21,22106,,M,G,B,E,A,H,-,A,D,0,Y,,,,Y,Y,-,99,0,0,1,0,1,0,0,0,0,"- ","- ",,,"SAN DIEGO","SAN DIEGO",-117.05426788330078,32.557785034179688
8747928,2018,2019-01-24,3711,2018-11-08,0730,5498,,4,5,7,3711,0,0,0,,0,512,"SOUTH 30TH ST","WEBSTER AV",151.00,S,N,A,-,N,,,,,,,,,,N,4,0,1,2,A,-,09,21804,A,N,D,G,A,A,H,-,A,D,0,,Y,,,Y,,L,04,0,0,1,0,0,0,1,0,0,"- ","- ",,,"SAN DIEGO","SAN DIEGO",-117.1295166015625,32.703887939453125
8747936,2018,2019-01-24,3711,2018-11-19,1131,7806,,1,5,7,3711,0,0,0,,0,445,"EUCLID AV","HILLTOP DR",195.00,S,N,A,-,N,,,,,,,,,,N,3,0,1,3,A,-,11,21950,B,M,H,G,A,A,H,-,A,D,0,,Y,,,Y,,L,04,0,1,0,0,0,0,1,0,0,"- ","- ",,,"SAN DIEGO","SAN DIEGO",-117.08502197265625,32.714466094970703
8748029,2018,2019-01-25,3711,2018-11-25,1835,7789,"SAN D",7,5,7,3711,0,0,0,,0,826,"ORANGE AV","50TH ST",0.00,,Y,A,-,N,,,,,,,,,,N,3,0,1,2,A,-,11,21950,B,N,G,B,E,A,H,-,C,D,0,Y,,,,Y,,N,60,0,1,0,0,1,0,0,0,0,"- ","- ",,,"SAN DIEGO","SAN DIEGO",-117.08686065673828,32.7530517578125
8749836,2018,2019-01-11,3711,2018-11-24,2133,7752,,6,5,7,3711,0,0,0,,0,614,"SARATOGA  AV","CABLE ST",3.00,E,N,B,-,N,,,,,,,,,,N,4,0,1,2,A,-,10,21950,A,M,G,B,B,A,H,-,C,D,0,Y,,,,Y,,-,99,0,0,1,0,1,0,0,0,0,"- ","- ",,,"SAN DIEGO","SAN DIEGO",-117.24786376953125,32.747486114501953
8752095,2018,2019-02-12,3711,2018-11-23,1934,5844,PACIF,5,5,7,3711,0,0,0,,0,122,"GARNET AV","GARNET AV 1600",23.00,S,N,A,-,N,,,,,,,,,,N,4,0,1,2,-,-,"- ",,,N,G,B,B,A,H,-,C,A,0,Y,,,,Y,Y,-,"- ",0,0,1,0,1,0,0,0,0,"- ","- ",,,"SAN DIEGO","SAN DIEGO",,
8753078,2018,2019-01-28,3711,2018-12-03,1458,7039,,1,5,7,3711,0,0,0,,0,723,"CORONADO AV","CORONADO AV 2900",0.00,,N,A,-,N,,,,,,,,,,N,3,0,1,2,D,-,00,,,N,G,B,E,A,H,-,A,A,0,Y,,,,Y,,-,"- ",0,1,0,0,1,0,0,0,0,"- ","- ",32.576091766357422,-117.07022094726562,"SAN DIEGO","SAN DIEGO",-117.07026243,32.576469240000002
8753690,2018,2019-02-12,3711,2018-12-03,1859,5972,,1,5,7,3711,0,0,0,,0,827U,"UNIVERSITY AV","54TH ST",0.00,,Y,A,-,N,,,,,,,,,,N,2,0,1,2,A,-,11,21456,B,N,G,B,B,A,H,-,C,A,0,Y,,,,Y,,N,60,1,0,0,0,1,0,0,0,0,"- ","- ",,,"SAN DIEGO","SAN DIEGO",-117.07948303222656,32.748790740966797
8753694,2018,2019-02-12,3711,2018-12-16,0728,4653,,7,5,7,3711,0,0,0,,0,322,"MISSION GORGE RD","GREENBRIER AV",563.00,S,N,A,-,N,,,,,,,,,,N,2,0,1,2,A,-,11,21954,A,N,G,B,D,A,H,-,A,D,0,Y,,,,Y,,N,60,1,0,0,0,1,0,0,0,0,"- ","- ",,,"SAN DIEGO","SAN DIEGO",-117.09499359130859,32.796104431152344
8753709,2018,2019-02-12,3711,2018-12-01,1447,7410,,6,5,7,3711,0,0,0,,0,813,"UTAH ST","UTAH ST 3705",0.00,,-,A,-,N,,,,,,,,,,N,4,0,1,2,A,-,08,22107,,M,G,B,E,A,H,-,A,D,0,Y,,,,Y,,-,99,0,0,1,0,1,0,0,0,0,"- ","- ",,,"SAN DIEGO","SAN DIEGO",-117.13279635000001,32.745440100000003
8753757,2018,2019-02-22,3711,2018-12-18,0740,7790,,2,5,7,3711,0,0,0,,0,122,"GRAND AV","LEE ST",0.00,,Y,A,-,N,,,,,,,,,,N,3,0,1,2,A,-,"- ",,,N,-,G,A,A,H,-,A,A,0,,Y,,,Y,,L,04,0,1,0,0,0,0,1,0,0,"- ","- ",,,"SAN DIEGO","SAN DIEGO",-117.22464752197266,32.801368713378906
8754403,2018,2019-01-17,3711,2018-11-20,1850,5842,,2,5,7,3711,0,0,0,,0,935,"EL CAMINIO REAL","SAN DIEGUITO RD",1584.00,N,N,A,-,N,,,,,,,,,,N,3,0,1,2,A,-,11,21956,A,N,G,B,E,A,H,-,D,D,0,Y,,,,Y,Y,N,60,0,1,0,0,1,0,0,0,0,"- ","- ",,,"SAN DIEGO","SAN DIEGO",-117.23044586181641,32.979934692382812
8759854,2018,2019-01-26,3711,2018-12-10,1817,7255,,1,5,7,3711,0,0,0,,0,611,"MIDWAY DR",ROSECRANS,500.00,E,N,B,-,N,,,,,,,,,,N,3,0,1,2,A,-,11,21954,A,N,G,B,D,A,H,-,D,D,0,Y,,,,Y,,N,60,0,1,0,0,1,0,0,0,0,"- ","- ",,,"SAN DIEGO","SAN DIEGO",-117.20486450195312,32.748889923095703
8759877,2018,2019-01-28,3711,2018-12-09,2335,8816,,7,5,7,3711,0,0,0,,0,122,"GARNET AV","BOND ST",200.00,E,N,A,-,N,,,,,,,,,,N,3,0,1,2,A,-,10,21954,,N,G,B,D,A,H,-,C,A,0,Y,,,,Y,Y,N,60,0,1,0,0,1,0,0,0,0,"- ","- ",,,"SAN DIEGO","SAN DIEGO",-117.220458984375,32.805831909179688
8759881,2018,2019-01-28,3711,2018-12-01,1701,7526,SDPD,6,5,7,3711,0,0,0,,0,124,"PEARL ST","FAY AV",0.00,,Y,A,-,N,,,,,,,,,,N,4,0,1,2,A,-,21,22106,,N,D,G,A,A,H,-,C,A,0,,Y,,,Y,,L,04,0,0,1,0,0,0,1,0,0,"- ","- ",,,"SAN DIEGO","SAN DIEGO",-117.27369689941406,32.840221405029297
8759894,2018,2019-01-26,3711,2018-12-07,0757,5985,,5,5,7,3711,0,0,0,,0,512,"SOUTH 28TH ST","OCEAN VIEW BL",0.00,,Y,A,-,N,,,,,,,,,,N,4,0,1,2,A,-,10,21950,A,N,G,B,B,A,H,-,A,A,0,Y,,,,Y,,A,08,0,0,1,0,1,0,0,0,0,"- ","- ",,,"SAN DIEGO","SAN DIEGO",-117.13385772705078,32.701141357421875
8762282,2018,2019-01-02,3711,2018-11-27,1741,7592,SDPD,2,5,7,3711,0,0,0,,0,122,"INGRAHAM ST","MOORLAND DR",0.00,,Y,A,-,N,,,,,,,,,,Y,2,0,1,2,A,-,10,21950,A,N,G,B,B,A,H,-,C,D,0,Y,,,,Y,,A,01,1,0,0,0,1,0,0,0,0,"- ","- ",,,"SAN DIEGO","SAN DIEGO",-117.23686981201172,32.786781311035156
8762289,2018,2019-02-04,3711,2018-11-19,1759,5718,,1,5,7,3711,0,0,0,,0,232,"CARMEL MOUNTAIN RD","RT 15",10.00,E,N,A,-,Y,SD,11,15,-,M,20.428,R,4,N,N,3,0,1,2,A,-,09,21453,B,N,G,B,B,A,H,-,C,A,0,Y,,,,Y,,D,22,0,1,0,0,1,0,0,0,0,"- ",NF,,,"SAN DIEGO","SAN DIEGO",-117.08748626708984,32.976825714111328
8762370,2018,2019-01-31,3711,2018-12-11,1430,7008,"SAN D",2,5,7,3711,0,0,0,,0,837,"HOME AV","RT 805",0.00,,Y,A,-,N,,,,,,,,,,N,4,0,1,2,A,-,11,21954,A,N,A,B,D,A,H,-,A,A,0,Y,,,,Y,,N,60,0,0,1,0,1,0,0,0,0,"- ",SO,,,"SAN DIEGO","SAN DIEGO",-117.1033935546875,32.725601196289062
8762381,2018,2019-01-14,3711,2018-12-10,0643,18120014,,1,5,7,3711,0,0,0,,0,521,"F ST","PARK BL",0.00,,Y,B,-,N,,,,,,,,,,N,3,0,1,2,A,-,05,21651,B,M,-,B,A,A,H,-,B,D,0,,,,,Y,,-,,0,1,0,0,0,0,0,0,0,"- ","- ",32.713798522949219,-117.15380096435547,"SAN DIEGO","SAN DIEGO",-117.15374755859375,32.713638305664062
8764340,2018,2018-12-31,3711,2018-11-29,1503,7176,,4,5,7,3711,0,0,0,,0,526,"2ND AV","BEECH ST",135.00,N,N,B,C,N,,,,,,,,,,N,3,0,1,2,A,-,09,21802,A,N,G,B,D,B,H,-,A,D,0,Y,,,,Y,Y,-,,0,1,0,0,1,0,0,0,0,"- ","- ",,,"SAN DIEGO","SAN DIEGO",-117.16292572021484,32.721271514892578
8764413,2018,2019-05-07,3711,2018-11-30,1423,7815,,5,5,7,3711,0,0,0,,0,122,"BANDERA ST","CALUMET AV",18.00,E,N,A,-,N,,,,,,,,,,N,3,0,1,2,A,-,05,21460,A,N,G,B,E,A,H,-,A,D,0,Y,,Y,,Y,,C,03,0,1,0,0,0,0,0,0,1,"- ","- ",,,"SAN DIEGO","SAN DIEGO",-117.26765441894531,32.808536529541016
8764593,2018,2019-02-02,3711,2018-12-15,1439,7626,,6,5,7,3711,0,0,0,,0,526,"CEDAR ST","1ST AV",1.00,E,N,A,-,N,,,,,,,,,,N,2,0,1,2,A,-,09,21453,B,N,G,B,B,A,H,-,A,A,0,Y,,,,Y,,N,60,1,0,0,0,1,0,0,0,0,"- ","- ",,,"SAN DIEGO","SAN DIEGO",-117.16385650634766,32.722011566162109
8768338,2018,2019-01-08,3711,2018-11-20,1038,2505,SDSU,2,5,7,3711,0,0,0,,0,00W,"CANYON CREST DR","CANYON CREST",244.00,N,N,A,-,N,,,,,,,,,,N,4,0,1,2,A,-,11,21956,A,N,G,B,E,A,C,-,A,D,0,Y,,,,Y,,N,60,0,0,1,0,1,0,0,0,0,"- ","- ",32.777000427246094,-117.07599639892578,"SAN DIEGO","SAN DIEGO",-117.07607269287109,32.779048919677734
8768510,2018,2019-01-26,3711,2018-12-17,1827,5972,,1,5,7,3711,0,0,0,,0,614,"NEWPORT AV","EBERS ST",150.00,W,N,B,-,N,,,,,,,,,,N,2,0,1,2,A,-,11,21954,A,N,G,B,D,A,H,-,C,D,0,Y,,,,Y,,N,60,1,0,0,0,1,0,0,0,0,"- ","- ",,,"SAN DIEGO","SAN DIEGO",-117.24624633789062,32.743907928466797
8769617,2018,2019-01-29,3711,2018-12-15,1443,SD6366,,6,5,7,3711,0,0,0,,0,312,"EDGEPARK WY","ANTIGUA BL",8.00,S,N,A,-,N,,,,,,,,,,N,4,0,1,2,A,-,10,21950,A,N,G,B,B,A,H,-,A,D,0,Y,,,,Y,,A,01,0,0,1,0,1,0,0,0,0,"- ","- ",,,"SAN DIEGO","SAN DIEGO",-117.11199951171875,32.829410552978516
8771261,2018,2019-01-31,3711,2018-12-11,1010,6999,,2,5,7,3711,0,0,0,,0,523,"G ST","5TH AV",0.00,,Y,A,-,N,,,,,,,,,,N,4,0,1,2,A,-,17,22517,,N,D,G,A,A,H,-,A,D,0,,Y,,,Y,,D,22,0,0,1,0,0,0,1,0,0,"- ","- ",,,"SAN DIEGO","SAN DIEGO",-117.16014099121094,32.712570190429688
8772146,2018,2019-01-29,3711,2018-12-26,1131,8192,,3,5,7,3711,0,0,0,,0,838,"WIGHTMAN ST","36TH ST",0.00,W,N,A,-,N,,,,,,,,,,N,4,0,1,2,A,-,08,22107,,N,D,G,A,A,H,-,A,D,0,,Y,,,Y,,D,22,0,0,1,0,0,0,1,0,0,"- ","- ",,,"SAN DIEGO","SAN DIEGO",-117.11560821533203,32.747879028320312
8772491,2018,2019-01-16,3711,2018-12-29,1422,4769,"SAN D",6,5,7,3711,0,0,0,,0,124,"DRAPER AV","PEARL ST",4.00,N,N,A,-,N,,,,,,,,,,N,3,0,1,2,A,-,10,21950,A,N,D,B,B,A,H,-,A,A,0,Y,,,,Y,,-,,0,1,0,0,1,0,0,0,0,"- ","- ",,,"SAN DIEGO","SAN DIEGO",-117.27611541748047,32.839679718017578
8772504,2018,2019-01-12,3711,2018-12-18,0618,7821,,2,5,7,3711,0,0,0,,0,123,"INGRAHAM ST","VACATION RD",0.00,,Y,A,-,N,,,,,,,,,,N,3,0,1,3,A,-,10,21950,A,N,G,B,B,A,H,-,B,A,0,Y,,,,Y,,A,01,0,1,0,0,1,0,0,0,0,"- ","- ",,,"SAN DIEGO","SAN DIEGO",-117.23531341552734,32.774971008300781