CASE_ID,ACCIDENT_YEAR,PROC_DATE,JURIS,COLLISION_DATE,COLLISION_TIME,OFFICER_ID,REPORTING_DISTRICT,DAY_OF_WEEK,CHP_SHIFT,POPULATION,CNTY_CITY_LOC,SPECIAL_COND,BEAT_TYPE,CHP_BEAT_TYPE,CITY_DIVISION_LAPD,CHP_BEAT_CLASS,BEAT_NUMBER,PRIMARY_RD,SECONDARY_RD,DISTANCE,DIRECTION,INTERSECTION,WEATHER_1,WEATHER_2,STATE_HWY_IND,CALTRANS_COUNTY,CALTRANS_DISTRICT,STATE_ROUTE,ROUTE_SUFFIX,POSTMILE_PREFIX,POSTMILE,LOCATION_TYPE,RAMP_INTERSECTION,SIDE_OF_HWY,TOW_AWAY,COLLISION_SEVERITY,NUMBER_KILLED,NUMBER_INJURED,PARTY_COUNT,PRIMARY_COLL_FACTOR,PCF_CODE_OF_VIOL,PCF_VIOL_CATEGORY,PCF_VIOLATION,PCF_VIOL_SUBSECTION,HIT_AND_RUN,TYPE_OF_COLLISION,MVIW,PED_ACTION,ROAD_SURFACE,ROAD_COND_1,ROAD_COND_2,LIGHTING,CONTROL_DEVICE,CHP_ROAD_TYPE,PEDESTRIAN_ACCIDENT,BICYCLE_ACCIDENT,MOTORCYCLE_ACCIDENT,TRUCK_ACCIDENT,NOT_PRIVATE_PROPERTY,ALCOHOL_INVOLVED,STWD_VEHTYPE_AT_FAULT,CHP_VEHTYPE_AT_FAULT,COUNT_SEVERE_INJ,COUNT_VISIBLE_INJ,COUNT_COMPLAINT_PAIN,COUNT_PED_KILLED,COUNT_PED_INJURED,COUNT_BICYCLIST_KILLED,COUNT_BICYCLIST_INJURED,COUNT_MC_KILLED,COUNT_MC_INJURED,PRIMARY_RAMP,SECONDARY_RAMP,LATITUDE,LONGITUDE,COUNTY,CITY,POINT_X,POINT_Y
8778710,2018,2019-01-29,3711,2018-11-21,0930,SD6104,,3,5,7,3711,0,0,0,,0,813,"30TH ST","30TH ST 4145",0.00,,Y,A,-,N,,,,,,,,,,N,4,0,1,2,D,-,00,,,N,G,B,C,A,H,-,A,B,0,Y,,,,Y,Y,-,"- ",0,0,1,0,1,0,0,0,0,"- ","- ",,,"SAN DIEGO","SAN DIEGO",-117.13021517,32.753019819999999
8796636,2018,2019-03-06,3711,2018-08-02,1300,7309,,4,5,7,3711,0,0,0,,0,124,"WALL ST","WALL ST 1055",0.00,,N,A,-,N,,,,,,,,,,N,4,0,1,2,A,-,10,21954,B,N,G,B,E,A,H,-,A,D,0,Y,,,,Y,,A,01,0,0,1,0,1,0,0,0,0,"- ","- ",,,"SAN DIEGO","SAN DIEGO",-117.27365971,32.846849259999999
90150467,2016,2016-04-04,9645,2016-02-27,1848,019729,,6,2,7,3711,0,1,1,,2,003,"I-5 S/B TO SR-94 E/B","I-5 N/B",250.00,E,N,A,-,Y,,,5,,,,R,,S,N,1,1,0,2,A,-,11,21954,A,N,G,B,E,A,H,-,D,D,0,Y,,,,Y,,N,60,0,0,0,1,0,0,0,0,0,"- ","- ",32.713459999999998,-117.14641,"SAN DIEGO","SAN DIEGO",-117.14641,32.713459999999998
90157638,2016,2016-04-14,9645,2016-03-04,0146,019410,,5,3,7,3711,0,1,1,,2,003,"I-5 N/B TO SASSAFRASS ST.","W. OLIVE ST. (UC)",850.00,S,N,A,-,Y,,,5,,,,R,,N,N,3,0,1,2,A,-,11,21954,A,N,G,B,E,A,H,-,C,D,0,Y,,,,Y,Y,N,60,0,1,0,0,1,0,0,0,0,"- ","- ",32.73218,-117.17135999999999,"SAN DIEGO","SAN DIEGO",-117.17135999999999,32.73218
90275717,2016,2016-09-26,9645,2016-09-13,1430,017804,,2,2,7,3711,0,1,A,,2,752,"6111 BUSINESS CENTER CT (PARKING LOT)","BUSINESS CENTER COURT",220.00,S,N,A,-,N,,,,,,,,,,N,4,0,1,2,B,-,22,,,N,G,B,D,A,H,-,A,D,0,Y,,,,Y,,A,08,0,0,1,0,1,0,0,0,0,"- ","- ",32.568629999999999,-117.00351000000001,"SAN DIEGO","SAN DIEGO",-117.00541,32.569310000000002
90320217,2016,2016-11-15,9645,2016-10-20,1100,014669,,4,1,7,3711,0,1,1,,2,017,"I-15 N/B","POWAY ROAD O/C",422.00,N,N,A,-,Y,,,15,,,,,,N,Y,2,0,3,5,A,-,08,22107,,N,C,B,E,A,H,-,A,D,0,Y,,,,Y,Y,A,01,1,1,1,0,2,0,0,0,0,"- ","- ",32.950859999999999,-117.10424999999999,"SAN DIEGO","SAN DIEGO",-117.10396803,32.950690139999999
90449786,2017,2017-05-05,9645,2017-02-28,0442,020720,,2,3,7,3711,0,1,1,,2,011,"INTERSTATE 805 NORTHBOUND","LANDIS STREET OVERCROSS",950.00,S,N,B,-,Y,,,805,,,,,,N,Y,1,1,1,3,A,-,11,21954,A,N,G,B,D,A,H,-,C,D,0,Y,,,,Y,Y,N,60,0,0,1,1,0,0,0,0,0,"- ","- ",32.750999999999998,-117.123,"SAN DIEGO","SAN DIEGO",-117.12321776,32.75091055
90489629,2017,2017-09-13,9645,2017-06-03,2326,020515,,6,3,7,3711,0,1,1,,2,011,"INTERSTATE 805 NORTHBOUND","ADAMS AVENUE",264.00,N,N,A,-,Y,,,805,,,,,,N,Y,1,1,0,2,A,-,11,21954,A,N,G,B,E,A,H,-,D,D,0,Y,,,,Y,Y,N,60,0,0,0,1,0,0,0,0,0,"- ","- ",32.7639,-117.12739999999999,"SAN DIEGO","SAN DIEGO",-117.12747265,32.763875089999999
90528186,2017,2017-08-22,9645,2017-08-08,1950,017524,,2,2,7,3711,0,1,1,,2,013,"I-805 N/B","MURRAY RIDGE RD. O/C",528.00,N,N,A,-,Y,,,805,,,,,,N,N,3,0,1,2,A,-,11,21954,A,N,G,B,E,A,H,-,D,D,0,Y,,,,Y,,N,60,0,1,0,0,1,0,0,0,0,"- ","- ",32.788130000000002,-117.14763000000001,"SAN DIEGO","SAN DIEGO",-117.14773024,32.78805826
90604293,2017,2017-12-14,9645,2017-07-19,2120,018146,,3,2,7,3711,0,1,1,,2,005,"I-5 N/B","OLD TOWN AVE O/C",800.00,S,N,A,-,Y,,,5,,,,,,N,Y,1,1,1,3,A,-,00,21954,,N,G,B,E,A,H,-,C,D,0,Y,,,,Y,,N,60,0,1,0,1,0,0,0,0,0,"- ","- ",32.745159999999998,-117.18881,"SAN DIEGO","SAN DIEGO",-117.18866448,32.74547261
90633338,2017,2018-01-04,9645,2017-12-24,0228,021231,,7,3,7,3711,0,1,1,,2,011,"I-805 S/B TO SR-15 S/B","MAPLE ST.",200.00,N,N,A,-,Y,,,805,,,,R,,S,N,4,0,1,2,A,-,11,21954,A,N,G,B,E,A,H,-,D,D,0,Y,,,,Y,Y,N,60,0,0,1,0,1,0,0,0,0,"- ","- ",32.73556,-117.11479,"SAN DIEGO","SAN DIEGO",-117.11479,32.73556
90651298,2018,2018-01-30,9645,2018-01-04,1725,021601,,4,2,7,3711,0,1,1,,2,001,"I-5 N/B","CORONADO AVE O/C",582.00,S,N,A,-,Y,,,5,,,,,,N,N,1,1,0,2,A,-,11,21954,A,N,G,B,D,A,H,-,C,D,0,Y,,,,Y,,N,60,0,0,0,1,0,0,0,0,0,"- ","- ",32.575298309326172,-117.08120727539062,"SAN DIEGO","SAN DIEGO",-117.08123016357422,32.575283050537109
90686098,2018,2018-03-20,9645,2018-01-08,2115,013648,,1,2,7,3711,0,1,3,,2,006,"S.R. 94 WESTBOUND","I-5 S/B",10.00,E,N,B,-,Y,,,,,,,,,,N,2,0,1,2,A,-,11,21954,A,N,G,B,D,A,H,-,D,D,0,Y,,,,Y,,N,60,1,0,0,0,1,0,0,0,0,"- ","- ",32.695381164550781,-117.14772796630859,"SAN DIEGO","SAN DIEGO",,
90757867,2018,2018-06-28,9645,2018-06-09,1145,020867,,6,1,7,3711,0,1,1,,2,003,"I-5 SB TO SR-94 E/B",I-5,100.00,E,N,A,-,Y,,,5,,,,R,,S,N,3,0,1,2,A,-,11,21954,A,N,G,B,E,A,H,-,A,D,0,Y,,,,Y,,N,60,0,1,0,0,1,0,0,0,0,"- ","- ",32.714248657226562,-117.14647674560547,"SAN DIEGO","SAN DIEGO",-117.14647674560547,32.714248657226562
90797458,2018,2018-08-24,9645,2018-07-24,0511,014804,,2,3,7,3711,0,1,3,,2,025,"SR-163 (S/B)",SR-52,858.00,S,N,B,-,Y,,,163,,,,,,,Y,1,1,0,2,A,-,07,21658,A,N,H,G,A,A,H,-,D,A,0,,Y,,,Y,,L,04,0,0,0,0,0,1,0,0,0,"- ","- ",32.839260101318359,-117.13545989990234,"SAN DIEGO","SAN DIEGO",-117.13545227050781,32.839252471923828
90809317,2018,2018-09-10,9645,2018-08-28,1240,014625,,2,1,7,3711,0,1,1,,2,011,"I-805 N/B TO HOME AVENUE OFF-RAMP","HOME AVENUE (S/RDWY EDGE PROLONGATION)",4.00,S,N,A,-,Y,,,805,,,,R,,N,N,2,0,1,2,A,-,21,22106,,N,G,B,B,A,H,-,A,A,0,Y,,,,Y,,A,01,1,0,0,0,1,0,0,0,0,"- ","- ",32.726680755615234,-117.10224914550781,"SAN DIEGO","SAN DIEGO",-117.10224914550781,32.726680755615234
90814392,2018,2018-09-17,9645,2018-09-04,2048,021601,,2,2,7,3711,0,1,1,,2,003,"I-5 NB FROM FIRST AVE","FIRST AVE",260.00,N,N,A,-,Y,,,5,,,,R,,N,Y,2,0,1,2,A,-,01,23152,A,F,G,B,E,A,H,-,D,D,0,Y,,,,Y,Y,A,01,1,0,0,0,1,0,0,0,0,"- ","- ",32.724529266357422,-117.16458129882812,"SAN DIEGO","SAN DIEGO",-117.16458129882812,32.724529266357422
90853872,2018,2018-11-06,9645,2018-10-29,1048,017717,,1,1,7,3711,0,1,1,,2,005,"I-5 S/B FROM OLD TOWN AVE","OLD TOWNE AVE",20.00,S,N,B,-,Y,,,5,,,,R,,S,N,2,0,1,2,A,-,10,21950,A,N,G,B,B,A,H,-,A,D,0,Y,,,,Y,,A,01,1,0,0,0,1,0,0,0,0,"- ","- ",32.747028350830078,-117.19338226318359,"SAN DIEGO","SAN DIEGO",-117.19338226318359,32.747028350830078
5403032,2012,2012-01-31,3711,2012-01-01,1615,5051,,7,5,7,3711,0,0,0,,0,813,"HOWARD AV","30TH ST",0.00,,Y,A,-,N,,,,,,,,,,N,1,1,0,2,A,-,10,21950,A,N,G,B,D,A,H,-,A,A,0,Y,,,,Y,,A,07,0,0,0,1,0,0,0,0,0,"- ","- ",,,"SAN DIEGO","SAN DIEGO",-117.13018198,32.754074850000002
5403409,2012,2012-03-15,3711,2012-02-28,1835,5165,LINCO,2,5,7,3711,0,0,0,,0,446,"LOGAN AV","S 49TH ST",54.00,E,N,A,-,N,,,,,,,,,,N,1,1,0,2,A,-,11,21955,,N,G,B,D,A,H,-,C,A,0,Y,,,,Y,,N,60,0,0,0,1,0,0,0,0,0,"- ","- ",,,"SAN DIEGO","SAN DIEGO",-117.08929697000001,32.696792819999999
5455709,2012,2013-06-15,3711,2012-01-02,1735,6224,SD,1,5,7,3711,0,0,0,,0,831,"UNIVERSITY AV","44TH ST",0.00,,Y,A,-,N,,,,,,,,,,N,4,0,1,2,A,-,10,21950,A,N,G,B,B,A,H,-,C,A,0,Y,,,,Y,,-,"- ",0,0,1,0,1,0,0,0,0,"- ","- ",,,"SAN DIEGO","SAN DIEGO",-117.09983198,32.749594870000003
5455717,2012,2013-06-15,3711,2012-01-01,0154,6820,,7,5,7,3711,0,0,0,,0,614,"WEST POINT LOMA BL","CABLE ST",45.00,W,N,E,-,N,,,,,,,,,,N,4,0,1,2,A,-,11,21954,A,N,G,B,D,B,H,-,C,D,0,Y,,,,Y,Y,N,60,0,0,1,0,1,0,0,0,0,"- ","- ",,,"SAN DIEGO","SAN DIEGO",-117.24442624,32.751662799999998
5455741,2012,2013-06-15,3711,2012-01-01,0133,4495,,7,5,7,3711,0,0,0,,0,627,"6TH AV","UNIVERSITY AV",0.00,,Y,E,-,N,,,,,,,,,,N,2,0,2,3,A,-,11,21456,B,N,G,B,B,A,H,-,C,A,0,Y,,,,Y,Y,N,60,1,0,1,0,2,0,0,0,0,"- ","- ",,,"SAN DIEGO","SAN DIEGO",-117.15956199,32.748324770000004
5455860,2012,2013-09-16,3711,2012-01-01,1925,6002,,7,5,7,3711,0,0,0,,0,712,"SMYTHE  AV","RT 905",35.00,W,N,A,-,Y,SD,11,905,-,-,4.611,R,4,E,N,4,0,1,2,A,-,12,21453,A,N,G,B,B,A,H,-,C,A,0,Y,,,,Y,Y,N,,0,0,1,0,1,0,0,0,0,"- ",EO,,,"SAN DIEGO","SAN DIEGO",-117.04869180999999,32.568034779999998
5456134,2012,2013-06-24,3711,2012-01-16,1234,6492,,1,5,7,3711,0,0,0,,0,627,"4TH AV","5TH ST",0.00,,Y,A,-,N,,,,,,,,,,N,3,0,1,2,A,-,10,21950,C,N,G,B,C,A,H,-,A,D,0,Y,,,,Y,,-,"- ",0,1,0,0,1,0,0,0,0,"- ","- ",,,"SAN DIEGO","SAN DIEGO",-117.16165195000001,32.751234779999997
5456138,2012,2013-06-24,3711,2012-01-19,0709,6492,,4,5,7,3711,0,0,0,,0,624,"ADAMS AV","TEXAS ST",10.00,E,N,B,-,N,,,,,,,,,,N,3,0,1,2,A,-,04,21703,,N,C,G,A,A,H,-,A,D,0,,Y,,,Y,,L,04,0,1,0,0,0,0,1,0,0,"- ","- ",,,"SAN DIEGO","SAN DIEGO",-117.13893948,32.762845009999999
5457236,2012,2013-06-10,3711,2012-01-27,1447,6511,,5,5,7,3711,0,0,0,,0,122,"LORING ST","CASS ST",3.00,E,N,A,-,N,,,,,,,,,,N,3,0,1,2,-,-,"- ",,,N,D,G,A,A,H,-,A,A,0,,Y,,,Y,,-,"- ",0,1,0,0,0,0,1,0,0,"- ","- ",,,"SAN DIEGO","SAN DIEGO",-117.25442262999999,32.805767209999999
5457256,2012,2013-06-10,3711,2012-01-28,2005,4298,,6,5,7,3711,0,0,0,,0,311,"AERO DR","W CANYON AV",0.00,,Y,A,-,N,,,,,,,,,,N,3,0,1,2,A,-,10,21950,A,N,G,B,B,A,H,-,C,A,0,Y,,,,Y,,-,"- ",0,1,0,0,1,0,0,0,0,"- ","- ",,,"SAN DIEGO","SAN DIEGO",-117.12241203000001,32.808394790000001
5457272,2012,2013-06-11,3711,2012-01-28,0229,6080,,6,5,7,3711,0,0,0,,0,521,"10TH AV","F ST",81.00,S,N,A,-,N,,,,,,,,,,,4,0,1,2,D,-,00,,,F,G,B,E,A,H,-,C,D,0,Y,,,,Y,,-,"- ",0,0,1,0,1,0,0,0,0,"- ","- ",,,"SAN DIEGO","SAN DIEGO",-117.15563403,32.713372880000001
5457356,2012,2013-06-15,3711,2012-01-19,1635,5769,,4,5,7,3711,0,0,0,,0,511,"COMMERCIAL ST","28TH ST",1.00,N,N,A,-,N,,,,,,,,,,Y,3,0,1,2,A,-,"- ",,,N,H,G,A,A,H,-,A,D,0,,Y,,,Y,,L,04,0,1,0,0,0,0,1,0,0,"- ","- ",,,"SAN DIEGO","SAN DIEGO",-117.1338799,32.705290040000001
5457440,2012,2013-06-15,3711,2012-01-20,1405,05854,,5,5,7,3711,0,0,0,,0,529,"KALMIA ST","4TH AV",24.00,E,N,A,-,N,,,,,,,,,,N,4,0,1,2,A,-,21,22106,,N,G,B,D,-,H,-,A,A,0,Y,,,,Y,,-,,0,0,1,0,1,0,0,0,0,"- ","- ",,,"SAN DIEGO","SAN DIEGO",-117.16113412999999,32.730305639999997
5460156,2012,2013-06-21,3711,2012-01-28,1514,5051,,6,5,7,3711,0,0,0,,0,123,"WEST MISSION BAY DR","QUIVIRA ACCESS",340.00,W,N,A,-,N,,,,,,,,,,N,3,0,1,2,A,-,07,21658,A,M,D,G,A,A,H,-,A,A,0,,Y,,,Y,,-,99,0,1,0,0,0,0,1,0,0,"- ","- ",,,"SAN DIEGO","SAN DIEGO",-117.23898767999999,32.765796289999997
5461622,2012,2013-06-08,3711,2012-01-07,1652,5582,,6,5,7,3711,0,0,0,,0,627,"5TH AV","UNIVERSITY AV",528.00,N,N,A,-,N,,,,,,,,,,N,3,0,1,2,A,-,11,21955,,N,G,B,D,A,H,-,A,D,0,Y,,,,Y,,N,60,0,1,0,0,1,0,0,0,0,"- ","- ",,,"SAN DIEGO","SAN DIEGO",-117.16047055999999,32.749711140000002
5461670,2012,2013-06-08,3711,2012-01-19,1529,3815,,4,5,7,3711,0,0,0,,0,313,"RUFFIN RD","CHESAPEAKE DR",0.00,,Y,A,-,N,,,,,,,,,,N,4,0,1,2,A,-,10,21950,A,N,G,B,B,A,H,-,A,A,0,Y,,,,Y,,A,01,0,0,1,0,1,0,0,0,0,"- ","- ",,,"SAN DIEGO","SAN DIEGO",-117.12684195999999,32.837724819999998
5466740,2012,2013-06-19,3711,2012-01-01,1610,6737,,7,5,7,3711,0,0,0,,0,111,"GENESEE AV","MOUNT ETNA DR",0.00,,Y,A,-,N,,,,,,,,,,N,4,0,2,2,A,-,17,21451,A,N,D,G,A,A,H,-,A,A,0,,Y,,,Y,,-,"- ",0,0,2,0,0,0,2,0,0,"- ","- ",,,"SAN DIEGO","SAN DIEGO",-117.18305199,32.821324820000001
5467607,2012,2013-09-24,9645,2012-01-05,2153,17133,,4,2,7,3711,0,1,1,,2,003,"RT 5","RT 94",0.00,,-,A,-,Y,SD,11,5,-,R,15.640,R,2,S,Y,2,0,1,2,A,-,11,21954,A,N,G,B,E,A,H,-,C,D,1,Y,,,,Y,Y,N,60,1,0,0,0,1,0,0,0,0,TO,"- ",32.713349999999998,-117.14623,"SAN DIEGO","SAN DIEGO",-117.14918571,32.72210535
5468086,2012,2013-06-22,3711,2012-01-07,1010,05097,,6,5,7,3711,0,0,0,,0,524,"B ST","5TH AV",0.00,,Y,B,-,N,,,,,,,,,,N,3,0,1,2,A,-,08,22107,,M,G,B,F,A,H,-,A,A,0,Y,,,,Y,,-,"- ",0,1,0,0,1,0,0,0,0,"- ","- ",,,"SAN DIEGO","SAN DIEGO",-117.16019193,32.717784790000003
5482745,2012,2013-06-15,3711,2012-01-28,1101,6685,,6,5,7,3711,0,0,0,,0,826,"EL CAJON BL 4800","ESTRELLA AV",80.00,W,N,A,-,N,,,,,,,,,,N,4,0,1,2,A,-,08,22107,,N,A,B,F,A,H,-,A,D,0,Y,,,,Y,,-,"- ",0,0,1,0,1,0,0,0,0,"- ","- ",,,"SAN DIEGO","SAN DIEGO",,
5482903,2012,2013-06-13,3711,2012-01-26,0728,5142,,4,5,7,3711,0,0,0,,0,834,"MARLBOROUGH ST","WIGHTMAN ST",0.00,,N,A,-,N,,,,,,,,,,N,3,0,1,2,A,-,10,21950,A,N,G,B,B,A,A,-,A,A,0,Y,,,,Y,,D,22,0,1,0,0,1,0,0,0,0,"- ","- ",,,"SAN DIEGO","SAN DIEGO",-117.10573189,32.747774819999997
5483052,2012,2013-06-10,3711,2012-01-17,1540,5051,"SAN D",2,5,7,3711,0,0,0,,0,611,"LANNING RD","ROSECRANS ST",0.00,,Y,A,-,N,,,,,,,,,,N,3,0,2,4,A,-,10,21950,A,N,G,B,B,A,H,-,A,A,0,Y,,,,Y,,A,01,0,1,1,0,2,0,0,0,0,"- ","- ",,,"SAN DIEGO","SAN DIEGO",-117.22275993,32.732220050000002
5483080,2012,2013-06-08,3711,2012-01-11,1815,5787,,3,5,7,3711,0,0,0,,0,122,"INGRAHAM ST","LA PLAYA AV",270.00,S,N,A,-,N,,,,,,,,,,N,3,0,1,2,A,-,11,21954,A,N,B,B,E,A,E,-,D,D,0,Y,,,,Y,Y,N,60,0,1,0,0,1,0,0,0,0,"- ","- ",,,"SAN DIEGO","SAN DIEGO",-117.23728927000001,32.788029369999997
5483088,2012,2013-08-14,3711,2012-01-09,1542,5600,,1,5,7,3711,0,0,0,,0,311,"GREYLING DR","SANDROCK RD",246.00,W,N,A,-,N,,,,,,,,,,N,2,0,1,3,A,-,11,21954,A,N,G,B,D,A,H,-,A,D,0,Y,,,,Y,,N,60,1,0,0,0,1,0,0,0,0,"- ","- ",,,"SAN DIEGO","SAN DIEGO",-117.13943673,32.802381760000003
5484049,2012,2013-06-08,3711,2012-01-08,1047,5571,,7,5,7,3711,0,0,0,,0,627,"UNIVERSITY AV","4TH AV",0.00,,Y,A,-,N,,,,,,,,,,N,4,0,3,4,A,-,10,21950,A,N,G,B,B,A,H,-,A,A,0,Y,,,,Y,,-,"- ",0,0,3,0,3,0,0,0,0,"- ","- ",,,"SAN DIEGO","SAN DIEGO",-117.16163191,32.74825483
5490616,2012,2013-07-19,3711,2012-02-24,2105,4310,,5,5,7,3711,0,0,0,,0,123,"WEST MISSION BAY DR","MISSION BL",88.00,E,N,A,-,N,,,,,,,,,,N,3,0,1,2,A,-,08,22107,,N,B,G,A,A,H,-,C,D,0,,Y,,,Y,,L,04,0,1,0,0,0,0,1,0,0,"- ","- ",,,"SAN DIEGO","SAN DIEGO",-117.25097953,32.772062239999997
5494067,2012,2013-06-15,3711,2012-01-11,0915,5278,,3,5,7,3711,0,0,0,,0,115,"GENESEE AV","LA JOLLA VILLAGE DR",0.00,,Y,A,-,N,,,,,,,,,,N,3,0,1,2,-,-,"- ",,,M,G,B,B,A,H,-,A,A,0,Y,,,,Y,,-,"- ",0,1,0,0,1,0,0,0,0,"- ","- ",,,"SAN DIEGO","SAN DIEGO",-117.21419204,32.872614839999997
5494383,2012,2013-06-22,3711,2012-01-20,0120,4823,,5,5,7,3711,0,0,0,,0,122,"GRAND AV","LAMONT ST",25.00,W,N,B,-,N,,,,,,,,,,N,2,0,1,2,A,-,11,21956,,F,G,B,E,A,H,-,C,A,0,Y,,,,Y,Y,N,60,1,0,0,0,1,0,0,0,0,"- ","- ",,,"SAN DIEGO","SAN DIEGO",-117.23486029999999,32.799127210000002
5494387,2012,2013-06-22,3711,2012-01-07,0208,5865,,6,5,7,3711,0,0,0,,0,123,"MISSION BAY DR","GLENDORA ST",175.00,S,N,B,-,N,,,,,,,,,,N,2,0,1,2,A,-,11,21954,A,N,G,B,D,A,H,-,C,D,0,Y,,,,Y,Y,N,60,1,0,0,0,1,0,0,0,0,"- ","- ",,,"SAN DIEGO","SAN DIEGO",-117.21469541,32.801361819999997
5494391,2012,2013-06-22,3711,2012-01-18,1724,4897,,3,5,7,3711,0,0,0,,0,516,"MARKET ST","32ND ST",288.00,W,N,A,-,N,,,,,,,,,,N,2,0,1,2,A,-,05,21650,1,N,A,G,A,A,H,-,B,D,0,,Y,,,Y,,L,04,1,0,0,0,0,0,1,0,0,"- ","- ",,,"SAN DIEGO","SAN DIEGO",-117.12619505000001,32.71165045
5494465,2012,2013-06-20,3711,2012-01-09,1550,5250,,1,5,7,3711,0,0,0,,0,504,"NORTH HARBOR DR","ASH ST",375.00,S,N,A,-,N,,,,,,,,,,N,4,0,1,2,A,-,21,22106,,N,B,G,A,A,H,-,A,A,0,,Y,,,Y,,A,01,0,0,1,0,0,0,1,0,0,"- ","- ",,,"SAN DIEGO","SAN DIEGO",-117.17316658,32.718777549999999
5495660,2012,2013-06-12,3711,2012-01-01,1800,3661,SANDI,7,5,7,3711,0,0,0,,0,838,"40TH ST","POLK AV",295.00,N,N,A,-,N,,,,,,,,,,N,4,0,1,2,A,-,11,21954,A,N,G,B,D,A,H,-,C,D,0,Y,,,,Y,,N,60,0,0,1,0,1,0,0,0,0,"- ","- ",,,"SAN DIEGO","SAN DIEGO",-117.10941524,32.752302589999999
5495688,2012,2013-06-08,3711,2012-01-09,1300,6865,,1,5,7,3711,0,0,0,,0,122,"INGRAHAM ST","DIAMOND ST",0.00,,Y,A,-,N,,,,,,,,,,N,3,0,1,2,A,-,12,21453,A,N,D,G,A,A,H,-,A,A,0,,Y,,,Y,,-,"- ",0,1,0,0,0,0,1,0,0,"- ","- ",,,"SAN DIEGO","SAN DIEGO",-117.24175200000001,32.802564820000001
5495712,2012,2013-06-08,3711,2012-01-12,2214,6382,,4,5,7,3711,0,0,0,,0,315,"MISSION CENTER RD","CAM DE LA REINA",17.00,S,N,A,-,N,,,,,,,,,,N,3,0,1,2,A,-,12,21453,A,N,D,G,A,A,H,-,C,A,0,,Y,,,Y,,L,04,0,1,0,0,0,0,1,0,0,"- ","- ",,,"SAN DIEGO","SAN DIEGO",-117.15383559,32.768096810000003
5495732,2012,2013-06-08,3711,2012-01-13,0854,6444,,5,5,7,3711,0,0,0,,0,627,"UNIVERSITY AV","RICHMOND ST",0.00,,Y,A,F,N,,,,,,,,,,N,3,0,1,2,A,-,10,21950,A,N,G,B,B,A,H,-,A,A,0,Y,,,,Y,,-,"- ",0,1,0,0,1,0,0,0,0,"- ","- ",,,"SAN DIEGO","SAN DIEGO",-117.15127191000001,32.748564799999997
5495740,2012,2013-06-08,3711,2012-01-04,0900,6173,,3,5,7,3711,0,0,0,,0,116,"CLAIREMONT DR","BURGENER BL",400.00,N,N,A,-,N,,,,,,,,,,N,4,0,1,2,A,-,11,21955,,N,G,B,D,A,H,-,A,D,0,Y,,,,Y,,N,60,0,0,1,0,1,0,0,0,0,"- ","- ",,,"SAN DIEGO","SAN DIEGO",-117.19351992999999,32.795264670000002
5495755,2012,2013-06-08,3711,2012-01-06,1745,6686,,5,5,7,3711,0,0,0,,0,933,"DEL MAR HEIGHTS RD","CREST WY",0.00,,Y,A,-,N,,,,,,,,,,N,3,0,1,2,A,-,09,21804,B,N,D,G,A,A,H,-,B,A,0,,Y,,,Y,,-,"- ",0,1,0,0,0,0,1,0,0,"- ","- ",,,"SAN DIEGO","SAN DIEGO",-117.25508196,32.949334819999997
5496134,2012,2013-10-23,3711,2012-01-25,1637,6546,,3,5,7,3711,0,0,0,,0,813,"30TH ST","EL CAJON BL",0.00,,Y,A,-,N,,,,,,,,,,N,4,0,1,2,A,-,09,21453,C,N,D,G,A,A,H,-,A,A,0,,Y,,,Y,,L,04,0,0,1,0,0,0,1,0,0,"- ","- ",,,"SAN DIEGO","SAN DIEGO",-117.13019197,32.755234809999997
5496146,2012,2013-06-07,3711,2012-01-25,1007,5221,,3,5,7,3711,0,0,0,,0,524,"FRONT ST","W A ST",0.00,,Y,A,-,N,,,,,,,,,,N,4,0,1,2,A,-,10,21950,A,N,G,B,B,A,H,-,A,A,0,Y,,,,Y,,-,"- ",0,0,1,0,1,0,0,0,0,"- ","- ",,,"SAN DIEGO","SAN DIEGO",-117.16479203,32.718764849999999
5496482,2012,2013-06-19,3711,2012-01-20,2126,5582,,5,5,7,3711,0,0,0,,0,627,"W UNIVERSITY AV","DOVE ST",0.00,,Y,A,-,N,,,,,,,,,,N,3,0,1,2,A,-,10,21950,A,N,G,B,D,A,H,-,C,D,0,Y,,,,Y,,-,"- ",0,1,0,0,1,0,0,0,0,"- ","- ",,,"SAN DIEGO","SAN DIEGO",-117.16866199,32.748964790000002
5496483,2012,2013-07-13,3711,2012-02-02,0624,6143,,4,5,7,3711,0,0,0,,0,524,"11TH AV",BROADWAY,5.00,N,N,-,-,N,,,,,,,,,,N,3,0,1,2,A,-,10,21950,A,N,G,B,B,-,-,-,-,A,0,Y,,,,Y,,-,"- ",0,1,0,0,1,0,0,0,0,"- ","- ",,,"SAN DIEGO","SAN DIEGO",-117.1547119,32.715728460000001