CASE_ID,ACCIDENT_YEAR,PROC_DATE,JURIS,COLLISION_DATE,COLLISION_TIME,OFFICER_ID,REPORTING_DISTRICT,DAY_OF_WEEK,CHP_SHIFT,POPULATION,CNTY_CITY_LOC,SPECIAL_COND,BEAT_TYPE,CHP_BEAT_TYPE,CITY_DIVISION_LAPD,CHP_BEAT_CLASS,BEAT_NUMBER,PRIMARY_RD,SECONDARY_RD,DISTANCE,DIRECTION,INTERSECTION,WEATHER_1,WEATHER_2,STATE_HWY_IND,CALTRANS_COUNTY,CALTRANS_DISTRICT,STATE_ROUTE,ROUTE_SUFFIX,POSTMILE_PREFIX,POSTMILE,LOCATION_TYPE,RAMP_INTERSECTION,SIDE_OF_HWY,TOW_AWAY,COLLISION_SEVERITY,NUMBER_KILLED,NUMBER_INJURED,PARTY_COUNT,PRIMARY_COLL_FACTOR,PCF_CODE_OF_VIOL,PCF_VIOL_CATEGORY,PCF_VIOLATION,PCF_VIOL_SUBSECTION,HIT_AND_RUN,TYPE_OF_COLLISION,MVIW,PED_ACTION,ROAD_SURFACE,ROAD_COND_1,ROAD_COND_2,LIGHTING,CONTROL_DEVICE,CHP_ROAD_TYPE,PEDESTRIAN_ACCIDENT,BICYCLE_ACCIDENT,MOTORCYCLE_ACCIDENT,TRUCK_ACCIDENT,NOT_PRIVATE_PROPERTY,ALCOHOL_INVOLVED,STWD_VEHTYPE_AT_FAULT,CHP_VEHTYPE_AT_FAULT,COUNT_SEVERE_INJ,COUNT_VISIBLE_INJ,COUNT_COMPLAINT_PAIN,COUNT_PED_KILLED,COUNT_PED_INJURED,COUNT_BICYCLIST_KILLED,COUNT_BICYCLIST_INJURED,COUNT_MC_KILLED,COUNT_MC_INJURED,PRIMARY_RAMP,SECONDARY_RAMP,LATITUDE,LONGITUDE,COUNTY,CITY,POINT_X,POINT_Y
5496486,2012,2013-06-19,3711,2012-01-27,1623,6000,,5,5,7,3711,0,0,0,,0,121,"OCEAN FRONT WALK","ORMOND CT",129.00,S,N,A,-,N,,,,,,,,,,N,3,0,2,3,B,-,22,,,N,B,G,A,A,H,-,A,D,0,,Y,,,Y,Y,L,04,0,2,0,0,0,0,2,0,0,"- ","- ",,,"SAN DIEGO","SAN DIEGO",-117.25342479,32.781052090000003
5496487,2012,2013-07-13,3711,2012-02-02,1103,5221,,4,5,7,3711,0,0,0,,0,522,"MARKET ST","4TH AV",0.00,,Y,A,-,N,,,,,,,,,,N,3,0,1,2,A,-,10,21950,A,N,G,B,B,A,H,-,A,A,0,Y,,,,Y,,-,"- ",0,1,0,0,1,0,0,0,0,"- ","- ",,,"SAN DIEGO","SAN DIEGO",-117.16105197,32.711484859999999
5496490,2012,2013-06-18,3711,2012-01-28,1510,6750,,6,5,7,3711,0,0,0,,0,813,"MADISON AV","UTAH ST",3.00,E,N,A,-,N,,,,,,,,,,N,3,0,1,2,A,-,12,22450,A,N,B,G,A,A,H,-,A,D,0,,Y,,,Y,,L,04,0,1,0,0,0,0,1,0,0,"- ","- ",,,"SAN DIEGO","SAN DIEGO",-117.13267217000001,32.761004919999998
5496494,2012,2013-06-19,3711,2012-01-21,1956,6534,,6,5,7,3711,0,0,0,,0,813,"EL CAJON BL","OREGON ST",12.00,E,N,B,-,N,,,,,,,,,,N,4,0,1,2,A,-,10,21950,A,N,G,B,B,A,H,-,C,A,0,Y,,,,Y,Y,D,22,0,0,1,0,1,0,0,0,0,"- ","- ",,,"SAN DIEGO","SAN DIEGO",-117.135113,32.755224769999998
5496503,2012,2013-07-13,3711,2012-02-04,0915,5811,,6,5,7,3711,0,0,0,,0,512,"COMMERCIAL ST","19TH ST",93.00,E,N,A,-,N,,,,,,,,,,N,3,0,1,1,A,-,17,21712,,N,H,G,A,A,H,-,A,D,0,,Y,,,Y,,-,"- ",0,1,0,0,0,0,1,0,0,"- ","- ",,,"SAN DIEGO","SAN DIEGO",-117.14642061000001,32.705221340000001
5496511,2012,2013-07-13,3711,2012-02-03,1610,4757,,5,5,7,3711,0,0,0,,0,531,"UPAS ST","ARNOLD AV",0.00,,Y,A,-,N,,,,,,,,,,N,3,0,1,2,A,-,12,22450,A,N,H,G,A,A,H,-,A,A,0,,Y,,,Y,,-,"- ",0,1,0,0,0,0,1,0,0,"- ","- ",,,"SAN DIEGO","SAN DIEGO",-117.13687203000001,32.74094478
5496519,2012,2013-07-13,3711,2012-02-04,1206,5666,,6,5,7,3711,0,0,0,,0,327,MONTEZUMA,"RESERVOIR DR",22.00,E,N,A,-,N,,,,,,,,,,N,2,0,1,2,A,-,10,21950,A,N,G,B,B,A,H,-,A,A,0,Y,,,,Y,,-,"- ",1,0,0,0,1,0,0,0,0,"- ","- ",,,"SAN DIEGO","SAN DIEGO",-117.05648262,32.768990420000002
5496553,2012,2013-06-19,3711,2012-01-03,0738,6540,,2,5,7,3711,0,0,0,,0,512,OCEANVIEW,"S 33RD",12.00,E,N,A,-,N,,,,,,,,,,N,3,0,2,3,A,-,10,21950,A,N,G,B,B,A,H,-,A,A,0,Y,,,,Y,,A,01,0,2,0,0,2,0,0,0,0,"- ","- ",,,"SAN DIEGO","SAN DIEGO",-117.12252302,32.701184759999997
5502380,2012,2013-07-10,3711,2012-02-05,0805,5747,,7,5,7,3711,0,0,0,,0,611,"CAMINO DEL RIO W","CAMINO DEL RIO W 3700",3.00,E,N,A,-,N,,,,,,,,,,N,3,0,1,2,A,-,17,21461,A,N,D,G,A,A,H,-,A,D,0,,Y,,,Y,,L,04,0,1,0,0,0,0,1,0,0,"- ","- ",,,"SAN DIEGO","SAN DIEGO",,
5502395,2012,2013-07-10,3711,2012-02-07,0805,3900,,2,5,7,3711,0,0,0,,0,524,"10TH ST","A ST",12.00,S,N,B,-,N,,,,,,,,,,N,4,0,1,2,A,-,10,21950,C,N,-,B,D,A,H,-,A,A,0,Y,,,,Y,,-,"- ",0,0,1,0,1,0,0,0,0,"- ","- ",,,"SAN DIEGO","SAN DIEGO",-117.15562318000001,32.71879191
5502399,2012,2013-07-10,3711,2012-02-03,0752,6143,,5,5,7,3711,0,0,0,,0,521,"G ST","PARK BL",24.00,E,N,A,-,N,,,,,,,,,,N,3,0,1,2,A,-,08,22101,D,N,G,B,D,A,H,-,A,A,0,Y,,,,Y,,-,"- ",0,1,0,0,1,0,0,0,0,"- ","- ",,,"SAN DIEGO","SAN DIEGO",-117.15373414,32.712573919999997
5510054,2012,2013-06-29,3711,2012-02-29,0820,5429,,3,5,7,3711,0,0,0,,0,612,"ROSECRANS ST","ROSECRANS ST 3000",4.00,E,N,A,-,N,,,,,,,,,,N,4,0,1,2,A,-,11,21955,,N,G,B,D,A,H,-,A,A,0,Y,,,,Y,,N,60,0,0,1,0,1,0,0,0,0,"- ","- ",,,"SAN DIEGO","SAN DIEGO",,
5511723,2012,2013-07-12,3711,2012-02-10,2226,5985,,5,5,7,3711,0,0,0,,0,523,"5TH AV","K ST",0.00,,Y,A,-,N,,,,,,,,,,N,4,0,1,2,A,-,09,21801,A,N,D,G,A,A,H,-,C,A,0,,Y,,,Y,,A,01,0,0,1,0,0,0,1,0,0,"- ","- ",,,"SAN DIEGO","SAN DIEGO",-117.16011195,32.70831484
5511735,2012,2013-07-11,3711,2012-02-11,2327,6104,,6,5,7,3711,0,0,0,,0,624,"MEADE AV","FLORIDA ST",0.00,,Y,B,-,N,,,,,,,,,,N,4,0,1,2,A,-,12,22450,A,N,D,G,A,A,H,-,C,D,0,,Y,,,Y,,L,04,0,0,1,0,0,0,1,0,0,"- ","- ",,,"SAN DIEGO","SAN DIEGO",-117.14380195,32.757214830000002
5512847,2012,2013-06-21,3711,2012-01-19,2017,6825,,4,5,7,3711,0,0,0,,0,242,"BLACK MOUNTAIN RD","GEMINI AV",0.00,,Y,A,-,N,,,,,,,,,,N,3,0,1,2,A,-,09,21801,A,N,G,G,A,A,H,-,C,A,0,,Y,,,Y,,-,"- ",0,1,0,0,0,0,1,0,0,"- ","- ",,,"SAN DIEGO","SAN DIEGO",-117.12515193999999,32.919304820000001
5514240,2012,2013-07-06,3711,2012-02-29,1625,4132,,3,5,7,3711,0,0,0,,0,503,"ACCESS RD","NORTH HARBOR DR",0.00,,Y,A,-,N,,,,,,,,,,N,3,0,1,2,A,-,17,21208,B,N,D,G,A,A,H,-,A,A,0,,Y,,,Y,,L,04,0,1,0,0,0,0,1,0,0,"- ","- ",,,"SAN DIEGO","SAN DIEGO",,
5514382,2012,2013-06-18,3711,2012-01-26,1253,6323,,4,5,7,3711,0,0,0,,0,527,"WEST LAUREL ST","KETTNER BL",6.00,W,N,A,-,N,,,,,,,,,,N,4,0,1,2,A,-,10,21950,A,N,G,B,B,A,H,-,A,A,0,Y,,,,Y,,-,"- ",0,0,1,0,1,0,0,0,0,"- ","- ",,,"SAN DIEGO","SAN DIEGO",-117.17201003,32.730028799999999
5515012,2012,2013-07-20,3711,2012-03-11,1427,6000,,7,5,7,3711,0,0,0,,0,444,"39TH ST","F ST",9.00,N,N,A,-,N,,,,,,,,,,N,4,0,1,2,A,-,03,22350,,N,D,G,A,A,H,-,A,D,0,,Y,,,Y,,L,04,0,0,1,0,0,0,1,0,0,"- ","- ",,,"SAN DIEGO","SAN DIEGO",-117.11074256000001,32.713479409999998
5515975,2012,2013-07-06,3711,2012-02-23,1651,6731,,4,5,7,3711,0,0,0,,0,831,"ORANGE AV","MENLO AV",12.00,W,N,A,-,N,,,,,,,,,,N,4,0,1,2,A,-,11,21950,B,N,G,B,D,A,H,-,A,D,0,Y,,Y,,Y,,N,60,0,0,1,0,1,0,0,0,0,"- ","- ",,,"SAN DIEGO","SAN DIEGO",-117.09444078999999,32.753115129999998
5517289,2012,2013-07-19,3711,2012-02-11,1113,5197,,6,5,7,3711,0,0,0,,0,613,"CATALINA BL","UDALL ST",30.00,N,N,A,-,N,,,,,,,,,,N,2,0,1,2,A,-,11,21950,B,N,G,B,D,A,H,-,A,D,0,Y,,,,Y,,N,60,1,0,0,0,1,0,0,0,0,"- ","- ",,,"SAN DIEGO","SAN DIEGO",-117.23546438,32.743011019999997
5517339,2012,2013-07-13,3711,2012-02-15,1634,6820,,3,5,7,3711,0,0,0,,0,613,"FAMOSA BL","VOLTARIE BL",0.00,,Y,B,-,N,,,,,,,,,,N,3,0,1,2,A,-,12,21453,A,N,G,B,A,B,H,-,A,A,0,,,,,Y,,-,"- ",0,1,0,0,0,0,0,0,0,"- ","- ",,,"SAN DIEGO","SAN DIEGO",,
5517545,2012,2013-06-28,3711,2012-01-31,1649,5824,,2,5,7,3711,0,0,0,,0,124,"GIRARD AV","PEARL ST",0.00,,Y,A,-,N,,,,,,,,,,N,2,0,1,2,A,-,09,21804,A,N,D,G,A,A,H,-,A,A,0,,Y,,,Y,,L,04,1,0,0,0,0,0,1,0,0,"- ","- ",,,"SAN DIEGO","SAN DIEGO",-117.27251204,32.840504860000003
5518260,2012,2013-06-27,3711,2012-02-13,1630,132,"SAN D",1,5,7,3711,0,0,0,,0,111,"MESA COLLEGE DR","MESA COLLEGE CIR",0.00,,Y,C,-,N,,,,,,,,,,N,4,0,1,2,A,-,17,21462,,N,G,B,D,B,-,-,A,A,0,Y,,,,Y,,N,60,0,0,1,0,1,0,0,0,0,"- ","- ",,,"SAN DIEGO","SAN DIEGO",-117.16487195000001,32.804084879999998
5518262,2012,2013-07-06,3711,2012-02-15,2135,4576,,3,5,7,3711,0,0,0,,0,822,"EL CAJON BL","DAYTON ST",0.00,,Y,B,-,N,,,,,,,,,,N,2,0,1,2,A,-,17,21451,A,F,D,G,A,B,H,-,C,A,0,,Y,,,Y,,-,99,1,0,0,0,0,0,1,0,0,"- ","- ",,,"SAN DIEGO","SAN DIEGO",-117.07743189,32.758174850000003
5518289,2012,2013-07-02,3711,2012-02-17,1844,6034,,5,5,7,3711,0,0,0,,0,627,"1ST AV","UNIVERSITY AV",0.00,,Y,A,-,N,,,,,,,,,,N,3,0,1,2,A,-,10,21950,A,N,G,B,B,A,H,-,C,A,0,Y,,,,Y,,A,01,0,1,0,0,1,0,0,0,0,"- ","- ",,,"SAN DIEGO","SAN DIEGO",-117.16391201,32.748234840000002
5518308,2012,2013-06-27,3711,2012-02-19,2034,6391,,7,5,7,3711,0,0,0,,0,813,"EL CAJON BL","ILLINOIS ST",21.00,E,N,A,-,N,,,,,,,,,,N,3,0,1,2,A,-,11,21954,A,N,G,B,D,A,H,-,C,D,0,Y,,,,Y,Y,N,60,0,1,0,0,1,0,0,0,0,"- ","- ",,,"SAN DIEGO","SAN DIEGO",-117.12767382,32.755394770000002
5518410,2012,2013-07-06,3711,2012-02-21,1737,6332,,2,5,7,3711,0,0,0,,0,833,"EUCLID AV","LANTANA DR",6.00,N,N,B,-,N,,,,,,,,,,Y,3,0,1,2,C,-,18,,,M,G,B,E,A,H,-,B,D,0,Y,,,,Y,,-,"- ",0,1,0,0,1,0,0,0,0,"- ","- ",,,"SAN DIEGO","SAN DIEGO",-117.09233166999999,32.7466212
5518619,2012,2013-07-11,3711,2012-01-13,2025,6736,,5,5,7,3711,0,0,0,,0,524,"B ST","9TH AV",3.00,E,N,A,-,N,,,,,,,,,,,4,0,1,2,A,-,11,21950,B,N,D,B,A,A,H,-,C,A,0,,,,,Y,,-,"- ",0,0,1,0,0,0,0,0,0,"- ","- ",,,"SAN DIEGO","SAN DIEGO",-117.15654218,32.71779497
5518637,2012,2013-06-28,3711,2012-02-22,0819,5571,,3,5,7,3711,0,0,0,,0,623,"HOTEL CIRCLE SOUTH","TAYLOR ST",0.00,,Y,A,-,N,,,,,,,,,,N,3,0,1,2,A,-,09,21801,A,N,D,G,A,A,H,-,A,A,0,,Y,,,Y,,-,"- ",0,1,0,0,0,0,1,0,0,"- ","- ",,,"SAN DIEGO","SAN DIEGO",-117.18839203,32.759274810000001
5524002,2012,2013-07-09,3711,2012-02-26,0931,5514,,7,5,7,3711,0,0,0,,0,121,"SANTA CLARA PL","BAYSIDE WALK",0.00,,Y,A,-,N,,,,,,,,,,N,4,0,1,2,-,-,"- ",,,N,D,G,A,A,H,-,A,A,0,,Y,,,Y,,-,"- ",0,0,1,0,0,0,1,0,0,"- ","- ",,,"SAN DIEGO","SAN DIEGO",-117.251222,32.78270483
5526212,2012,2013-08-03,3711,2012-03-02,0643,6003,3711,5,5,7,3711,0,0,0,,0,446,"OCEAN VIEW BL","SOUTH 47TH ST",4.00,N,N,A,-,N,,,,,,,,,,N,3,0,1,2,A,-,08,22107,,N,D,G,A,A,H,-,A,A,0,,Y,,,Y,,L,04,0,1,0,0,0,0,1,0,0,"- ","- ",,,"SAN DIEGO","SAN DIEGO",-117.09371994,32.700430040000001
5526222,2012,2013-09-19,3711,2012-03-02,1550,4507,"SAN D",5,5,7,3711,0,0,0,,0,111,"BALBOA AV","CARRINGTON DR",0.00,,Y,A,-,N,,,,,,,,,,N,3,0,1,2,A,-,11,21456,B,N,G,B,B,A,H,-,A,A,0,Y,,,,Y,,N,60,0,1,0,0,1,0,0,0,0,"- ","- ",,,"SAN DIEGO","SAN DIEGO",-117.17151993,32.820360030000003
5532862,2012,2013-07-27,9645,2012-03-09,1405,15194,,5,2,7,3711,1,4,S,,2,901,"CHANDLER DR","MOUNT ABERNATHY AV",0.00,,Y,A,-,N,,,,,,,,,,N,4,0,1,2,A,-,03,22350,,N,D,G,A,A,H,-,A,A,0,,Y,,,Y,,L,04,0,0,1,0,0,0,1,0,0,"- ","- ",32.825989999999997,-117.17289,"SAN DIEGO","SAN DIEGO",-117.173112,32.826024799999999
5538484,2012,2013-08-03,3711,2012-03-07,2055,4576,,3,5,7,3711,0,0,0,,0,813,"32ND ST","UNIVERSITY AV",0.00,,Y,A,-,N,,,,,,,,,,N,4,0,1,2,A,-,08,22107,,N,D,G,A,A,H,-,C,A,0,,Y,,,Y,,A,01,0,0,1,0,0,0,1,0,0,"- ","- ",,,"SAN DIEGO","SAN DIEGO",-117.12522195,32.748474829999999
5538515,2012,2013-08-03,3711,2012-03-08,1130,3661,"SAN D",4,5,7,3711,0,0,0,,0,123,"INGRAHAM ST","CROWN POINT DR",259.00,S,N,A,-,N,,,,,,,,,,N,3,0,1,1,C,-,18,,,N,H,G,A,A,H,-,A,D,0,,Y,,,Y,,-,"- ",0,1,0,0,0,0,1,0,0,"- ","- ",,,"SAN DIEGO","SAN DIEGO",-117.23617877,32.779169000000003
5538536,2012,2013-08-03,3711,2012-03-13,0900,5812,,2,5,7,3711,0,0,0,,0,122,"PICO ST","GARNET AV",0.00,,Y,A,-,N,,,,,,,,,,N,4,0,1,2,A,-,10,21952,,N,G,B,B,A,H,-,A,D,0,Y,,,,Y,,A,01,0,0,1,0,1,0,0,0,0,"- ","- ",,,"SAN DIEGO","SAN DIEGO",-117.22286201999999,32.805294770000003
5542676,2012,2012-05-10,3711,2012-04-18,1534,5600,,3,5,7,3711,0,0,0,,0,326,"MONTEZUMA RD","EAST FAIRMONT AV",0.00,,N,A,-,N,,,,,,,,,,Y,1,1,0,2,A,-,08,22107,,N,H,G,A,A,H,-,A,D,0,,Y,,,Y,,A,07,0,0,0,0,0,1,0,0,0,"- ","- ",,,"SAN DIEGO","SAN DIEGO",-117.09720192,32.772444870000001
5545388,2012,2013-07-20,3711,2012-02-28,0030,4576,,2,5,7,3711,0,0,0,,0,829,"EUCLID AV","THORN ST",286.00,S,N,B,-,N,,,,,,,,,,N,3,0,1,2,A,-,11,21954,A,F,G,B,E,B,H,-,D,D,0,Y,,,,Y,,N,60,0,1,0,0,1,0,0,0,0,"- ","- ",,,"SAN DIEGO","SAN DIEGO",-117.09228974,32.739521439999997
5549935,2012,2013-08-05,3711,2012-03-26,0515,6010,SANDI,1,5,7,3711,0,0,0,,0,511,"MAIN ST","MAIN ST 3700",18.00,N,N,B,-,N,,,,,,,,,,N,3,0,1,2,A,-,03,22350,,N,D,G,A,A,H,-,C,A,0,,Y,,,Y,,-,"- ",0,1,0,0,0,0,1,0,0,"- ","- ",,,"SAN DIEGO","SAN DIEGO",,
5549955,2012,2013-09-19,3711,2012-03-24,1846,4495,,6,5,7,3711,0,0,0,,0,628,"WEST LAUREL ST","COLUMBIA ST",0.00,,Y,A,-,N,,,,,,,,,,N,4,0,1,2,A,-,05,21650,1,N,D,G,A,A,H,-,A,D,0,,Y,,,Y,,L,04,0,0,1,0,0,0,1,0,0,"- ","- ",,,"SAN DIEGO","SAN DIEGO",-117.17031194,32.730564770000001
5552587,2012,2013-08-05,3711,2012-03-29,0722,5662,,4,5,7,3711,0,0,0,,0,241,"SCRIPPS LAKE DR","TREENA ST",407.00,E,N,B,-,N,,,,,,,,,,N,2,0,1,2,A,-,11,21950,B,N,G,B,D,A,H,-,A,D,0,Y,,,,Y,,N,60,1,0,0,0,1,0,0,0,0,"- ","- ",,,"SAN DIEGO","SAN DIEGO",-117.11255771,32.910588429999997
5555312,2012,2013-07-24,3711,2012-03-28,1530,6267,,3,5,7,3711,0,0,0,,0,813,"WIGHTMAN ST","ARIZONA ST",0.00,,Y,A,-,N,,,,,,,,,,N,3,0,1,2,A,-,12,22450,,N,H,G,A,A,H,-,A,A,0,,Y,,,Y,,L,04,0,1,0,0,0,0,1,0,0,"- ","- ",,,"SAN DIEGO","SAN DIEGO",-117.13796201,32.74755485
5555329,2012,2013-07-24,3711,2012-03-22,1934,5600,,4,5,7,3711,0,0,0,,0,115,"LA JOLLA VILLAGE DR","LEBON DR",229.00,W,N,A,-,N,,,,,,,,,,N,3,0,1,2,A,-,11,21954,A,N,G,B,D,A,H,-,C,D,0,Y,,,,Y,Y,N,60,0,1,0,0,1,0,0,0,0,"- ","- ",,,"SAN DIEGO","SAN DIEGO",-117.22426151000001,32.871124569999999
5555341,2012,2013-07-24,3711,2012-03-30,1507,6486,"SAN D",5,5,7,3711,0,0,0,,0,517,"30TH ST","C ST",0.00,,Y,A,-,N,,,,,,,,,,N,4,0,1,2,A,-,08,22107,,N,B,G,A,A,H,-,A,D,0,,Y,,,Y,,-,"- ",0,0,1,0,0,0,1,0,0,"- ","- ",,,"SAN DIEGO","SAN DIEGO",-117.12960201999999,32.716904800000002
5555352,2012,2013-07-25,3711,2012-03-29,1505,6865,,4,5,7,3711,0,0,0,,0,313,"CLAIREMONT MESA BL","COMPLEX ST",0.00,,Y,A,-,N,,,,,,,,,,N,3,0,1,2,A,-,10,21950,A,N,G,B,B,A,H,-,A,A,0,Y,,,,Y,,-,"- ",0,1,0,0,1,0,0,0,0,"- ","- ",,,"SAN DIEGO","SAN DIEGO",-117.13481199,32.831504809999998
5557396,2012,2013-07-27,3711,2012-03-30,1918,5585,,5,5,7,3711,0,0,0,,0,611,"TALBOT ST","ROSECRANS ST",0.00,,Y,A,-,N,,,,,,,,,,N,3,0,1,2,A,-,10,21950,A,N,G,B,B,A,H,-,C,A,0,Y,,,,Y,,A,01,0,1,0,0,1,0,0,0,0,"- ","- ",,,"SAN DIEGO","SAN DIEGO",-117.23285202,32.720244809999997
5558260,2012,2013-07-30,3711,2012-03-22,0738,4923,,4,5,7,3711,0,0,0,,0,242,"GALVIN AV","ICE SKATE PL",8.00,W,N,A,-,N,,,,,,,,,,N,3,0,1,3,A,-,09,21802,A,N,G,B,B,A,H,-,A,A,0,Y,,,,Y,,-,"- ",0,1,0,0,1,0,0,0,0,"- ","- ",,,"SAN DIEGO","SAN DIEGO",-117.12203767,32.92044765
5558501,2012,2013-07-27,3711,2012-03-20,1945,4421,,2,5,7,3711,0,0,0,,0,934,"CARMEL CREEK RD","CARMEL COUNTRY RD",0.00,,Y,A,-,N,,,,,,,,,,N,4,0,1,2,A,-,12,21453,A,N,D,G,A,A,H,-,C,A,0,,Y,,,Y,,L,04,0,0,1,0,0,0,1,0,0,"- ","- ",,,"SAN DIEGO","SAN DIEGO",-117.22695204,32.947124899999999
5563183,2012,2012-09-14,3711,2012-08-16,1339,4653,,4,5,7,3711,0,0,0,,0,521,"16TH ST","ISLAND AV",0.00,,Y,B,-,N,,,,,,,,,,N,4,0,1,2,A,-,09,21804,A,N,D,G,A,A,H,-,A,A,0,,Y,,,Y,,L,04,0,0,1,0,0,0,1,0,0,"- ","- ",,,"SAN DIEGO","SAN DIEGO",-117.14951197000001,32.710414780000001
5564308,2012,2013-08-06,3711,2012-03-28,1400,6695,,3,5,7,3711,0,0,0,,0,826,"49TH ST","POLK AV",150.00,S,N,A,-,N,,,,,,,,,,N,3,0,1,2,A,-,11,21954,A,M,G,B,D,A,H,-,A,D,0,Y,,,,Y,,N,60,0,1,0,0,1,0,0,0,0,"- ","- ",,,"SAN DIEGO","SAN DIEGO",-117.08907643000001,32.750903919999999
5564496,2012,2013-08-03,3711,2012-03-27,0830,6058,,2,5,7,3711,0,0,0,,0,321,"RANCHO MISSION RD","RANCHO MISSION RD 6100",528.00,,N,A,-,N,,,,,,,,,,N,4,0,1,2,A,-,10,21952,,N,G,B,F,A,H,-,A,D,0,Y,,,,Y,,-,"- ",0,0,1,0,1,0,0,0,0,"- ","- ",,,"SAN DIEGO","SAN DIEGO",,
5575476,2012,2013-08-21,3711,2012-04-03,1659,5226,,2,5,7,3711,0,0,0,,0,517,"25TH ST","B ST",9.00,N,N,A,-,N,,,,,,,,,,N,3,0,1,2,A,-,12,22450,A,N,D,G,A,A,H,-,A,A,0,,Y,,,Y,,L,04,0,1,0,0,0,0,1,0,0,"- ","- ",,,"SAN DIEGO","SAN DIEGO",-117.14033262,32.717909409999997
5575479,2012,2013-08-21,3711,2012-04-06,1533,4243,,5,5,7,3711,0,0,0,,0,126,"LA JOLLA VILLAGE DR","VILLA LA JOLLA DR",62.00,E,N,A,-,N,,,,,,,,,,N,4,0,1,2,A,-,10,21952,,N,G,B,F,A,H,-,A,D,0,Y,,,,Y,,A,01,0,0,1,0,1,0,0,0,0,"- ","- ",,,"SAN DIEGO","SAN DIEGO",-117.23372071,32.87160257
5575829,2012,2013-08-29,3711,2012-04-13,0842,5197,,5,5,7,3711,0,0,0,,0,126,"NORTH TORREY PINES RD","ALMAHURST ROW",8.00,N,N,B,-,N,,,,,,,,,,N,3,0,1,2,A,-,12,22450,A,N,G,B,B,A,H,-,A,A,0,Y,,,Y,Y,,F,26,0,1,0,0,1,0,0,0,0,"- ","- ",,,"SAN DIEGO","SAN DIEGO",-117.2439518,32.881066689999997
5576375,2012,2013-08-19,3711,2012-04-06,1500,4495,,5,5,7,3711,0,0,0,,0,313,"AERO DR","W CANYON AV",0.00,,Y,A,-,N,,,,,,,,,,N,3,0,1,2,A,-,08,22107,,N,H,G,A,A,H,-,A,A,0,,Y,,,Y,,A,08,0,1,0,0,0,0,1,0,0,"- ","- ",,,"SAN DIEGO","SAN DIEGO",-117.12241203000001,32.808394790000001
5577368,2012,2013-08-21,3711,2012-04-07,1449,5586,,6,5,7,3711,0,0,0,,0,112,"BALBOA AV","DERRICK DR",300.00,E,N,A,-,N,,,,,,,,,,N,3,0,1,2,A,-,21,22106,,N,G,B,F,A,H,-,A,D,0,Y,,,,Y,,-,"- ",0,1,0,0,1,0,0,0,0,"- ","- ",,,"SAN DIEGO","SAN DIEGO",,
5577376,2012,2013-08-21,3711,2012-04-06,1251,6854,,5,5,7,3711,0,0,0,,0,712,"WEST SAN YSIDRO BL",SUNSET,186.00,E,N,A,-,N,,,,,,,,,,N,4,0,1,2,A,-,11,21950,B,N,G,B,E,A,H,-,A,D,0,Y,,,,Y,,N,60,0,0,1,0,1,0,0,0,0,"- ","- ",,,"SAN DIEGO","SAN DIEGO",-117.0593946,32.557739939999998
5577396,2012,2013-08-21,3711,2012-04-05,1325,5569,,4,5,7,3711,0,0,0,,0,321,"ORCUTT ST","MISSION GORGE RD",200.00,E,N,A,-,N,,,,,,,,,,N,4,0,1,2,A,-,10,21950,A,N,G,B,D,A,H,-,A,A,0,Y,,,,Y,,A,01,0,0,1,0,1,0,0,0,0,"- ","- ",,,"SAN DIEGO","SAN DIEGO",-117.09706333,32.790870669999997
5592807,2012,2013-08-28,3711,2012-04-21,1248,5061,,6,5,7,3711,0,0,0,,0,313,"BALBOA AV","KEARNY VILLA RD",0.00,,Y,A,-,N,,,,,,,,,,N,3,0,1,2,A,-,08,22107,,N,B,G,A,A,H,-,A,A,0,,Y,,,Y,,A,07,0,1,0,0,0,0,1,0,0,"- ","- ",,,"SAN DIEGO","SAN DIEGO",-117.14440202999999,32.821614859999997
5592835,2012,2013-08-24,3711,2012-04-19,2045,5133,,4,5,7,3711,0,0,0,,0,,"39TH ST","DELTA ST",106.00,S,N,A,-,N,,,,,,,,,,N,3,0,1,2,D,-,00,,,M,H,G,A,A,H,-,C,D,0,,Y,,,Y,,-,"- ",0,1,0,0,0,0,1,0,0,"- ","- ",,,"SAN DIEGO","SAN DIEGO",-117.11025918,32.688444410000002
5597988,2012,2013-08-29,3711,2012-04-21,1124,6134,,6,5,7,3711,0,0,0,,0,613,"NIMITZ BL","ATASCADERO DR",129.00,S,N,A,-,N,,,,,,,,,,N,4,0,1,2,A,-,08,22107,,N,C,G,A,A,H,-,A,D,0,,Y,,,Y,,-,"- ",0,0,1,0,0,0,1,0,0,"- ","- ",,,"SAN DIEGO","SAN DIEGO",-117.23146278999999,32.739169560000001
5598002,2012,2013-11-14,3711,2012-04-24,0750,3667,,2,5,7,3711,0,0,0,,0,122,"TUROUOISE ST","MISSION BL",37.20,E,N,A,-,N,,,,,,,,,,N,3,0,1,2,A,-,08,22107,,F,B,G,A,A,H,-,A,A,0,,Y,,,Y,Y,A,01,0,1,0,0,0,0,1,0,0,"- ","- ",,,"SAN DIEGO","SAN DIEGO",-117.25912474,32.80864674