CASE_ID,ACCIDENT_YEAR,PROC_DATE,JURIS,COLLISION_DATE,COLLISION_TIME,OFFICER_ID,REPORTING_DISTRICT,DAY_OF_WEEK,CHP_SHIFT,POPULATION,CNTY_CITY_LOC,SPECIAL_COND,BEAT_TYPE,CHP_BEAT_TYPE,CITY_DIVISION_LAPD,CHP_BEAT_CLASS,BEAT_NUMBER,PRIMARY_RD,SECONDARY_RD,DISTANCE,DIRECTION,INTERSECTION,WEATHER_1,WEATHER_2,STATE_HWY_IND,CALTRANS_COUNTY,CALTRANS_DISTRICT,STATE_ROUTE,ROUTE_SUFFIX,POSTMILE_PREFIX,POSTMILE,LOCATION_TYPE,RAMP_INTERSECTION,SIDE_OF_HWY,TOW_AWAY,COLLISION_SEVERITY,NUMBER_KILLED,NUMBER_INJURED,PARTY_COUNT,PRIMARY_COLL_FACTOR,PCF_CODE_OF_VIOL,PCF_VIOL_CATEGORY,PCF_VIOLATION,PCF_VIOL_SUBSECTION,HIT_AND_RUN,TYPE_OF_COLLISION,MVIW,PED_ACTION,ROAD_SURFACE,ROAD_COND_1,ROAD_COND_2,LIGHTING,CONTROL_DEVICE,CHP_ROAD_TYPE,PEDESTRIAN_ACCIDENT,BICYCLE_ACCIDENT,MOTORCYCLE_ACCIDENT,TRUCK_ACCIDENT,NOT_PRIVATE_PROPERTY,ALCOHOL_INVOLVED,STWD_VEHTYPE_AT_FAULT,CHP_VEHTYPE_AT_FAULT,COUNT_SEVERE_INJ,COUNT_VISIBLE_INJ,COUNT_COMPLAINT_PAIN,COUNT_PED_KILLED,COUNT_PED_INJURED,COUNT_BICYCLIST_KILLED,COUNT_BICYCLIST_INJURED,COUNT_MC_KILLED,COUNT_MC_INJURED,PRIMARY_RAMP,SECONDARY_RAMP,LATITUDE,LONGITUDE,COUNTY,CITY,POINT_X,POINT_Y
5598175,2012,2013-08-19,3711,2012-04-28,1145,5158,,6,5,7,3711,0,0,0,,0,813,"34TH ST",MADISON,520.00,N,N,A,-,N,,,,,,,,,,N,3,0,1,2,A,-,09,21804,A,N,H,G,A,A,H,-,A,D,0,,Y,,,Y,,L,04,0,1,0,0,0,0,1,0,0,"- ","- ",,,"SAN DIEGO","SAN DIEGO",-117.12065826,32.762409120000001
5598227,2012,2013-08-20,3711,2012-04-30,0945,5775,,1,5,7,3711,0,0,0,,0,621,"DUNLOP ST","ULRIC ST",75.00,E,N,B,-,N,,,,,,,,,,N,3,0,1,2,A,-,09,21804,A,N,H,G,A,A,H,-,A,D,0,,Y,,,Y,,L,04,0,1,0,0,0,0,1,0,0,"- ","- ",,,"SAN DIEGO","SAN DIEGO",-117.16864946,32.785619619999999
5598236,2012,2013-08-19,3711,2012-04-28,2230,4576,,6,5,7,3711,0,0,0,,0,813,"FELTON ST","DWIGHT ST",188.00,S,N,B,-,N,,,,,,,,,,N,3,0,1,2,A,-,21,22106,,N,G,B,E,A,H,-,-,D,0,Y,,,,Y,Y,A,07,0,1,0,0,1,0,0,0,0,"- ","- ",,,"SAN DIEGO","SAN DIEGO",-117.12178901999999,32.74324979
5598337,2012,2013-08-17,3711,2012-04-15,1116,5209,,7,5,7,3711,0,0,0,,0,123,"FIESTA ISLAND DR","EAST MISSION BAY DR",1.50,W,N,A,-,N,,,,,,,,,,Y,3,0,1,2,A,-,08,22107,,N,B,G,A,A,H,-,A,D,0,,Y,,,Y,,A,01,0,1,0,0,0,0,1,0,0,"- ","- ",,,"SAN DIEGO","SAN DIEGO",-117.20922784,32.768816989999998
5598338,2012,2013-08-17,3711,2012-04-15,1338,6134,"SAN D",7,5,7,3711,0,0,0,,0,614,"SUNSET CLIFFS BL","NEWPORT AV",162.00,S,N,A,-,N,,,,,,,,,,N,4,0,1,2,A,-,17,22517,,N,B,G,A,A,H,-,A,D,0,,Y,,,Y,,-,"- ",0,0,1,0,0,0,1,0,0,"- ","- ",,,"SAN DIEGO","SAN DIEGO",-117.24793001,32.744355319999997
5598357,2012,2013-08-16,3711,2012-04-14,1300,6278,,6,5,7,3711,0,0,0,,0,525,"1ST AV","E ST",145.00,S,N,A,-,N,,,,,,,,,,N,4,0,1,2,A,-,"- ",,,N,D,G,A,A,H,-,-,D,0,,Y,,,Y,,L,04,0,0,1,0,0,0,1,0,0,"- ","- ",,,"SAN DIEGO","SAN DIEGO",-117.16383190000001,32.71423755
5598382,2012,2013-08-16,3711,2012-04-24,1458,5114,,2,5,7,3711,0,0,0,,0,242,"HILLERY DR","GREENFORD DR",0.00,,N,A,-,N,,,,,,,,,,N,3,0,1,2,A,-,12,22450,A,M,D,G,A,A,H,-,A,D,0,,Y,,,Y,Y,-,"- ",0,1,0,0,0,0,1,0,0,"- ","- ",,,"SAN DIEGO","SAN DIEGO",-117.13147191,32.912034849999998
5598386,2012,2013-08-16,3711,2012-04-18,0845,5662,,3,5,7,3711,0,0,0,,0,524,"1ST AV","C ST",0.00,,Y,A,-,N,,,,,,,,,,N,2,0,1,2,A,-,10,21950,A,N,G,B,B,A,H,-,A,A,0,Y,,,,Y,,A,01,1,0,0,0,1,0,0,0,0,"- ","- ",,,"SAN DIEGO","SAN DIEGO",-117.16385193000001,32.716664809999997
5607361,2012,2013-08-15,3711,2012-04-25,2023,5340,,3,5,7,3711,0,0,0,,0,624,"TEXAS ST","MEADE AV",0.00,,Y,C,-,N,,,,,,,,,,N,3,0,1,2,D,-,00,,,N,D,G,A,A,H,-,C,A,0,,Y,,,Y,,-,"- ",0,1,0,0,0,0,1,0,0,"- ","- ",,,"SAN DIEGO","SAN DIEGO",-117.13885197,32.757244810000003
5607381,2012,2013-08-14,3711,2012-04-27,1425,4507,,5,5,7,3711,0,0,0,,0,116,"UTE DR","MODEC AV",528.00,W,N,A,-,N,,,,,,,,,,N,4,0,1,2,A,-,11,21954,A,N,A,B,D,A,H,-,A,D,0,Y,,,,Y,,N,60,0,0,1,0,1,0,0,0,0,"- ","- ",,,"SAN DIEGO","SAN DIEGO",-117.20271947000001,32.808240329999997
5610770,2012,2014-01-27,3711,2012-04-25,2207,4576,,3,5,7,3711,0,0,0,,0,627,"10TH AV","RT 163",0.00,,Y,C,-,Y,SD,11,163,-,-,2.604,R,3,N,N,4,0,2,3,A,-,10,21950,A,N,G,B,B,B,H,-,D,D,0,Y,,,,Y,,A,01,0,0,2,0,2,0,0,0,0,"- ",NO,,,"SAN DIEGO","SAN DIEGO",-117.15560185,32.749154799999999
5610782,2012,2013-08-24,3711,2012-04-28,1936,4897,,6,5,7,3711,0,0,0,,0,434,"LISBON ST","PIDGEON ST",62.00,W,N,A,-,N,,,,,,,,,,N,3,0,1,2,A,-,17,21663,,F,G,B,F,A,H,-,B,D,0,Y,,,,Y,,-,99,0,1,0,0,1,0,0,0,0,"- ","- ",,,"SAN DIEGO","SAN DIEGO",-117.04712271,32.712031359999997
5613362,2012,2013-09-07,3711,2012-05-02,1745,5916,,3,5,7,3711,0,0,0,,0,937,"CAMINO DEL SUR","SAN DIEGUITO DR",0.00,,Y,B,-,N,,,,,,,,,,N,2,0,1,2,A,-,12,21453,A,N,D,G,A,A,H,-,A,A,0,,Y,,,Y,,L,04,1,0,0,0,0,0,1,0,0,"- ","- ",,,"SAN DIEGO","SAN DIEGO",-117.15654993,32.997370029999999
5613400,2012,2013-09-14,3711,2012-05-03,1813,6000,,4,5,7,3711,0,0,0,,0,433,"VARNEY DR","LEAF TER",101.00,E,N,A,-,N,,,,,,,,,,N,3,0,1,2,A,-,11,21954,A,N,G,B,D,A,H,-,A,D,0,Y,,,,Y,,N,60,0,1,0,0,1,0,0,0,0,"- ","- ",,,"SAN DIEGO","SAN DIEGO",-117.06386916,32.695856069999998
5613422,2012,2013-09-07,3711,2012-05-04,0950,6859,,5,5,7,3711,0,0,0,,0,114,"CLAIREMONT MESA","DOLIVA DR",400.00,E,N,B,-,N,,,,,,,,,,N,3,0,1,2,A,-,05,21650,1,N,D,G,A,A,H,-,A,D,0,,Y,,,Y,,L,04,0,1,0,0,0,0,1,0,0,"- ","- ",,,"SAN DIEGO","SAN DIEGO",-117.17433903,32.834369289999998
5613430,2012,2013-09-07,3711,2012-05-05,1348,4495,,6,5,7,3711,0,0,0,,0,311,"FRIARS RD","QUALCOMM WY",804.00,W,N,A,-,N,,,,,,,,,,N,3,0,1,2,A,-,03,22350,,N,H,G,A,A,H,-,A,D,0,,Y,,,Y,,A,01,0,1,0,0,0,0,1,0,0,"- ","- ",,,"SAN DIEGO","SAN DIEGO",-117.14426031000001,32.777104309999999
5613760,2012,2013-09-12,3711,2012-05-08,1226,4054,,2,5,7,3711,0,0,0,,0,115,"GENESEE AV","COSTA VERDE",60.00,W,N,A,-,N,,,,,,,,,,N,3,0,1,2,A,-,10,21950,C,N,G,B,D,A,H,-,A,D,0,Y,,,,Y,,-,"- ",0,1,0,0,1,0,0,0,0,"- ","- ",,,"SAN DIEGO","SAN DIEGO",,
5618365,2012,2013-10-24,3711,2012-05-16,2310,6914,,3,5,7,3711,0,0,0,,0,624,"MEADE AV","PARK BL",26.00,W,N,A,B,N,,,,,,,,,,N,3,0,1,2,A,-,"- ",,,M,H,G,A,A,H,-,C,A,0,,Y,,,Y,,-,"- ",0,1,0,0,0,0,1,0,0,"- ","- ",,,"SAN DIEGO","SAN DIEGO",-117.14635547,32.757234050000001
5618369,2012,2013-09-16,3711,2012-05-14,2132,6784,,1,5,7,3711,0,0,0,,0,823,"UNIVERSITY AV","58TH ST",21.00,E,N,A,-,N,,,,,,,,,,N,4,0,1,2,A,-,10,21950,A,N,G,B,B,A,H,-,C,A,0,Y,,,,Y,,-,"- ",0,0,1,0,1,0,0,0,0,"- ","- ",,,"SAN DIEGO","SAN DIEGO",-117.07265845000001,32.749010400000003
5618372,2012,2013-09-16,3711,2012-05-13,2106,4310,,7,5,7,3711,0,0,0,,0,725,"DENNERY RD","PALM AV",0.00,,Y,B,-,N,,,,,,,,,,N,2,0,1,2,A,-,11,21456,B,N,G,B,B,A,H,-,C,A,0,Y,,,,Y,,N,60,1,0,0,0,1,0,0,0,0,"- ","- ",,,"SAN DIEGO","SAN DIEGO",-117.03241199999999,32.583704820000001
5618380,2012,2013-09-18,3711,2012-05-15,2030,6361,,2,5,7,3711,0,0,0,,0,621,"LINDA VISTA RD","FULTON ST",0.00,,Y,A,-,N,,,,,,,,,,N,4,0,1,2,A,-,10,21950,A,M,G,B,B,A,H,-,C,A,0,Y,,,,Y,,-,"- ",0,0,1,0,1,0,0,0,0,"- ","- ",,,"SAN DIEGO","SAN DIEGO",-117.16757197,32.789944800000001
5619519,2012,2013-09-17,3711,2012-05-07,1500,5498,,1,5,7,3711,0,0,0,,0,313,"MERCURY ST","DAGGET ST",0.00,,Y,A,-,N,,,,,,,,,,N,4,0,1,2,A,-,09,21804,A,N,D,G,D,A,H,-,A,A,0,Y,,,,Y,,-,"- ",0,0,1,0,1,0,0,0,0,"- ","- ",,,"SAN DIEGO","SAN DIEGO",-117.14888194,32.823604830000001
5619982,2012,2013-09-21,3711,2012-05-04,1859,6726,,5,5,7,3711,0,0,0,,0,834,"UNIVERSITY AV",MARLBOROUGH,9.00,E,N,A,-,N,,,,,,,,,,Y,4,0,1,3,-,-,"- ",,,N,B,B,-,A,H,-,A,D,0,Y,,,,Y,,-,"- ",0,0,1,0,1,0,0,0,0,"- ","- ",,,"SAN DIEGO","SAN DIEGO",-117.10568273,32.749664299999999
5620564,2012,2013-09-11,3711,2012-05-14,0300,4407,,1,5,7,3711,0,0,0,,0,114,"CONRAD AV","KILKEE ST",165.00,W,N,A,-,N,,,,,,,,,,N,3,0,1,1,D,-,00,,,N,H,G,A,A,H,-,C,D,0,,Y,,,Y,Y,-,"- ",0,1,0,0,0,0,1,0,0,"- ","- ",,,"SAN DIEGO","SAN DIEGO",-117.18057731,32.835973340000002
5620612,2012,2013-09-11,3711,2012-05-09,1710,6352,,3,5,7,3711,0,0,0,,0,444,"HILLTOP DR","41ST ST",6.00,W,N,A,-,N,,,,,,,,,,N,3,0,1,2,A,-,09,21802,A,N,H,G,A,A,H,-,A,D,0,,Y,,,Y,,L,04,0,1,0,0,0,0,1,0,0,"- ","- ",,,"SAN DIEGO","SAN DIEGO",-117.10655133,32.715114579999998
5627541,2012,2013-09-21,3711,2012-05-22,1534,5985,,2,5,7,3711,0,0,0,,0,511,"MAIN ST","S 30TH ST",77.00,W,N,A,-,N,,,,,,,,,,Y,3,0,2,3,A,-,06,21755,,N,H,G,A,A,B,-,A,D,0,,Y,,,Y,,A,01,0,2,0,0,0,0,1,0,0,"- ","- ",,,"SAN DIEGO","SAN DIEGO",-117.12972133,32.692813610000002
5631109,2012,2013-08-31,3711,2012-05-27,1746,4897,,7,5,7,3711,0,0,0,,0,811,"MEADE AV","33RD ST",0.00,,Y,A,-,N,,,,,,,,,,N,3,0,1,2,A,-,05,21650,1,N,D,G,A,A,H,-,A,A,0,,Y,,,Y,,L,04,0,1,0,0,0,0,1,0,0,"- ","- ",,,"SAN DIEGO","SAN DIEGO",-117.12220189999999,32.757204819999998
5631539,2012,2013-09-17,3711,2012-05-21,2015,6670,SD,1,5,7,3711,0,0,0,,0,243,"DOWDY DR","MIRAMAR RD",4.00,E,N,A,-,N,,,,,,,,,,N,3,0,1,2,A,-,05,21650,,N,B,G,A,A,H,-,C,A,0,,Y,,,Y,,L,04,0,1,0,0,0,0,1,0,0,"- ","- ",,,"SAN DIEGO","SAN DIEGO",-117.14549661,32.888222300000002
5631547,2012,2013-09-17,3711,2012-05-21,1938,6424,,1,5,7,3711,0,0,0,,0,441,"37TH ST","FLORENCE ST",10.00,N,N,A,-,N,,,,,,,,,,N,3,0,1,2,A,-,"- ",,,N,G,B,D,A,H,-,B,D,0,Y,,,,Y,,-,"- ",0,1,0,0,1,0,0,0,0,"- ","- ",,,"SAN DIEGO","SAN DIEGO",-117.11466188999999,32.698062149999998
5631551,2012,2013-09-17,3711,2012-05-14,1903,6738,,1,5,7,3711,0,0,0,,0,723,"JOSHUA PL","DAVES WY",96.00,N,N,A,-,N,,,,,,,,,,N,3,0,1,2,A,-,03,22350,,N,G,G,A,A,H,-,A,D,0,,Y,,,Y,,-,"- ",0,1,0,0,0,0,1,0,0,"- ","- ",,,"SAN DIEGO","SAN DIEGO",-117.04943187000001,32.580447700000001
5631568,2012,2013-09-17,3711,2012-05-23,2132,6871,,3,5,7,3711,0,0,0,,0,824,"EUCLID AV","MONROE AV",0.00,,Y,B,-,N,,,,,,,,,,N,4,0,2,3,A,-,10,21950,A,N,G,B,B,A,H,-,C,A,0,Y,,,,Y,,-,"- ",0,0,2,0,2,0,0,0,0,"- ","- ",,,"SAN DIEGO","SAN DIEGO",-117.09209195,32.759004879999999
5631583,2012,2013-09-17,3711,2012-05-22,1920,4884,SDPD,2,5,7,3711,0,0,0,,0,242,"CAPICORN WY","WESTVIEW PKWY",3.00,N,N,A,-,N,,,,,,,,,,N,3,0,1,2,A,-,"- ",,,M,G,B,B,A,H,-,A,A,0,Y,,,,Y,,-,"- ",0,1,0,0,1,0,0,0,0,"- ","- ",,,"SAN DIEGO","SAN DIEGO",-117.11919229999999,32.924336160000003
5634177,2012,2013-09-09,3711,2012-05-10,1350,6680,SANDI,4,5,7,3711,0,0,0,,0,445,"LYON ST","EUCLID AV",0.00,,Y,A,-,N,,,,,,,,,,N,4,0,1,3,A,-,09,21802,A,N,D,B,D,A,H,-,A,D,0,Y,,,,Y,,A,01,0,0,1,0,0,0,0,0,0,"- ","- ",,,"SAN DIEGO","SAN DIEGO",-117.08494191,32.720214779999999
5637167,2012,2013-09-21,3711,2012-05-27,1224,6716,SANDI,7,5,7,3711,0,0,0,,0,321,"FAIRMOUNT AV","FAIRMOUNT AV 5700",0.00,,Y,A,-,N,,,,,,,,,,N,3,0,1,2,A,-,09,21453,B,N,G,B,B,A,H,-,A,A,0,Y,,,,Y,,A,01,0,1,0,0,1,0,0,0,0,"- ","- ",,,"SAN DIEGO","SAN DIEGO",-117.10155666,32.780265280000002
5637443,2012,2014-01-09,3711,2012-05-22,1745,3815,,2,5,7,3711,0,0,0,,0,111,"CLAIRMONT MESA BL","DOLIVA DR",0.00,,Y,A,-,N,,,,,,,,,,N,4,0,1,2,A,-,10,21950,A,N,G,B,B,A,H,-,A,A,0,Y,,,,Y,,A,07,0,0,1,0,1,0,0,0,0,"- ","- ",,,"SAN DIEGO","SAN DIEGO",-117.17563191000001,32.834434799999997
5637462,2012,2013-09-21,3711,2012-05-31,1030,3667,SANDI,4,5,7,3711,0,0,0,,0,446,"47TH ST","NOGAL ST",57.00,N,N,A,-,N,,,,,,,,,,N,3,0,1,2,A,-,17,22517,,N,H,G,A,A,H,-,A,D,0,,Y,,,Y,,A,01,0,1,0,0,0,0,1,0,0,"- ","- ",,,"SAN DIEGO","SAN DIEGO",-117.09365189,32.7060909
5637510,2012,2013-09-21,3711,2012-05-31,0919,5514,,4,5,7,3711,0,0,0,,0,313,"DAGGET ST","MERCURY ST",20.00,W,N,A,-,N,,,,,,,,,,N,3,0,1,2,A,-,11,21954,A,N,G,B,D,A,H,-,A,D,0,Y,,,,Y,,N,60,0,1,0,0,1,0,0,0,0,"- ","- ",,,"SAN DIEGO","SAN DIEGO",-117.14894679,32.823604770000003
5637900,2012,2013-10-05,3711,2012-06-02,1713,4897,,6,5,7,3711,0,0,0,,0,824,"MENLO AV","EL CAJON BL",10.00,S,N,A,-,N,,,,,,,,,,N,4,0,2,3,A,-,10,21950,A,N,G,B,B,A,H,-,A,A,0,Y,,,,Y,,D,22,0,0,2,0,2,0,0,0,0,"- ","- ",,,"SAN DIEGO","SAN DIEGO",-117.09437189000001,32.755767380000002
5638099,2012,2014-04-02,3711,2012-07-10,0922,5838,,2,5,7,3711,0,0,0,,0,522,"HARBOR DR","5TH AV",0.00,,Y,A,-,N,,,,,,,,,,N,1,1,0,2,A,-,11,21456,B,N,G,B,B,A,H,-,A,A,0,Y,,,,Y,,N,60,0,0,0,1,0,0,0,0,0,"- ","- ",,,"SAN DIEGO","SAN DIEGO",-117.16094191000001,32.706414819999999
5638241,2012,2012-08-28,3711,2012-08-02,1924,6000,,4,5,7,3711,0,0,0,,0,615,"ROSECRANS ST","NIMITZ BL",0.00,,Y,A,-,N,,,,,,,,,,N,1,1,0,2,A,-,11,21456,B,N,G,B,B,A,H,-,B,A,0,Y,,,,Y,,N,60,0,0,0,1,0,0,0,0,0,"- ","- ",,,"SAN DIEGO","SAN DIEGO",-117.22585192,32.728564779999999
5638484,2012,2012-09-26,3711,2012-08-25,1318,4897,,6,5,7,3711,0,0,0,,0,124,"TORREY PINES RD","HIDDEN VALLEY RD",0.00,,Y,B,-,N,,,,,,,,,,N,1,1,0,2,A,-,11,21954,A,N,G,B,D,A,H,-,A,A,0,Y,,,,Y,,N,60,0,0,0,1,0,0,0,0,0,"- ","- ",,,"SAN DIEGO","SAN DIEGO",-117.25151181,32.850114349999998
5638791,2012,2014-04-18,3711,2012-10-13,0124,4495,,6,5,7,3711,0,0,0,,0,124,"LA JOLLA VILLAGE DR","RT 5",0.00,,Y,A,-,Y,SD,11,5,-,R,28.607,R,4,S,Y,1,1,0,2,A,-,11,21954,A,N,G,B,D,A,H,-,C,A,0,Y,,,,Y,Y,N,60,0,0,0,1,0,0,0,0,0,"- ",SF,,,"SAN DIEGO","SAN DIEGO",-117.22904187,32.875814810000001
5639102,2012,2012-12-20,3711,2012-11-28,0600,4823,SANDI,3,5,7,3711,0,0,0,,0,934,"CARMEL MOUNTAIN RD","EAST OCEAN AIR DR",76.50,E,N,B,-,N,,,,,,,,,,Y,1,1,0,2,A,-,11,21955,,N,G,B,D,A,H,-,C,A,0,Y,,,,Y,,N,60,0,0,0,1,0,0,0,0,0,"- ","- ",,,"SAN DIEGO","SAN DIEGO",-117.21587644,32.921405180000001
5639259,2012,2013-01-22,9645,2012-09-07,1345,016766,,5,1,7,3711,0,1,1,,2,011,"RT 805","HOME AV",528.00,N,N,A,-,Y,SD,11,805,-,-,13.689,R,2,N,N,1,1,1,3,A,-,08,22107,,F,G,B,E,A,H,-,A,D,1,Y,,,,Y,,A,01,1,0,0,1,1,0,0,0,0,TO,"- ",32.722059999999999,-117.10222,"SAN DIEGO","SAN DIEGO",-117.10250182999999,32.720624790000002
5639726,2013,2015-01-14,3711,2013-02-06,1940,3792,3711,3,5,7,3711,0,0,0,,0,451,"54TH ST","COLLEGE GROVE DR",162.00,S,N,A,-,N,,,,,,,,,,Y,1,1,1,2,A,-,11,21954,A,N,G,B,D,A,H,-,C,D,0,Y,,Y,,Y,Y,N,60,0,0,1,1,0,0,0,0,1,"- ","- ",,,"SAN DIEGO","SAN DIEGO",-117.0796697,32.735391100000001
5639879,2013,2013-03-27,3711,2013-02-04,1826,5916,,1,5,7,3711,0,0,0,,0,116,"CLAIRMONT DR","UTE DR",276.00,S,N,B,-,N,,,,,,,,,,Y,1,1,1,2,A,-,"- ",,,N,G,B,D,A,H,-,C,D,0,Y,,Y,,Y,,N,60,0,1,0,1,0,0,0,0,1,"- ","- ",,,"SAN DIEGO","SAN DIEGO",-117.20105169999999,32.808548700000003
5639925,2013,2013-03-20,3711,2013-02-16,2221,4823,SANDI,6,5,7,3711,0,0,0,,0,122,"MISSION BAY DR","DAMON AV",0.00,,Y,A,-,N,,,,,,,,,,Y,1,1,0,2,A,-,11,21954,A,N,G,B,D,A,H,-,C,A,0,Y,,,,Y,Y,N,60,0,0,0,1,0,0,0,0,0,"- ","- ",,,"SAN DIEGO","SAN DIEGO",-117.21940189999999,32.807494800000001
5640902,2012,2013-08-10,3711,2012-04-28,1750,5840,,6,5,7,3711,0,0,0,,0,625,"SAN DIEGO  AV",HARNEY,150.00,S,N,A,-,N,,,,,,,,,,N,3,0,1,2,-,-,"- ",,,N,H,G,A,A,H,-,A,D,0,,Y,,,Y,,-,"- ",0,1,0,0,0,0,1,0,0,"- ","- ",,,"SAN DIEGO","SAN DIEGO",-117.19453974,32.752531789999999
5644123,2012,2013-10-08,3711,2012-06-02,1206,6276,,6,5,7,3711,0,0,0,,0,627,"PARK BL","BROOKS AV",0.00,,Y,A,-,N,,,,,,,,,,N,4,0,1,2,A,-,09,21801,A,N,D,G,A,A,B,-,A,D,0,,Y,,,Y,,-,"- ",0,0,1,0,0,0,1,0,0,"- ","- ",,,"SAN DIEGO","SAN DIEGO",-117.14757197,32.743254829999998
5644124,2012,2014-01-07,3711,2012-06-04,1653,5865,,1,5,7,3711,0,0,0,,0,311,"MURPHY CANYON RD","RT 5",0.00,,Y,A,-,Y,SD,11,15,-,R,7.535,R,4,S,N,3,0,1,2,A,-,09,21801,A,N,D,G,A,A,H,-,-,D,0,,Y,,,Y,,A,01,0,1,0,0,0,0,1,0,0,"- ","- ",,,"SAN DIEGO","SAN DIEGO",-117.11247184,32.797304799999999
5644131,2012,2013-10-08,3711,2012-06-03,1016,6787,,7,5,7,3711,0,0,0,,0,521,"E ST","16TH ST",35.00,E,N,B,-,N,,,,,,,,,,N,3,0,1,2,A,-,17,21657,,N,D,G,A,A,H,-,A,A,0,,Y,,,Y,Y,L,04,0,1,0,0,0,0,1,0,0,"- ","- ",,,"SAN DIEGO","SAN DIEGO",-117.14938853,32.71471227
5644156,2012,2014-01-27,3711,2012-06-04,1544,6003,,1,5,7,3711,0,0,0,,0,444,"MARKET ST","RT 805",1.00,W,N,A,-,Y,SD,11,805,-,-,12.779,R,4,N,N,3,0,1,2,A,-,09,21453,B,N,G,B,B,A,H,-,A,A,0,Y,,,,Y,,-,"- ",0,1,0,0,1,0,0,0,0,"- ","- ",,,"SAN DIEGO","SAN DIEGO",-117.09722853,32.707979180000002
5644160,2012,2013-10-19,3711,2012-06-02,2250,6236,,6,5,7,3711,0,0,0,,0,437,"PARADISE VALLEY RD","WOODMAN ST",300.00,E,N,A,-,N,,,,,,,,,,N,4,0,1,2,A,-,09,21804,A,N,H,G,A,A,H,-,C,D,0,,Y,,,Y,,-,"- ",0,0,1,0,0,0,1,0,0,"- ","- ",,,"SAN DIEGO","SAN DIEGO",-117.04566525,32.689206970000001
5645361,2012,2014-01-30,9645,2012-05-27,2350,14625,,7,3,7,3711,0,1,1,,2,005,"RT 5","MORENA BL",600.00,W,N,A,-,Y,SD,11,5,-,R,19.830,R,2,N,N,2,0,1,2,A,-,11,21954,A,N,G,B,D,A,H,-,D,D,1,Y,,,,Y,Y,N,60,1,0,0,0,1,0,0,0,0,TO,"- ",32.75929,-117.19967,"SAN DIEGO","SAN DIEGO",-117.19962538,32.753530480000002
5645708,2012,2013-09-21,3711,2012-05-22,1530,6815,SANDE,2,5,7,3711,0,0,0,,0,934,"VALERIO GATE","DEL MAR HEIGHTS RD",0.00,,Y,A,-,N,,,,,,,,,,N,3,0,1,2,A,-,05,21650,1,N,D,G,A,A,H,-,A,A,0,,Y,,,Y,,L,04,0,1,0,0,0,0,1,0,0,"- ","- ",,,"SAN DIEGO","SAN DIEGO",-117.20114996,32.961450050000003
5645743,2012,2013-09-14,3711,2012-05-25,1713,6684,,5,5,7,3711,0,0,0,,0,432,"NARANJA ST","54TH ST",144.00,W,N,A,-,N,,,,,,,,,,N,4,0,1,2,A,-,11,21950,B,N,G,B,E,A,H,-,A,D,0,Y,,,,Y,,N,60,0,0,1,0,1,0,0,0,0,"- ","- ",,,"SAN DIEGO","SAN DIEGO",-117.0801384,32.70857917
5645751,2012,2013-09-21,3711,2012-05-27,0955,6827,,7,5,7,3711,0,0,0,,0,432,"EUCLID AV","NARANJA ST",0.00,,Y,A,-,N,,,,,,,,,,N,4,0,1,2,A,-,10,21950,A,N,G,B,B,A,H,-,A,A,0,Y,,,,Y,,-,"- ",0,0,1,0,1,0,0,0,0,"- ","- ",,,"SAN DIEGO","SAN DIEGO",-117.08501194,32.708614789999999
5645755,2012,2013-09-21,3711,2012-05-27,1327,6425,SANDI,7,5,7,3711,0,0,0,,0,517,BROADWAY,"25TH ST",0.00,,Y,A,-,N,,,,,,,,,,N,4,0,1,2,A,-,09,21801,A,N,D,G,A,A,H,-,A,A,0,,Y,,,Y,,-,"- ",0,0,1,0,0,0,1,0,0,"- ","- ",,,"SAN DIEGO","SAN DIEGO",-117.14033198,32.715774840000002
5664757,2012,2013-10-04,3711,2012-06-07,1437,5985,,4,5,7,3711,0,0,0,,0,521,"C ST","11TH AV",158.00,E,N,A,-,N,,,,,,,,,,N,4,0,1,2,A,-,09,21804,A,N,D,G,A,A,H,-,A,A,0,,Y,,,Y,,L,04,0,0,1,0,0,0,1,0,0,"- ","- ",,,"SAN DIEGO","SAN DIEGO",-117.15419991,32.71677476
5666603,2012,2013-09-18,3711,2012-05-31,0650,6626,,4,5,7,3711,0,0,0,,0,437,"DUSK DR","PERTH PL",792.00,S,N,A,-,N,,,,,,,,,,N,3,0,1,2,A,-,08,22107,,N,A,G,A,A,G,-,A,D,0,,Y,,,Y,,L,04,0,1,0,0,0,0,1,0,0,"- ","- ",,,"SAN DIEGO","SAN DIEGO",-117.04842374,32.676337459999999
5666966,2012,2014-02-20,9645,2012-05-13,1100,18066,,7,1,7,3711,0,1,1,,2,010,"RT 8","MISSION CENTER RD",1382.00,W,N,A,-,Y,SD,11,8,-,-,2.780,H,-,W,Y,2,0,1,3,A,-,01,23152,A,N,G,B,D,A,H,-,A,D,1,Y,,,,Y,Y,A,07,1,0,0,0,1,0,0,0,0,"- ","- ",32.764919999999996,-117.15619,"SAN DIEGO","SAN DIEGO",-117.15631184999999,32.764874800000001
5667987,2012,2013-11-01,3711,2012-06-16,1716,6726,,6,5,7,3711,0,0,0,,0,839,"WIGHTMAN ST","36TH ST",50.00,W,N,A,-,N,,,,,,,,,,N,4,0,1,2,A,-,"- ",,,N,B,G,A,A,H,-,A,D,0,,Y,,,Y,,-,"- ",0,0,1,0,0,0,1,0,0,"- ","- ",,,"SAN DIEGO","SAN DIEGO",-117.11578397,32.74786477