CASE_ID,ACCIDENT_YEAR,PROC_DATE,JURIS,COLLISION_DATE,COLLISION_TIME,OFFICER_ID,REPORTING_DISTRICT,DAY_OF_WEEK,CHP_SHIFT,POPULATION,CNTY_CITY_LOC,SPECIAL_COND,BEAT_TYPE,CHP_BEAT_TYPE,CITY_DIVISION_LAPD,CHP_BEAT_CLASS,BEAT_NUMBER,PRIMARY_RD,SECONDARY_RD,DISTANCE,DIRECTION,INTERSECTION,WEATHER_1,WEATHER_2,STATE_HWY_IND,CALTRANS_COUNTY,CALTRANS_DISTRICT,STATE_ROUTE,ROUTE_SUFFIX,POSTMILE_PREFIX,POSTMILE,LOCATION_TYPE,RAMP_INTERSECTION,SIDE_OF_HWY,TOW_AWAY,COLLISION_SEVERITY,NUMBER_KILLED,NUMBER_INJURED,PARTY_COUNT,PRIMARY_COLL_FACTOR,PCF_CODE_OF_VIOL,PCF_VIOL_CATEGORY,PCF_VIOLATION,PCF_VIOL_SUBSECTION,HIT_AND_RUN,TYPE_OF_COLLISION,MVIW,PED_ACTION,ROAD_SURFACE,ROAD_COND_1,ROAD_COND_2,LIGHTING,CONTROL_DEVICE,CHP_ROAD_TYPE,PEDESTRIAN_ACCIDENT,BICYCLE_ACCIDENT,MOTORCYCLE_ACCIDENT,TRUCK_ACCIDENT,NOT_PRIVATE_PROPERTY,ALCOHOL_INVOLVED,STWD_VEHTYPE_AT_FAULT,CHP_VEHTYPE_AT_FAULT,COUNT_SEVERE_INJ,COUNT_VISIBLE_INJ,COUNT_COMPLAINT_PAIN,COUNT_PED_KILLED,COUNT_PED_INJURED,COUNT_BICYCLIST_KILLED,COUNT_BICYCLIST_INJURED,COUNT_MC_KILLED,COUNT_MC_INJURED,PRIMARY_RAMP,SECONDARY_RAMP,LATITUDE,LONGITUDE,COUNTY,CITY,POINT_X,POINT_Y
5667990,2012,2013-09-28,3711,2012-06-04,1901,4864,3711,1,5,7,3711,0,0,0,,0,811,"MEADE AV","37TH ST",0.00,,Y,A,-,N,,,,,,,,,,N,4,0,1,2,A,-,09,21801,A,N,D,G,A,A,H,-,A,D,0,,Y,,,Y,Y,L,04,0,0,1,0,0,0,1,0,0,"- ","- ",,,"SAN DIEGO","SAN DIEGO",-117.1136119,32.75714481
5668221,2012,2014-01-02,3711,2012-06-04,1128,6690,,1,5,7,3711,0,0,0,,0,521,"13TH ST","MARKET ST",90.00,S,N,A,-,N,,,,,,,,,,N,4,0,1,2,A,-,21,22106,,N,G,B,D,A,H,-,A,D,0,Y,,,,Y,,-,"- ",0,0,1,0,1,0,0,0,0,"- ","- ",,,"SAN DIEGO","SAN DIEGO",-117.15286962,32.711268230000002
5668230,2012,2014-02-28,9645,2012-06-03,1135,19480,,7,1,7,3711,0,1,1,,2,010,"RT 8","TEXAS ST",3.00,W,N,A,-,Y,SD,11,8,-,-,3.758,R,1,E,N,4,0,1,2,A,-,05,21650,1,N,D,G,A,A,H,-,A,A,1,,Y,,,Y,,L,04,0,0,1,0,0,0,1,0,0,TO,"- ",32.768320000000003,-117.13948000000001,"SAN DIEGO","SAN DIEGO",-117.14331955,32.76848391
5675228,2012,2013-10-12,3711,2012-06-23,0350,6447,,6,5,7,3711,0,0,0,,0,529,"STATE ST","MAPLE ST",0.00,,Y,A,-,N,,,,,,,,,,N,3,0,1,2,A,-,09,21801,A,N,D,G,A,A,H,-,C,D,0,,Y,,,Y,,-,"- ",0,1,0,0,0,0,1,0,0,"- ","- ",,,"SAN DIEGO","SAN DIEGO",-117.16989196999999,32.731764830000003
5675247,2012,2013-10-12,3711,2012-06-21,1035,5514,,4,5,7,3711,0,0,0,,0,124,"AVENIDA DE LA PLAYA","LA JOLLA SHORES DR",0.00,,Y,A,-,N,,,,,,,,,,N,3,0,3,3,A,-,09,21801,A,N,G,B,B,A,H,-,A,D,0,Y,,,,Y,,A,01,0,2,1,0,2,0,0,0,0,"- ","- ",,,"SAN DIEGO","SAN DIEGO",-117.25376194,32.853754870000003
5678748,2012,2013-09-26,3711,2012-06-10,1334,4923,,7,5,7,3711,0,0,0,,0,242,"GOLD COAST DR","THANKSGIVING LN",15.00,E,N,A,-,N,,,,,,,,,,N,4,0,1,2,A,-,10,21950,C,N,G,B,B,A,H,-,A,A,0,Y,,,,Y,,-,"- ",0,0,1,0,1,0,0,0,0,"- ","- ",,,"SAN DIEGO","SAN DIEGO",-117.12602320000001,32.905334789999998
5678768,2012,2013-09-28,3711,2012-06-12,1737,3943,,2,5,7,3711,0,0,0,,0,524,"WEST ASH ST","1ST AV",10.00,W,N,B,-,N,,,,,,,,,,N,3,0,1,2,A,-,10,21950,A,N,G,B,C,A,H,-,B,A,0,Y,,,,Y,,-,"- ",0,1,0,0,1,0,0,0,0,"- ","- ",,,"SAN DIEGO","SAN DIEGO",-117.16390431000001,32.719844760000001
5678772,2012,2013-09-28,3711,2012-06-11,1650,3873,,1,5,7,3711,0,0,0,,0,062,"FRIARS RD","SEA WORLD DR",1584.00,E,N,A,-,N,,,,,,,,,,N,3,0,1,2,A,-,09,21804,A,M,H,G,A,A,H,-,A,D,0,,Y,,,Y,,-,"- ",0,1,0,0,0,0,1,0,0,"- ","- ",,,"SAN DIEGO","SAN DIEGO",-117.20511804,32.761994219999998
5678776,2012,2013-09-28,3711,2012-06-12,0219,5292,,2,5,7,3711,0,0,0,,0,526,"4TH AV","DATE ST",21.00,N,N,B,-,N,,,,,,,,,,N,4,0,1,2,A,-,12,22450,A,M,G,B,B,A,H,-,C,D,0,Y,,,,Y,Y,-,"- ",0,0,1,0,1,0,0,0,0,"- ","- ",,,"SAN DIEGO","SAN DIEGO",-117.1611619,32.72310229
5678784,2012,2013-09-28,3711,2012-06-10,1725,6521,,7,5,7,3711,0,0,0,,0,611,"ROSECRANS ST","MIDWAY DR",8.00,N,N,A,-,N,,,,,,,,,,N,3,0,1,2,-,-,"- ",,,M,G,B,D,A,H,-,A,D,0,Y,,,,Y,,-,"- ",0,1,0,0,1,0,0,0,0,"- ","- ",,,"SAN DIEGO","SAN DIEGO",-117.2061771,32.749692750000001
5683925,2012,2013-09-28,3711,2012-06-10,1800,5423,,7,5,7,3711,0,0,0,,0,613,"ADRIAN ST","ADRIAN ST 2800",0.00,,N,A,-,N,,,,,,,,,,N,3,0,1,2,A,-,09,21804,A,N,H,G,A,-,A,H,A,D,0,,Y,,,Y,,L,04,0,1,0,0,0,0,1,0,0,"- ","- ",,,"SAN DIEGO","SAN DIEGO",-117.22600579,32.750711359999997
5683937,2012,2013-09-28,3711,2012-06-02,1311,4495,,6,5,7,3711,0,0,0,,0,623,"FRIARS RD","FRESNO ST",5.00,E,N,A,-,N,,,,,,,,,,N,3,0,1,2,A,-,09,21804,A,N,H,G,A,A,H,-,A,D,0,,Y,,,Y,,A,08,0,1,0,0,0,0,1,0,0,"- ","- ",,,"SAN DIEGO","SAN DIEGO",-117.18730726,32.765600630000002
5683953,2012,2013-09-28,3711,2012-06-10,1414,6657,,7,5,7,3711,0,0,0,,0,,"7TH AV","ISLAND AV",15.00,N,N,A,-,N,,,,,,,,,,N,3,0,1,2,A,-,12,22450,A,N,H,G,A,A,H,-,A,D,0,,Y,,,Y,,L,04,0,1,0,0,0,0,1,0,0,"- ","- ",,,"SAN DIEGO","SAN DIEGO",-117.15833112999999,32.710445849999999
5687606,2012,2013-10-15,3711,2012-05-19,1522,5916,,6,5,7,3711,0,0,0,,0,932,"NORTH TORREY PINES RD","TORREY PINES BRIDGE",78.00,S,N,A,-,N,,,,,,,,,,N,3,0,1,2,A,-,06,21754,,N,H,G,A,A,H,-,A,D,0,,Y,,,Y,,L,04,0,1,0,0,0,0,1,0,0,"- ","- ",,,"SAN DIEGO","SAN DIEGO",-117.24219703,32.870195690000003
5687609,2012,2013-10-14,3711,2012-06-24,2045,6691,,7,5,7,3711,0,0,0,,0,724,"HOLLISTER ST","PALM AV",0.00,,Y,A,-,N,,,,,,,,,,N,3,0,1,2,A,-,10,21950,A,M,G,B,B,A,H,-,C,A,0,Y,,,,Y,,-,"- ",0,1,0,0,1,0,0,0,0,"- ","- ",,,"SAN DIEGO","SAN DIEGO",-117.08404188999999,32.583774759999997
5687614,2012,2013-10-15,3711,2012-06-20,1345,3746,,3,5,7,3711,0,0,0,,0,525,BROADWAY,"6TH AV",98.00,W,N,A,-,N,,,,,,,,,,N,3,0,1,2,A,-,08,22107,,N,H,G,A,A,H,-,A,D,0,,Y,,,Y,,L,04,0,1,0,0,0,0,1,0,0,"- ","- ",,,"SAN DIEGO","SAN DIEGO",-117.15957946,32.715694759999998
5720107,2012,2014-01-07,3711,2012-06-26,1643,6702,,2,5,7,3711,0,0,0,,0,721,"SATURN BL","PALM AV",97.00,S,N,A,-,Y,SD,11,75,-,-,9.310,I,6,S,N,4,0,1,2,A,-,05,21650,1,N,A,G,A,A,H,-,A,D,0,,Y,,,Y,Y,L,04,0,0,1,0,0,0,1,0,0,"- ","- ",,,"SAN DIEGO","SAN DIEGO",-117.09257728999999,32.583710940000003
5720131,2012,2013-10-08,3711,2012-06-29,1815,5051,,5,5,7,3711,0,0,0,,0,627,"WASHINGTON ST","8TH AV",41.00,E,N,A,-,N,,,,,,,,,,N,3,0,1,2,A,-,17,22517,,N,B,G,A,A,H,-,A,D,0,,Y,,,Y,,A,01,0,1,0,0,0,0,1,0,0,"- ","- ",,,"SAN DIEGO","SAN DIEGO",-117.15732013,32.75010941
5720135,2012,2013-10-08,3711,2012-06-21,1917,6034,,4,5,7,3711,0,0,0,,0,712,"COTTONWOOD RD","SELLSWAY ST",188.00,N,N,A,-,N,,,,,,,,,,N,3,0,1,2,A,-,11,21954,A,N,G,B,D,A,H,-,A,D,0,Y,,,,Y,,N,60,0,1,0,0,1,0,0,0,0,"- ","- ",,,"SAN DIEGO","SAN DIEGO",-117.04799187,32.555609689999997
5720147,2012,2013-10-08,3711,2012-06-30,1504,5051,,6,5,7,3711,0,0,0,,0,614,"SUNSET CLIFFS BL","MUIR AV",0.00,,Y,A,-,N,,,,,,,,,,N,3,0,1,2,A,-,09,21801,A,N,D,G,A,A,H,-,A,D,0,,Y,,,Y,,A,01,0,1,0,0,0,0,1,0,0,"- ","- ",,,"SAN DIEGO","SAN DIEGO",-117.24369196000001,32.749264799999999
5721016,2012,2013-10-08,3711,2012-06-10,1954,5498,,7,5,7,3711,0,0,0,,0,313,"AERO DR","SANDROCK RD",0.00,,Y,A,-,N,,,,,,,,,,N,3,0,1,2,A,-,09,21453,B,N,D,G,A,A,H,-,B,A,0,,Y,,,Y,,-,"- ",0,1,0,0,0,0,1,0,0,"- ","- ",,,"SAN DIEGO","SAN DIEGO",-117.14014195999999,32.809634869999996
5721019,2012,2013-10-05,3711,2012-06-07,1415,5805,,4,5,7,3711,0,0,0,,0,512,"SOUTH 32ND ST","LOGAN AV",150.00,S,N,A,-,N,,,,,,,,,,N,4,0,1,2,A,-,09,21804,A,N,D,G,A,A,H,-,A,D,0,,Y,,,Y,,L,04,0,0,1,0,0,0,1,0,0,"- ","- ",,,"SAN DIEGO","SAN DIEGO",-117.12532794000001,32.696583879999999
5723178,2012,2013-10-12,3711,2012-06-19,0935,5828,,2,5,7,3711,0,0,0,,0,114,"GENESEE AV","APPLETON ST",0.00,,Y,A,-,N,,,,,,,,,,N,4,0,1,2,A,-,10,21950,A,N,G,B,B,A,H,-,A,A,0,Y,,,,Y,,-,"- ",0,0,1,0,1,0,0,0,0,"- ","- ",,,"SAN DIEGO","SAN DIEGO",-117.19604203,32.837674819999997
5724926,2012,2013-11-04,3711,2012-06-08,1709,6414,SDPD,5,5,7,3711,0,0,0,,0,813,"UNIVERSITY AV",TEXAS,433.00,W,N,A,-,N,,,,,,,,,,N,4,0,1,2,A,-,"- ",,,N,H,G,A,A,H,-,A,A,0,,Y,,,Y,,-,"- ",0,0,1,0,0,0,1,0,0,"- ","- ",,,"SAN DIEGO","SAN DIEGO",-117.14038547,32.748417949999997
5724942,2012,2013-10-05,3711,2012-06-28,1512,6480,,4,5,7,3711,0,0,0,,0,524,"WEST BROADWAY",COLUMBIA,0.00,,Y,A,-,N,,,,,,,,,,N,2,0,1,2,A,-,11,21954,A,N,G,B,B,A,H,-,A,A,0,Y,,,,Y,,-,"- ",1,0,0,0,1,0,0,0,0,"- ","- ",,,"SAN DIEGO","SAN DIEGO",-117.16741195,32.715754859999997
5725027,2012,2013-11-07,3711,2012-07-03,1829,HILTON,SD,2,5,7,3711,0,0,0,,0,123,"EAST MISSION BAY DR","E MISSION BAY DR 4200",0.00,,Y,A,-,N,,,,,,,,,,N,3,0,1,2,A,-,12,22450,A,N,D,G,A,A,H,-,A,A,0,,Y,,,Y,,-,"- ",0,1,0,0,0,0,1,0,0,"- ","- ",,,"SAN DIEGO","SAN DIEGO",-117.20913827,32.781004189999997
5727795,2012,2013-10-01,3711,2012-06-16,1515,6884,,6,5,7,3711,0,0,0,,0,232,"CAMINO DEL NORTE","CARMEL MTN RD",1056.00,W,N,A,-,N,,,,,,,,,,N,3,0,1,2,A,-,03,22350,,M,C,G,A,A,H,-,A,D,0,,Y,,,Y,,-,"- ",0,1,0,0,0,0,1,0,0,"- ","- ",,,"SAN DIEGO","SAN DIEGO",-117.07511956,32.992596669999998
5732625,2012,2013-09-28,3711,2012-06-29,2334,5046,,5,5,7,3711,0,0,0,,0,613,"NIMITZ BL","CAPISTRANO ST",116.00,S,N,A,-,N,,,,,,,,,,N,2,0,1,2,A,-,17,21208,A,F,C,G,A,A,H,-,C,D,0,,Y,,,Y,,L,04,1,0,0,0,0,0,1,0,0,"- ","- ",,,"SAN DIEGO","SAN DIEGO",-117.22968861,32.735204580000001
5732695,2012,2013-11-02,3711,2012-07-08,1537,4892,,7,5,7,3711,0,0,0,,0,622,"FRIARS RD","NAPA ST",300.00,E,N,A,-,N,,,,,,,,,,N,3,0,1,2,A,-,09,21804,A,N,D,G,A,A,H,-,A,D,0,,Y,,,Y,,-,"- ",0,1,0,0,0,0,1,0,0,"- ","- ",,,"SAN DIEGO","SAN DIEGO",-117.19431939,32.763735330000003
5734646,2012,2013-11-01,3711,2012-07-13,0150,6875,,5,5,7,3711,0,0,0,,0,122,"GRAND AV","CASS ST",0.00,,Y,A,-,N,,,,,,,,,,N,3,0,1,2,A,-,"- ",,,F,G,B,B,A,H,-,C,A,0,Y,,,,Y,,-,"- ",0,1,0,0,1,0,0,0,0,"- ","- ",,,"SAN DIEGO","SAN DIEGO",-117.25127204,32.795514769999997
5734678,2012,2013-11-04,3711,2012-07-13,0950,6204,,5,5,7,3711,0,0,0,,0,313,"MURPHY CANYON RD","AERO DR",237.00,S,N,B,-,N,,,,,,,,,,N,4,0,1,2,A,-,"- ",,,N,D,G,A,A,H,-,A,D,0,,Y,,,Y,,L,04,0,0,1,0,0,0,1,0,0,"- ","- ",,,"SAN DIEGO","SAN DIEGO",-117.11632029,32.809047560000003
5734689,2012,2013-11-04,3711,2012-07-12,1230,4491,,4,5,7,3711,0,0,0,,0,611,"PACIFIC HWY","WITHERBY ST",110.00,S,N,A,-,N,,,,,,,,,,N,3,0,1,2,A,-,03,22350,,N,C,G,A,A,H,-,A,D,0,,Y,,,Y,,-,"- ",0,1,0,0,0,0,1,0,0,"- ","- ",,,"SAN DIEGO","SAN DIEGO",-117.37048437,33.178919110000002
5734715,2012,2013-11-04,3711,2012-07-09,1500,3432,,1,5,7,3711,0,0,0,,0,124,"GIRARD AV","SILVERADO ST",12.00,S,N,A,-,N,,,,,,,,,,N,3,0,1,2,A,-,10,21950,A,N,G,B,B,A,H,-,A,A,0,Y,,,,Y,,-,"- ",0,1,0,0,1,0,0,0,0,"- ","- ",,,"SAN DIEGO","SAN DIEGO",-117.27399171,32.845073050000003
5734766,2012,2013-10-31,3711,2012-07-12,1013,5262,SANDI,4,5,7,3711,0,0,0,,0,531,"26TH ST","RUSS BL",997.00,N,N,B,-,N,,,,,,,,,,Y,2,0,1,2,A,-,08,22107,,N,G,B,F,A,H,-,A,D,0,Y,,,,Y,,A,01,1,0,0,0,1,0,0,0,0,"- ","- ",,,"SAN DIEGO","SAN DIEGO",-117.13895513999999,32.722126899999999
5735320,2012,2013-09-28,3711,2012-06-28,1125,5970,,4,5,7,3711,0,0,0,,0,524,"6TH ST","L ST",183.00,N,N,A,-,N,,,,,,,,,,N,4,0,1,2,A,-,21,22106,,M,G,B,D,A,H,-,A,A,0,Y,,,,Y,,-,"- ",0,0,1,0,1,0,0,0,0,"- ","- ",,,"SAN DIEGO","SAN DIEGO",-117.15922784999999,32.707755929999998
5735404,2012,2013-10-26,3711,2012-07-10,1417,6781,,2,5,7,3711,0,0,0,,0,823,"60TH ST","UNIVERSITY AV",275.00,S,N,A,-,N,,,,,,,,,,N,4,0,1,2,A,-,06,21750,,N,D,G,A,A,H,-,A,D,0,,Y,,,Y,,L,04,0,0,1,0,0,0,1,0,0,"- ","- ",,,"SAN DIEGO","SAN DIEGO",-117.06676671,32.75142924
5739503,2012,2014-01-23,3711,2012-07-23,1955,6339,,1,5,7,3711,0,0,0,,0,441,"S 39TH ST",SUPERIOR,150.00,N,N,A,-,N,,,,,,,,,,N,3,0,1,2,A,-,11,21950,B,N,G,B,D,A,H,-,B,B,0,Y,,,,Y,,N,60,0,1,0,0,1,0,0,0,0,"- ","- ",,,"SAN DIEGO","SAN DIEGO",-117.11039717,32.703555629999997
5742988,2012,2014-04-18,3711,2012-07-21,0145,6432,"SAN D",6,5,7,3711,0,0,0,,0,523,"5TH AV","F ST",0.00,,Y,A,-,N,,,,,,,,,,N,4,0,1,2,A,-,11,21950,B,N,G,B,E,A,H,-,C,D,0,Y,,,,Y,,N,,0,0,1,0,1,0,0,0,0,"- ","- ",,,"SAN DIEGO","SAN DIEGO",-117.16020197,32.713584859999997
5743041,2012,2013-11-04,3711,2012-07-22,1800,6521,,7,5,7,3711,0,0,0,,0,,"SOMERS LN","TATTNAL WY",306.00,W,N,A,-,N,,,,,,,,,,N,3,0,1,2,A,-,11,21954,A,N,G,B,D,A,H,-,A,D,0,Y,,,,Y,,N,60,0,1,0,0,1,0,0,0,0,"- ","- ",,,"SAN DIEGO","SAN DIEGO",-117.2204411,32.728086329999996
5743058,2012,2013-11-04,3711,2012-07-15,1950,6877,,7,5,7,3711,0,0,0,,0,114,"CLAIREMONT MESA BL","CLAIREMONT DR",5.00,N,N,A,-,N,,,,,,,,,,N,4,0,1,2,A,-,05,21650,1,N,A,G,A,A,H,-,C,A,0,,Y,,,Y,,L,04,0,0,1,0,0,0,1,0,0,"- ","- ",,,"SAN DIEGO","SAN DIEGO",-117.20618784,32.827713690000003
5743078,2012,2013-11-04,3711,2012-07-22,2230,6691,,7,5,7,3711,0,0,0,,0,432,"IMPERIAL AV","53RD ST",0.00,,Y,A,-,N,,,,,,,,,,N,4,0,1,2,A,-,12,22450,A,M,G,B,B,A,-,-,-,D,0,Y,,,,Y,,-,"- ",0,0,1,0,1,0,0,0,0,"- ","- ",,,"SAN DIEGO","SAN DIEGO",-117.080752,32.70661484
5743086,2012,2013-11-04,3711,2012-07-22,1715,5905,,7,5,7,3711,0,0,0,,0,627,"4TH AV","UNIVERSITY AV",206.00,N,N,A,-,N,,,,,,,,,,N,4,0,1,2,A,-,03,22350,,M,-,B,F,A,H,-,A,D,0,Y,,,,Y,Y,-,"- ",0,0,1,0,1,0,0,0,0,"- ","- ",,,"SAN DIEGO","SAN DIEGO",-117.1616353,32.748819070000003
5743097,2012,2013-11-12,3711,2012-07-18,0935,3376,,3,5,7,3711,0,0,0,,0,623,"FRIARS RD","NAPA ST",452.00,E,N,A,-,N,,,,,,,,,,N,3,0,1,2,A,-,09,21801,A,N,D,G,A,A,H,-,A,D,0,,Y,,,Y,,-,"- ",0,1,0,0,0,0,1,0,0,"- ","- ",,,"SAN DIEGO","SAN DIEGO",-117.19385101,32.763864730000002
5743520,2012,2013-10-11,3711,2012-06-26,1750,5901,SANDI,2,5,7,3711,0,0,0,,0,111,"MOUNT ALIFAN DR","MT ABRAMHAM",90.00,S,N,A,-,N,,,,,,,,,,N,3,0,1,2,A,-,11,21954,A,N,G,B,D,A,H,-,A,D,0,Y,,,,Y,Y,-,"- ",0,1,0,0,1,0,0,0,0,"- ","- ",,,"SAN DIEGO","SAN DIEGO",-117.17636704,32.819474649999997
5748920,2012,2013-10-26,3711,2012-07-22,2210,5699,,7,5,7,3711,0,0,0,,0,234,"VEZELAY LN","GAILLON CT",210.00,E,N,A,-,N,,,,,,,,,,N,3,0,1,2,A,-,21,22106,,N,G,B,E,A,H,-,D,D,0,Y,,,,Y,,-,"- ",0,1,0,0,1,0,0,0,0,"- ","- ",,,"SAN DIEGO","SAN DIEGO",-117.06117868,33.04465794
5748928,2012,2013-10-26,3711,2012-07-24,0900,6187,,2,5,7,3711,0,0,0,,0,932,"SORRENTO VALLEY RD","CARMEL MOUNTAIN RD",300.00,N,N,B,-,N,,,,,,,,,,N,4,0,1,2,A,-,21,22106,,N,D,G,A,A,H,-,A,D,0,,Y,,,Y,,-,"- ",0,0,1,0,0,0,1,0,0,"- ","- ",,,"SAN DIEGO","SAN DIEGO",-117.23779657999999,32.916959079999998
5748940,2012,2013-10-26,3711,2012-07-21,1016,6671,,6,5,7,3711,0,0,0,,0,627,"PARK BL","LINCOLN ST",3.00,S,N,A,-,N,,,,,,,,,,N,4,0,1,2,A,-,10,21950,A,N,G,B,B,A,H,-,A,D,0,Y,,,,Y,,-,"- ",0,0,1,0,1,0,0,0,0,"- ","- ",,,"SAN DIEGO","SAN DIEGO",-117.1464519,32.750326549999997
5750401,2012,2013-10-25,3711,2012-07-26,1210,6458,,4,5,7,3711,0,0,0,,0,524,"4TH AV","B ST",5.00,S,N,A,-,N,,,,,,,,,,N,3,0,1,2,A,-,08,22107,,N,G,B,B,A,H,-,A,A,0,Y,,,,Y,,-,"- ",0,1,0,0,1,0,0,0,0,"- ","- ",,,"SAN DIEGO","SAN DIEGO",-117.16111189999999,32.717771059999997
5755578,2012,2014-04-18,3711,2012-07-25,2218,5340,,3,5,7,3711,0,0,0,,0,514,"19TH ST","IMPERIAL AV",13.00,N,N,A,-,N,,,,,,,,,,N,3,0,1,2,D,-,00,,,N,G,B,D,A,H,-,C,A,0,Y,,,,Y,Y,-,"- ",0,1,0,0,1,0,0,0,0,"- ","- ",,,"SAN DIEGO","SAN DIEGO",-117.14674067,32.706280360000001
5756904,2012,2013-10-25,3711,2012-07-25,2136,5926,3711,3,5,7,3711,0,0,0,,0,835,"FAIRMONT AV","REDWOOD ST",243.00,N,N,-,-,N,,,,,,,,,,N,3,0,1,2,A,-,"- ",,,N,G,B,D,-,-,-,-,D,0,Y,,,,Y,,-,"- ",0,1,0,0,1,0,0,0,0,"- ","- ",,,"SAN DIEGO","SAN DIEGO",-117.10099107000001,32.739090330000003
5757258,2012,2013-10-26,3711,2012-07-23,1758,6393,,1,5,7,3711,0,0,0,,0,122,"SOLEDAD MOUNTAIN RD","EDGEWORTH RD",90.00,S,N,A,-,N,,,,,,,,,,N,3,0,1,2,A,-,08,22107,,N,H,G,A,A,H,-,A,D,0,,Y,,,Y,,L,04,0,1,0,0,0,0,1,0,0,"- ","- ",,,"SAN DIEGO","SAN DIEGO",-117.23560893,32.815441939999999
5761944,2012,2013-12-10,3711,2012-09-06,0147,5340,,4,5,7,3711,0,0,0,,0,614,"SANTA MONICA AV","BACON ST",94.00,E,N,A,-,N,,,,,,,,,,N,2,0,1,3,A,-,17,21203,,N,G,B,E,A,H,-,C,D,0,Y,,,Y,Y,Y,N,60,1,0,0,0,1,0,0,0,0,"- ","- ",,,"SAN DIEGO","SAN DIEGO",-117.25011502,32.747543800000003
5775303,2012,2013-12-13,3711,2012-09-25,2157,4310,,2,5,7,3711,0,0,0,,0,122,"DAWES ST","GRAND AV",0.00,,Y,A,-,N,,,,,,,,,,N,3,0,1,2,A,-,09,21804,A,N,D,G,A,A,H,-,C,A,0,,Y,,,Y,Y,L,04,0,1,0,0,0,0,1,0,0,"- ","- ",,,"SAN DIEGO","SAN DIEGO",-117.24946203,32.795914869999997
5775570,2012,2013-12-09,3711,2012-09-14,1500,4759,,5,5,7,3711,0,0,0,,0,122,"INGRAHAM ST","GARNET AV",149.00,N,N,A,-,N,,,,,,,,,,N,3,0,1,2,A,-,10,21952,,N,D,G,A,A,G,-,A,D,0,,Y,,,Y,,-,"- ",0,1,0,0,0,0,1,0,0,"- ","- ",,,"SAN DIEGO","SAN DIEGO",-117.24100156,32.80018802
5787391,2012,2013-11-21,3711,2012-08-17,0808,6161,,5,5,7,3711,0,0,0,,0,713,"HARVEST RD",AIRWAY,200.00,S,N,A,-,N,,,,,,,,,,N,3,0,1,2,A,-,11,21954,A,N,G,B,D,A,H,-,A,D,0,Y,,,,Y,,N,60,0,1,0,0,1,0,0,0,0,"- ","- ",,,"SAN DIEGO","SAN DIEGO",-116.94515185,32.559747020000003
5787449,2012,2013-11-12,3711,2012-08-01,1420,6430,SANDI,3,5,7,3711,0,0,0,,0,233,"RANCHO PENASQUITOS BL","CALLE DE LAS ROSAS",42.00,W,N,A,-,N,,,,,,,,,,N,3,0,1,2,A,-,10,21950,A,N,G,B,B,A,H,-,A,A,0,Y,,,,Y,,-,"- ",0,1,0,0,1,0,0,0,0,"- ","- ",,,"SAN DIEGO","SAN DIEGO",-117.11014581000001,32.956348259999999
5787462,2012,2013-11-13,3711,2012-08-12,0650,6897,SE1,7,5,7,3711,0,0,0,,0,442,"ALPHA ST","ALPHA ST 4000",95.00,W,N,A,-,N,,,,,,,,,,N,3,0,1,2,A,-,08,22107,,N,B,G,A,A,H,-,A,D,0,,Y,,,Y,Y,L,04,0,1,0,0,0,0,1,0,0,"- ","- ",,,"SAN DIEGO","SAN DIEGO",,
5787489,2012,2013-11-13,3711,2012-08-08,1744,HILTON,SD,3,5,7,3711,0,0,0,,0,122,"INGRAHAM ST",FELSPAR,3.00,N,N,A,-,N,,,,,,,,,,N,3,0,1,2,A,-,12,21453,A,N,G,B,D,A,H,-,A,A,0,Y,,,,Y,,N,60,0,1,0,0,1,0,0,0,0,"- ","- ",,,"SAN DIEGO","SAN DIEGO",-117.24117440000001,32.800712709999999
5787501,2012,2013-11-12,3711,2012-08-08,2144,5340,,3,5,7,3711,0,0,0,,0,433,"SKYLINE DR","OMEARA ST",253.00,E,N,A,-,N,,,,,,,,,,Y,2,0,1,2,A,-,11,21954,A,N,G,B,D,A,H,-,D,D,0,Y,,,,Y,Y,N,60,1,0,0,0,1,0,0,0,0,"- ","- ",,,"SAN DIEGO","SAN DIEGO",-117.06214231,32.701361839999997
5787815,2012,2013-11-25,3711,2012-08-31,0955,4495,,5,5,7,3711,0,0,0,,0,515,"MARKET ST","26TH ST",0.00,,Y,A,-,N,,,,,,,,,,N,3,0,1,2,A,-,10,21950,A,F,G,B,B,A,H,-,A,D,0,Y,,,,Y,,-,99,0,1,0,0,1,0,0,0,0,"- ","- ",,,"SAN DIEGO","SAN DIEGO",-117.13820197,32.711564850000002
5787819,2012,2014-04-25,3711,2012-08-31,1823,6308,,5,5,7,3711,0,0,0,,0,722,"PALM AV","SATURN BL",1056.00,E,N,A,-,Y,SD,11,75,-,-,9.100,H,-,N,N,4,0,1,2,A,I,"- ",,,N,D,B,D,A,H,-,A,A,0,Y,,,,Y,,N,60,0,0,1,0,1,0,0,0,0,"- ","- ",,,"SAN DIEGO","SAN DIEGO",-117.08895671000001,32.583855120000003
5790032,2012,2013-11-23,3711,2012-08-11,1230,6366,,6,5,7,3711,0,0,0,,0,315,"FRAZEE RD","HAZARD CTR",0.00,,Y,A,-,N,,,,,,,,,,N,3,0,1,2,A,-,11,21456,B,N,D,G,A,A,H,-,A,A,0,,Y,,,Y,Y,L,04,0,1,0,0,0,0,1,0,0,"- ","- ",,,"SAN DIEGO","SAN DIEGO",-117.15626193,32.770884889999998