CASE_ID,ACCIDENT_YEAR,PROC_DATE,JURIS,COLLISION_DATE,COLLISION_TIME,OFFICER_ID,REPORTING_DISTRICT,DAY_OF_WEEK,CHP_SHIFT,POPULATION,CNTY_CITY_LOC,SPECIAL_COND,BEAT_TYPE,CHP_BEAT_TYPE,CITY_DIVISION_LAPD,CHP_BEAT_CLASS,BEAT_NUMBER,PRIMARY_RD,SECONDARY_RD,DISTANCE,DIRECTION,INTERSECTION,WEATHER_1,WEATHER_2,STATE_HWY_IND,CALTRANS_COUNTY,CALTRANS_DISTRICT,STATE_ROUTE,ROUTE_SUFFIX,POSTMILE_PREFIX,POSTMILE,LOCATION_TYPE,RAMP_INTERSECTION,SIDE_OF_HWY,TOW_AWAY,COLLISION_SEVERITY,NUMBER_KILLED,NUMBER_INJURED,PARTY_COUNT,PRIMARY_COLL_FACTOR,PCF_CODE_OF_VIOL,PCF_VIOL_CATEGORY,PCF_VIOLATION,PCF_VIOL_SUBSECTION,HIT_AND_RUN,TYPE_OF_COLLISION,MVIW,PED_ACTION,ROAD_SURFACE,ROAD_COND_1,ROAD_COND_2,LIGHTING,CONTROL_DEVICE,CHP_ROAD_TYPE,PEDESTRIAN_ACCIDENT,BICYCLE_ACCIDENT,MOTORCYCLE_ACCIDENT,TRUCK_ACCIDENT,NOT_PRIVATE_PROPERTY,ALCOHOL_INVOLVED,STWD_VEHTYPE_AT_FAULT,CHP_VEHTYPE_AT_FAULT,COUNT_SEVERE_INJ,COUNT_VISIBLE_INJ,COUNT_COMPLAINT_PAIN,COUNT_PED_KILLED,COUNT_PED_INJURED,COUNT_BICYCLIST_KILLED,COUNT_BICYCLIST_INJURED,COUNT_MC_KILLED,COUNT_MC_INJURED,PRIMARY_RAMP,SECONDARY_RAMP,LATITUDE,LONGITUDE,COUNTY,CITY,POINT_X,POINT_Y
5790926,2012,2013-11-19,3711,2012-08-17,1616,6482,,5,5,7,3711,0,0,0,,0,213,"SANDBAR COVE WY","BAY CREST LN",345.00,W,N,A,-,N,,,,,,,,,,N,3,0,1,2,A,-,21,22106,,N,G,B,F,A,H,-,A,D,0,Y,,,,Y,,-,"- ",0,1,0,0,1,0,0,0,0,"- ","- ",,,"SAN DIEGO","SAN DIEGO",-117.02269256,32.566604310000002
5792945,2012,2013-12-23,3711,2012-10-09,0645,5202,,2,5,7,3711,0,0,0,,0,613,"VOLTAIRE ST","WABASKA DR",0.00,,Y,B,-,N,,,,,,,,,,N,3,0,1,2,A,-,12,21453,A,N,D,G,A,A,H,-,B,A,0,,Y,,,Y,,L,04,0,1,0,0,0,0,1,0,0,"- ","- ",,,"SAN DIEGO","SAN DIEGO",-117.23300192000001,32.742544840000001
5796090,2012,2013-12-03,3711,2012-08-02,2158,6883,,4,5,7,3711,0,0,0,,0,627,"WASHINGTON ST","FRONT ST",6.00,E,N,A,-,N,,,,,,,,,,N,4,0,1,2,A,-,10,21950,A,N,G,B,B,A,H,-,C,A,0,Y,,,,Y,,-,"- ",0,0,1,0,1,0,0,0,0,"- ","- ",,,"SAN DIEGO","SAN DIEGO",-117.16501245000001,32.749934949999997
5796159,2012,2013-11-14,3711,2012-08-02,1305,5257,"SAN D",4,5,7,3711,0,0,0,,0,526,"9TH AV","A ST",9.00,S,N,A,-,N,,,,,,,,,,N,4,0,1,2,A,-,21,22106,,M,H,B,B,A,H,-,A,A,0,Y,,,,Y,Y,A,01,0,0,1,0,1,0,0,0,0,"- ","- ",,,"SAN DIEGO","SAN DIEGO",-117.15655219999999,32.718800109999997
5801167,2012,2013-12-04,3711,2012-09-10,1436,3719,,1,5,7,3711,0,0,0,,0,824,"EL CAJON BL",HIGHLAND,115.00,E,N,A,-,N,,,,,,,,,,N,4,0,1,2,A,-,11,21950,B,N,G,B,D,A,H,-,A,D,0,Y,,,,Y,,N,60,0,0,1,0,1,0,0,0,0,"- ","- ",,,"SAN DIEGO","SAN DIEGO",-117.09883317000001,32.755201149999998
5801171,2012,2013-12-04,3711,2012-09-09,1843,5132,,7,5,7,3711,0,0,0,,0,531,"BALBOA DR","EL PRADO",3.00,S,N,A,-,N,,,,,,,,,,N,3,0,1,2,A,-,08,22107,,M,D,G,A,A,H,-,A,D,0,,Y,,,Y,,-,"- ",0,1,0,0,0,0,1,0,0,"- ","- ",,,"SAN DIEGO","SAN DIEGO",-117.15808206,32.731366549999997
5801176,2012,2013-12-04,3711,2012-09-17,1028,6482,,1,5,7,3711,0,0,0,,0,725,"DENNERY RD","VONS STORE ENT",114.00,E,N,A,-,N,,,,,,,,,,N,4,0,1,2,D,-,00,,,N,G,B,F,A,H,-,A,D,0,Y,,,,Y,,-,"- ",0,0,1,0,1,0,0,0,0,"- ","- ",,,"SAN DIEGO","SAN DIEGO",-117.03242539999999,32.583314450000003
5801188,2012,2013-12-04,3711,2012-09-14,1303,3667,,5,5,7,3711,0,0,0,,0,315,"FRIARS RD","NORTHSIDE DR",0.00,,Y,A,-,N,,,,,,,,,,N,4,0,1,2,A,-,08,22107,,N,D,G,A,A,H,-,A,A,0,,Y,,,Y,,A,01,0,0,1,0,0,0,1,0,0,"- ","- ",,,"SAN DIEGO","SAN DIEGO",-117.12793197000001,32.784134780000002
5801189,2012,2013-12-04,3711,2012-09-15,2201,5514,,6,5,7,3711,0,0,0,,0,523,"G ST","5TH AV",0.00,,Y,A,-,N,,,,,,,,,,N,4,0,1,2,A,-,11,21950,B,N,G,B,B,A,H,-,C,A,0,Y,,,,Y,Y,N,60,0,0,1,0,1,0,0,0,0,"- ","- ",,,"SAN DIEGO","SAN DIEGO",-117.1601819,32.712514769999999
5801216,2012,2013-12-07,3711,2012-09-16,2001,5600,,7,5,7,3711,0,0,0,,0,242,"CAMINO RUIZ","WESTMORE RD",0.00,,Y,A,-,N,,,,,,,,,,N,3,0,1,3,A,-,10,21950,A,N,G,B,B,A,H,-,C,A,0,Y,,,,Y,,A,07,0,1,0,0,1,0,0,0,0,"- ","- ",,,"SAN DIEGO","SAN DIEGO",-117.14405198,32.917824899999999
5801420,2012,2013-12-31,3711,2012-09-08,2014,5062,,6,5,7,3711,0,0,0,,0,504,"W HARBOR DR","KETTNER BL",0.00,,Y,A,-,N,,,,,,,,,,N,3,0,1,2,A,-,11,21950,B,N,G,B,B,A,H,-,C,A,0,Y,,,,Y,Y,N,60,0,1,0,0,1,0,0,0,0,"- ","- ",,,"SAN DIEGO","SAN DIEGO",-117.16921195,32.711464829999997
5801672,2012,2013-12-12,3711,2012-09-14,1715,5054,,5,5,7,3711,0,0,0,,0,242,"WESTMORE RD","REAGAN RD",0.00,,N,A,-,N,,,,,,,,,,N,4,0,1,2,A,-,08,22107,,M,B,G,A,A,H,-,A,D,0,,Y,,,Y,,-,"- ",0,0,1,0,0,0,1,0,0,"- ","- ",,,"SAN DIEGO","SAN DIEGO",-117.14949196000001,32.917684880000003
5802789,2012,2013-12-21,3711,2012-10-10,0932,4447,,3,5,7,3711,0,0,0,,0,,"UNIVERSITY AV","MARLBOROUGH AV",0.00,,Y,A,-,N,,,,,,,,,,N,4,0,1,2,A,-,10,21950,A,N,G,B,B,A,H,-,A,A,0,Y,,,,Y,,D,22,0,0,1,0,1,0,0,0,0,"- ","- ",,,"SAN DIEGO","SAN DIEGO",-117.10571197,32.749664850000002
5811425,2012,2014-02-10,3711,2012-09-10,1817,6611,,1,5,7,3711,0,0,0,,0,441,"YMCA WY","IMPERIAL AV",60.00,N,N,B,-,N,,,,,,,,,,N,3,0,1,2,A,I,"- ",,,N,G,B,E,A,H,-,A,D,0,Y,,,,Y,,N,60,0,1,0,0,1,0,0,0,0,"- ","- ",,,"SAN DIEGO","SAN DIEGO",-117.09797657999999,32.704339070000003
5811435,2012,2014-02-26,3711,2012-09-09,0325,5515,,7,5,7,3711,0,0,0,,0,612,"ROSECRANS ST",EVERGREEN,21.00,N,N,A,-,N,,,,,,,,,,N,3,0,1,2,A,-,11,21456,B,N,G,B,D,A,H,-,C,A,0,Y,,,,Y,Y,N,60,0,1,0,0,1,0,0,0,0,"- ","- ",,,"SAN DIEGO","SAN DIEGO",-117.20932393,32.747184910000001
5812121,2012,2013-11-08,3711,2012-08-31,1707,5985,,5,5,7,3711,0,0,0,,0,515,"30TH ST","ISLAND AV",0.00,,Y,A,-,N,,,,,,,,,,N,4,0,1,2,A,-,05,21650,1,N,D,G,A,A,H,-,A,A,0,,Y,,,Y,Y,L,04,0,0,1,0,0,0,1,0,0,"- ","- ",,,"SAN DIEGO","SAN DIEGO",-117.13023195,32.710564769999998
5812129,2012,2013-11-08,3711,2012-08-30,1610,4386,,4,5,7,3711,0,0,0,,0,611,"TRUXTUN RD","WOMBLE RD",220.00,S,N,A,-,N,,,,,,,,,,N,3,0,1,2,A,-,11,21955,,N,D,B,D,A,H,-,A,D,0,Y,,,,Y,,N,60,0,1,0,0,1,0,0,0,0,"- ","- ",,,"SAN DIEGO","SAN DIEGO",-117.21878114,32.734934860000003
5812141,2012,2013-11-08,3711,2012-08-28,1116,6507,,2,5,7,3711,0,0,0,,0,,"CLAY AV","31ST ST",0.00,,Y,A,-,N,,,,,,,,,,N,4,0,1,2,A,-,12,22450,A,N,B,G,A,A,H,-,A,A,0,,Y,,,Y,,L,04,0,0,1,0,0,0,1,0,0,"- ","- ",,,"SAN DIEGO","SAN DIEGO",-117.12738201000001,32.703264840000003
5813051,2012,2013-11-27,3711,2012-08-20,2128,4576,,1,5,7,3711,0,0,0,,0,811,"ADAMS AV","32ND ST",0.00,,Y,A,-,N,,,,,,,,,,N,3,0,1,2,A,-,09,21801,A,N,D,G,A,A,H,-,C,A,0,,Y,,,Y,Y,A,01,0,1,0,0,0,0,1,0,0,"- ","- ",,,"SAN DIEGO","SAN DIEGO",-117.12499192,32.76337487
5813056,2012,2013-11-27,3711,2012-08-23,1518,5450,,4,5,7,3711,0,0,0,,0,826,"WINONA AV","ORANGE AV",322.00,S,N,B,-,N,,,,,,,,,,N,4,0,1,2,A,-,11,21954,A,N,G,B,C,A,H,-,A,D,0,Y,,,,Y,,N,60,0,0,1,0,1,0,0,0,0,"- ","- ",,,"SAN DIEGO","SAN DIEGO",-117.08797189000001,32.752182840000003
5813059,2012,2013-11-27,3711,2012-08-21,1509,6032,,2,5,7,3711,0,0,0,,0,234,"BERNARDO CENTER DR","BERNARDO PLAZA CT",30.00,N,N,A,-,N,,,,,,,,,,N,4,0,1,2,A,-,11,21950,B,N,G,B,D,A,H,-,A,D,0,Y,,,,Y,,N,60,0,0,1,0,1,0,0,0,0,"- ","- ",,,"SAN DIEGO","SAN DIEGO",-117.07494396,33.020375569999999
5818354,2012,2014-03-28,3711,2012-09-16,1841,5531,,7,5,7,3711,0,0,0,,0,242,"CAMINO RUIZ","GOLD COAST DR",0.00,,Y,A,-,N,,,,,,,,,,N,4,0,1,2,A,-,08,22107,,N,H,G,A,A,H,-,A,A,0,,Y,,,Y,,-,"- ",0,0,1,0,0,0,1,0,0,"- ","- ",,,"SAN DIEGO","SAN DIEGO",-117.14622199,32.905314840000003
5819440,2012,2013-11-21,3711,2012-08-21,0910,3746,,2,5,7,3711,0,0,0,,0,,"5TH AV","B ST",0.00,,Y,B,-,N,,,,,,,,,,N,4,0,1,2,A,-,10,21950,A,N,G,B,B,A,H,-,A,A,0,Y,,,,Y,,-,"- ",0,0,1,0,1,0,0,0,0,"- ","- ",,,"SAN DIEGO","SAN DIEGO",-117.16019193,32.717784790000003
5821320,2012,2013-12-03,3711,2012-09-01,1950,6594,,6,5,7,3711,0,0,0,,0,712,"AVERIL RD","SUNSET LN",96.00,S,N,A,-,N,,,,,,,,,,,3,0,1,2,A,-,11,21950,B,N,G,B,D,A,H,-,C,D,0,Y,,,,Y,,N,60,0,1,0,0,1,0,0,0,0,"- ","- ",,,"SAN DIEGO","SAN DIEGO",-117.05430434,32.557931809999999
5821451,2012,2013-12-26,3711,2012-10-02,1625,5876,WESTE,2,5,7,3711,0,0,0,,0,613,"WEST POINT LOMA","WEST POINT LOMA 3900",0.00,,Y,A,-,N,,,,,,,,,,N,4,0,1,2,A,-,10,21950,A,N,G,B,B,A,H,-,A,A,0,Y,,,,Y,,-,"- ",0,0,1,0,1,0,0,0,0,"- ","- ",,,"SAN DIEGO","SAN DIEGO",-117.21999228,32.754766490000002
5823538,2012,2013-12-23,3711,2012-10-29,1945,6770,,1,5,7,3711,0,0,0,,0,441,"OCEAN VIEW BL","OCEAN VIEW BL 3600",12.00,S,N,A,-,N,,,,,,,,,,,3,0,1,2,A,-,10,21950,A,N,G,B,A,A,H,-,C,A,0,,,Y,,Y,Y,-,"- ",0,1,0,0,0,0,0,0,0,"- ","- ",,,"SAN DIEGO","SAN DIEGO",,
5825335,2012,2013-12-13,3711,2012-09-05,1220,5093,,3,5,7,3711,0,0,0,,0,441,"S 45TH ST","BOSTON AV",120.00,N,N,A,-,N,,,,,,,,,,Y,3,0,1,2,A,-,11,21950,B,N,G,B,D,A,H,-,A,D,0,Y,,,,Y,,N,60,0,1,0,0,1,0,0,0,0,"- ","- ",,,"SAN DIEGO","SAN DIEGO",-117.09814339,32.693533090000003
5825347,2012,2013-12-13,3711,2012-09-05,1823,4864,3811,3,5,7,3711,0,0,0,,0,834,"MARLBOROUGH AV","UNIVERSITY AV",189.00,N,N,A,B,N,,,,,,,,,,N,3,0,1,2,A,-,11,21954,A,N,G,B,D,A,H,-,A,D,0,Y,,,,Y,,N,60,0,1,0,0,1,0,0,0,0,"- ","- ",,,"SAN DIEGO","SAN DIEGO",-117.10570614,32.750182449999997
5827203,2012,2013-12-12,3711,2012-09-07,0855,6827,,5,5,7,3711,0,0,0,,0,436,"JAMACHA RD","FLICKER ST",62.00,E,N,A,-,N,,,,,,,,,,N,3,0,1,2,A,-,05,21202,A,N,D,G,A,A,H,-,A,D,0,,Y,,,Y,,L,04,0,1,0,0,0,0,1,0,0,"- ","- ",,,"SAN DIEGO","SAN DIEGO",-117.04753101,32.710654769999998
5830692,2012,2014-05-05,3711,2012-11-02,0945,5985,,5,5,7,3711,0,0,0,,0,524,"WEST ASH ST","FRONT ST",0.00,,Y,A,-,N,,,,,,,,,,N,4,0,1,2,A,-,10,21950,A,M,G,B,B,A,H,-,A,A,0,Y,,,Y,Y,,F,27,0,0,1,0,1,0,0,0,0,"- ","- ",,,"SAN DIEGO","SAN DIEGO",-117.16479201999999,32.719844860000002
5832632,2012,2013-12-07,3711,2012-09-19,2220,4576,,3,5,7,3711,0,0,0,,0,813,"KANSAS ST","MEADE AV",0.00,,Y,A,-,N,,,,,,,,,,N,3,0,1,2,A,-,10,21950,A,M,G,B,B,A,G,-,C,A,0,Y,,,,Y,,-,99,0,1,0,0,1,0,0,0,0,"- ","- ",,,"SAN DIEGO","SAN DIEGO",-117.13143196,32.757274809999998
5832635,2012,2013-12-07,3711,2012-09-18,1000,5857,,2,5,7,3711,0,0,0,,0,521,"E ST","14TH ST",12.00,E,N,A,-,N,,,,,,,,,,N,4,0,1,2,A,-,11,21950,B,N,G,B,B,A,H,-,A,D,0,Y,,,,Y,,N,60,0,0,1,0,1,0,0,0,0,"- ","- ",,,"SAN DIEGO","SAN DIEGO",-117.15193300999999,32.714704759999996
5834776,2012,2013-12-26,3711,2012-10-06,1000,5668,,6,5,7,3711,0,0,0,,0,613,"CATALINA BL","UDALL ST",37.00,N,N,A,-,N,,,,,,,,,,N,3,0,1,2,A,-,08,22107,,N,B,G,A,A,A,-,A,D,0,,Y,,,Y,,L,04,0,1,0,0,0,0,1,0,0,"- ","- ",,,"SAN DIEGO","SAN DIEGO",-117.23545095,32.743026479999997
5835068,2012,2013-12-11,9645,2012-09-23,0215,018871,,7,3,7,3711,0,1,1,,2,010,"RT 8","RT 5",2640.00,W,N,A,-,Y,SD,11,8,-,L,1.860,H,-,E,Y,3,0,1,2,A,-,11,21954,A,N,G,B,E,A,H,-,D,A,1,Y,,,,Y,,N,60,0,1,0,0,1,0,0,0,0,"- ","- ",32.758659999999999,-117.21095,"SAN DIEGO","SAN DIEGO",-117.21235937,32.758546809999999
5839746,2012,2013-12-24,3711,2012-10-19,1412,6475,SANDI,5,5,7,3711,0,0,0,,0,511,"HARBOR DR",SAMPSON,0.00,,-,A,-,N,,,,,,,,,,Y,3,0,1,3,A,-,"- ",,,N,B,B,D,A,H,-,A,D,0,Y,,,,Y,Y,N,60,0,1,0,0,1,0,0,0,0,"- ","- ",,,"SAN DIEGO","SAN DIEGO",-117.14250192,32.694724839999999
5839824,2012,2013-12-23,3711,2012-10-09,1415,4840,,2,5,7,3711,0,0,0,,0,611,"ROSECRANS ST","SPORTS ARENA BL",4.00,S,N,A,-,N,,,,,,,,,,N,4,0,1,2,A,-,10,21950,A,M,G,B,B,A,H,-,A,D,0,Y,,,,Y,,-,"- ",0,0,1,0,1,0,0,0,0,"- ","- ",,,"SAN DIEGO","SAN DIEGO",-117.2049651,32.751504140000002
5840075,2012,2013-12-21,3711,2012-10-04,1700,6858,,4,5,7,3711,0,0,0,,0,827,"50TH ST",UNIVERSITY,322.00,S,N,A,-,N,,,,,,,,,,N,4,0,1,2,A,-,11,21950,B,N,G,B,D,A,H,-,A,D,0,Y,,,,Y,,N,60,0,0,1,0,1,0,0,0,0,"- ","- ",,,"SAN DIEGO","SAN DIEGO",-117.08699188999999,32.74845277
5840078,2012,2014-03-17,3711,2012-10-04,1937,5145,,4,5,7,3711,0,0,0,,0,122,"MISSION BL","DIAMOND ST",50.00,S,N,A,-,N,,,,,,,,,,N,3,0,1,2,D,-,00,,,N,G,B,B,A,H,-,C,D,0,Y,,,,Y,,-,"- ",0,1,0,0,1,0,0,0,0,"- ","- ",,,"SAN DIEGO","SAN DIEGO",-117.25633103,32.79923221
5844531,2012,2013-12-09,3711,2012-09-25,1935,4884,SDPD,2,5,7,3711,0,0,0,,0,232,"WORLD TRADE DR","HIGHLAND RANCH RD",522.00,S,N,A,-,N,,,,,,,,,,,3,0,1,2,A,-,11,21954,A,N,B,B,D,A,H,-,C,A,0,Y,,,,Y,,N,60,0,1,0,0,1,0,0,0,0,"- ","- ",,,"SAN DIEGO","SAN DIEGO",-117.07489662,32.980897179999999
5844535,2012,2013-12-09,3711,2012-09-23,1746,6872,,7,5,7,3711,0,0,0,,0,614,"WEST POINT LOMA BL","ABBOTT ST",90.00,E,N,A,-,N,,,,,,,,,,N,3,0,1,2,A,-,09,21800,A,N,-,G,A,A,H,-,A,-,0,,Y,,,Y,,-,"- ",0,1,0,0,0,0,1,0,0,"- ","- ",,,"SAN DIEGO","SAN DIEGO",-117.24709111,32.754164469999999
5844549,2012,2013-12-09,3711,2012-09-23,1435,4155,"SAN D",7,5,7,3711,0,0,0,,0,934,"VALLEY CENTRE DR","KILROY CENTRE WY",0.00,,Y,A,-,N,,,,,,,,,,N,3,0,1,2,A,-,09,21453,B,N,B,G,A,A,H,-,A,A,0,,Y,,,Y,,-,"- ",0,1,0,0,0,0,1,0,0,"- ","- ",,,"SAN DIEGO","SAN DIEGO",-117.23608106,32.937434160000002
5844552,2012,2013-12-09,3711,2012-09-22,1818,3815,,6,5,7,3711,0,0,0,,0,126,"NORTH TORREY PINES RD","SALK INSTITUTE RD",0.00,,Y,A,-,N,,,,,,,,,,N,3,0,1,2,A,-,12,21453,A,N,D,G,A,A,H,-,A,A,0,,Y,,,Y,,L,04,0,1,0,0,0,0,1,0,0,"- ","- ",,,"SAN DIEGO","SAN DIEGO",-117.24392195,32.886114859999999
5844561,2012,2013-12-13,3711,2012-09-19,2102,6278,SANDI,3,5,7,3711,0,0,0,,0,521,"C ST","10TH AV",65.00,E,N,A,-,N,,,,,,,,,,,3,0,1,2,A,-,11,21950,B,N,G,B,D,A,H,-,C,D,0,Y,,,,Y,Y,N,60,0,1,0,0,1,0,0,0,0,"- ","- ",,,"SAN DIEGO","SAN DIEGO",-117.15541138,32.716780610000001
5844562,2012,2013-12-13,3711,2012-09-21,1925,5679,,5,5,7,3711,0,0,0,,0,233,"CARMEL MOUNTAIN RD","TWIN TRAILS DR",0.00,,Y,A,-,N,,,,,,,,,,N,3,0,1,2,A,-,10,21950,A,N,G,B,B,A,A,-,C,A,0,Y,,,,Y,,A,01,0,1,0,0,1,0,0,0,0,"- ","- ",,,"SAN DIEGO","SAN DIEGO",-117.13402197000001,32.963464889999997
5844563,2012,2014-02-19,3711,2012-09-26,1740,6774,SANDI,3,5,7,3711,0,0,0,,0,934,"CARMEL CREEK RD","DEL MAR TRAILS RD",12.00,S,N,A,-,N,,,,,,,,,,N,3,0,2,3,A,-,10,21950,A,N,G,B,D,A,H,-,A,A,0,Y,,,,Y,,-,"- ",0,2,0,0,2,0,0,0,0,"- ","- ",,,"SAN DIEGO","SAN DIEGO",-117.22966448,32.944767970000001
5844571,2012,2013-12-13,3711,2012-09-22,0245,4308,,6,5,7,3711,0,0,0,,0,624,"WASHINGTON ST","CLEVELAND AV",0.00,,Y,B,-,N,,,,,,,,,,Y,2,0,1,2,A,-,11,21456,B,N,G,B,B,A,H,-,C,A,0,Y,,,,Y,Y,N,60,1,0,0,0,1,0,0,0,0,"- ","- ",,,"SAN DIEGO","SAN DIEGO",-117.14933195,32.752124790000003
5844582,2012,2013-12-13,3711,2012-09-27,1750,3829,,4,5,7,3711,0,0,0,,0,234,"BERNARDO TER","BERNARDO CENTER DR",26.00,W,N,A,-,N,,,,,,,,,,N,3,0,1,2,A,-,08,22107,,N,D,G,A,A,H,-,B,D,0,,Y,,,Y,,L,04,0,1,0,0,0,0,1,0,0,"- ","- ",,,"SAN DIEGO","SAN DIEGO",-117.07568550000001,33.027559760000003
5844593,2012,2013-12-13,3711,2012-09-24,1938,6784,,1,5,7,3711,0,0,0,,0,822,"EL CAJON BL","COLLEGE AV",4.00,W,N,A,-,N,,,,,,,,,,N,4,0,1,2,A,-,11,21950,B,N,G,B,B,A,H,-,A,A,0,Y,,,,Y,,N,60,0,0,1,0,1,0,0,0,0,"- ","- ",,,"SAN DIEGO","SAN DIEGO",-117.06707321,32.761389430000001
5844600,2012,2014-04-18,3711,2012-09-27,1749,6059,,4,5,7,3711,0,0,0,,0,521,"ISLAND AV","8TH AV",0.00,,Y,A,-,N,,,,,,,,,,N,3,0,1,2,A,-,10,21952,,N,G,B,B,A,G,-,A,D,0,Y,,,,Y,,-,"- ",0,1,0,0,1,0,0,0,0,"- ","- ",,,"SAN DIEGO","SAN DIEGO",-117.15742198,32.710394790000002
5844615,2012,2014-02-21,3711,2012-09-24,0707,6414,SDPD,1,5,7,3711,0,0,0,,0,813,"UNIVERSITY AV","VILLA TER",6.00,W,N,A,-,N,,,,,,,,,,N,3,0,1,2,A,-,05,21202,A,N,-,G,A,A,H,-,A,A,0,,Y,,,Y,,L,04,0,1,0,0,0,0,1,0,0,"- ","- ",,,"SAN DIEGO","SAN DIEGO",-117.13572133,32.748444149999997
5851001,2012,2014-01-08,3711,2012-11-09,1740,6646,SANDI,5,5,7,3711,0,0,0,,0,834,"UNIVERSITY AV","44TH ST",0.00,,Y,C,-,N,,,,,,,,,,N,4,0,1,2,A,-,10,21950,A,M,G,B,B,B,H,-,C,D,0,Y,,,,Y,,-,"- ",0,0,1,0,1,0,0,0,0,"- ","- ",,,"SAN DIEGO","SAN DIEGO",-117.09983198,32.749594870000003
5853885,2012,2013-01-25,3711,2012-12-01,2159,4495,,6,5,7,3711,0,0,0,,0,122,"PACIFIC BEACH DR","GRESHAM ST",189.00,W,N,B,-,N,,,,,,,,,,N,3,0,1,3,A,-,08,22107,,F,G,B,E,A,H,-,C,D,0,Y,,,,Y,Y,D,22,0,1,0,0,1,0,0,0,0,"- ","- ",,,"SAN DIEGO","SAN DIEGO",-117.24341541,32.793225040000003
5853990,2012,2013-12-18,3711,2012-10-18,1845,6646,"SAN D",4,5,7,3711,0,0,0,,0,833,"UNIVERSITY AV","45TH ST",0.00,,Y,A,-,N,,,,,,,,,,N,4,0,1,2,A,-,10,21950,A,N,G,B,D,A,H,-,C,D,0,Y,,,,Y,Y,-,"- ",0,0,1,0,1,0,0,0,0,"- ","- ",,,"SAN DIEGO","SAN DIEGO",-117.09767189999999,32.74958479
5854017,2012,2014-04-04,3711,2012-10-16,0730,5498,,2,5,7,3711,0,0,0,,0,325,"WANDERMERE DR","MIRA VISTA LN",8.00,E,N,A,-,N,,,,,,,,,,N,4,0,1,2,A,-,03,22350,,N,G,B,B,A,H,-,A,D,0,Y,,,,Y,,-,"- ",0,0,1,0,1,0,0,0,0,"- ","- ",,,"SAN DIEGO","SAN DIEGO",-117.05129595,32.796335139999996
5854051,2012,2013-12-18,3711,2012-10-17,0833,5628,,3,5,7,3711,0,0,0,,0,512,"ISLAND AV","BANCROFT ST",0.00,,Y,A,-,N,,,,,,,,,,N,4,0,1,2,A,-,05,21650,1,N,A,G,A,A,H,-,A,D,0,,Y,,,Y,,L,04,0,0,1,0,0,0,1,0,0,"- ","- ",,,"SAN DIEGO","SAN DIEGO",-117.12407189,32.710914789999997
5854780,2012,2013-12-16,3711,2012-10-31,1700,6698,,3,5,7,3711,0,0,0,,0,832,"43RD ST","ORANGE AV",98.00,N,N,A,-,N,,,,,,,,,,N,4,0,1,2,A,-,11,21950,B,N,G,B,D,A,H,-,A,A,0,Y,,,,Y,,N,60,0,0,1,0,1,0,0,0,0,"- ","- ",,,"SAN DIEGO","SAN DIEGO",-117.10189362,32.753442759999999
5857249,2012,2013-12-19,3711,2012-10-09,0845,6786,,2,5,7,3711,0,0,0,,0,931,"SORRENTO VALLEY BL","SORRENTO VALLEY BL 4499",0.00,,Y,A,-,N,,,,,,,,,,N,3,0,1,2,A,-,03,22350,,N,C,G,A,A,H,-,A,-,0,,Y,,,Y,,L,04,0,1,0,0,0,0,1,0,0,"- ","- ",32.54383,-117.12783,"SAN DIEGO","SAN DIEGO",-117.21188843,32.907038559999997
5857256,2012,2013-12-19,3711,2012-10-17,1600,4116,,3,5,7,3711,0,0,0,,0,321,"MISSION GORGE RD","MISSION GORGE PL",100.00,S,N,A,-,N,,,,,,,,,,N,3,0,1,2,A,-,09,21801,A,N,D,G,A,A,H,-,A,D,0,,Y,,,Y,,-,"- ",0,1,0,0,0,0,1,0,0,"- ","- ",,,"SAN DIEGO","SAN DIEGO",-117.09854887,32.782981530000001
5857384,2012,2013-12-17,3711,2012-10-01,1719,6894,,1,5,7,3711,0,0,0,,0,522,"FRONT ST","W ISLAND",91.00,N,N,A,-,N,,,,,,,,,,N,3,0,1,2,A,-,05,21650,1,N,D,G,A,A,H,-,A,D,0,,Y,,,Y,,L,04,0,1,0,0,0,0,1,0,0,"- ","- ",,,"SAN DIEGO","SAN DIEGO",-117.16469665,32.710654009999999
5857416,2012,2013-12-18,3711,2012-10-06,2212,5527,"SAN D",6,5,7,3711,0,0,0,,0,521,"J ST","8TH AV",66.00,E,N,A,-,N,,,,,,,,,,N,3,0,1,2,A,-,"- ",,,N,G,B,D,C,A,-,A,D,0,Y,,,,Y,Y,N,60,0,1,0,0,1,0,0,0,0,"- ","- ",,,"SAN DIEGO","SAN DIEGO",-117.15719805000001,32.709354759999997
5857484,2012,2013-12-18,3711,2012-10-25,1740,6389,,4,5,7,3711,0,0,0,,0,713,"OTAY CENTER DR","SIEMPRE VIVA RD",9.00,S,N,A,-,Y,,,,,,,,,,N,4,0,1,2,A,-,05,21650,1,N,G,G,A,A,H,-,A,A,0,,Y,,,Y,,L,04,0,0,1,0,0,0,1,0,0,"- ","- ",,,"SAN DIEGO","SAN DIEGO",-116.94239451,32.553940900000001