CASE_ID,ACCIDENT_YEAR,PROC_DATE,JURIS,COLLISION_DATE,COLLISION_TIME,OFFICER_ID,REPORTING_DISTRICT,DAY_OF_WEEK,CHP_SHIFT,POPULATION,CNTY_CITY_LOC,SPECIAL_COND,BEAT_TYPE,CHP_BEAT_TYPE,CITY_DIVISION_LAPD,CHP_BEAT_CLASS,BEAT_NUMBER,PRIMARY_RD,SECONDARY_RD,DISTANCE,DIRECTION,INTERSECTION,WEATHER_1,WEATHER_2,STATE_HWY_IND,CALTRANS_COUNTY,CALTRANS_DISTRICT,STATE_ROUTE,ROUTE_SUFFIX,POSTMILE_PREFIX,POSTMILE,LOCATION_TYPE,RAMP_INTERSECTION,SIDE_OF_HWY,TOW_AWAY,COLLISION_SEVERITY,NUMBER_KILLED,NUMBER_INJURED,PARTY_COUNT,PRIMARY_COLL_FACTOR,PCF_CODE_OF_VIOL,PCF_VIOL_CATEGORY,PCF_VIOLATION,PCF_VIOL_SUBSECTION,HIT_AND_RUN,TYPE_OF_COLLISION,MVIW,PED_ACTION,ROAD_SURFACE,ROAD_COND_1,ROAD_COND_2,LIGHTING,CONTROL_DEVICE,CHP_ROAD_TYPE,PEDESTRIAN_ACCIDENT,BICYCLE_ACCIDENT,MOTORCYCLE_ACCIDENT,TRUCK_ACCIDENT,NOT_PRIVATE_PROPERTY,ALCOHOL_INVOLVED,STWD_VEHTYPE_AT_FAULT,CHP_VEHTYPE_AT_FAULT,COUNT_SEVERE_INJ,COUNT_VISIBLE_INJ,COUNT_COMPLAINT_PAIN,COUNT_PED_KILLED,COUNT_PED_INJURED,COUNT_BICYCLIST_KILLED,COUNT_BICYCLIST_INJURED,COUNT_MC_KILLED,COUNT_MC_INJURED,PRIMARY_RAMP,SECONDARY_RAMP,LATITUDE,LONGITUDE,COUNTY,CITY,POINT_X,POINT_Y
5857491,2012,2013-12-18,3711,2012-10-24,1050,5300,,3,5,7,3711,0,0,0,,0,122,"GARNET AV","LAMONT ST",115.00,E,N,A,-,N,,,,,,,,,,N,3,0,1,2,A,-,"- ",,,N,D,G,A,A,H,-,A,D,0,,Y,,,Y,,L,04,0,1,0,0,0,0,1,0,0,"- ","- ",,,"SAN DIEGO","SAN DIEGO",-117.23500065,32.80107331
5857602,2012,2014-03-07,3711,2012-10-22,0652,5985,,1,5,7,3711,0,0,0,,0,524,"A ST","11TH AV",0.00,,Y,B,-,Y,SD,11,163,-,-,0.531,I,5,N,N,4,0,1,2,A,-,11,21456,B,N,G,B,B,A,H,-,A,A,0,Y,,,,Y,,N,60,0,0,1,0,1,0,0,0,0,"- ","- ",,,"SAN DIEGO","SAN DIEGO",-117.15471184,32.718854790000002
5857627,2012,2013-12-18,3711,2012-10-27,1739,3815,,6,5,7,3711,0,0,0,,0,621,"LINDA VISTA RD","KRAMER ST",0.00,,Y,A,-,N,,,,,,,,,,N,4,0,2,3,A,-,10,21950,A,N,G,B,B,A,H,-,A,A,0,Y,,,,Y,,A,01,0,0,2,0,2,0,0,0,0,"- ","- ",,,"SAN DIEGO","SAN DIEGO",-117.17313203,32.776944829999998
5857895,2012,2014-01-04,3711,2012-11-26,2110,4576,,1,5,7,3711,0,0,0,,0,813,"30TH ST","NORTH PARK WY",0.00,,Y,A,-,N,,,,,,,,,,N,3,0,1,2,A,-,10,21950,A,N,G,B,B,A,H,-,C,A,0,Y,,,,Y,,D,22,0,1,0,0,1,0,0,0,0,"- ","- ",,,"SAN DIEGO","SAN DIEGO",-117.13008197000001,32.747334879999997
5863616,2012,2013-12-20,3711,2012-10-23,0655,6033,,2,5,7,3711,0,0,0,,0,447,"FAIRMOUNT AV","HOME AV",0.00,,Y,B,-,N,,,,,,,,,,N,4,0,1,2,A,-,10,21950,A,M,H,B,B,A,H,-,A,A,0,Y,,,,Y,,-,"- ",0,0,1,0,1,0,0,0,0,"- ","- ",,,"SAN DIEGO","SAN DIEGO",-117.09977191999999,32.728834849999998
5863636,2012,2013-12-20,3711,2012-10-23,1734,6691,,2,5,7,3711,0,0,0,,0,712,"WEST SAN YSIDRO BL","ISLA DEL CARMEN",13.00,W,N,A,-,N,,,,,,,,,,N,4,0,2,2,A,-,05,21650,1,N,G,G,A,A,H,-,A,D,0,,Y,,,Y,,L,04,0,0,2,0,0,0,1,0,0,"- ","- ",,,"SAN DIEGO","SAN DIEGO",-117.0655632,32.5619485
5863652,2012,2013-12-20,3711,2012-10-23,1150,3376,,2,5,7,3711,0,0,0,,0,614,"SUNSET CLIFFS BL","LOTUS ST",90.00,S,N,B,-,N,,,,,,,,,,N,3,0,1,2,A,-,09,21801,A,N,D,G,A,A,H,-,A,D,0,,Y,,,Y,,L,04,0,1,0,0,0,0,1,0,0,"- ","- ",,,"SAN DIEGO","SAN DIEGO",-117.24280372,32.750315469999997
5863676,2012,2013-12-20,3711,2012-10-11,1855,5623,,4,5,7,3711,0,0,0,,0,712,"DEL SUR BL","SHOOTING STAR",400.00,S,N,B,-,N,,,,,,,,,,N,3,0,1,2,A,-,11,21950,B,N,G,B,D,A,H,-,D,D,0,Y,,,,Y,,N,60,0,1,0,0,1,0,0,0,0,"- ","- ",,,"SAN DIEGO","SAN DIEGO",-117.05758829,32.566290100000003
5864252,2012,2013-12-17,3711,2012-10-29,1455,4116,,1,5,7,3711,0,0,0,,0,312,"TIERRASANTA BL","ESPLENDENTE BL",150.00,E,N,A,-,N,,,,,,,,,,N,4,0,1,2,A,-,05,21650,1,N,A,G,A,A,-,-,A,D,0,,Y,,,Y,,L,04,0,0,1,0,0,0,1,0,0,"- ","- ",,,"SAN DIEGO","SAN DIEGO",-117.10061766,32.822911609999998
5864276,2012,2013-12-17,3711,2012-10-25,1050,6824,,4,5,7,3711,0,0,0,,0,437,"DORIANA ST","ALTA VIEW DR",200.00,E,N,A,-,N,,,,,,,,,,N,4,0,1,2,A,-,11,21954,A,N,G,B,E,A,H,-,A,D,0,Y,,,,Y,,N,60,0,0,1,0,1,0,0,0,0,"- ","- ",,,"SAN DIEGO","SAN DIEGO",-117.04952131,32.683861219999997
5864307,2012,2013-12-17,3711,2012-10-27,0830,5007,,6,5,7,3711,0,0,0,,0,517,BROADWAY,"25TH ST",8.00,E,N,A,-,N,,,,,,,,,,Y,4,0,1,2,A,-,08,22107,,N,G,B,B,A,H,-,A,A,0,Y,,,,Y,,-,"- ",0,0,1,0,1,0,0,0,0,"- ","- ",,,"SAN DIEGO","SAN DIEGO",-117.14030597999999,32.71577499
5864672,2012,2014-01-09,3711,2012-11-22,1156,5209,,4,5,7,3711,0,0,0,,0,524,"5TH AV","ASH ST",0.00,,Y,A,-,N,,,,,,,,,,N,2,0,1,2,A,-,11,21456,B,N,G,B,B,A,H,-,A,A,0,Y,,,,Y,,N,60,1,0,0,0,1,0,0,0,0,"- ","- ",,,"SAN DIEGO","SAN DIEGO",-117.16023190999999,32.719844770000002
5865846,2012,2014-01-07,3711,2012-11-13,1543,6160,,2,5,7,3711,0,0,0,,0,934,"CARMEL MOUNTAIN RD","CARMEL COUNTRY RD",90.00,W,N,A,-,N,,,,,,,,,,N,3,0,1,2,A,-,03,22350,,N,C,G,A,A,H,-,A,D,0,,Y,,,Y,,L,04,0,1,0,0,0,0,1,0,0,"- ","- ",,,"SAN DIEGO","SAN DIEGO",-117.19720244,32.928788079999997
5873276,2012,2014-01-07,3711,2012-11-16,1804,4864,3711,5,5,7,3711,0,0,0,,0,511,"MAIN ST","28TH ST",0.00,,Y,A,B,N,,,,,,,,,,N,3,0,1,2,A,-,10,21950,A,N,G,B,B,A,H,-,C,A,0,Y,,,,Y,,A,07,0,1,0,0,1,0,0,0,0,"- ","- ",,,"SAN DIEGO","SAN DIEGO",-117.13369195999999,32.692744769999997
5873347,2012,2014-01-07,3711,2012-11-14,1852,6037,,3,5,7,3711,0,0,0,,0,441,"43RD ST","NEWTON AV",93.00,S,N,B,-,N,,,,,,,,,,N,3,0,1,2,A,-,"- ",,,N,G,B,D,A,H,-,C,D,0,Y,,,,Y,Y,-,"- ",0,1,0,0,1,0,0,0,0,"- ","- ",,,"SAN DIEGO","SAN DIEGO",-117.10239189000001,32.694800020000002
5874334,2012,2014-01-15,3711,2012-12-31,2029,5051,,1,5,7,3711,0,0,0,,0,611,"ROSECRANS ST","JEFFERSON ST",0.00,,Y,A,-,N,,,,,,,,,,N,2,0,1,2,A,-,10,21950,A,N,G,B,B,A,H,-,C,D,0,Y,,,,Y,,A,01,1,0,0,0,1,0,0,0,0,"- ","- ",,,"SAN DIEGO","SAN DIEGO",-117.20191203,32.754604829999998
5875055,2012,2013-12-23,3711,2012-10-24,1135,4965,,3,5,7,3711,0,0,0,,0,627,"WASHINGTON ST","WASHINGTONIA ST 900",0.00,,Y,A,-,N,,,,,,,,,,N,3,0,1,2,A,-,07,21658,A,N,B,G,A,A,H,-,A,D,0,,Y,,,Y,,L,04,0,1,0,0,0,0,1,0,0,"- ","- ",,,"SAN DIEGO","SAN DIEGO",-117.1561119,32.750316589999997
5877849,2012,2013-12-24,3711,2012-10-25,1500,3667,,4,5,7,3711,0,0,0,,0,826,"POLK AV","ESTRELLA AV",0.00,,Y,A,-,N,,,,,,,,,,N,3,0,1,2,A,-,12,22450,A,N,D,G,A,A,H,-,A,A,0,,Y,,,Y,,L,04,0,1,0,0,0,0,1,0,0,"- ","- ",,,"SAN DIEGO","SAN DIEGO",-117.09014191,32.751324859999997
5877869,2012,2013-12-24,3711,2012-10-26,1700,6898,SANDI,5,5,7,3711,0,0,0,,0,813,"UNIVERSITY AV","MISSISSIPPI ST",35.00,E,N,A,-,N,,,,,,,,,,N,3,0,1,2,A,-,08,22107,,N,G,G,A,A,H,-,A,A,0,,Y,,,Y,,-,"- ",0,1,0,0,0,0,1,0,0,"- ","- ",,,"SAN DIEGO","SAN DIEGO",-117.14114845,32.74842477
5878031,2012,2014-01-07,3711,2012-11-23,0018,HB5372,,5,5,7,3711,0,0,0,,0,730,"NORTH HARBOR DR","WINSHIP LN",309.00,W,N,A,-,N,,,,,,,,,,N,4,0,1,2,A,-,10,21950,A,N,G,B,C,A,H,-,C,A,0,Y,,,,Y,,A,01,0,0,1,0,1,0,0,0,0,"- ","- ",,,"SAN DIEGO","SAN DIEGO",-117.19213989000001,32.729315489999998
5885126,2012,2014-01-03,3711,2012-11-13,1741,6926,,2,5,7,3711,0,0,0,,0,712,"WEST SAN YSIDRO BL","PARK BL",18.00,N,N,A,-,N,,,,,,,,,,N,4,0,1,2,A,-,10,21950,A,N,G,B,B,A,H,-,C,D,0,Y,,,,Y,,A,01,0,0,1,0,1,0,0,0,0,"- ","- ",,,"SAN DIEGO","SAN DIEGO",-117.04458717999999,32.552350109999999
5885162,2012,2014-01-06,3711,2012-11-05,1612,3815,,1,5,7,3711,0,0,0,,0,122,"DIAMOND ST","FANUEL ST",0.00,,Y,A,-,N,,,,,,,,,,N,3,0,1,2,A,-,12,22450,,N,D,G,A,A,H,-,A,A,0,,Y,,,Y,,L,04,0,1,0,0,0,0,1,0,0,"- ","- ",,,"SAN DIEGO","SAN DIEGO",-117.24724202,32.801354850000003
5885994,2012,2014-01-13,3711,2012-12-20,1554,5972,,4,5,7,3711,0,0,0,,0,444,"MARKET ST","42ND ST",0.00,,Y,A,-,N,,,,,,,,,,N,3,0,1,2,A,-,10,21950,A,N,G,B,B,A,H,-,A,A,0,Y,,,,Y,,D,22,0,1,0,0,1,0,0,0,0,"- ","- ",,,"SAN DIEGO","SAN DIEGO",-117.10468197,32.711454869999997
5889538,2012,2014-01-03,3711,2012-11-30,1659,6936,SANDI,5,5,7,3711,0,0,0,,0,517,30TH,"B ST",6.00,S,N,B,C,N,,,,,,,,,,N,4,0,1,2,A,-,10,21950,A,N,G,B,B,B,H,-,C,A,0,Y,,,,Y,,-,"- ",0,0,1,0,1,0,0,0,0,"- ","- ",,,"SAN DIEGO","SAN DIEGO",-117.12963142,32.717918330000003
5889551,2012,2014-01-03,3711,2012-11-30,0710,6512,,5,5,7,3711,0,0,0,,0,234,"PASEO LUCIDO","CALLE PUEBLITO",0.00,,Y,C,-,Y,,,,,,,,,,N,3,0,1,2,A,-,21,22106,,N,H,B,B,B,H,-,A,D,0,Y,,,,Y,,-,"- ",0,1,0,0,1,0,0,0,0,"- ","- ",,,"SAN DIEGO","SAN DIEGO",-117.06689197999999,32.999014860000003
5889593,2012,2014-01-03,3711,2012-11-26,1127,5387,,1,5,7,3711,0,0,0,,0,524,BROADWAY,"9TH AV",0.00,,Y,A,-,N,,,,,,,,,,N,4,0,1,2,A,-,21,22106,,M,B,G,A,A,H,-,A,A,0,,Y,,,Y,,-,"- ",0,0,1,0,0,0,1,0,0,"- ","- ",,,"SAN DIEGO","SAN DIEGO",-117.15653192000001,32.715714820000002
5893776,2012,2014-03-21,3711,2012-11-24,1113,6480,,6,5,7,3711,0,0,0,,0,524,"INDIA ST","WEST ASH ST",0.00,,Y,A,-,N,,,,,,,,,,N,3,0,1,2,A,-,08,22107,,N,C,G,A,A,H,-,A,A,0,,Y,,,Y,,L,04,0,1,0,0,0,0,1,0,0,"- ","- ",,,"SAN DIEGO","SAN DIEGO",-117.16834194,32.719814810000003
5893819,2012,2014-01-16,3711,2012-11-28,1153,6743,,3,5,7,3711,0,0,0,,0,712,"EAST SAN YSIDRO BL","RT 805",0.00,,Y,A,-,Y,SD,11,805,-,-,0.934,R,1,S,N,4,0,1,2,A,-,11,21456,B,N,G,B,B,A,H,-,A,A,0,Y,,,,Y,,N,60,0,0,1,0,1,0,0,0,0,"- ",SF,,,"SAN DIEGO","SAN DIEGO",-117.04260180999999,32.557814780000001
5893839,2012,2013-12-31,3711,2012-11-19,1801,3815,,1,5,7,3711,0,0,0,,0,113,"SANTA FE ST","DAMON AV",288.00,N,N,A,-,N,,,,,,,,,,N,3,0,1,2,A,-,11,21954,A,N,G,B,D,A,H,-,D,D,0,Y,,,,Y,,N,60,0,1,0,0,1,0,0,0,0,"- ","- ",,,"SAN DIEGO","SAN DIEGO",-117.21709964999999,32.810689969999999
5896662,2012,2014-01-03,3711,2012-11-01,0620,6439,,4,5,7,3711,0,0,0,,0,512,"S 32 ND ST","S 32ND ST 1100",0.00,,N,F,-,N,,,,,,,,,,N,3,0,1,2,A,-,08,22107,,N,B,G,A,-,-,-,-,D,0,,Y,,,Y,,-,"- ",0,1,0,0,0,0,1,0,0,"- ","- ",,,"SAN DIEGO","SAN DIEGO",-117.12530226,32.694917889999999
5896678,2012,2014-03-29,3711,2012-11-05,2010,6879,,1,5,7,3711,0,0,0,,0,524,"6TH AV","A ST",12.00,S,N,A,-,N,,,,,,,,,,N,4,0,1,2,D,-,00,,,N,G,B,B,A,H,-,C,A,0,Y,,,,Y,,-,"- ",0,0,1,0,1,0,0,0,0,"- ","- ",,,"SAN DIEGO","SAN DIEGO",-117.1593111,32.718791899999999
5896689,2012,2014-01-03,3711,2012-11-02,1440,489,,5,5,7,3711,0,0,0,,0,529,"LAUREL ST","1ST AV",17.00,W,N,A,-,N,,,,,,,,,,N,4,0,1,3,A,-,09,21801,A,N,D,B,B,A,H,-,A,A,0,Y,,,,Y,,-,"- ",0,0,1,0,1,0,0,0,0,"- ","- ",,,"SAN DIEGO","SAN DIEGO",-117.16401698999999,32.731364159999998
5896694,2012,2014-01-03,3711,2012-11-02,1839,3815,,5,5,7,3711,0,0,0,,0,116,"COWLEY WY","MT  ACADIA",305.00,N,N,A,-,N,,,,,,,,,,N,3,0,2,3,A,-,10,21950,A,N,G,B,C,A,H,-,C,B,0,Y,,,,Y,,A,01,0,1,1,0,2,0,0,0,0,"- ","- ",,,"SAN DIEGO","SAN DIEGO",-117.19139778,32.79421052
5896922,2012,2014-01-15,3711,2012-12-06,1545,3661,"SAN D",4,5,7,3711,0,0,0,,0,451,"54TH ST","REDWOOD ST",0.00,,Y,A,-,N,,,,,,,,,,N,2,0,1,2,A,-,11,21954,A,N,G,B,D,A,H,-,A,A,0,Y,,,,Y,,N,60,1,0,0,0,1,0,0,0,0,"- ","- ",,,"SAN DIEGO","SAN DIEGO",-117.07971191,32.737684870000002
5896926,2012,2014-01-15,3711,2012-12-03,1548,5165,COLIN,1,5,7,3711,0,0,0,,0,826,"ALTADENA AV","TROJAN AV",192.00,N,N,B,-,N,,,,,,,,,,N,2,0,1,2,A,-,11,21954,A,N,G,B,D,A,H,-,A,D,0,Y,,,,Y,,N,60,1,0,0,0,1,0,0,0,0,"- ","- ",,,"SAN DIEGO","SAN DIEGO",-117.08577928,32.755410679999997
5901130,2012,2014-01-24,3711,2012-12-05,1400,6653,,3,5,7,3711,0,0,0,,0,834,"RT 15","UNIVERSITY AV",0.00,,Y,A,-,Y,SD,11,15,-,M,4.542,R,1,N,N,4,0,1,2,A,-,05,21650,1,N,B,G,A,A,H,-,A,A,0,,Y,,,Y,,L,04,0,0,1,0,0,0,1,0,0,NF,"- ",,,"SAN DIEGO","SAN DIEGO",-117.10860184000001,32.746774799999997
5901137,2012,2014-01-13,3711,2012-12-15,1240,6704,WESTE,6,5,7,3711,0,0,0,,0,627,"UNIVERSITY AV","FALCON ST",0.00,,Y,A,-,N,,,,,,,,,,Y,4,0,1,2,A,-,12,22450,A,N,B,B,A,A,H,-,A,A,0,,,,,Y,,-,"- ",0,0,1,0,0,0,0,0,0,"- ","- ",,,"SAN DIEGO","SAN DIEGO",-117.17047202000001,32.748954830000002
5901142,2012,2014-01-10,3711,2012-12-12,1251,5209,,3,5,7,3711,0,0,0,,0,314,"HEALTH CENTER DR","SHARP REESE STEALLY LN",59.00,N,N,A,-,N,,,,,,,,,,Y,3,0,1,2,A,-,11,21954,A,N,G,B,D,A,H,-,A,D,0,Y,,,,Y,,N,60,0,1,0,0,1,0,0,0,0,"- ","- ",,,"SAN DIEGO","SAN DIEGO",,
5901194,2012,2014-01-10,3711,2012-12-11,1130,5399,,2,5,7,3711,0,0,0,,0,712,"LA PLAZA","CAMIONES WY",12.00,W,N,A,-,Y,SD,11,5,-,R,0.394,R,4,S,N,4,0,1,2,A,-,06,21951,,M,G,B,B,A,H,-,A,A,0,Y,,,,Y,,-,"- ",0,0,1,0,1,0,0,0,0,"- ","- ",,,"SAN DIEGO","SAN DIEGO",-117.03392036,32.545075990000001
5901198,2012,2014-03-28,3711,2012-12-10,0728,6697,,1,5,7,3711,0,0,0,,0,311,"PINECREST AV","PINECREST AV 8700",15.00,E,N,A,-,N,,,,,,,,,,N,4,0,2,3,A,-,10,21950,A,N,G,B,B,A,H,-,A,A,0,Y,,,,Y,,-,"- ",0,0,2,0,2,0,0,0,0,"- ","- ",,,"SAN DIEGO","SAN DIEGO",,
5902247,2012,2014-01-13,3711,2012-12-01,0020,6820,,6,5,7,3711,0,0,0,,0,611,"MIDWAY DR","ROSECRANS ST",10.00,W,N,B,-,N,,,,,,,,,,N,3,0,1,2,A,-,"- ",,,M,G,B,B,B,H,-,C,A,0,Y,,,,Y,,-,99,0,1,0,0,1,0,0,0,0,"- ","- ",,,"SAN DIEGO","SAN DIEGO",-117.20621761,32.749691470000002
5902263,2012,2014-01-13,3711,2012-12-02,1419,3815,,7,5,7,3711,0,0,0,,0,115,"GENESEE AV","RT 52",0.00,,Y,A,-,Y,SD,11,52,-,-,2.013,R,4,W,N,3,0,1,2,A,-,09,21801,A,M,D,G,A,A,H,-,A,D,0,,Y,,,Y,,A,01,0,1,0,0,0,0,1,0,0,"- ",WO,,,"SAN DIEGO","SAN DIEGO",-117.20934185999999,32.845844800000002
5903587,2013,2014-01-16,3711,2013-01-21,1806,6781,SANDI,1,5,7,3711,0,0,0,,0,826,"54TH ST","EL CAJON BL",18.00,S,N,A,-,N,,,,,,,,,,N,4,0,1,2,A,-,12,21453,A,N,G,B,B,A,H,-,C,A,0,Y,,,,Y,,-,"- ",0,0,1,0,1,0,0,0,0,"- ","- ",,,"SAN DIEGO","SAN DIEGO",-117.0794719,32.757725499999999
5903591,2013,2014-01-16,3711,2013-01-11,0830,5600,5600,5,5,7,3711,0,0,0,,0,443,"UNA ST","BIRCH ST",0.00,,Y,A,-,N,,,,,,,,,,N,4,0,1,2,A,-,11,21954,A,M,G,B,D,A,H,-,A,D,0,Y,,,,Y,,N,60,0,0,1,0,1,0,0,0,0,"- ","- ",,,"SAN DIEGO","SAN DIEGO",-117.114632,32.689094799999999
5903599,2013,2014-01-16,3711,2013-01-16,1815,5918,,3,5,7,3711,0,0,0,,0,445,"MARKET ST","47TH ST",150.00,W,N,A,-,N,,,,,,,,,,N,3,0,1,2,A,-,21,22106,,M,G,B,F,A,H,-,C,A,0,Y,,,,Y,,-,"- ",0,1,0,0,1,0,0,0,0,"- ","- ",,,"SAN DIEGO","SAN DIEGO",-117.0941079,32.711418399999999
5906010,2013,2014-01-18,3711,2013-01-10,0924,5197,,4,5,7,3711,0,0,0,,0,524,"A ST","4TH AV",0.00,,Y,A,-,Y,,,,,,,,,,N,3,0,1,2,A,-,11,21950,B,N,D,B,B,A,H,-,A,A,0,Y,,,,Y,,N,60,0,1,0,0,1,0,0,0,0,"- ","- ",,,"SAN DIEGO","SAN DIEGO",-117.16111189999999,32.7188248
5906030,2013,2014-01-18,3711,2013-01-17,1014,6783,,4,5,7,3711,0,0,0,,0,824,"COLLWOOD LN","COLLWOOD BL",6.00,W,N,A,-,N,,,,,,,,,,N,4,0,1,2,A,-,"- ",,,N,G,B,D,A,H,-,A,D,0,Y,,Y,,Y,,-,"- ",0,0,1,0,1,0,0,0,0,"- ","- ",,,"SAN DIEGO","SAN DIEGO",-117.0838002,32.7665893
5906037,2013,2014-01-18,3711,2013-01-15,1426,4243,,2,5,7,3711,0,0,0,,0,111,"LONGFORD ST","CLAIREMONT MESA BL",16.00,S,N,A,-,N,,,,,,,,,,N,4,0,1,2,A,-,11,21456,B,N,G,B,B,A,H,-,A,A,0,Y,,,,Y,Y,N,60,0,0,1,0,1,0,0,0,0,"- ","- ",,,"SAN DIEGO","SAN DIEGO",-117.18271919999999,32.834460999999997
5906078,2013,2014-01-18,3711,2013-01-11,1825,5604,,5,5,7,3711,0,0,0,,0,627,"6TH AV","ROBINSON AV",85.00,S,N,B,-,N,,,,,,,,,,N,4,0,1,2,A,-,11,21950,B,N,G,B,D,A,H,-,C,D,0,Y,,,,Y,,N,60,0,0,1,0,1,0,0,0,0,"- ","- ",,,"SAN DIEGO","SAN DIEGO",-117.1595331,32.746712700000003
5910365,2013,2013-06-03,9645,2013-03-01,2142,18149,,5,2,7,3711,0,1,3,,2,023,"RT 163","GENESEE AV",450.00,S,N,A,-,Y,SD,11,163,-,-,5.633,R,2,S,N,1,1,0,2,A,-,11,21954,A,F,G,B,E,A,H,-,D,D,1,Y,,,,Y,,N,60,0,0,0,1,0,0,0,0,0,"- ","- ",32.790430000000001,-117.15992,"SAN DIEGO","SAN DIEGO",-117.1608318,32.787174800000003
5910717,2013,2015-01-12,9645,2013-03-13,1855,16018,,3,2,7,3711,0,1,1,,2,027,"RT 15","LANDIS ST",258.00,N,N,A,-,Y,SD,11,15,-,M,4.430,H,-,N,N,1,1,0,2,A,-,11,21954,A,N,G,B,E,A,H,-,B,D,1,Y,,,,Y,Y,N,60,0,0,0,1,0,0,0,0,0,"- ","- ",32.746229999999997,-117.10893,"SAN DIEGO","SAN DIEGO",-117.1094418,32.744794800000001
5910962,2013,2015-01-15,3711,2013-08-09,0430,5061,,5,5,7,3711,0,0,0,,0,531,"FLORIDA DR","BOB WILSON DR",215.00,S,N,B,-,N,,,,,,,,,,Y,1,1,1,2,A,-,11,21954,A,N,G,B,D,A,H,-,D,D,0,Y,,,,Y,,N,60,0,1,0,1,0,0,0,0,0,"- ","- ",,,"SAN DIEGO","SAN DIEGO",-117.1427577,32.726146200000002
5910967,2013,2013-09-04,3711,2013-08-14,0647,3815,,3,5,7,3711,0,0,0,,0,242,"SUNNY MEADOW ST","CANYON BREEZE RD",306.00,E,N,A,-,N,,,,,,,,,,Y,1,1,0,2,A,-,08,22107,,N,G,B,E,A,H,-,A,D,0,Y,,,,Y,Y,D,22,0,0,0,1,0,0,0,0,0,"- ","- ",,,"SAN DIEGO","SAN DIEGO",-117.1627261,32.916197199999999
5911310,2013,2015-01-16,9645,2013-03-14,1840,17667,,4,2,7,3711,0,1,1,,2,003,"RT 5","6TH AV",55.00,S,N,A,-,Y,SD,11,5,-,R,16.300,H,-,N,N,1,1,0,2,A,-,11,21954,A,N,G,B,D,A,H,-,B,D,1,Y,,,Y,Y,,N,60,0,0,0,1,0,0,0,0,0,"- ","- ",32.723329999999997,-117.15911,"SAN DIEGO","SAN DIEGO",-117.1609416,32.722720899999999
5911465,2013,2013-11-13,3711,2013-10-11,1545,5165,SANCA,5,5,7,3711,0,0,0,,0,325,"MARGERUM AV","NAVAJO RD",0.00,,Y,A,-,N,,,,,,,,,,N,1,1,0,2,A,-,10,21950,A,N,G,B,B,A,H,-,A,A,0,Y,,,,Y,,A,08,0,0,0,1,0,0,0,0,0,"- ","- ",,,"SAN DIEGO","SAN DIEGO",-117.0644219,32.796414800000001
5911493,2012,2013-11-21,3711,2012-10-29,2005,4576,,1,5,7,3711,0,0,0,,0,834,"FAIRMOUNT AV","DWIGHT ST",0.00,,Y,B,-,N,,,,,,,,,,N,2,0,1,2,A,-,10,21950,A,N,G,B,B,A,H,-,C,A,0,Y,,,,Y,Y,A,01,1,0,0,0,1,0,0,0,0,"- ","- ",,,"SAN DIEGO","SAN DIEGO",-117.10097201000001,32.744004779999997
5911732,2013,2015-01-12,9645,2013-09-27,2137,19563,,5,2,7,3711,0,1,1,,2,003,"RT 5","28TH ST",725.00,S,N,A,-,Y,SD,11,5,-,R,13.250,H,-,S,Y,1,1,1,2,A,-,11,21954,A,N,G,B,E,A,H,-,D,D,1,Y,,,,Y,Y,N,60,0,1,0,1,0,0,0,0,0,"- ","- ",32.694339999999997,-117.1311,"SAN DIEGO","SAN DIEGO",-117.1307892,32.694329400000001
5911803,2013,2013-12-20,3711,2013-11-22,1833,5972,,5,5,7,3711,0,0,0,,0,832,"ORANGE AV","41ST ST",0.00,,Y,B,-,N,,,,,,,,,,Y,1,1,0,2,A,-,10,21950,A,N,G,B,D,A,H,-,C,D,0,Y,,,,Y,,A,01,0,0,0,1,0,0,0,0,0,"- ","- ",,,"SAN DIEGO","SAN DIEGO",-117.107212,32.753214900000003
5911804,2013,2015-01-14,3711,2013-11-22,2047,3792,3711,5,5,7,3711,0,0,0,,0,521,"14TH ST","L ST",0.00,,Y,B,-,N,,,,,,,,,,N,1,1,0,2,A,-,11,21954,A,N,G,B,E,A,H,-,C,D,0,Y,,,,Y,,N,60,0,0,0,1,0,0,0,0,0,"- ","- ",,,"SAN DIEGO","SAN DIEGO",-117.151932,32.7072948
5911919,2013,2015-01-12,9645,2013-11-05,1927,13292,SANDI,2,2,7,3711,0,1,3,,2,023,"RT 163","RT 8",1499.00,S,N,A,-,Y,SD,11,163,-,-,3.460,H,-,S,Y,1,1,0,2,A,-,11,21954,A,N,G,B,D,A,H,-,D,D,1,Y,,,,Y,,N,60,0,0,0,1,0,0,0,0,0,"- ","- ",32.758629999999997,-117.16137999999999,"SAN DIEGO","SAN DIEGO",-117.1610842,32.758427300000001
5911969,2013,2015-01-14,9645,2013-12-04,1935,15698,,3,2,7,3711,0,1,1,,2,003,"RT 5","BEARDSLEY ST",551.00,N,N,B,-,Y,SD,11,5,-,R,14.360,H,-,S,Y,1,1,0,2,A,-,11,21954,A,N,G,B,E,A,H,-,D,D,1,Y,,,,Y,Y,N,60,0,0,0,1,0,0,0,0,0,"- ","- ",32.703290000000003,-117.14570000000001,"SAN DIEGO","SAN DIEGO",-117.1459555,32.703324899999998