CASE_ID,ACCIDENT_YEAR,PROC_DATE,JURIS,COLLISION_DATE,COLLISION_TIME,OFFICER_ID,REPORTING_DISTRICT,DAY_OF_WEEK,CHP_SHIFT,POPULATION,CNTY_CITY_LOC,SPECIAL_COND,BEAT_TYPE,CHP_BEAT_TYPE,CITY_DIVISION_LAPD,CHP_BEAT_CLASS,BEAT_NUMBER,PRIMARY_RD,SECONDARY_RD,DISTANCE,DIRECTION,INTERSECTION,WEATHER_1,WEATHER_2,STATE_HWY_IND,CALTRANS_COUNTY,CALTRANS_DISTRICT,STATE_ROUTE,ROUTE_SUFFIX,POSTMILE_PREFIX,POSTMILE,LOCATION_TYPE,RAMP_INTERSECTION,SIDE_OF_HWY,TOW_AWAY,COLLISION_SEVERITY,NUMBER_KILLED,NUMBER_INJURED,PARTY_COUNT,PRIMARY_COLL_FACTOR,PCF_CODE_OF_VIOL,PCF_VIOL_CATEGORY,PCF_VIOLATION,PCF_VIOL_SUBSECTION,HIT_AND_RUN,TYPE_OF_COLLISION,MVIW,PED_ACTION,ROAD_SURFACE,ROAD_COND_1,ROAD_COND_2,LIGHTING,CONTROL_DEVICE,CHP_ROAD_TYPE,PEDESTRIAN_ACCIDENT,BICYCLE_ACCIDENT,MOTORCYCLE_ACCIDENT,TRUCK_ACCIDENT,NOT_PRIVATE_PROPERTY,ALCOHOL_INVOLVED,STWD_VEHTYPE_AT_FAULT,CHP_VEHTYPE_AT_FAULT,COUNT_SEVERE_INJ,COUNT_VISIBLE_INJ,COUNT_COMPLAINT_PAIN,COUNT_PED_KILLED,COUNT_PED_INJURED,COUNT_BICYCLIST_KILLED,COUNT_BICYCLIST_INJURED,COUNT_MC_KILLED,COUNT_MC_INJURED,PRIMARY_RAMP,SECONDARY_RAMP,LATITUDE,LONGITUDE,COUNTY,CITY,POINT_X,POINT_Y
5912062,2014,2015-12-21,3711,2014-01-03,2241,6097,,5,5,7,3711,0,0,0,,0,111,"CLAIREMONT MESA BL","DOLIVA DR",43.00,E,N,B,-,N,,,,,,,,,,Y,1,1,0,2,A,-,11,21954,A,N,G,B,D,A,H,-,C,A,0,Y,,,,Y,Y,N,60,0,0,0,1,0,0,0,0,0,"- ","- ",,,"SAN DIEGO","SAN DIEGO",-117.17551048999999,32.834377920000001
5912202,2014,2014-03-11,3711,2014-01-22,0741,6553,,3,5,7,3711,0,0,0,,0,443,"COTTONWOOD DR","EARL ST",75.00,W,N,A,-,N,,,,,,,,,,Y,1,1,2,4,A,-,10,21954,B,N,G,B,D,A,H,-,A,D,0,Y,,,,Y,,D,22,1,1,0,1,2,0,0,0,0,"- ","- ",,,"SAN DIEGO","SAN DIEGO",-117.10905255999999,32.684741440000003
5915430,2012,2014-01-02,9645,2012-11-06,0940,015494,,2,1,7,3711,0,1,1,,2,011,"RT 805","MEADE AV",328.00,N,N,A,-,Y,SD,11,805,-,-,16.630,H,-,N,N,3,0,1,2,A,-,11,21954,A,N,G,B,E,A,H,-,A,D,1,Y,,,,Y,,N,60,0,1,0,0,1,0,0,0,0,"- ","- ",32.75855,-117.12582,"SAN DIEGO","SAN DIEGO",-117.12632594,32.759825480000003
5920945,2013,2014-01-25,3711,2013-02-06,2043,5393,,3,5,7,3711,0,0,0,,0,434,"CARDIFF RD","JAMACHA RD",30.00,N,N,A,-,N,,,,,,,,,,N,2,0,1,2,A,-,11,21456,B,N,G,B,B,A,H,-,C,A,0,Y,,,,Y,,N,60,1,0,0,0,1,0,0,0,0,"- ","- ",,,"SAN DIEGO","SAN DIEGO",-117.02590120000001,32.717866200000003
5928972,2012,2014-01-15,3711,2012-12-29,1309,HB5133,,6,5,7,3711,0,0,0,,0,504,"WEST LAUREL ST","W LAUREL ST 1120",0.00,,N,A,-,Y,,,,,,,,,,N,3,0,1,2,A,-,17,21663,,N,D,G,A,A,H,-,A,D,0,,Y,,,Y,,L,04,0,1,0,0,0,0,1,0,0,"- ","- ",,,"SAN DIEGO","SAN DIEGO",,
5936563,2013,2014-02-08,3711,2013-03-08,1530,3873,,5,5,7,3711,0,0,0,,0,611,"ROSECRANS ST","MIDWAY DR",528.00,S,N,A,-,N,,,,,,,,,,N,4,0,1,2,A,-,09,21802,B,N,D,G,A,A,H,-,A,D,0,,Y,,,Y,,-,"- ",0,0,1,0,0,0,1,0,0,"- ","- ",,,"SAN DIEGO","SAN DIEGO",-117.2072773,32.748557499999997
5936579,2013,2014-02-08,3711,2013-03-01,1818,6433,,5,5,7,3711,0,0,0,,0,451,"EUCLID AV","FEDERAL BL",0.00,,Y,A,-,N,,,,,,,,,,N,4,0,1,2,A,-,10,21950,A,N,B,B,B,A,H,-,C,A,0,Y,,,,Y,,-,"- ",0,0,1,0,1,0,0,0,0,"- ","- ",,,"SAN DIEGO","SAN DIEGO",-117.08492200000001,32.721394799999999
5936605,2013,2014-02-08,3711,2013-03-11,1415,4491,,1,5,7,3711,0,0,0,,0,611,"SPORTS ARENA","SPORTS ARENA 3100",26.00,W,N,A,-,N,,,,,,,,,,,4,0,1,2,D,-,00,,,N,D,G,A,A,H,-,A,D,0,,Y,,,Y,,-,"- ",0,0,1,0,0,0,1,0,0,"- ","- ",,,"SAN DIEGO","SAN DIEGO",,
5936618,2013,2014-02-08,3711,2013-03-09,1900,6453,,6,5,7,3711,0,0,0,,0,523,"4TH AV","J ST",90.00,N,N,B,-,N,,,,,,,,,,N,3,0,1,2,A,-,21,22106,,N,E,B,D,A,H,-,C,D,0,Y,,,,Y,,-,"- ",0,1,0,0,1,0,0,0,0,"- ","- ",,,"SAN DIEGO","SAN DIEGO",-117.1610443,32.709621300000002
5936633,2013,2014-02-08,3711,2013-03-02,0855,4464,,6,5,7,3711,0,0,0,,0,,"GARNET AV","LAMONT ST",235.00,W,N,A,-,N,,,,,,,,,,N,4,0,1,2,A,-,11,21954,A,N,G,B,D,A,H,-,A,D,0,Y,,,,Y,,N,60,0,0,1,0,1,0,0,0,0,"- ","- ",,,"SAN DIEGO","SAN DIEGO",-117.2360999,32.800833500000003
5936637,2013,2014-02-08,3711,2013-03-11,0735,3773,,1,5,7,3711,0,0,0,,0,512,"OCEANVIEW BL","33RD ST",0.00,,Y,A,-,N,,,,,,,,,,N,3,0,1,2,A,-,10,21950,A,N,G,B,B,A,H,-,A,A,0,Y,,,,Y,,-,"- ",0,1,0,0,1,0,0,0,0,"- ","- ",,,"SAN DIEGO","SAN DIEGO",-117.12256189999999,32.701184900000001
5941979,2013,2014-01-18,3711,2013-01-01,2026,6785,,2,5,7,3711,0,0,0,,0,242,"WESTVIEW PKWY","MIRA MESA BL",10.00,N,N,A,-,N,,,,,,,,,,N,4,0,1,2,A,-,12,21453,A,N,G,B,B,A,H,-,C,A,0,Y,,,,Y,Y,-,"- ",0,0,1,0,1,0,0,0,0,"- ","- ",,,"SAN DIEGO","SAN DIEGO",-117.1206713,32.917352200000003
5942137,2013,2014-01-23,3711,2013-01-23,1545,5892,,3,5,7,3711,0,0,0,,0,614,"SUNSET CLIFFS BL","NEWPORT AV",80.00,S,N,B,-,N,,,,,,,,,,N,3,0,1,2,A,-,08,22107,,N,D,G,A,A,H,-,A,D,0,,Y,,,Y,,-,"- ",0,1,0,0,0,0,1,0,0,"- ","- ",,,"SAN DIEGO","SAN DIEGO",-117.2477741,32.744537299999998
5948726,2013,2014-01-23,3711,2013-01-12,1600,5999,,6,5,7,3711,0,0,0,,0,445,"47TH ST","HARTLEY ST",3.00,S,N,A,-,N,,,,,,,,,,N,4,0,1,2,A,-,12,22450,A,M,G,B,D,A,H,-,A,D,0,Y,,,,Y,,-,"- ",0,0,1,0,1,0,0,0,0,"- ","- ",,,"SAN DIEGO","SAN DIEGO",-117.093672,32.710096499999999
5951633,2012,2013-04-15,3711,2012-12-19,2116,5051,,3,5,7,3711,0,0,0,,0,613,"NIMITZ BL","WEST POINT LOMA BL",1106.00,S,N,A,-,N,,,,,,,,,,Y,2,0,1,2,A,-,11,21954,A,N,G,B,E,A,H,-,D,D,0,Y,,,,Y,Y,N,60,1,0,0,0,1,0,0,0,0,"- ","- ",,,"SAN DIEGO","SAN DIEGO",-117.23482586,32.74837333
5952748,2012,2014-01-16,3711,2012-12-16,0120,6295,,7,5,7,3711,0,0,0,,0,724,"CORONADO AV","27TH ST",438.00,W,N,B,-,N,,,,,,,,,,N,4,0,1,2,A,-,10,21950,C,N,G,B,-,-,H,-,C,D,0,Y,,,,Y,,-,"- ",0,0,1,0,1,0,0,0,0,"- ","- ",,,"SAN DIEGO","SAN DIEGO",-117.07686877,32.576474509999997
5952788,2012,2014-01-16,3711,2012-12-11,1620,4892,,2,5,7,3711,0,0,0,,0,615,"HARBOR DR","NIMITZ BL",84.00,E,N,A,-,N,,,,,,,,,,N,3,0,1,2,A,-,08,22107,,N,-,G,A,A,H,-,B,A,0,,Y,,,Y,Y,L,04,0,1,0,0,0,0,1,0,0,"- ","- ",,,"SAN DIEGO","SAN DIEGO",-117.22124324000001,32.725776379999999
5956525,2012,2014-01-13,3711,2012-12-24,2023,6578,,1,5,7,3711,0,0,0,,0,512,"IMPERIAL AV","25TH ST",0.00,,Y,A,-,N,,,,,,,,,,N,3,0,1,2,A,-,08,22107,,N,G,B,B,A,H,-,C,A,0,Y,,,,Y,,-,"- ",0,1,0,0,1,0,0,0,0,"- ","- ",,,"SAN DIEGO","SAN DIEGO",-117.14023191,32.706314810000002
5956536,2012,2014-01-10,3711,2012-12-22,1605,5854,,6,5,7,3711,0,0,0,,0,512,"KEARNY AV",BEARDSLEY,342.00,W,N,A,-,N,,,,,,,,,,N,3,0,1,2,A,-,11,21950,B,N,G,B,D,A,H,-,A,D,0,Y,,,,Y,,N,60,0,1,0,0,1,0,0,0,0,"- ","- ",,,"SAN DIEGO","SAN DIEGO",-117.14601097000001,32.704036709999997
5956538,2012,2014-01-10,3711,2012-12-28,1805,6857,SANDI,5,5,7,3711,0,0,0,,0,242,"WESTVIEW PKWY","GALVIN AV",100.00,S,N,A,-,N,,,,,,,,,,N,3,0,1,2,A,-,05,21650,1,N,G,G,A,A,H,-,C,D,0,,Y,,,Y,,L,04,0,1,0,0,0,0,1,0,0,"- ","- ",,,"SAN DIEGO","SAN DIEGO",-117.12019809,32.919830509999997
5956544,2012,2014-01-10,3711,2012-12-28,1350,4653,,5,5,7,3711,0,0,0,,0,314,"CHILDREN'S WY","CHILDREN'S WY  2929",0.00,,N,A,-,N,,,,,,,,,,N,3,0,1,2,B,-,22,,,N,G,B,F,A,H,-,A,D,0,Y,,,,Y,,A,07,0,1,0,0,1,0,0,0,0,"- ","- ",,,"SAN DIEGO","SAN DIEGO",-117.15064824,32.796977579999997
5961212,2012,2014-01-14,3711,2012-12-25,0147,4428,,2,5,7,3711,0,0,0,,0,122,"FANUEL ST","REED AV",0.00,,Y,B,-,N,,,,,,,,,,Y,3,0,1,2,A,-,12,22450,A,M,D,G,A,A,H,-,C,A,0,,Y,,,Y,,A,01,0,1,0,0,0,0,1,0,0,"- ","- ",,,"SAN DIEGO","SAN DIEGO",-117.24520200000001,32.794724850000001
5961263,2012,2014-01-14,3711,2012-12-21,1724,5165,PACIF,5,5,7,3711,0,0,0,,0,122,"GARNET AV","FOGG ST",114.00,E,N,B,-,N,,,,,,,,,,N,3,0,1,2,A,-,11,21954,A,N,G,B,D,A,H,-,D,D,0,Y,,,,Y,,N,60,0,1,0,0,1,0,0,0,0,"- ","- ",,,"SAN DIEGO","SAN DIEGO",-117.22580875,32.803455290000002
5961267,2012,2014-03-22,3711,2012-12-19,1714,6542,,3,5,7,3711,0,0,0,,0,834,"FAIRMONT AV","DWIGHT ST",6.00,S,N,A,-,N,,,,,,,,,,Y,3,0,2,2,A,-,09,21801,A,N,H,G,A,A,H,-,B,D,0,,Y,,,Y,,-,"- ",0,2,0,0,0,0,1,0,0,"- ","- ",,,"SAN DIEGO","SAN DIEGO",-117.10097207,32.743988330000001
5961285,2012,2014-01-14,3711,2012-12-28,1500,5929,,5,5,7,3711,0,0,0,,0,111,"ASHFORD ST","BELDEN ST",3.00,S,N,A,-,Y,,,,,,,,,,N,4,0,1,2,A,-,10,21952,,N,G,B,D,A,H,-,A,A,0,Y,,,,Y,,-,"- ",0,0,1,0,1,0,0,0,0,"- ","- ",,,"SAN DIEGO","SAN DIEGO",-117.15992195,32.810616549999999
5961289,2012,2014-01-14,3711,2012-12-09,0023,4495,,7,5,7,3711,0,0,0,,0,327,"MONTEZUMA RD","GARY ST",136.00,E,N,B,-,N,,,,,,,,,,N,3,0,1,2,A,-,08,22107,,F,G,B,E,A,H,-,C,D,0,Y,,,,Y,,-,99,0,1,0,0,1,0,0,0,0,"- ","- ",,,"SAN DIEGO","SAN DIEGO",-117.06027243,32.769690420000003
5961444,2012,2014-01-06,3711,2012-11-01,2230,6458,,4,5,7,3711,0,0,0,,0,511,"SOUTH 28TH ST","BOSTON AV",25.00,S,N,A,-,N,,,,,,,,,,N,4,0,1,2,B,-,22,,,N,G,B,F,A,H,-,C,D,0,Y,,,,Y,,-,"- ",0,0,1,0,1,0,0,0,0,"- ","- ",,,"SAN DIEGO","SAN DIEGO",-117.13379488,32.693746529999999
5961459,2012,2014-03-29,3711,2012-11-03,1300,5395,,6,5,7,3711,0,0,0,,0,611,ROSECRANS,MIDWAY,350.00,S,N,A,-,N,,,,,,,,,,N,3,0,1,2,A,-,09,21804,A,N,D,G,A,A,H,-,A,D,0,,Y,,,Y,,-,"- ",0,1,0,0,0,0,1,0,0,"- ","- ",,,"SAN DIEGO","SAN DIEGO",-117.20689937,32.748925999999997
5961721,2012,2013-12-16,3711,2012-10-29,1025,5985,,1,5,7,3711,0,0,0,,0,527,"KETTNER BL","WEST LAUREL ST",0.00,,Y,A,-,N,,,,,,,,,,N,4,0,1,2,A,-,05,21650,1,N,A,G,A,A,H,-,A,A,0,,Y,,,Y,,L,04,0,0,1,0,0,0,1,0,0,"- ","- ",,,"SAN DIEGO","SAN DIEGO",-117.17199201,32.730034789999998
5961725,2012,2013-12-16,3711,2012-10-27,0158,5393,,6,5,7,3711,0,0,0,,0,122,"INGRAHAM ST","GRAND AV",5.00,N,N,A,-,N,,,,,,,,,,N,3,0,1,2,A,-,11,21456,B,N,G,B,B,A,H,-,C,A,0,Y,,,,Y,,N,60,0,1,0,0,1,0,0,0,0,"- ","- ",,,"SAN DIEGO","SAN DIEGO",-117.24029605,32.797938010000003
5961745,2012,2013-12-16,3711,2012-10-31,2016,6773,,3,5,7,3711,0,0,0,,0,242,"MIRAMAR RD","CLAYTON DR",20.00,E,N,A,-,N,,,,,,,,,,N,3,0,1,2,A,-,11,21453,D,N,G,B,B,A,H,-,C,A,0,Y,,,,Y,,N,60,0,1,0,0,1,0,0,0,0,"- ","- ",,,"SAN DIEGO","SAN DIEGO",-117.13095697999999,32.893705269999998
5964600,2012,2014-01-13,3711,2012-12-05,1616,5779,SDPD,3,5,7,3711,0,0,0,,0,315,"FRIARS RD","FRAZEE RD",0.00,,Y,A,-,N,,,,,,,,,,N,3,0,1,2,A,-,11,21456,B,N,G,B,B,A,H,-,A,A,0,Y,,,,Y,,N,60,0,1,0,0,1,0,0,0,0,"- ","- ",,,"SAN DIEGO","SAN DIEGO",-117.15743202,32.772744879999998
5966494,2012,2013-12-26,3711,2012-11-14,1843,6755,,3,5,7,3711,0,0,0,,0,447,"FEDERAL BL","EUCLID AV",237.00,W,N,A,-,N,,,,,,,,,,N,2,0,1,2,A,-,11,21950,B,N,A,B,D,A,H,-,D,D,0,Y,,,,Y,,N,60,1,0,0,0,1,0,0,0,0,"- ","- ",,,"SAN DIEGO","SAN DIEGO",-117.08568978,32.721403700000003
5966995,2012,2013-12-17,3711,2012-10-12,2145,6820,,5,5,7,3711,0,0,0,,0,614,"FROUDE ST",VOLTAIRE,100.00,S,N,A,-,N,,,,,,,,,,N,3,0,1,2,A,-,14,21201,D,N,D,G,A,A,H,-,C,D,0,,Y,,,Y,,-,"- ",0,1,0,0,0,0,1,0,0,"- ","- ",,,"SAN DIEGO","SAN DIEGO",-117.23989148,32.747522510000003
5968891,2012,2014-01-15,3711,2012-12-18,1707,6872,,2,5,7,3711,0,0,0,,0,621,"MARIAN WY","MARIAN WAY 5600",0.00,,N,B,-,N,,,,,,,,,,N,4,0,1,2,A,-,10,21950,A,N,G,B,D,A,H,-,C,D,0,Y,,,,Y,,-,"- ",0,0,1,0,1,0,0,0,0,"- ","- ",,,"SAN DIEGO","SAN DIEGO",-117.19484031,32.770840819999997
5969093,2012,2014-01-16,3711,2012-12-20,1420,6393,,4,5,7,3711,0,0,0,,0,111,ECKSTROM,"COSMO ST",45.00,W,N,A,-,N,,,,,,,,,,N,4,0,1,2,A,-,08,22107,,N,B,G,A,A,H,-,A,D,0,,Y,,,Y,,L,04,0,0,1,0,0,0,1,0,0,"- ","- ",,,"SAN DIEGO","SAN DIEGO",-117.16605785,32.820198019999999
5972570,2012,2013-12-21,3711,2012-10-14,1649,6859,,7,5,7,3711,0,0,0,,0,712,"EAST SAN YSIDRO BL","RT 805",0.00,,Y,A,-,Y,SD,11,805,-,-,0.934,R,1,S,N,4,0,1,2,A,-,11,21453,D,N,G,B,B,A,A,-,A,A,0,Y,,,,Y,,N,60,0,0,1,0,1,0,0,0,0,"- ",SF,,,"SAN DIEGO","SAN DIEGO",-117.04260180999999,32.557814780000001
5972614,2012,2013-12-14,3711,2012-10-14,1055,5985,,7,5,7,3711,0,0,0,,0,528,"COLUMBIA ST","WEST GRAPE ST",0.00,,Y,A,-,Y,,,,,,,,,,N,4,0,1,2,A,-,10,21950,A,N,G,B,B,A,H,-,A,A,0,Y,,,,Y,,A,01,0,0,1,0,1,0,0,0,0,"- ","- ",,,"SAN DIEGO","SAN DIEGO",-117.16819199,32.725664860000002
5972762,2012,2014-01-13,3711,2012-12-26,1355,5778,,3,5,7,3711,0,0,0,,0,122,"GARNET AV","JEWELL ST",0.00,,Y,A,-,N,,,,,,,,,,N,3,0,1,2,A,-,11,21456,B,N,G,B,B,A,H,-,A,A,0,Y,,,,Y,Y,N,60,0,1,0,0,0,0,0,0,0,"- ","- ",,,"SAN DIEGO","SAN DIEGO",-117.23901194,32.800194849999997
5974120,2013,2014-01-21,3711,2013-01-30,0557,5727,,3,5,7,3711,0,0,0,,0,436,"IMPERIAL AV","68TH ST",30.00,W,N,A,-,N,,,,,,,,,,N,4,0,1,2,A,-,10,21950,A,N,G,B,B,A,H,-,B,A,0,Y,,,,Y,,-,"- ",0,0,1,0,1,0,0,0,0,"- ","- ",,,"SAN DIEGO","SAN DIEGO",-117.0510773,32.711449299999998
5974732,2013,2014-01-28,3711,2013-02-11,1506,6504,"SAN D",1,5,7,3711,0,0,0,,0,242,"BLACK MOUNTAIN RD","BLACK MOUNTAIN RD 10300",0.00,,-,A,-,N,,,,,,,,,,N,3,0,2,2,A,-,11,21950,B,N,G,B,B,A,B,H,A,A,0,Y,,,,Y,,N,60,0,2,0,0,1,0,0,0,0,"- ","- ",,,"SAN DIEGO","SAN DIEGO",-117.12423205,32.905727970000001
5975786,2013,2014-01-23,3711,2013-01-26,0203,5046,,6,5,7,3711,0,0,0,,0,522,"SECOND AV","ISLAND AV",0.00,,Y,C,-,N,,,,,,,,,,N,4,0,1,2,A,-,10,21950,A,M,-,B,B,B,H,-,C,A,0,Y,,,,Y,Y,-,99,0,0,1,0,1,0,0,0,0,"- ","- ",,,"SAN DIEGO","SAN DIEGO",-117.1628719,32.7104049
5976294,2013,2014-01-23,3711,2013-01-10,2150,5393,,4,5,7,3711,0,0,0,,0,116,"DENVER ST","CLAIREMONT DR",0.00,,Y,B,-,N,,,,,,,,,,N,4,0,1,2,A,-,12,21453,A,N,D,G,A,A,H,-,D,A,0,,Y,,,Y,,L,04,0,0,1,0,0,0,1,0,0,"- ","- ",,,"SAN DIEGO","SAN DIEGO",-117.203312,32.790424799999997
5976298,2013,2014-01-23,3711,2013-01-08,1856,6425,SD,2,5,7,3711,0,0,0,,0,512,"OCEAN VIEW BL","SOUTH 31ST ST",0.00,,Y,A,-,N,,,,,,,,,,N,4,0,1,2,A,-,09,21801,A,N,D,G,A,A,H,-,C,A,0,,Y,,,Y,,-,"- ",0,0,1,0,0,0,1,0,0,"- ","- ",,,"SAN DIEGO","SAN DIEGO",-117.12735189999999,32.701174799999997
5976394,2013,2014-03-28,3711,2013-01-02,1605,6744,SD,3,5,7,3711,0,0,0,,0,838,"35TH ST","ORANGE AV",55.00,N,N,A,-,N,,,,,,,,,,N,4,0,1,2,A,-,08,22107,,N,H,G,A,A,H,-,A,D,0,,Y,,,Y,,L,04,0,0,1,0,0,0,1,0,0,"- ","- ",,,"SAN DIEGO","SAN DIEGO",-117.11798690000001,32.753445399999997
5977314,2013,2014-01-24,3711,2013-01-10,1815,5828,,4,5,7,3711,0,0,0,,0,115,"MERCER ST","MERCER CT",53.00,N,N,A,-,N,,,,,,,,,,N,3,0,1,2,A,-,03,22350,,N,G,B,E,A,H,-,D,D,0,Y,,,,Y,,-,"- ",0,1,0,0,1,0,0,0,0,"- ","- ",,,"SAN DIEGO","SAN DIEGO",-117.21035740000001,32.854286799999997
5978232,2013,2014-01-22,3711,2013-01-25,0142,6621,"SAN D",5,5,7,3711,0,0,0,,0,122,"GARNET AV","EVERTS ST",18.00,W,N,B,-,N,,,,,,,,,,N,4,0,1,2,A,-,08,22107,,M,G,B,F,B,H,-,C,D,0,Y,,,,Y,,-,"- ",0,0,1,0,1,0,0,0,0,"- ","- ",,,"SAN DIEGO","SAN DIEGO",-117.2482584,32.798152399999999
5978287,2013,2014-01-22,3711,2013-01-03,1901,6097,,4,5,7,3711,0,0,0,,0,113,"CLAREMONT MESA BL","CLAIREMONT DR",228.00,W,N,A,-,N,,,,,,,,,,Y,4,0,1,4,A,-,08,22107,,N,B,B,F,A,H,-,C,D,0,Y,,,,Y,Y,-,"- ",0,0,1,0,1,0,0,0,0,"- ","- ",,,"SAN DIEGO","SAN DIEGO",-117.2068917,32.827704799999999
5978439,2013,2014-01-22,3711,2013-01-21,2358,4310,,1,5,7,3711,0,0,0,,0,821,"EL CAJON BL","ART ST",261.00,E,N,A,-,N,,,,,,,,,,N,2,0,1,2,A,-,11,21954,A,F,G,B,D,A,H,-,C,D,0,Y,,,,Y,Y,N,60,1,0,0,0,1,0,0,0,0,"- ","- ",,,"SAN DIEGO","SAN DIEGO",-117.0602908,32.765334799999998
5981466,2013,2014-01-18,3711,2013-01-05,0900,4262,,6,5,7,3711,0,0,0,,0,114,"CLAIREMONT MESA BL","DIANE AV",8.00,E,N,A,-,N,,,,,,,,,,N,4,0,1,2,A,-,10,21950,A,N,G,B,B,-,H,-,A,A,0,Y,,,,Y,,-,"- ",0,0,1,0,1,0,0,0,0,"- ","- ",,,"SAN DIEGO","SAN DIEGO",-117.18708599999999,32.8345445
5981846,2013,2014-01-28,3711,2013-02-14,1435,6513,,4,5,7,3711,0,0,0,,0,232,"CARMEL MOUNTAIN RD","HIGHLAND RANCH RD",448.00,N,N,A,-,N,,,,,,,,,,N,3,0,1,2,A,-,10,21952,,N,G,B,D,A,H,-,A,D,0,Y,,,,Y,,-,"- ",0,1,0,0,1,0,0,0,0,"- ","- ",,,"SAN DIEGO","SAN DIEGO",-117.0757538,32.9842704
5981980,2013,2014-01-28,3711,2013-02-28,1810,6554,,4,5,7,3711,0,0,0,,0,615,"SCOTT ST","SHELTER ISLAND DR",0.00,,Y,A,-,N,,,,,,,,,,N,4,0,1,2,A,-,08,22107,,M,B,G,A,A,H,-,C,A,0,,Y,,,Y,,-,"- ",0,0,1,0,0,0,1,0,0,"- ","- ",,,"SAN DIEGO","SAN DIEGO",-117.22994199999999,32.7219348
5988120,2013,2014-02-05,3711,2013-03-02,1440,6984,,6,5,7,3711,0,0,0,,0,446,"50TH ST","50TH ST 225",9.00,E,N,A,-,N,,,,,,,,,,N,4,0,1,2,A,-,08,22107,,M,G,B,F,A,H,-,A,D,0,Y,,,,Y,,-,"- ",0,0,1,0,1,0,0,0,0,"- ","- ",,,"SAN DIEGO","SAN DIEGO",-117.08675444000001,32.705478880000001
5988311,2013,2014-02-05,3711,2013-03-02,1906,6970,,6,5,7,3711,0,0,0,,0,,"CAMINO DEL NORTE","PASEO LUCIDO",6.00,W,N,A,-,N,,,,,,,,,,N,4,0,1,2,A,-,10,21950,A,N,G,B,B,A,H,-,C,A,0,Y,,,,Y,,-,"- ",0,0,1,0,1,0,0,0,0,"- ","- ",,,"SAN DIEGO","SAN DIEGO",-117.0723775,32.990884700000002
5990811,2013,2014-01-30,3711,2013-02-06,1823,4897,,3,5,7,3711,0,0,0,,0,124,"LA JOLLA BL","WESTBOURNE ST",0.00,,Y,B,-,N,,,,,,,,,,N,2,0,1,2,A,-,03,22350,,F,G,B,D,A,H,-,E,D,0,Y,,,,Y,,-,99,1,0,0,0,1,0,0,0,0,"- ","- ",,,"SAN DIEGO","SAN DIEGO",-117.276972,32.832894899999999
5992255,2013,2014-02-08,3711,2013-03-16,1730,4806,,6,5,7,3711,0,0,0,,0,124,"LA JOLLA SHORES DR","RUETTE MONTE CARLO",150.00,N,N,A,-,N,,,,,,,,,,N,4,0,1,2,A,-,08,22107,,N,C,G,A,A,H,-,A,D,0,,Y,,,Y,,A,07,0,0,1,0,0,0,1,0,0,"- ","- ",,,"SAN DIEGO","SAN DIEGO",-117.2523047,32.864676600000003
5992264,2013,2014-02-08,3711,2013-03-11,1827,4243,,1,5,7,3711,0,0,0,,0,515,"K ST","27TH ST",0.00,,Y,A,-,N,,,,,,,,,,N,2,0,2,3,A,-,10,21950,A,F,G,B,B,A,H,-,B,D,0,Y,,,,Y,,-,99,1,1,0,0,2,0,0,0,0,"- ","- ",,,"SAN DIEGO","SAN DIEGO",-117.136032,32.708414900000001
5992564,2013,2014-02-04,3711,2013-03-12,1920,6890,,2,5,7,3711,0,0,0,,0,122,"INGRAHAM ST","DIAMOND ST",5.00,S,N,A,-,N,,,,,,,,,,,4,0,1,2,A,-,12,21453,A,N,D,G,A,A,H,-,C,A,0,,Y,,,Y,,L,04,0,0,1,0,0,0,1,0,0,"- ","- ",,,"SAN DIEGO","SAN DIEGO",-117.2417478,32.8025515
5995525,2013,2014-01-25,3711,2013-02-06,1207,6741,,3,5,7,3711,0,0,0,,0,521,BROADWAY,"15TH ST",0.00,,Y,A,-,N,,,,,,,,,,N,3,0,1,2,A,-,03,22350,,N,D,G,A,A,H,-,A,A,0,,Y,,,Y,,L,04,0,1,0,0,0,0,1,0,0,"- ","- ",,,"SAN DIEGO","SAN DIEGO",-117.15042200000001,32.715744899999997
5995550,2013,2014-01-25,3711,2013-02-07,2150,5945,,4,5,7,3711,0,0,0,,0,627,VERMONT,"UNIVERSITY AV",125.00,S,N,A,B,N,,,,,,,,,,N,3,0,1,1,A,-,08,22107,,N,H,G,A,A,H,-,C,A,0,,Y,,,Y,,L,04,0,1,0,0,0,0,1,0,0,"- ","- ",,,"SAN DIEGO","SAN DIEGO",-117.1534892,32.7482027
5995629,2013,2014-02-03,3711,2013-02-14,1611,6706,"MID C",4,5,7,3711,0,0,0,,0,836,"UNIVERSITY AV","HIGHLAND AV",0.00,,Y,A,-,N,,,,,,,,,,N,4,0,1,2,D,-,00,,,N,G,B,B,A,H,-,A,A,0,Y,,,,Y,,-,"- ",0,0,1,0,1,0,0,0,0,"- ","- ",,,"SAN DIEGO","SAN DIEGO",-117.0987519,32.749584800000001
5995638,2013,2014-01-31,3711,2013-02-14,1813,6890,,4,5,7,3711,0,0,0,,0,627,"W WASHINGTON AV",HANCOCK,0.00,,Y,A,-,N,,,,,,,,,,N,4,0,1,2,A,-,12,21453,A,N,G,B,B,A,H,-,C,A,0,Y,,,,Y,,N,60,0,0,1,0,1,0,0,0,0,"- ","- ",,,"SAN DIEGO","SAN DIEGO",-117.1833219,32.741994900000002