CASE_ID,ACCIDENT_YEAR,PROC_DATE,JURIS,COLLISION_DATE,COLLISION_TIME,OFFICER_ID,REPORTING_DISTRICT,DAY_OF_WEEK,CHP_SHIFT,POPULATION,CNTY_CITY_LOC,SPECIAL_COND,BEAT_TYPE,CHP_BEAT_TYPE,CITY_DIVISION_LAPD,CHP_BEAT_CLASS,BEAT_NUMBER,PRIMARY_RD,SECONDARY_RD,DISTANCE,DIRECTION,INTERSECTION,WEATHER_1,WEATHER_2,STATE_HWY_IND,CALTRANS_COUNTY,CALTRANS_DISTRICT,STATE_ROUTE,ROUTE_SUFFIX,POSTMILE_PREFIX,POSTMILE,LOCATION_TYPE,RAMP_INTERSECTION,SIDE_OF_HWY,TOW_AWAY,COLLISION_SEVERITY,NUMBER_KILLED,NUMBER_INJURED,PARTY_COUNT,PRIMARY_COLL_FACTOR,PCF_CODE_OF_VIOL,PCF_VIOL_CATEGORY,PCF_VIOLATION,PCF_VIOL_SUBSECTION,HIT_AND_RUN,TYPE_OF_COLLISION,MVIW,PED_ACTION,ROAD_SURFACE,ROAD_COND_1,ROAD_COND_2,LIGHTING,CONTROL_DEVICE,CHP_ROAD_TYPE,PEDESTRIAN_ACCIDENT,BICYCLE_ACCIDENT,MOTORCYCLE_ACCIDENT,TRUCK_ACCIDENT,NOT_PRIVATE_PROPERTY,ALCOHOL_INVOLVED,STWD_VEHTYPE_AT_FAULT,CHP_VEHTYPE_AT_FAULT,COUNT_SEVERE_INJ,COUNT_VISIBLE_INJ,COUNT_COMPLAINT_PAIN,COUNT_PED_KILLED,COUNT_PED_INJURED,COUNT_BICYCLIST_KILLED,COUNT_BICYCLIST_INJURED,COUNT_MC_KILLED,COUNT_MC_INJURED,PRIMARY_RAMP,SECONDARY_RAMP,LATITUDE,LONGITUDE,COUNTY,CITY,POINT_X,POINT_Y
5995796,2013,2014-02-01,3711,2013-02-22,0956,6447,,5,5,7,3711,0,0,0,,0,521,"IMPERIAL AV","16TH ST",0.00,,Y,A,-,N,,,,,,,,,,,4,0,1,2,A,-,09,21801,A,N,H,G,A,A,H,-,A,A,0,,Y,,,Y,,-,"- ",0,0,1,0,0,0,1,0,0,"- ","- ",,,"SAN DIEGO","SAN DIEGO",-117.149492,32.706224800000001
5995816,2013,2014-02-01,3711,2013-02-26,0830,6614,,2,5,7,3711,0,0,0,,0,122,"GRAND AV","BOND ST",15.00,E,N,A,-,N,,,,,,,,,,N,4,0,1,2,A,-,11,21955,,M,B,B,D,A,H,-,A,D,0,Y,,,,Y,,N,60,0,0,1,0,0,0,0,0,0,"- ","- ",,,"SAN DIEGO","SAN DIEGO",-117.2200145,32.802314000000003
5998014,2013,2014-11-05,9645,2013-02-23,0300,17297,,6,3,7,3711,0,1,1,,2,017,"RT 15","MERCY RD",1056.00,S,N,A,-,Y,SD,11,15,-,M,17.110,H,-,N,N,2,0,1,2,A,-,11,21954,A,N,G,B,D,A,H,-,C,D,1,Y,,,,Y,Y,N,60,1,0,0,0,1,0,0,0,0,"- ","- ",32.933239999999998,-117.11321,"SAN DIEGO","SAN DIEGO",-117.1123527,32.932590599999997
5998220,2013,2014-05-28,3711,2013-02-01,0757,6288,,5,5,7,3711,0,0,0,,0,512,"IRVING AV","28TH ST",41.00,W,N,A,-,N,,,,,,,,,,N,4,0,1,2,A,-,11,21955,,N,G,B,D,A,H,-,A,A,0,Y,,,,Y,,N,60,0,0,1,0,1,0,0,0,0,"- ","- ",,,"SAN DIEGO","SAN DIEGO",-117.1339358,32.6983447
5999902,2013,2014-01-18,3711,2013-01-29,1019,6443,,2,5,7,3711,0,0,0,,0,833,"UNIVERSITY AV","44TH ST",0.00,,Y,A,-,N,,,,,,,,,,N,4,0,1,2,A,-,10,21950,A,N,G,B,B,A,H,-,A,D,0,Y,,,,Y,,D,22,0,0,1,0,1,0,0,0,0,"- ","- ",,,"SAN DIEGO","SAN DIEGO",-117.09983200000001,32.749594899999998
6000300,2013,2014-01-17,3711,2013-01-10,1153,4867,,4,5,7,3711,0,0,0,,0,619,"ROSECRANS ST","KURTZ ST",3.00,S,N,B,-,N,,,,,,,,,,N,4,0,1,2,A,-,03,22350,,N,B,G,A,A,H,-,A,A,0,,Y,,,Y,,L,04,0,0,1,0,0,0,1,0,0,"- ","- ",,,"SAN DIEGO","SAN DIEGO",-117.2038972,32.752267799999998
6001361,2013,2014-01-21,3711,2013-01-12,1625,4654,,6,5,7,3711,0,0,0,,0,315,"CAMINO DE LA REINA","MISSION CENTER",528.00,E,N,A,-,N,,,,,,,,,,N,3,0,1,3,A,-,09,21804,A,N,G,B,D,A,H,-,A,A,0,Y,,,,Y,,-,"- ",0,1,0,0,1,0,0,0,0,"- ","- ",,,"SAN DIEGO","SAN DIEGO",-117.15227179999999,32.7686894
6001377,2013,2014-01-21,3711,2013-01-02,2153,5340,,3,5,7,3711,0,0,0,,0,521,"11TH AV","C ST",0.00,,Y,A,-,N,,,,,,,,,,N,3,0,1,2,A,-,10,21950,A,N,G,B,B,A,H,-,C,A,0,Y,,,,Y,,A,07,0,1,0,0,1,0,0,0,0,"- ","- ",,,"SAN DIEGO","SAN DIEGO",-117.154712,32.716774899999997
6003025,2013,2014-01-31,3711,2013-02-13,1135,5854,,3,5,7,3711,0,0,0,,0,511,MAIN,"S 28TH",9.00,E,N,A,-,N,,,,,,,,,,N,4,0,1,2,A,-,10,21952,,M,G,B,B,A,H,-,A,A,0,Y,,,,Y,,-,"- ",0,0,1,0,1,0,0,0,0,"- ","- ",,,"SAN DIEGO","SAN DIEGO",-117.1336628,32.692745600000002
6004066,2013,2014-01-30,3711,2013-02-03,1143,5812,,7,5,7,3711,0,0,0,,0,124,"TORREY PINES RD","CAMINO DEL CID",240.00,W,N,A,-,N,,,,,,,,,,N,4,0,1,2,A,-,08,22107,,N,B,G,A,A,H,-,A,D,0,,Y,,,Y,,A,01,0,0,1,0,0,0,1,0,0,"- ","- ",,,"SAN DIEGO","SAN DIEGO",-117.25272685,32.85053722
6004073,2013,2014-01-30,3711,2013-02-04,1518,5284,,1,5,7,3711,0,0,0,,0,122,"INGRAHAM ST","PACIFIC BEACH DR",345.00,S,N,B,-,N,,,,,,,,,,N,3,0,1,2,A,-,09,21804,A,M,D,G,A,A,H,-,A,A,0,,Y,,,Y,,L,04,0,1,0,0,0,0,1,0,0,"- ","- ",,,"SAN DIEGO","SAN DIEGO",-117.2388503,32.793047899999998
6004088,2013,2014-01-30,3711,2013-02-25,1000,5812,,1,5,7,3711,0,0,0,,0,122,"JEWELL ST","GARNET ST",0.00,,Y,A,-,N,,,,,,,,,,N,3,0,1,2,A,-,11,21950,B,N,G,B,B,A,H,-,A,A,0,Y,,,,Y,,-,"- ",0,1,0,0,1,0,0,0,0,"- ","- ",,,"SAN DIEGO","SAN DIEGO",-117.23901189999999,32.800194900000001
6004099,2013,2014-01-29,3711,2013-02-22,1742,3815,,5,5,7,3711,0,0,0,,0,121,"MISSION BL","EL CARMEL PL",0.00,,Y,A,-,N,,,,,,,,,,N,4,0,1,2,A,-,10,21950,A,N,G,B,B,A,H,-,A,A,0,Y,,,,Y,,A,07,0,0,1,0,1,0,0,0,0,"- ","- ",,,"SAN DIEGO","SAN DIEGO",-117.252692,32.778284800000002
6004111,2013,2014-01-30,3711,2013-02-22,2100,6670,SD,5,5,7,3711,0,0,0,,0,242,"SCHILLING  AV","MIRA MESA",20.00,N,N,B,-,N,,,,,,,,,,N,4,0,1,2,A,-,14,21201,D,N,D,G,A,A,H,-,C,A,0,,Y,,,Y,,L,04,0,0,1,0,0,0,1,0,0,"- ","- ",,,"SAN DIEGO","SAN DIEGO",-117.1666968,32.9084681
6004115,2013,2014-01-30,3711,2013-02-18,2034,6553,,1,5,7,3711,0,0,0,,0,811,"MEADE AV","BANCROFT ST",36.00,E,N,A,-,N,,,,,,,,,,N,4,0,1,2,A,-,10,21950,A,N,G,B,D,A,H,-,C,A,0,Y,,,,Y,,-,"- ",0,0,1,0,1,0,0,0,0,"- ","- ",,,"SAN DIEGO","SAN DIEGO",-117.12394519999999,32.7572148
6004127,2013,2014-01-30,3711,2013-02-22,1918,6391,,5,5,7,3711,0,0,0,,0,838,"EL CAJON BL","WILSON AV",25.00,W,N,A,-,N,,,,,,,,,,N,4,0,1,2,A,-,"- ",,,N,G,B,D,A,H,-,D,D,0,Y,,,,Y,,N,60,0,0,1,0,1,0,0,0,0,"- ","- ",,,"SAN DIEGO","SAN DIEGO",-117.1169429,32.755295500000003
6004256,2013,2014-01-29,3711,2013-02-07,1815,5418,,4,5,7,3711,0,0,0,,0,115,"COSTA VERDE BL","NOBEL DR",150.00,N,N,B,-,N,,,,,,,,,,N,4,0,1,2,A,-,10,21952,,N,G,B,D,A,H,-,C,D,0,Y,,,,Y,,A,01,0,0,1,0,1,0,0,0,0,"- ","- ",,,"SAN DIEGO","SAN DIEGO",-117.2164733,32.866975400000001
6008434,2013,2014-04-22,3711,2013-02-19,2148,5438,,2,5,7,3711,0,0,0,,0,813,"EL CAJON BL","OREGON ST",0.00,,Y,B,C,N,,,,,,,,,,N,4,0,1,2,D,-,00,,,N,G,B,B,B,H,-,C,A,0,Y,,,,Y,,-,"- ",0,0,1,0,1,0,0,0,0,"- ","- ",,,"SAN DIEGO","SAN DIEGO",-117.13515200000001,32.755224800000001
6008442,2013,2014-02-06,3711,2013-02-15,1308,6458,,5,5,7,3711,0,0,0,,0,517,BROADWAY,"BROADWAY 1900",8.00,S,N,A,-,N,,,,,,,,,,N,3,0,1,2,A,-,06,21754,,N,B,G,A,A,H,-,A,A,0,,Y,,,Y,,L,04,0,1,0,0,0,0,1,0,0,"- ","- ",,,"SAN DIEGO","SAN DIEGO",,
6009665,2013,2014-01-27,3711,2013-02-09,1105,5158,,6,5,7,3711,0,0,0,,0,813,"UNIVERSITY AV","IOWA ST",80.00,W,N,A,-,N,,,,,,,,,,N,3,0,1,2,A,-,17,22517,,M,H,G,A,A,H,-,A,D,0,,Y,,,Y,,-,"- ",0,1,0,0,0,0,1,0,0,"- ","- ",,,"SAN DIEGO","SAN DIEGO",-117.12668119999999,32.748461300000002
6011154,2013,2014-01-27,3711,2013-02-08,1131,6080,,5,5,7,3711,0,0,0,,0,516,"IMPERIAL AV","33RD ST",100.00,W,N,C,-,N,,,,,,,,,,N,4,0,1,2,A,-,21,22106,,N,G,B,D,B,H,-,A,D,0,Y,,,,Y,,-,"- ",0,0,1,0,1,0,0,0,0,"- ","- ",,,"SAN DIEGO","SAN DIEGO",-117.1228959,32.706724800000003
6017720,2013,2014-10-20,3711,2013-03-25,1357,6773,,1,5,7,3711,0,0,0,,0,234,"RANCHO BERNARDO RD","RT 15",240.00,E,N,A,-,N,,,,,,,,,,N,3,0,1,2,A,-,05,21202,A,N,D,G,A,A,H,-,A,D,0,,Y,,,Y,,L,04,0,1,0,0,0,0,1,0,0,"- ",NF,,,"SAN DIEGO","SAN DIEGO",-117.07827229999999,33.0228964
6017748,2013,2014-02-04,3711,2013-03-20,1421,6899,,3,5,7,3711,0,0,0,,0,122,"GARNET AV","CASS ST",39600.00,S,N,A,-,N,,,,,,,,,,N,3,0,1,2,A,-,08,22107,,N,H,G,A,A,H,-,A,A,0,,Y,,,Y,,L,04,0,1,0,0,0,0,1,0,0,"- ","- ",,,"SAN DIEGO","SAN DIEGO",,
6017843,2013,2014-02-03,3711,2013-03-24,1845,6817,SANDI,7,5,7,3711,0,0,0,,0,447,"LYON ST","ALTADENA ST",0.00,,Y,A,-,N,,,,,,,,,,N,4,0,1,2,A,-,10,21950,A,F,G,B,E,A,H,-,B,D,0,Y,,,,Y,Y,-,"- ",0,0,1,0,1,0,0,0,0,"- ","- ",,,"SAN DIEGO","SAN DIEGO",-117.086652,32.720204799999998
6017867,2013,2014-02-03,3711,2013-03-22,1417,6774,SANDI,5,5,7,3711,0,0,0,,0,622,"LINDA VISTA RD","NAPA ST",12.00,E,N,A,-,N,,,,,,,,,,N,3,0,1,2,A,-,08,22107,,N,D,G,A,A,H,-,A,D,0,,Y,,,Y,,-,"- ",0,1,0,0,0,0,1,0,0,"- ","- ",,,"SAN DIEGO","SAN DIEGO",-117.1969807,32.765312299999998
6024218,2013,2014-02-18,3711,2013-03-06,0945,HB4529,,3,5,7,3711,0,0,0,,0,720,"HARBOR DR","N HARBOR DR 3707",0.00,,N,A,-,N,,,,,,,,,,N,4,0,1,2,A,-,07,21658,A,N,G,B,E,A,H,-,A,D,0,Y,,,,Y,,A,01,0,0,1,0,1,0,0,0,0,"- ","- ",,,"SAN DIEGO","SAN DIEGO",-117.20534563,32.729441659999999
6024229,2013,2014-02-06,3711,2013-03-28,2037,5046,,4,5,7,3711,0,0,0,,0,516,"IMPERIAL AV","32ND ST",38.00,E,N,A,-,N,,,,,,,,,,N,3,0,2,3,A,-,11,21954,A,N,G,B,D,A,H,-,C,D,0,Y,,,,Y,,N,60,0,2,0,0,2,0,0,0,0,"- ","- ",,,"SAN DIEGO","SAN DIEGO",-117.12512030000001,32.706451000000001
6026592,2013,2014-02-05,3711,2013-03-28,1215,6487,SD,4,5,7,3711,0,0,0,,0,834,"CENTRAL AV","LANDIS ST",211.00,N,N,A,-,N,,,,,,,,,,N,4,0,1,2,A,-,17,22517,,N,B,G,A,A,H,-,A,D,0,,Y,,,Y,,-,"- ",0,0,1,0,0,0,1,0,0,"- ","- ",,,"SAN DIEGO","SAN DIEGO",-117.1082072,32.7465124
6027687,2013,2014-02-05,3711,2013-03-25,1640,6982,,1,5,7,3711,0,0,0,,0,243,"CLAYTON DR","MIRAMAR RD",110.00,N,N,B,-,N,,,,,,,,,,N,3,0,1,2,A,-,03,22350,,N,B,G,A,A,H,-,A,A,0,,Y,,,Y,,L,04,0,1,0,0,0,0,1,0,0,"- ","- ",,,"SAN DIEGO","SAN DIEGO",-117.1310258,32.894006099999999
6027719,2013,2014-04-05,3711,2013-03-27,0640,4527,,3,5,7,3711,0,0,0,,0,526,4TH,CEDAR,24.00,S,N,B,-,N,,,,,,,,,,N,4,0,1,2,A,-,12,21453,A,N,-,G,A,A,H,-,A,A,0,,Y,,,Y,,-,"- ",0,0,1,0,0,0,1,0,0,"- ","- ",,,"SAN DIEGO","SAN DIEGO",-117.1611594,32.721908999999997
6028806,2013,2014-02-12,3711,2013-04-09,1715,6984,,2,5,7,3711,0,0,0,,0,611,"TRUXTUN RD","WOMBLE RD",60.00,E,N,A,-,N,,,,,,,,,,N,4,0,1,3,A,-,08,22107,,M,G,B,D,A,H,-,A,D,0,Y,,,,Y,,-,"- ",0,0,1,0,1,0,0,0,0,"- ","- ",,,"SAN DIEGO","SAN DIEGO",-117.21819259999999,32.735517600000001
6028814,2013,2014-02-12,3711,2013-04-09,2045,6405,,2,5,7,3711,0,0,0,,0,827,"UNIVERSITY AV","EUCLID AV",3.00,E,N,A,-,N,,,,,,,,,,N,4,0,1,2,A,-,10,21950,C,N,G,B,B,A,H,-,C,A,0,Y,,,,Y,,-,"- ",0,0,1,0,1,0,0,0,0,"- ","- ",,,"SAN DIEGO","SAN DIEGO",-117.0922922,32.749534799999999
6028819,2013,2014-02-04,3711,2013-04-03,1828,6641,,3,5,7,3711,0,0,0,,0,825,"ADAMS AV","MARLBOROUGH DR",81.00,E,N,A,-,N,,,,,,,,,,N,4,0,1,2,A,-,08,22107,,N,B,G,A,A,H,-,A,D,0,,Y,,,Y,,-,"- ",0,0,1,0,0,0,1,0,0,"- ","- ",,,"SAN DIEGO","SAN DIEGO",-117.1060693,32.763232199999997
6028849,2013,2014-02-12,3711,2013-04-07,1945,6342,,7,5,7,3711,0,0,0,,0,827,"UNIVERSITY AV","WINONA AV",246.00,E,N,A,-,N,,,,,,,,,,N,4,0,1,2,A,-,03,22350,,M,G,B,B,A,H,-,C,D,0,Y,,,,Y,Y,-,"- ",0,0,1,0,1,0,0,0,0,"- ","- ",,,"SAN DIEGO","SAN DIEGO",-117.0872281,32.749413500000003
6028857,2013,2014-02-12,3711,2013-04-02,1736,6034,,2,5,7,3711,0,0,0,,0,611,"ROSECRANS ST","MIDWAY DR",26.00,S,N,A,-,N,,,,,,,,,,N,3,0,1,3,A,-,12,21453,A,N,D,G,A,A,H,-,A,A,0,,Y,,,Y,,L,04,0,1,0,0,0,0,1,0,0,"- ","- ",,,"SAN DIEGO","SAN DIEGO",-117.2062421,32.749617600000001
6028879,2013,2014-02-04,3711,2013-04-07,1515,6529,"SAN D",7,5,7,3711,0,0,0,,0,833,"DWIGHT ST","FAIRMOUNT AV",18.00,E,N,A,-,N,,,,,,,,,,N,4,0,1,2,A,-,05,21650,1,N,H,G,A,A,H,-,A,A,0,,Y,,,Y,,L,04,0,0,1,0,0,0,1,0,0,"- ","- ",,,"SAN DIEGO","SAN DIEGO",-117.1009136,32.744004199999999
6030460,2013,2014-02-05,3711,2013-04-06,1623,6671,,6,5,7,3711,0,0,0,,0,122,"WILBER AV","WILBER AV 700",6.00,S,N,B,-,N,,,,,,,,,,N,3,0,1,2,A,-,08,22107,,N,C,G,A,A,H,-,A,D,0,,Y,,,Y,,L,04,0,1,0,0,0,0,1,0,0,"- ","- ",,,"SAN DIEGO","SAN DIEGO",,
6032254,2013,2014-02-03,3711,2013-03-27,1810,6167,,3,5,7,3711,0,0,0,,0,115,"CAMINO KIOSCO","DECORO ST",10.00,S,N,A,-,N,,,,,,,,,,N,4,0,1,2,A,-,08,22107,,N,D,G,A,A,H,-,A,D,0,,Y,,,Y,,A,01,0,0,1,0,0,0,1,0,0,"- ","- ",,,"SAN DIEGO","SAN DIEGO",-117.2140598,32.864107400000002
6032266,2013,2014-10-20,3711,2013-03-30,0140,6621,,6,5,7,3711,0,0,0,,0,123,"GARNET AV","EVERTS ST",25.00,E,N,A,-,N,,,,,,,,,,,4,0,1,2,A,-,11,21950,B,N,A,B,D,A,H,-,C,A,0,Y,,,,Y,,N,60,0,0,1,0,1,0,0,0,0,"- ","- ",,,"SAN DIEGO","SAN DIEGO",-117.2481234,32.798181999999997
6033110,2013,2014-05-13,3711,2013-04-10,0845,3376,"SAN D",3,5,7,3711,0,0,0,,0,0CA,"LOMA LAND DR","CAMPUS MALL RD",1056.00,S,N,-,-,N,,,,,,,,,,N,4,0,1,2,A,-,10,21950,A,N,G,B,D,-,-,-,A,D,0,Y,,,,Y,,-,"- ",0,0,1,0,1,0,0,0,0,"- ","- ",,,"SAN DIEGO","SAN DIEGO",,
6033137,2013,2014-02-11,3711,2013-03-29,1240,6485,,5,5,7,3711,0,0,0,,0,813,"UPAS ST","ARNOLD AV",6.00,W,N,A,-,N,,,,,,,,,,N,4,0,1,2,A,-,05,21651,B,N,D,G,A,A,H,-,A,A,0,,Y,,,Y,,L,04,0,0,1,0,0,0,1,0,0,"- ","- ",,,"SAN DIEGO","SAN DIEGO",-117.1368913,32.740945099999998
6038188,2013,2014-02-12,9645,2013-04-06,0057,17723,,6,3,7,3711,0,1,1,,2,019,"RT 15","WEST BERNARDO DR",850.00,S,N,A,-,Y,SD,11,15,-,M,22.780,H,-,N,Y,3,0,1,2,A,-,11,21954,A,N,G,B,E,A,H,-,C,D,1,Y,,,,Y,,N,60,0,1,0,0,1,0,0,0,0,"- ","- ",33.0535,-117.07241999999999,"SAN DIEGO","SAN DIEGO",-117.0800055,33.008731599999997
6043056,2013,2014-02-18,3711,2013-04-19,2254,6842,,5,5,7,3711,0,0,0,,0,721,"PALM AV","SATURN BL",195.00,W,N,B,-,N,,,,,,,,,,N,3,0,1,2,A,-,11,21954,A,N,G,B,D,A,H,-,C,D,0,Y,,,,Y,Y,N,60,0,1,0,0,1,0,0,0,0,"- ","- ",,,"SAN DIEGO","SAN DIEGO",-117.0933028,32.583914700000001
6043072,2013,2014-04-02,3711,2013-04-22,1056,6734,,1,5,7,3711,0,0,0,,0,831,"CHAMOUNE AV","EL CAJON BL",180.00,S,N,A,-,N,,,,,,,,,,N,3,0,1,2,A,-,09,21804,A,M,D,G,A,A,H,-,A,D,0,,Y,,,Y,,-,"- ",0,1,0,0,0,0,1,0,0,"- ","- ",,,"SAN DIEGO","SAN DIEGO",-117.09655166,32.754946199999999
6043168,2013,2014-02-13,3711,2013-04-18,0843,4283,,4,5,7,3711,0,0,0,,0,445,"47TH ST","HILLTOP DR",6.00,N,N,A,-,N,,,,,,,,,,N,4,0,1,2,A,-,11,21456,B,N,G,B,B,A,H,-,A,A,0,Y,,,,Y,,N,60,0,0,1,0,1,0,0,0,0,"- ","- ",,,"SAN DIEGO","SAN DIEGO",-117.0936018,32.715071199999997
6043318,2013,2014-02-13,3711,2013-04-20,1827,6817,"SAN D",6,5,7,3711,0,0,0,,0,431,"PITTA ST","KENWOOD ST",93.00,S,N,A,-,N,,,,,,,,,,N,3,0,1,2,A,-,11,21954,A,N,G,B,E,A,H,-,A,D,0,Y,,,,Y,,N,60,0,1,0,0,1,0,0,0,0,"- ","- ",,,"SAN DIEGO","SAN DIEGO",-117.0727746,32.711310599999997
6043342,2013,2014-02-12,3711,2013-04-20,1117,6511,,6,5,7,3711,0,0,0,,0,122,"BAYARD ST","LORING ST",12.00,S,N,A,-,N,,,,,,,,,,N,4,0,1,2,A,-,08,22100,B,N,A,G,A,A,H,-,A,D,0,,Y,,,Y,,-,"- ",0,0,1,0,0,0,1,0,0,"- ","- ",,,"SAN DIEGO","SAN DIEGO",-117.25624190000001,32.805332999999997
6044741,2013,2014-02-12,3711,2013-04-12,2333,6857,"SAN D",5,5,7,3711,0,0,0,,0,813,"IOWA ST",UNIVERSITY,25.00,W,N,A,-,N,,,,,,,,,,N,3,0,1,2,A,-,10,21950,A,M,A,B,B,A,H,-,C,D,0,Y,,,,Y,Y,-,"- ",0,1,0,0,1,0,0,0,0,"- ","- ",,,"SAN DIEGO","SAN DIEGO",-117.12643683,32.74856003
6046591,2013,2014-02-15,3711,2013-04-23,2208,5985,,2,5,7,3711,0,0,0,,0,524,"WEST ASH ST","FRONT ST",0.00,,Y,B,-,N,,,,,,,,,,N,3,0,1,2,A,-,10,21950,A,N,G,B,B,A,H,-,C,A,0,Y,,,,Y,,A,01,0,1,0,0,1,0,0,0,0,"- ","- ",,,"SAN DIEGO","SAN DIEGO",-117.16479200000001,32.719844899999998
6048338,2013,2014-02-15,3711,2013-04-26,1046,6532,,5,5,7,3711,0,0,0,,0,614,"SUNSET CLIFFS BL","NIMITZ BL",0.00,,N,A,-,N,,,,,,,,,,Y,4,0,1,2,A,-,08,22107,,N,C,G,A,A,H,-,A,A,0,,Y,,,Y,,L,04,0,0,1,0,0,0,1,0,0,"- ","- ",,,"SAN DIEGO","SAN DIEGO",-117.2372919,32.754074799999998
6048374,2013,2014-02-15,3711,2013-04-25,2003,3888,,4,5,7,3711,0,0,0,,0,529,"W HAWTHORNE AV","W HAWTHORNE AV 300",14.00,S,N,A,-,Y,SD,11,5,-,R,16.618,R,4,N,N,2,0,1,2,A,-,09,21802,A,N,B,G,A,A,H,-,C,D,0,,Y,,,Y,,-,"- ",1,0,0,0,0,0,1,0,0,"- ","- ",,,"SAN DIEGO","SAN DIEGO",-117.1622418,32.722824799999998
6060359,2013,2014-02-13,3711,2013-04-16,0820,3773,,2,5,7,3711,0,0,0,,0,521,"F ST","10TH AV",0.00,,Y,B,-,N,,,,,,,,,,N,4,0,1,2,A,-,11,21950,B,N,G,B,B,A,H,-,A,A,0,Y,,,,Y,,N,60,0,0,1,0,1,0,0,0,0,"- ","- ",,,"SAN DIEGO","SAN DIEGO",-117.155632,32.713594800000003
6060902,2013,2014-02-20,3711,2013-04-29,2030,6032,,1,5,7,3711,0,0,0,,0,242,"REAGAN RD","CAMINO RUIZ",0.00,,Y,A,-,N,,,,,,,,,,N,4,0,1,2,A,-,12,21453,A,M,G,B,B,A,H,-,C,A,0,Y,,,,Y,,-,"- ",0,0,1,0,1,0,0,0,0,"- ","- ",,,"SAN DIEGO","SAN DIEGO",-117.145332,32.908184900000002
6060945,2013,2014-02-20,3711,2013-04-29,1945,5122,,1,5,7,3711,0,0,0,,0,436,"SIENA DR","GRIBLE ST",560.00,N,N,A,-,N,,,,,,,,,,N,3,0,1,2,A,-,11,21954,A,N,A,B,C,A,H,-,B,D,0,Y,,,,Y,,N,60,0,1,0,0,1,0,0,0,0,"- ","- ",,,"SAN DIEGO","SAN DIEGO",-117.03651859999999,32.7050488
6068572,2013,2014-03-29,3711,2013-05-09,1720,6687,,4,5,7,3711,0,0,0,,0,,"NORSTAD DR","AREY DR",528.00,W,N,A,-,N,,,,,,,,,,N,3,0,1,2,A,-,21,22106,,N,G,B,E,A,H,-,A,D,0,Y,,,,Y,,-,"- ",0,1,0,0,1,0,0,0,0,"- ","- ",,,"SAN DIEGO","SAN DIEGO",-117.05388665,32.580109630000003
6068591,2013,2014-02-24,3711,2013-05-01,1820,4897,,3,5,7,3711,0,0,0,,0,821,"EL CAJON BL","62ND ST",0.00,,Y,A,-,N,,,,,,,,,,N,3,0,1,2,A,-,10,21950,A,N,G,B,B,A,H,-,A,A,0,Y,,,,Y,,A,01,0,1,0,0,1,0,0,0,0,"- ","- ",,,"SAN DIEGO","SAN DIEGO",-117.0646619,32.762974800000002
6069468,2013,2014-02-19,3711,2013-04-26,1552,5923,SANDI,5,5,7,3711,0,0,0,,0,615,"NIMITZ BL","ROSECRANS ST",2.00,E,Y,A,-,N,,,,,,,,,,N,3,0,1,2,A,-,12,21453,A,N,G,B,B,A,H,-,A,A,0,Y,,,,Y,,-,"- ",0,1,0,0,1,0,0,0,0,"- ","- ",,,"SAN DIEGO","SAN DIEGO",-117.22584670000001,32.728561499999998
6071600,2013,2013-10-04,3711,2013-07-01,0930,5496,3711,1,5,7,3711,0,0,0,,0,722,"ORO VISTA RD","TOCAYO AV",36.00,S,N,A,B,N,,,,,,,,,,N,3,0,1,2,A,-,11,21954,A,N,G,B,D,A,H,-,A,A,0,Y,,,,Y,,N,60,0,1,0,0,1,0,0,0,0,"- ","- ",,,"SAN DIEGO","SAN DIEGO",-117.0791516,32.564252099999997
6073687,2013,2014-02-18,3711,2013-04-29,2015,4892,,1,5,7,3711,0,0,0,,0,611,"SPORTS ARENA BL","MIDWAY DR",45.00,E,N,A,-,N,,,,,,,,,,N,4,0,1,2,A,-,11,21955,,N,B,B,D,A,H,-,C,D,0,Y,,,,Y,,N,60,0,0,1,0,1,0,0,0,0,"- ","- ",,,"SAN DIEGO","SAN DIEGO",-117.21937680000001,32.754817699999997
6073962,2013,2014-02-21,3711,2013-05-08,1450,5989,,3,5,7,3711,0,0,0,,0,122,"GARNET AV","LAMONT ST",0.00,,Y,A,-,N,,,,,,,,,,N,3,0,1,2,A,-,"- ",,,N,D,G,A,A,H,-,A,A,0,,Y,,,Y,,-,"- ",0,1,0,0,0,0,1,0,0,"- ","- ",,,"SAN DIEGO","SAN DIEGO",-117.23536199999999,32.800994799999998
6075729,2013,2014-02-21,3711,2013-05-01,1305,4848,,3,5,7,3711,0,0,0,,0,613,"WEST POINT LOMA BL",ADRIAN,9.00,W,N,A,-,N,,,,,,,,,,N,4,0,1,2,A,-,05,21650,1,N,D,G,A,A,H,-,A,A,0,,Y,,,Y,,L,04,0,0,1,0,0,0,1,0,0,"- ","- ",,,"SAN DIEGO","SAN DIEGO",-117.2265707,32.752780899999998
6079324,2013,2014-02-24,3711,2013-05-14,2030,7008,,2,5,7,3711,0,0,0,,0,627,"WALNUT AV","4TH AV",0.00,,Y,A,-,N,,,,,,,,,,N,4,0,1,2,A,-,12,22450,A,N,D,G,A,A,H,-,C,A,0,,Y,,,Y,,L,04,0,0,1,0,0,0,1,0,0,"- ","- ",,,"SAN DIEGO","SAN DIEGO",-117.161322,32.7414548
6079393,2013,2014-02-24,3711,2013-05-14,0745,6987,,2,5,7,3711,0,0,0,,0,242,"SCRIPPS POWAY PKWY","RT 15",21.00,E,N,A,-,Y,SD,11,15,-,M,17.118,R,4,N,,4,0,1,2,A,-,11,21456,B,N,G,G,A,A,H,-,A,A,0,,Y,,,Y,Y,L,04,0,0,1,0,0,0,1,0,0,"- ",NF,,,"SAN DIEGO","SAN DIEGO",-117.1123319,32.932664799999998