CASE_ID,ACCIDENT_YEAR,PROC_DATE,JURIS,COLLISION_DATE,COLLISION_TIME,OFFICER_ID,REPORTING_DISTRICT,DAY_OF_WEEK,CHP_SHIFT,POPULATION,CNTY_CITY_LOC,SPECIAL_COND,BEAT_TYPE,CHP_BEAT_TYPE,CITY_DIVISION_LAPD,CHP_BEAT_CLASS,BEAT_NUMBER,PRIMARY_RD,SECONDARY_RD,DISTANCE,DIRECTION,INTERSECTION,WEATHER_1,WEATHER_2,STATE_HWY_IND,CALTRANS_COUNTY,CALTRANS_DISTRICT,STATE_ROUTE,ROUTE_SUFFIX,POSTMILE_PREFIX,POSTMILE,LOCATION_TYPE,RAMP_INTERSECTION,SIDE_OF_HWY,TOW_AWAY,COLLISION_SEVERITY,NUMBER_KILLED,NUMBER_INJURED,PARTY_COUNT,PRIMARY_COLL_FACTOR,PCF_CODE_OF_VIOL,PCF_VIOL_CATEGORY,PCF_VIOLATION,PCF_VIOL_SUBSECTION,HIT_AND_RUN,TYPE_OF_COLLISION,MVIW,PED_ACTION,ROAD_SURFACE,ROAD_COND_1,ROAD_COND_2,LIGHTING,CONTROL_DEVICE,CHP_ROAD_TYPE,PEDESTRIAN_ACCIDENT,BICYCLE_ACCIDENT,MOTORCYCLE_ACCIDENT,TRUCK_ACCIDENT,NOT_PRIVATE_PROPERTY,ALCOHOL_INVOLVED,STWD_VEHTYPE_AT_FAULT,CHP_VEHTYPE_AT_FAULT,COUNT_SEVERE_INJ,COUNT_VISIBLE_INJ,COUNT_COMPLAINT_PAIN,COUNT_PED_KILLED,COUNT_PED_INJURED,COUNT_BICYCLIST_KILLED,COUNT_BICYCLIST_INJURED,COUNT_MC_KILLED,COUNT_MC_INJURED,PRIMARY_RAMP,SECONDARY_RAMP,LATITUDE,LONGITUDE,COUNTY,CITY,POINT_X,POINT_Y
6079395,2013,2014-02-24,3711,2013-05-13,1706,5046,,1,5,7,3711,0,0,0,,0,622,"LINDA VISTA RD","MOLLIE ST",0.00,,Y,A,-,N,,,,,,,,,,N,3,0,1,2,A,-,05,21650,1,N,D,G,A,A,H,-,A,A,0,,Y,,,Y,,L,04,0,1,0,0,0,0,1,0,0,"- ","- ",,,"SAN DIEGO","SAN DIEGO",-117.195252,32.767364800000003
6079489,2013,2014-02-19,9645,2013-04-29,0523,018393,,1,3,7,3711,0,1,1,,2,010,"RT 8","WARING RD",1425.00,W,N,B,-,Y,SD,11,8,-,-,6.790,H,-,E,N,4,0,1,2,A,-,11,21954,A,N,G,B,E,A,H,-,C,D,1,Y,,,,Y,,N,60,0,0,1,0,1,0,0,0,0,"- ","- ",32.772959999999998,-117.13339999999999,"SAN DIEGO","SAN DIEGO",-117.0936209,32.780231399999998
6079748,2013,2014-02-21,3711,2013-05-15,1350,6827,,3,5,7,3711,0,0,0,,0,446,"EUCLID AV","GROVELAND DR",324.00,S,N,A,-,N,,,,,,,,,,N,3,0,1,2,A,-,17,21200,A,N,D,G,A,A,H,-,A,D,0,,Y,,,Y,,L,04,0,1,0,0,0,0,1,0,0,"- ","- ",,,"SAN DIEGO","SAN DIEGO",-117.0850219,32.706807300000001
6079775,2013,2014-04-05,3711,2013-05-16,1645,6926,,4,5,7,3711,0,0,0,,0,124,"LA JOLLA BL","BIRD ROCK AV",213.00,E,N,B,-,N,,,,,,,,,,N,4,0,1,2,A,-,08,22107,,N,-,G,A,A,H,-,A,D,0,,Y,,,Y,,-,"- ",0,0,1,0,0,0,1,0,0,"- ","- ",,,"SAN DIEGO","SAN DIEGO",-117.27033830000001,32.815069100000002
6079783,2013,2014-04-12,3711,2013-05-09,1209,5877,NORTH,4,5,7,3711,0,0,0,,0,115,"LA JOLLA VILLAGE DR",LEBON,600.00,E,N,B,-,N,,,,,,,,,,N,4,0,1,2,A,-,"- ",,,M,G,B,F,A,H,-,A,D,0,Y,,,,Y,,-,"- ",0,0,1,0,1,0,0,0,0,"- ","- ",,,"SAN DIEGO","SAN DIEGO",-117.22181430000001,32.870254899999999
6079795,2013,2014-02-21,3711,2013-05-18,0214,6278,SANDI,6,5,7,3711,0,0,0,,0,523,"ISLAND AV","4TH AV",85.00,E,N,A,-,N,,,,,,,,,,N,3,0,1,2,A,-,11,21954,A,N,G,B,E,A,H,-,C,D,0,Y,,,,Y,Y,N,60,0,1,0,0,1,0,0,0,0,"- ","- ",,,"SAN DIEGO","SAN DIEGO",-117.16077660000001,32.710410799999998
6079827,2013,2014-02-21,3711,2013-05-18,1413,4243,,6,5,7,3711,0,0,0,,0,113,"POCAHONTAS AV","JEMEZ DR",50.00,S,N,A,-,N,,,,,,,,,,N,3,0,1,2,A,-,08,22107,,N,B,G,A,A,H,-,A,D,0,,Y,,,Y,,L,04,0,1,0,0,0,0,1,0,0,"- ","- ",,,"SAN DIEGO","SAN DIEGO",-117.20883190000001,32.8267278
6079835,2013,2014-02-21,3711,2013-05-17,1622,5985,,5,5,7,3711,0,0,0,,0,531,"FLORIDA DR","BOB WILSON DR",0.00,,Y,B,-,N,,,,,,,,,,N,3,0,1,2,A,-,08,22100,A,N,D,G,A,A,H,-,A,A,0,,Y,,,Y,,A,01,0,1,0,0,0,0,1,0,0,"- ","- ",,,"SAN DIEGO","SAN DIEGO",-117.14277199999999,32.726734800000003
6082760,2013,2014-02-22,3711,2013-05-26,0133,6332,,7,5,7,3711,0,0,0,,0,826,"EL CAJON BL","EUCLID AV",125.00,E,N,A,-,N,,,,,,,,,,N,3,0,1,2,A,-,09,21804,A,M,D,G,A,A,H,-,D,-,0,,Y,,,Y,,-,"- ",0,1,0,0,0,0,1,0,0,"- ","- ",,,"SAN DIEGO","SAN DIEGO",-117.0918121,32.756140299999998
6082763,2013,2014-02-24,3711,2013-05-22,1335,6817,,3,5,7,3711,0,0,0,,0,,"NATIONAL AV","35TH ST",3.00,E,N,A,-,N,,,,,,,,,,N,3,0,2,3,A,-,10,21950,A,N,G,B,B,A,H,-,A,A,0,Y,,,,Y,,-,"- ",0,1,1,0,2,0,0,0,0,"- ","- ",,,"SAN DIEGO","SAN DIEGO",-117.1189122,32.695985
6082768,2013,2014-02-22,3711,2013-05-25,2257,,,6,5,7,3711,0,0,0,,0,121,"MISSION BL","SAN FERNANDO PL",425.00,N,N,B,-,N,,,,,,,,,,N,3,0,1,2,A,-,10,21950,A,N,G,B,B,A,H,-,C,D,0,Y,,,,Y,Y,-,"- ",0,1,0,0,1,0,0,0,0,"- ","- ",,,"SAN DIEGO","SAN DIEGO",-117.2509819,32.768887800000002
6082826,2013,2014-04-03,3711,2013-05-21,1812,6788,,2,5,7,3711,0,0,0,,0,724,"PALM AV","HOLLISTER ST",10.00,W,N,A,-,Y,,,,,,,,,,N,3,0,1,2,-,-,"- ",,,N,G,B,D,A,H,-,A,A,0,Y,,,,Y,,-,"- ",0,1,0,0,1,0,0,0,0,"- ","- ",,,"SAN DIEGO","SAN DIEGO",-117.08407320000001,32.583781500000001
6082849,2013,2014-02-25,3711,2013-05-21,1102,6481,,2,5,7,3711,0,0,0,,0,437,"PARADISE VALLEY RD","BRIARWOOD RD",0.00,,Y,A,-,N,,,,,,,,,,N,4,0,1,2,A,-,10,21950,A,N,G,B,B,A,H,-,A,A,0,Y,,,,Y,,-,"- ",0,0,1,0,1,0,0,0,0,"- ","- ",,,"SAN DIEGO","SAN DIEGO",-117.03680199999999,32.691734799999999
6085664,2013,2014-02-20,3711,2013-05-16,1345,6772,"SAN D",4,5,7,3711,0,0,0,,0,721,"SATURN BL","PALM AV",200.00,N,N,A,-,N,,,,,,,,,,N,4,0,1,2,A,-,08,22107,,N,G,B,F,A,H,-,A,D,0,Y,,,,Y,,-,"- ",0,0,1,0,1,0,0,0,0,"- ","- ",,,"SAN DIEGO","SAN DIEGO",-117.0926765,32.584462600000002
6085675,2013,2014-04-02,3711,2013-05-07,1705,6459,NORTH,2,5,7,3711,0,0,0,,0,122,"FELSPAR ST","GRESHAM ST",0.00,,Y,A,-,N,,,,,,,,,,N,3,0,1,2,A,-,06,21750,,N,B,G,A,A,H,-,A,D,0,,Y,,,Y,,-,"- ",0,1,0,0,0,0,1,0,0,"- ","- ",,,"SAN DIEGO","SAN DIEGO",-117.244832,32.799894799999997
6087363,2013,2014-02-22,3711,2013-05-12,0855,3376,,7,5,7,3711,0,0,0,,0,611,"MIDWAY DR","W POINT LOMA",0.00,,Y,B,-,N,,,,,,,,,,N,4,0,1,2,A,-,12,21453,A,N,D,G,A,A,H,-,A,A,0,,Y,,,Y,,L,04,0,0,1,0,0,0,1,0,0,"- ","- ",,,"SAN DIEGO","SAN DIEGO",-117.219522,32.754804800000002
6087544,2013,2014-02-19,3711,2013-04-27,1329,4656,SANDI,6,5,7,3711,0,0,0,,0,811,"ADAMS AV","36TH ST",110.00,E,N,A,-,N,,,,,,,,,,N,2,0,1,2,A,-,08,22107,,F,B,G,A,A,H,-,A,D,0,,Y,,,Y,,A,07,1,0,0,0,0,0,1,0,0,"- ","- ",,,"SAN DIEGO","SAN DIEGO",-117.1148153,32.763301400000003
6087749,2012,2014-01-03,3711,2012-11-07,1134,6368,,3,5,7,3711,0,0,0,,0,822,"COLLEGE AV","EL CAJON BL",6.00,N,N,A,-,N,,,,,,,,,,N,4,0,1,2,A,-,10,21950,A,N,D,G,A,A,H,-,A,A,0,,Y,,,Y,,A,,0,0,1,0,0,0,1,0,0,"- ","- ",,,"SAN DIEGO","SAN DIEGO",-117.06706007,32.761411129999999
6088323,2013,2014-02-24,3711,2013-03-21,0922,4821,,4,5,7,3711,0,0,0,,0,524,"B ST","10TH AV",89.00,E,N,A,-,N,,,,,,,,,,N,3,0,1,2,A,-,03,22350,,N,B,G,A,A,H,-,A,D,0,,Y,,,Y,,L,04,0,1,0,0,0,0,1,0,0,"- ","- ",,,"SAN DIEGO","SAN DIEGO",-117.1553535,32.717814799999999
6090931,2013,2014-02-25,3711,2013-05-09,1529,4897,,4,5,7,3711,0,0,0,,0,821,"ACORN ST","62ND ST",13.00,W,N,A,-,N,,,,,,,,,,Y,2,0,4,5,A,-,05,21650,,N,G,B,F,A,H,-,A,D,0,Y,,,,Y,,A,01,1,3,0,0,4,0,0,0,0,"- ","- ",,,"SAN DIEGO","SAN DIEGO",-117.064564,32.760404800000003
6090939,2013,2014-02-25,3711,2013-05-29,1741,4320,,3,5,7,3711,0,0,0,,0,529,"LAUREL ST","6TH AV",4.00,W,N,B,-,N,,,,,,,,,,N,3,0,1,2,A,-,09,21801,A,N,D,G,A,A,H,-,A,A,0,,Y,,,Y,,-,"- ",0,1,0,0,0,0,1,0,0,"- ","- ",,,"SAN DIEGO","SAN DIEGO",-117.1594549,32.731364499999998
6090943,2013,2014-02-25,3711,2013-05-30,1632,4864,3711,4,5,7,3711,0,0,0,,0,521,"PARK BL","MARKET ST",0.00,,Y,A,-,N,,,,,,,,,,N,4,0,1,2,B,-,22,,,N,B,B,F,A,H,-,A,A,0,Y,,,,Y,Y,-,"- ",0,0,1,0,1,0,0,0,0,"- ","- ",,,"SAN DIEGO","SAN DIEGO",-117.1537819,32.7115048
6092458,2013,2014-02-25,3711,2013-05-22,1450,5202,,3,5,7,3711,0,0,0,,0,124,"LA JOLLA BL","KOLMAR ST",57.00,S,N,A,-,N,,,,,,,,,,N,3,0,1,2,A,-,17,22517,,N,H,G,A,A,H,-,A,D,0,,Y,,,Y,,A,01,0,1,0,0,0,0,1,0,0,"- ","- ",,,"SAN DIEGO","SAN DIEGO",-117.27702360000001,32.828148800000001
6096147,2013,2014-02-26,3711,2013-05-12,1403,6987,,7,5,7,3711,0,0,0,,0,242,"MIRA MESA BL","REAGAN RD",375.00,E,N,A,-,N,,,,,,,,,,N,4,0,1,2,A,-,21,22106,,N,G,B,F,A,H,-,A,D,0,Y,,,,Y,,-,"- ",0,0,1,0,1,0,0,0,0,"- ","- ",,,"SAN DIEGO","SAN DIEGO",-117.1480098,32.912661700000001
6096151,2013,2014-02-26,3711,2013-05-16,1805,6989,NORTH,4,5,7,3711,0,0,0,,0,122,"INGRAHAM ST","PEREZ COVE WY",1584.00,S,N,B,-,N,,,,,,,,,,N,4,0,1,2,A,-,08,22107,,N,B,G,A,A,H,-,A,D,0,,Y,,,Y,,A,01,0,0,1,0,0,0,1,0,0,"- ","- ",,,"SAN DIEGO","SAN DIEGO",-117.2325086,32.763579700000001
6099430,2013,2014-03-06,3711,2013-05-28,1112,5899,,2,5,7,3711,0,0,0,,0,813,"MEADE AV","OHIO ST",84.00,W,N,A,-,N,,,,,,,,,,N,3,0,1,2,A,-,17,22517,,N,-,G,A,A,H,-,A,D,0,,Y,,,Y,,-,"- ",0,1,0,0,0,0,1,0,0,"- ","- ",,,"SAN DIEGO","SAN DIEGO",-117.1292342,32.757284800000001
6099431,2013,2014-03-06,3711,2013-05-28,1855,6968,,2,5,7,3711,0,0,0,,0,834,"40TH ST","DWIGHT ST",132.00,S,N,A,-,N,,,,,,,,,,N,4,0,1,2,A,-,09,21804,A,N,D,G,A,A,H,-,A,D,0,,Y,,,Y,,L,04,0,0,1,0,0,0,1,0,0,"- ","- ",,,"SAN DIEGO","SAN DIEGO",-117.1094877,32.743713200000002
6100607,2013,2014-03-06,3711,2013-05-15,0855,4938,,3,5,7,3711,0,0,0,,0,831,"MEADE AV","OREGON ST",0.00,,Y,A,-,N,,,,,,,,,,N,4,0,1,2,B,-,22,,,N,G,B,B,A,H,-,A,-,0,Y,,,,Y,,-,"- ",0,0,1,0,1,0,0,0,0,"- ","- ",,,"SAN DIEGO","SAN DIEGO",-117.13514189999999,32.757254799999998
6100825,2013,2014-03-01,3711,2013-06-05,0807,6718,,3,5,7,3711,0,0,0,,0,242,"RT 15","MIRA MESA BL",3.00,E,N,B,-,Y,SD,11,15,-,M,16.183,R,1,S,N,4,0,1,2,A,-,10,21950,A,M,H,G,A,A,H,-,A,A,0,,Y,,,Y,,-,"- ",0,0,1,0,0,0,1,0,0,SF,"- ",,,"SAN DIEGO","SAN DIEGO",-117.11544189999999,32.922514800000002
6103518,2013,2014-03-05,3711,2013-05-30,1936,4663,,4,5,7,3711,0,0,0,,0,243,"BLACK MOUNTAIN RD","KEARNY VILLA RD",0.00,,Y,A,-,N,,,,,,,,,,N,4,0,1,2,A,-,11,21456,B,N,G,B,E,A,H,-,B,A,0,Y,,,,Y,,N,60,0,0,1,0,1,0,0,0,0,"- ","- ",,,"SAN DIEGO","SAN DIEGO",-117.12273190000001,32.898614899999998
6103676,2013,2014-03-01,3711,2013-06-01,2100,7009,,6,5,7,3711,0,0,0,,0,627,"4TH AV",ROBINSON,0.00,,Y,B,-,N,,,,,,,,,,N,4,0,1,2,D,-,00,,,N,G,B,B,A,H,-,C,A,0,Y,,,,Y,,-,"- ",0,0,1,0,1,0,0,0,0,"- ","- ",,,"SAN DIEGO","SAN DIEGO",-117.16161200000001,32.746944800000001
6105281,2013,2014-03-01,3711,2013-06-10,2200,6961,,1,5,7,3711,0,0,0,,0,524,"7TH AV","E ST",9.00,N,N,A,-,N,,,,,,,,,,N,3,0,1,2,A,-,10,21950,A,N,A,B,B,A,H,-,D,A,0,Y,,,,Y,,-,"- ",0,1,0,0,1,0,0,0,0,"- ","- ",,,"SAN DIEGO","SAN DIEGO",-117.1583811,32.714659400000002
6105329,2013,2014-03-01,3711,2013-06-06,0800,3815,,4,5,7,3711,0,0,0,,0,113,"SANTA FE ST","DAMON AV",5808.00,N,N,A,-,N,,,,,,,,,,N,3,0,1,2,A,-,08,22107,,N,C,G,A,A,H,-,A,D,0,,Y,,,Y,,A,01,0,1,0,0,0,0,1,0,0,"- ","- ",,,"SAN DIEGO","SAN DIEGO",-117.2285576,32.822051799999997
6105337,2013,2014-03-01,3711,2013-06-07,1810,7010,,5,5,7,3711,0,0,0,,0,622,"NAPA ST","RILEY ST",0.00,,Y,B,-,N,,,,,,,,,,N,4,0,1,2,A,-,09,21801,A,N,D,G,A,A,H,-,B,A,0,,Y,,,Y,,-,"- ",0,0,1,0,0,0,1,0,0,"- ","- ",,,"SAN DIEGO","SAN DIEGO",-117.1961019,32.764714900000001
6105349,2013,2014-03-01,3711,2013-06-09,2125,6971,,7,5,7,3711,0,0,0,,0,833,"UNIVERSITY AV","CHAMOUNE AV",0.00,,Y,A,-,N,,,,,,,,,,N,4,0,1,2,A,-,10,21950,A,N,G,B,B,A,H,-,C,A,0,Y,,,,Y,,-,"- ",0,0,1,0,1,0,0,0,0,"- ","- ",,,"SAN DIEGO","SAN DIEGO",-117.0966019,32.749574799999998
6110797,2013,2014-03-11,3711,2013-06-01,1345,6252,,6,5,7,3711,0,0,0,,0,617,"CABRILLO MEMORIAL DR","ASHBURN RD",0.00,,Y,A,-,N,,,,,,,,,,N,3,0,1,2,A,-,09,21801,A,N,A,G,A,A,H,-,A,D,0,,Y,,,Y,,A,01,0,1,0,0,0,0,1,0,0,"- ","- ",,,"SAN DIEGO","SAN DIEGO",-117.24363200000001,32.6802548
6116304,2013,2014-03-03,3711,2013-06-16,1545,6034,,7,5,7,3711,0,0,0,,0,831,"EL CAJON BL","37TH ST",148.00,W,N,A,-,N,,,,,,,,,,N,3,0,1,2,A,-,03,22350,,N,C,G,A,A,H,-,A,A,0,,Y,,,Y,,L,04,0,1,0,0,0,0,1,0,0,"- ","- ",,,"SAN DIEGO","SAN DIEGO",-117.11413159999999,32.755270400000001
6116335,2013,2014-02-28,3711,2013-06-17,1712,6176,,1,5,7,3711,0,0,0,,0,443,"43RD ST","ETA ST",0.00,,Y,A,-,N,,,,,,,,,,N,3,0,1,2,A,-,11,21950,B,N,G,B,D,A,H,-,A,D,0,Y,,,,Y,Y,N,60,0,1,0,0,1,0,0,0,0,"- ","- ",,,"SAN DIEGO","SAN DIEGO",-117.102002,32.686694799999998
6116398,2013,2014-03-03,3711,2013-06-14,1430,5916,,5,5,7,3711,0,0,0,,0,124,"GIRARD AV","S COAST BL",96.00,S,N,A,-,N,,,,,,,,,,N,3,0,1,3,A,-,21,22106,,N,G,B,E,A,H,-,A,D,0,Y,,,,Y,,A,01,0,1,0,0,1,0,0,0,0,"- ","- ",,,"SAN DIEGO","SAN DIEGO",-117.274287,32.848472600000001
6117017,2013,2014-04-16,3711,2013-06-22,0052,5700,,6,5,7,3711,0,0,0,,0,523,"6TH AV","F ST",0.00,,Y,A,-,N,,,,,,,,,,N,3,0,1,2,A,-,11,21456,B,N,G,B,D,A,H,-,C,A,0,Y,,,,Y,Y,N,60,0,1,0,0,1,0,0,0,0,"- ","- ",,,"SAN DIEGO","SAN DIEGO",-117.159272,32.713574800000004
6117026,2013,2014-03-03,3711,2013-06-23,0913,5061,,7,5,7,3711,0,0,0,,0,115,"SODERBLOM CT","SODERBLOM  AV",170.00,N,N,A,-,N,,,,,,,,,,N,3,0,1,2,A,-,21,22106,,N,G,B,E,A,H,-,A,D,0,Y,,,,Y,,A,01,0,1,0,0,1,0,0,0,0,"- ","- ",,,"SAN DIEGO","SAN DIEGO",-117.2321816,32.844197299999998
6118031,2013,2014-03-10,3711,2013-06-08,0120,6969,,6,5,7,3711,0,0,0,,0,122,"BERYL ST","LAMONT ST",273.00,W,N,B,-,N,,,,,,,,,,N,3,0,1,2,D,-,00,,,N,G,B,E,A,H,-,C,D,0,Y,,,,Y,,-,"- ",0,1,0,0,1,0,0,0,0,"- ","- ",,,"SAN DIEGO","SAN DIEGO",-117.2382175,32.807331599999998
6118299,2013,2014-03-03,3711,2013-06-24,1510,5046,,1,5,7,3711,0,0,0,,0,613,"CHATSWORTH BL","QUIMBY ST",0.00,,Y,A,-,N,,,,,,,,,,N,3,0,1,2,A,-,05,21650,1,N,H,G,A,A,H,-,A,A,0,,Y,,,Y,,L,04,0,1,0,0,0,0,1,0,0,"- ","- ",,,"SAN DIEGO","SAN DIEGO",-117.230352,32.7375148
6118823,2013,2014-03-05,3711,2013-06-23,2014,6034,,7,5,7,3711,0,0,0,,0,621,"ULRIC ST","EASTMAN ST",117.00,N,N,A,-,N,,,,,,,,,,N,3,0,1,2,A,-,11,21954,A,N,A,B,D,A,H,-,B,D,0,Y,,,,Y,,N,60,0,1,0,0,1,0,0,0,0,"- ","- ",,,"SAN DIEGO","SAN DIEGO",-117.1716031,32.787937900000003
6119890,2013,2014-03-06,3711,2013-06-28,1100,5741,,5,5,7,3711,0,0,0,,0,326,"COLLEGE AV","MONTEZUMA RD",164.00,S,N,A,-,N,,,,,,,,,,N,4,0,1,2,D,-,00,,,N,B,G,A,A,H,-,A,A,0,,Y,,,Y,,-,"- ",0,0,1,0,0,0,1,0,0,"- ","- ",,,"SAN DIEGO","SAN DIEGO",-117.0696772,32.770291
6119899,2013,2014-03-05,3711,2013-06-28,2500,5600,,5,5,7,3711,0,0,0,,0,242,"FLANDERS DR","PARKDALE AV",0.00,,Y,A,-,N,,,,,,,,,,N,3,0,1,2,D,-,00,,,M,G,B,B,A,H,-,A,A,0,Y,,,,Y,Y,-,"- ",0,1,0,0,1,0,0,0,0,"- ","- ",,,"SAN DIEGO","SAN DIEGO",-117.1544519,32.906744799999998
6119911,2013,2014-03-05,3711,2013-06-30,1230,6018,,7,5,7,3711,0,0,0,,0,623,"FASHION VALLEY RD","FASHION VALLEY RD 1300",4.00,E,N,A,-,N,,,,,,,,,,N,3,0,1,2,A,-,09,21804,A,M,G,B,D,A,H,-,A,D,0,Y,,,,Y,,-,"- ",0,1,0,0,1,0,0,0,0,"- ","- ",,,"SAN DIEGO","SAN DIEGO",,
6119914,2013,2014-04-02,3711,2013-06-28,1553,6941,,5,5,7,3711,0,0,0,,0,712,"WEST SAN YSIDRO BL","ALVERSON RD",138.00,E,N,A,-,N,,,,,,,,,,N,3,0,1,2,A,-,10,21952,,N,G,B,F,A,-,-,A,D,0,Y,,,,Y,,-,"- ",0,1,0,0,1,0,0,0,0,"- ","- ",,,"SAN DIEGO","SAN DIEGO",-117.05122350000001,32.555234300000002
6120185,2013,2014-03-10,3711,2013-07-01,1934,7009,,1,5,7,3711,0,0,0,,0,831,"46TH ST",ORANGE,231.00,S,N,A,-,N,,,,,,,,,,N,3,0,1,2,A,-,11,21954,A,N,G,B,D,A,H,-,B,D,0,Y,,,,Y,,N,60,0,1,0,0,1,0,0,0,0,"- ","- ",,,"SAN DIEGO","SAN DIEGO",-117.0954955,32.752491999999997
6120189,2013,2014-04-02,3711,2013-07-01,1740,5958,,1,5,7,3711,0,0,0,,0,242,"MIRA MESA BL","WESTVIEW PKWY",0.00,,Y,A,-,N,,,,,,,,,,N,3,0,2,3,A,-,"- ",,,N,G,B,B,A,H,-,A,A,0,Y,,,,Y,,-,"- ",0,2,0,0,2,0,0,0,0,"- ","- ",,,"SAN DIEGO","SAN DIEGO",-117.120672,32.917324800000003
6124185,2013,2014-03-05,3711,2013-06-19,1445,6361,,3,5,7,3711,0,0,0,,0,627,"3RD AV","UNIVERSITY AV",140.00,S,N,A,-,N,,,,,,,,,,N,3,0,1,2,A,-,08,22107,,N,G,B,D,A,H,-,A,D,0,Y,,,,Y,,A,01,0,1,0,0,1,0,0,0,0,"- ","- ",,,"SAN DIEGO","SAN DIEGO",-117.1627814,32.747881399999997
6124918,2013,2014-03-04,3711,2013-06-17,0159,5051,,1,5,7,3711,0,0,0,,0,122,"HORNBLEND ST","EVERTS ST",88.00,W,N,B,-,N,,,,,,,,,,N,3,0,1,2,A,-,08,22107,,N,B,G,A,A,H,-,C,D,0,,Y,,,Y,Y,L,04,0,1,0,0,0,0,1,0,0,"- ","- ",,,"SAN DIEGO","SAN DIEGO",-117.24819859999999,32.797175500000002
6132007,2013,2014-03-12,3711,2013-07-04,2034,6276,,4,5,7,3711,0,0,0,,0,122,"CROWN POINT DR","CORONA ORIENTE RD",0.00,,Y,B,-,N,,,,,,,,,,N,4,0,1,2,D,-,00,,,N,G,B,E,A,H,-,C,D,0,Y,,,,Y,,-,"- ",0,0,1,0,1,0,0,0,0,"- ","- ",,,"SAN DIEGO","SAN DIEGO",-117.23439190000001,32.782434799999997
6132075,2013,2014-03-11,3711,2013-07-03,0151,5925,,3,5,7,3711,0,0,0,,0,111,"GENESSE AVE","MT ALIFAN",158.00,S,N,A,-,N,,,,,,,,,,N,4,0,1,3,A,-,11,21954,A,N,G,B,F,A,H,-,C,D,0,Y,,,,Y,,N,60,0,0,1,0,1,0,0,0,0,"- ","- ",,,"SAN DIEGO","SAN DIEGO",-117.18071140000001,32.8168364
6133079,2013,2014-03-11,3711,2013-07-03,0756,6060,,3,5,7,3711,0,0,0,,0,521,BROADWAY,"16TH ST",0.00,,Y,B,-,N,,,,,,,,,,N,3,0,1,2,A,-,12,21453,A,N,G,B,E,A,-,-,A,A,0,Y,,,,Y,,N,60,0,1,0,0,1,0,0,0,0,"- ","- ",,,"SAN DIEGO","SAN DIEGO",-117.14951189999999,32.715744800000003
6134607,2013,2014-05-28,3711,2013-07-06,1940,5282,,6,5,7,3711,0,0,0,,0,813,"EL CAJON BL","UTAH ST",0.00,,Y,A,-,N,,,,,,,,,,N,4,0,1,2,A,-,12,21453,A,N,H,G,A,A,H,-,B,A,0,,Y,,,Y,,-,"- ",0,0,1,0,0,0,1,0,0,"- ","- ",,,"SAN DIEGO","SAN DIEGO",-117.132672,32.755224800000001
6134610,2013,2014-03-13,3711,2013-07-05,1939,6712,,5,5,7,3711,0,0,0,,0,831,"ORANGE AV","44TH ST",8.00,E,N,A,-,N,,,,,,,,,,N,4,0,1,2,A,-,09,21802,A,N,D,G,A,A,H,-,B,D,0,,Y,,,Y,,-,"- ",0,0,1,0,0,0,1,0,0,"- ","- ",,,"SAN DIEGO","SAN DIEGO",-117.09977600000001,32.753164499999997
6139662,2013,2014-03-12,3711,2013-07-08,1244,5061,,1,5,7,3711,0,0,0,,0,614,"NARRAGANSETT AV","SUNSET CLIFFS BL",248.00,W,N,B,-,N,,,,,,,,,,N,3,0,1,2,A,-,11,21954,A,N,G,B,D,A,H,-,A,D,0,Y,,,,Y,,N,60,0,1,0,0,1,0,0,0,0,"- ","- ",,,"SAN DIEGO","SAN DIEGO",-117.24972150000001,32.743435099999999
6140222,2013,2014-03-17,3711,2013-07-12,2353,6035,,5,5,7,3711,0,0,0,,0,813,"LINCOLN AV","IOWA ST",29.00,E,N,A,-,N,,,,,,,,,,N,3,0,1,1,A,-,08,22107,,N,H,G,A,A,H,-,C,D,0,,Y,,,Y,,L,04,0,1,0,0,0,0,1,0,0,"- ","- ",,,"SAN DIEGO","SAN DIEGO",-117.1263479,32.750347099999999
6141743,2013,2014-03-20,3711,2013-07-04,1734,4864,,4,5,7,3711,0,0,0,,0,516,"MARKET ST","31ST ST",0.00,,Y,A,-,N,,,,,,,,,,N,2,0,1,2,A,-,08,22107,,F,D,G,A,A,H,-,A,D,0,,Y,,,Y,,D,23,1,0,0,0,0,0,1,0,0,"- ","- ",,,"SAN DIEGO","SAN DIEGO",-117.127422,32.711644800000002
6142009,2013,2014-03-20,3711,2013-07-12,1024,6425,SD,5,5,7,3711,0,0,0,,0,517,"BROADWAY AV","19TH ST",0.00,,Y,A,-,N,,,,,,,,,,,3,0,1,2,A,-,08,22108,,N,D,G,A,A,H,-,A,A,0,,Y,,,Y,,-,"- ",0,1,0,0,0,0,1,0,0,"- ","- ",,,"SAN DIEGO","SAN DIEGO",-117.146772,32.715764800000002
6142013,2013,2014-03-20,3711,2013-07-11,1919,4771,,4,5,7,3711,0,0,0,,0,712,"CAMINO DE LA PLAZA","WILLOW RD",528.00,E,N,B,-,N,,,,,,,,,,N,4,0,1,2,A,-,08,22107,,N,G,B,D,A,H,-,A,A,0,Y,,,,Y,,-,"- ",0,0,1,0,1,0,0,0,0,"- ","- ",,,"SAN DIEGO","SAN DIEGO",-117.04092470000001,32.545434100000001