CASE_ID,ACCIDENT_YEAR,PROC_DATE,JURIS,COLLISION_DATE,COLLISION_TIME,OFFICER_ID,REPORTING_DISTRICT,DAY_OF_WEEK,CHP_SHIFT,POPULATION,CNTY_CITY_LOC,SPECIAL_COND,BEAT_TYPE,CHP_BEAT_TYPE,CITY_DIVISION_LAPD,CHP_BEAT_CLASS,BEAT_NUMBER,PRIMARY_RD,SECONDARY_RD,DISTANCE,DIRECTION,INTERSECTION,WEATHER_1,WEATHER_2,STATE_HWY_IND,CALTRANS_COUNTY,CALTRANS_DISTRICT,STATE_ROUTE,ROUTE_SUFFIX,POSTMILE_PREFIX,POSTMILE,LOCATION_TYPE,RAMP_INTERSECTION,SIDE_OF_HWY,TOW_AWAY,COLLISION_SEVERITY,NUMBER_KILLED,NUMBER_INJURED,PARTY_COUNT,PRIMARY_COLL_FACTOR,PCF_CODE_OF_VIOL,PCF_VIOL_CATEGORY,PCF_VIOLATION,PCF_VIOL_SUBSECTION,HIT_AND_RUN,TYPE_OF_COLLISION,MVIW,PED_ACTION,ROAD_SURFACE,ROAD_COND_1,ROAD_COND_2,LIGHTING,CONTROL_DEVICE,CHP_ROAD_TYPE,PEDESTRIAN_ACCIDENT,BICYCLE_ACCIDENT,MOTORCYCLE_ACCIDENT,TRUCK_ACCIDENT,NOT_PRIVATE_PROPERTY,ALCOHOL_INVOLVED,STWD_VEHTYPE_AT_FAULT,CHP_VEHTYPE_AT_FAULT,COUNT_SEVERE_INJ,COUNT_VISIBLE_INJ,COUNT_COMPLAINT_PAIN,COUNT_PED_KILLED,COUNT_PED_INJURED,COUNT_BICYCLIST_KILLED,COUNT_BICYCLIST_INJURED,COUNT_MC_KILLED,COUNT_MC_INJURED,PRIMARY_RAMP,SECONDARY_RAMP,LATITUDE,LONGITUDE,COUNTY,CITY,POINT_X,POINT_Y
6142026,2013,2014-03-22,3711,2013-07-14,1205,5480,,7,5,7,3711,0,0,0,,0,541,"TONY GWYNN DR","PARK BL",0.00,,N,A,-,N,,,,,,,,,,N,3,0,1,2,A,-,03,22350,,N,G,B,E,A,H,-,A,D,0,Y,Y,,,Y,Y,-,"- ",0,1,0,0,1,0,0,0,0,"- ","- ",,,"SAN DIEGO","SAN DIEGO",-117.15704173,32.705662439999998
6142057,2013,2014-04-24,3711,2013-07-11,1320,6064,5D,4,5,7,3711,0,0,0,,0,531,"BALBOA DR","6TH AV",0.00,,N,B,-,N,,,,,,,,,,N,3,0,1,1,D,-,00,,,N,H,G,A,A,H,-,A,A,0,,Y,,,Y,,-,"- ",0,1,0,0,0,0,1,0,0,"- ","- ",,,"SAN DIEGO","SAN DIEGO",-117.1594719,32.740804799999999
6142134,2013,2014-03-12,3711,2013-07-16,1510,4051,,2,5,7,3711,0,0,0,,0,827,"ALTADENA AV","STERLING CT",0.00,,Y,A,-,N,,,,,,,,,,N,3,0,1,2,A,-,09,21804,A,N,D,G,A,A,H,-,A,D,0,,Y,,,Y,,L,04,0,1,0,0,0,0,1,0,0,"- ","- ",,,"SAN DIEGO","SAN DIEGO",-117.086032,32.745144799999998
6142597,2013,2014-04-01,3711,2013-07-08,0959,6807,,1,5,7,3711,0,0,0,,0,441,"OCEAN VIEW BL","S 39TH ST",270.00,W,N,A,-,N,,,,,,,,,,N,4,0,1,2,A,-,11,21953,,N,G,B,D,A,H,-,A,A,0,Y,,,,Y,,N,60,0,0,1,0,1,0,0,0,0,"- ","- ",,,"SAN DIEGO","SAN DIEGO",-117.11122640000001,32.701278500000001
6142605,2013,2014-04-01,3711,2013-07-10,0830,4283,,3,5,7,3711,0,0,0,,0,612,CADIZ,"ST CHARLES",2.00,W,N,B,-,N,,,,,,,,,,N,3,0,1,2,A,-,12,22450,A,N,D,G,A,A,H,-,A,A,0,,Y,,,Y,,L,04,0,1,0,0,0,0,1,0,0,"- ","- ",,,"SAN DIEGO","SAN DIEGO",-117.2099972,32.743847899999999
6144407,2013,2014-03-13,3711,2013-07-19,2151,6437,,5,5,7,3711,0,0,0,,0,813,"PARK BL","ROBINSON AV",0.00,,Y,A,-,N,,,,,,,,,,N,4,0,1,2,A,-,09,21801,A,N,H,G,A,A,H,-,C,A,0,,Y,,,Y,,-,"- ",0,0,1,0,0,0,1,0,0,"- ","- ",,,"SAN DIEGO","SAN DIEGO",-117.146382,32.746414799999997
6144461,2013,2014-04-04,3711,2013-07-17,1725,6957,,3,5,7,3711,0,0,0,,0,122,"DAMON AV","MISSION BAY DR",528.00,E,N,A,-,N,,,,,,,,,,N,3,0,1,2,A,-,09,21801,A,N,B,G,A,A,H,-,A,D,0,,Y,,,Y,,-,"- ",0,1,0,0,0,0,1,0,0,"- ","- ",,,"SAN DIEGO","SAN DIEGO",-117.2184329,32.808607700000003
6144476,2013,2014-03-14,3711,2013-07-19,1729,5395,,5,5,7,3711,0,0,0,,0,628,"KETTNER BL",MAPLE,9.00,S,N,B,-,N,,,,,,,,,,N,4,0,1,2,A,-,03,22350,,N,H,G,A,A,H,-,A,D,0,,Y,,,Y,,L,04,0,0,1,0,0,0,1,0,0,"- ","- ",,,"SAN DIEGO","SAN DIEGO",-117.17242160000001,32.730991699999997
6147444,2013,2014-03-19,9645,2013-07-07,1825,18587,,7,2,7,3711,0,1,1,,2,001,"RT 5","RT 15",1000.00,S,N,A,-,Y,SD,11,5,-,R,12.440,H,-,S,N,3,0,1,2,A,-,11,21954,A,N,G,B,E,A,H,-,A,D,1,Y,,,,Y,,N,60,0,1,0,0,1,0,0,0,0,"- ","- ",32.689799999999998,-117.11749,"SAN DIEGO","SAN DIEGO",-117.1199249,32.691475599999997
6152785,2013,2014-03-21,3711,2013-07-01,1300,HB4692,,1,5,7,3711,0,0,0,,0,503,"RENT A CAR ACCESS RD","NORTH HARBOR DR",0.00,,Y,A,-,N,,,,,,,,,,N,2,0,1,2,A,-,11,21456,A,N,D,G,A,A,H,-,A,A,0,,Y,,,Y,,L,04,1,0,0,0,0,0,1,0,0,"- ","- ",,,"SAN DIEGO","SAN DIEGO",,
6153452,2012,2013-09-19,3711,2012-03-21,1000,4547,,3,5,7,3711,0,0,0,,0,611,"ROSECRANS ST","MIDWAY DR",306.00,N,N,A,-,N,,,,,,,,,,N,4,0,1,2,A,-,05,21650,1,N,D,G,A,A,H,-,A,D,0,,Y,,,Y,,L,04,0,0,1,0,0,0,1,0,0,"- ","- ",,,"SAN DIEGO","SAN DIEGO",-117.20562526000001,32.750362840000001
6158694,2013,2014-03-18,3711,2013-07-21,1809,6666,"SAN D",7,5,7,3711,0,0,0,,0,122,"GARNET AV","PICO ST",0.00,,Y,B,-,N,,,,,,,,,,N,3,0,1,2,A,-,03,22350,,N,C,G,A,A,H,-,A,D,0,,Y,,,Y,,A,,0,1,0,0,0,0,1,0,0,"- ","- ",,,"SAN DIEGO","SAN DIEGO",-117.22286200000001,32.805294799999999
6158719,2013,2014-03-17,3711,2013-07-03,1130,6455,CENTR,3,5,7,3711,0,0,0,,0,522,"HARBOR BL","5TH AV",0.00,,Y,A,-,N,,,,,,,,,,N,4,0,1,2,A,-,08,22107,,N,B,G,A,A,H,-,A,A,0,,Y,,,Y,,-,"- ",0,0,1,0,0,0,1,0,0,"- ","- ",,,"SAN DIEGO","SAN DIEGO",-117.1624419,32.7059748
6159326,2013,2014-03-20,3711,2013-07-31,1313,6554,,3,5,7,3711,0,0,0,,0,627,"W UNIVERSITY AV","BRANT ST",300.00,E,N,A,-,N,,,,,,,,,,N,3,0,1,2,A,-,21,22106,,N,H,G,A,A,H,-,A,D,0,,Y,,,Y,,-,"- ",0,1,0,0,0,0,1,0,0,"- ","- ",,,"SAN DIEGO","SAN DIEGO",-117.1664995,32.748984800000002
6162716,2013,2014-04-01,3711,2013-08-05,0720,6151,,1,5,7,3711,0,0,0,,0,313,"CHESAPEAKE DR","ROSCOE CT",40.00,E,N,A,-,N,,,,,,,,,,N,4,0,1,2,A,-,03,22350,,N,G,B,F,A,H,-,A,D,0,Y,,,,Y,,-,"- ",0,0,1,0,1,0,0,0,0,"- ","- ",,,"SAN DIEGO","SAN DIEGO",-117.124863,32.837850799999998
6162734,2013,2014-04-01,3711,2013-08-03,1818,6034,,6,5,7,3711,0,0,0,,0,615,"ROSECRANS ST","HUGO ST",18.00,S,N,A,-,N,,,,,,,,,,N,3,0,2,3,A,-,10,21950,A,N,G,B,B,A,H,-,A,A,0,Y,,,,Y,,A,01,0,2,0,0,2,0,0,0,0,"- ","- ",,,"SAN DIEGO","SAN DIEGO",-117.2279168,32.726115200000002
6162741,2013,2014-04-01,3711,2013-08-04,2150,5393,,7,5,7,3711,0,0,0,,0,,"PARK BL","ADAMS AV",37.00,S,N,A,-,N,,,,,,,,,,N,3,0,1,2,A,-,09,21801,A,F,D,G,A,A,H,-,C,D,0,,Y,,,Y,Y,A,01,0,1,0,0,0,0,1,0,0,"- ","- ",,,"SAN DIEGO","SAN DIEGO",-117.1463,32.762363399999998
6162745,2013,2014-04-01,3711,2013-08-04,0855,5385,,7,5,7,3711,0,0,0,,0,123,"FIESTA ISLAND RD","FIESTA ISLAND RD 1750",150.00,W,N,A,-,N,,,,,,,,,,N,3,0,1,2,A,-,05,21202,A,N,B,G,A,A,H,-,A,D,0,,Y,,,Y,,L,04,0,1,0,0,0,0,1,0,0,"- ","- ",,,"SAN DIEGO","SAN DIEGO",,
6162789,2013,2014-04-01,3711,2013-08-05,1303,6451,EASTE,1,5,7,3711,0,0,0,,0,327,"EWING ST","MONTEZUMA RD",0.00,,Y,A,-,N,,,,,,,,,,,4,0,1,2,A,-,05,21650,1,M,D,G,A,A,H,-,A,A,0,,Y,,,Y,Y,L,04,0,0,1,0,0,0,1,0,0,"- ","- ",,,"SAN DIEGO","SAN DIEGO",-117.06257189999999,32.770114800000002
6162822,2013,2014-03-20,3711,2013-07-31,1401,4283,,3,5,7,3711,0,0,0,,0,315,"RIVER RUN","FENTON PKWY",9.00,E,N,A,-,Y,,,,,,,,,,N,4,0,1,2,A,-,03,22350,,N,G,B,B,A,-,-,A,A,0,Y,,,,Y,,-,"- ",0,0,1,0,1,0,0,0,0,"- ","- ",,,"SAN DIEGO","SAN DIEGO",,
6162837,2013,2014-03-19,3711,2013-07-30,0729,5450,,2,5,7,3711,0,0,0,,0,903,"PALM AV","KOSTNER DR",0.00,,Y,A,-,N,,,,,,,,,,N,3,0,1,2,A,-,05,21650,1,N,D,G,A,A,H,-,A,A,0,,Y,,,Y,,L,04,0,1,0,0,0,0,1,0,0,"- ","- ",,,"SAN DIEGO","SAN DIEGO",-117.04172199999999,32.583704900000001
6162853,2013,2014-03-19,3711,2013-07-29,1654,7000,,1,5,7,3711,0,0,0,,0,111,"DOLIVA DR","LIMERICK AV",10.00,S,N,A,-,N,,,,,,,,,,N,3,0,1,2,A,-,09,21802,A,N,D,G,A,A,H,-,A,A,0,,Y,,,Y,,-,"- ",0,1,0,0,0,0,1,0,0,"- ","- ",,,"SAN DIEGO","SAN DIEGO",-117.17576989,32.827030059999998
6162873,2013,2014-03-19,3711,2013-07-31,1857,5600,,3,5,7,3711,0,0,0,,0,124,"KLINE ST","FAY AV",2.00,W,N,A,-,N,,,,,,,,,,N,3,0,1,2,A,-,10,21950,A,N,G,B,B,A,H,-,A,A,0,Y,,,,Y,,A,01,0,1,0,0,1,0,0,0,0,"- ","- ",,,"SAN DIEGO","SAN DIEGO",-117.2747282,32.843273400000001
6168118,2013,2014-03-11,3711,2013-06-28,1005,6811,SD,5,5,7,3711,0,0,0,,0,627,"5TH AV","ROBINSON AV",5.00,N,N,A,-,N,,,,,,,,,,,4,0,1,2,A,-,10,21950,A,N,G,B,B,A,H,-,A,A,0,Y,,,,Y,,-,"- ",0,0,1,0,1,0,0,0,0,"- ","- ",,,"SAN DIEGO","SAN DIEGO",-117.16043380000001,32.7469684
6169764,2013,2014-03-29,3711,2013-08-07,1824,6979,3711,3,5,7,3711,0,0,0,,0,523,"5TH AV","MARKET ST",18.00,N,N,A,-,N,,,,,,,,,,N,3,0,1,2,A,-,17,21461,A,N,G,B,B,A,H,-,A,A,0,Y,,,,Y,,-,"- ",0,1,0,0,1,0,0,0,0,"- ","- ",,,"SAN DIEGO","SAN DIEGO",-117.1601438,32.711534
6169792,2013,2014-03-29,3711,2013-08-07,2155,4708,SANDI,3,5,7,3711,0,0,0,,0,529,"LAUREL ST","5TH ST",0.00,,Y,A,-,N,,,,,,,,,,N,4,0,2,3,A,-,10,21950,A,N,G,B,B,-,H,-,C,A,0,Y,,,,Y,,-,"- ",0,0,2,0,2,0,0,0,0,"- ","- ",,,"SAN DIEGO","SAN DIEGO",-117.1603119,32.731354899999999
6173232,2013,2014-03-24,3711,2013-08-06,2325,4308,,2,5,7,3711,0,0,0,,0,713,"CALIENTE AV","RT 905",0.00,,Y,A,-,Y,SD,11,905,-,R,6.538,R,4,E,N,4,0,1,2,A,-,12,21453,A,N,D,G,A,A,H,-,C,A,0,,Y,,,Y,,L,04,0,0,1,0,0,0,1,0,0,"- ",EF,,,"SAN DIEGO","SAN DIEGO",-117.0318793,32.567827800000003
6173247,2013,2014-03-29,3711,2013-08-07,1100,5204,,3,5,7,3711,0,0,0,,0,123,"WEST MISSION BAY DR","OLLIE ST",2112.00,N,N,A,-,N,,,,,,,,,,N,3,0,1,1,A,-,03,22350,,N,-,G,A,-,A,-,A,D,0,,Y,,,Y,Y,-,"- ",0,1,0,0,0,0,1,0,0,"- ","- ",,,"SAN DIEGO","SAN DIEGO",-117.2274819,32.75969285
6173803,2013,2014-03-25,3711,2013-08-11,1610,7000,,7,5,7,3711,0,0,0,,0,122,"GRAND AV","DAWES ST",0.00,,Y,A,-,N,,,,,,,,,,N,4,0,1,2,A,-,09,21802,A,N,D,G,A,A,H,-,A,A,0,,Y,,,Y,,-,"- ",0,0,1,0,0,0,1,0,0,"- ","- ",,,"SAN DIEGO","SAN DIEGO",-117.24946199999999,32.7959149
6173821,2013,2014-03-28,3711,2013-08-14,2021,3792,3711,3,5,7,3711,0,0,0,,0,828,"UNIVERSITY AV","ESTRELLA AV",65.00,W,N,A,-,N,,,,,,,,,,N,3,0,1,2,A,-,11,21954,A,N,G,B,D,A,H,-,C,D,0,Y,,,,Y,,N,60,0,1,0,0,1,0,0,0,0,"- ","- ",,,"SAN DIEGO","SAN DIEGO",-117.0902325,32.749518000000002
6173835,2013,2014-03-25,3711,2013-08-15,1912,6000,,4,5,7,3711,0,0,0,,0,811,"33RD ST","MADISON AV",166.00,N,N,A,-,N,,,,,,,,,,Y,2,0,1,2,A,-,11,21954,A,N,G,B,D,A,H,-,A,D,0,Y,,,,Y,,N,60,1,0,0,0,1,0,0,0,0,"- ","- ",,,"SAN DIEGO","SAN DIEGO",-117.12289800000001,32.761449499999998
6173916,2013,2014-04-05,3711,2013-08-18,2013,5064,,7,5,7,3711,0,0,0,,0,317,"26TH ST","A ST",0.00,,Y,A,-,N,,,,,,,,,,N,4,0,1,2,A,-,10,21950,A,N,G,B,B,A,H,-,C,A,0,Y,,,,Y,Y,-,"- ",0,0,1,0,1,0,0,0,0,"- ","- ",,,"SAN DIEGO","SAN DIEGO",-117.138272,32.7189348
6175951,2013,2014-03-25,3711,2013-08-13,1535,6361,,2,5,7,3711,0,0,0,,0,628,"WASHINGTON PL","IBIS ST",0.00,,Y,A,-,N,,,,,,,,,,N,2,0,1,2,A,-,09,21802,A,N,D,G,A,A,H,-,A,A,0,,Y,,,Y,,A,01,1,0,0,0,0,0,1,0,0,"- ","- ",,,"SAN DIEGO","SAN DIEGO",-117.17321200000001,32.749904800000003
6179885,2013,2014-03-26,3711,2013-08-07,1000,3858,,3,5,7,3711,0,0,0,,0,447,"HOME AV","FAIRMOUNT AV",525.00,W,N,A,-,N,,,,,,,,,,N,3,0,1,2,A,-,11,21955,,N,G,B,D,A,H,-,A,A,0,Y,,,,Y,,N,60,0,1,0,0,1,0,0,0,0,"- ","- ",,,"SAN DIEGO","SAN DIEGO",-117.10099169999999,32.727832300000003
6179913,2013,2014-03-26,3711,2013-08-10,2053,4310,,6,5,7,3711,0,0,0,,0,521,"F ST","10TH AV",0.00,,Y,A,-,N,,,,,,,,,,N,4,0,1,2,A,-,10,21950,A,N,G,B,B,A,H,-,C,A,0,Y,,,,Y,,A,01,0,0,1,0,1,0,0,0,0,"- ","- ",,,"SAN DIEGO","SAN DIEGO",-117.155632,32.713594800000003
6179918,2013,2014-03-26,3711,2013-08-07,1248,5133,,3,5,7,3711,0,0,0,,0,444,"MARKET ST","4500 MARKET ST",113.00,N,N,A,-,N,,,,,,,,,,N,3,0,1,2,A,-,21,22106,,N,G,B,F,A,H,-,A,D,0,Y,,,,Y,,-,"- ",0,1,0,0,1,0,0,0,0,"- ","- ",,,"SAN DIEGO","SAN DIEGO",,
6180144,2013,2014-03-22,3711,2013-07-19,1217,5916,,5,5,7,3711,0,0,0,,0,124,"GIRARD AV","SILVERADO ST",11.00,N,N,B,-,N,,,,,,,,,,N,3,0,1,2,A,-,10,21950,A,F,G,B,B,A,H,-,A,A,0,Y,,,,Y,,A,07,0,1,0,0,1,0,0,0,0,"- ","- ",,,"SAN DIEGO","SAN DIEGO",-117.2740112,32.8451339
6185980,2013,2014-03-21,3711,2013-08-23,1609,5916,,5,5,7,3711,0,0,0,,0,116,"CLAIREMONT DR","BALBOA AV",190.00,N,N,A,-,N,,,,,,,,,,N,3,0,1,2,A,-,"- ",,,N,D,G,A,A,H,-,A,D,0,,Y,,,Y,,L,04,0,1,0,0,0,0,1,0,0,"- ","- ",,,"SAN DIEGO","SAN DIEGO",-117.2010078,32.812295300000002
6185992,2013,2014-03-21,3711,2013-08-19,2335,5340,,1,5,7,3711,0,0,0,,0,438,"FLINTRIDGE DR","ALBEMARLE ST",0.00,,Y,A,-,N,,,,,,,,,,N,4,0,1,2,A,-,12,22450,A,N,D,G,A,A,H,-,C,A,0,,Y,,,Y,,L,04,0,0,1,0,0,0,1,0,0,"- ","- ",,,"SAN DIEGO","SAN DIEGO",-117.0673719,32.675624800000001
6186022,2013,2014-09-06,3711,2013-08-24,2141,4495,,6,5,7,3711,0,0,0,,0,523,"5TH AV","G ST",0.00,,Y,A,-,N,,,,,,,,,,N,3,0,2,3,A,-,10,21950,A,M,G,B,B,A,H,-,C,A,0,Y,,,,Y,,-,99,0,2,0,0,2,0,0,0,0,"- ","- ",,,"SAN DIEGO","SAN DIEGO",-117.1601819,32.712514800000001
6186053,2013,2014-11-25,3711,2013-08-23,2312,6947,,5,5,7,3711,0,0,0,,0,724,"PALM AV","RT 5",0.00,,Y,A,-,N,,,,,,,,,,N,3,0,1,2,A,-,10,21950,A,N,G,B,B,A,H,-,C,A,0,Y,,,,Y,,-,"- ",0,1,0,0,1,0,0,0,0,"- ",NO,,,"SAN DIEGO","SAN DIEGO",-117.0875319,32.583814799999999
6189834,2013,2014-03-29,3711,2013-08-19,1550,7024,,1,5,7,3711,0,0,0,,0,514,"32ND ST","MARKET ST",0.00,,Y,A,-,N,,,,,,,,,,N,4,0,1,3,A,-,03,22350,,M,G,B,D,A,H,-,A,A,0,Y,,,,Y,,-,"- ",0,0,1,0,1,0,0,0,0,"- ","- ",,,"SAN DIEGO","SAN DIEGO",-117.12526200000001,32.711654899999999
6193325,2013,2014-04-03,3711,2013-09-04,2159,6278,SANDI,3,5,7,3711,0,0,0,,0,525,"WEST BROADWAY","FRONT ST",20.00,E,N,A,-,N,,,,,,,,,,N,4,0,1,2,A,-,10,21950,A,N,G,B,B,A,H,-,C,A,0,Y,,,,Y,,-,"- ",0,0,1,0,1,0,0,0,0,"- ","- ",,,"SAN DIEGO","SAN DIEGO",-117.16468709999999,32.7157348
6196515,2013,2014-03-27,3711,2013-08-22,0836,3815,,4,5,7,3711,0,0,0,,0,313,"RONSON RD","CARDIN ST",0.00,,Y,A,-,N,,,,,,,,,,N,2,0,1,2,A,-,10,21950,A,N,G,B,B,A,H,-,A,A,0,Y,,,,Y,,A,08,1,0,0,0,1,0,0,0,0,"- ","- ",,,"SAN DIEGO","SAN DIEGO",-117.162992,32.828954799999998
6197476,2013,2014-03-28,3711,2013-08-31,1055,6891,,6,5,7,3711,0,0,0,,0,114,"MANITOU WY","GENESEE AV",372.00,W,N,A,-,N,,,,,,,,,,N,3,0,1,2,A,-,08,22107,,F,C,G,A,A,H,-,A,D,0,,Y,,,Y,,-,"- ",0,1,0,0,0,0,1,0,0,"- ","- ",,,"SAN DIEGO","SAN DIEGO",-117.19613889999999,32.833609299999999
6197492,2013,2014-03-28,3711,2013-08-13,1308,6731,,2,5,7,3711,0,0,0,,0,813,"MYRTLE AV","VILLA TER",0.00,,N,A,-,N,,,,,,,,,,N,3,0,1,2,A,-,12,22450,A,N,D,G,A,A,H,-,A,A,0,,Y,Y,,Y,,L,04,0,1,0,0,0,0,1,0,0,"- ","- ",,,"SAN DIEGO","SAN DIEGO",-117.135792,32.742124799999999
6202419,2013,2014-04-17,3711,2013-09-10,1925,7031,"SAN D",2,5,7,3711,0,0,0,,0,611,"SPORTS ARENA BL","OLLIE ST",45.00,N,N,A,-,N,,,,,,,,,,N,3,0,1,2,A,-,11,21954,A,N,G,B,D,A,H,-,C,D,0,Y,,,,Y,Y,N,60,0,1,0,0,1,0,0,0,0,"- ","- ",,,"SAN DIEGO","SAN DIEGO",-117.222013,32.7562736
6202439,2013,2014-04-03,3711,2013-09-11,1740,5635,,3,5,7,3711,0,0,0,,0,115,"LA JOLLA VILLAGE DR","TOWNE CENTRE",0.00,,Y,A,-,N,,,,,,,,,,N,4,0,1,2,A,-,10,21950,A,N,A,B,B,A,H,-,A,A,0,Y,,,,Y,Y,A,,0,0,1,0,1,0,0,0,0,"- ","- ",,,"SAN DIEGO","SAN DIEGO",-117.20744190000001,32.874104799999998
6203153,2013,2014-04-04,3711,2013-09-12,1700,6998,,4,5,7,3711,0,0,0,,0,835,"44TH ST","44TH ST 3500",0.00,,N,A,-,N,,,,,,,,,,N,3,0,1,2,A,-,08,22107,,M,B,B,E,A,E,-,A,D,0,Y,,,,Y,,-,99,0,1,0,0,1,0,0,0,0,"- ","- ",,,"SAN DIEGO","SAN DIEGO",-117.09989458,32.74212077
6203197,2013,2014-04-04,3711,2013-09-16,0848,6986,,1,5,7,3711,0,0,0,,0,242,"CARROLL CANYON","BLACK MOUNTAIN RD",0.00,,Y,A,-,N,,,,,,,,,,N,4,0,1,2,A,-,21,22106,,N,G,B,B,A,H,-,A,A,0,Y,,,,Y,,-,"- ",0,0,1,0,1,0,0,0,0,"- ","- ",,,"SAN DIEGO","SAN DIEGO",-117.12413189999999,32.902774800000003
6212503,2013,2014-04-04,3711,2013-09-12,1725,6400,,4,5,7,3711,0,0,0,,0,615,"ROSECRANS ST","BYRON ST",3.00,S,N,A,-,N,,,,,,,,,,N,4,0,1,2,A,-,10,21950,C,N,G,B,B,A,H,-,A,A,0,Y,,,,Y,,-,"- ",0,0,1,0,1,0,0,0,0,"- ","- ",,,"SAN DIEGO","SAN DIEGO",-117.2309676,32.722548099999997
6212507,2013,2014-04-04,3711,2013-09-12,1940,6399,,4,5,7,3711,0,0,0,,0,627,"UNIVERSITY AV","10TH AV",0.00,,Y,A,-,N,,,,,,,,,,N,4,0,2,3,A,-,08,22107,,N,G,B,B,A,H,-,C,A,0,Y,,,,Y,,-,"- ",0,0,2,0,2,0,0,0,0,"- ","- ",,,"SAN DIEGO","SAN DIEGO",-117.1553519,32.748414799999999
6212515,2013,2014-04-04,3711,2013-09-13,1246,6657,,5,5,7,3711,0,0,0,,0,521,"11TH AV","B ST",0.00,,Y,A,-,N,,,,,,,,,,N,4,0,1,2,A,-,08,22107,,N,D,G,A,A,H,-,A,A,0,,Y,,,Y,,-,"- ",0,0,1,0,0,0,1,0,0,"- ","- ",,,"SAN DIEGO","SAN DIEGO",-117.154712,32.717804800000003
6212551,2013,2014-04-04,3711,2013-09-11,1430,4849,,3,5,7,3711,0,0,0,,0,529,"5TH AV","PALM AV",112.00,N,N,A,-,N,,,,,,,,,,N,3,0,1,2,A,-,08,22107,,N,B,G,A,A,H,-,A,D,0,,Y,,,Y,,-,"- ",0,1,0,0,0,0,1,0,0,"- ","- ",,,"SAN DIEGO","SAN DIEGO",-117.16034190000001,32.735901599999998
6220607,2013,2014-04-25,3711,2013-09-18,2127,HB5550,,3,5,7,3711,0,0,0,,0,504,"HARBOR DR","PARK BL",0.00,,Y,A,-,N,,,,,,,,,,N,3,0,1,2,D,-,00,,,F,G,B,B,A,H,-,C,A,0,Y,,,,Y,Y,-,"- ",0,1,0,0,1,0,0,0,0,"- ","- ",,,"SAN DIEGO","SAN DIEGO",-117.15770190000001,32.704954800000003
6223341,2013,2014-04-09,3711,2013-09-27,1925,5165,MISSI,5,5,7,3711,0,0,0,,0,123,"MISSION BAY DR","MISSION BAY DR 2900",0.00,,Y,A,-,N,,,,,,,,,,N,3,0,1,2,A,-,11,21954,A,N,G,B,D,A,H,-,C,A,0,Y,,,,Y,Y,N,60,0,1,0,0,1,0,0,0,0,"- ","- ",,,"SAN DIEGO","SAN DIEGO",-117.21187592,32.799002229999999
6227199,2013,2014-04-08,3711,2013-09-16,2011,6389,,1,5,7,3711,0,0,0,,0,712,"SAN YSIDRO BL","SAN YSIDRO",6.00,E,N,B,-,N,,,,,,,,,,N,3,0,1,2,A,-,"- ",,,N,G,B,B,A,H,-,C,D,0,Y,,,,Y,,-,"- ",0,1,0,0,1,0,0,0,0,"- ","- ",,,"SAN DIEGO","SAN DIEGO",-117.0701363,32.565004899999998
6227200,2013,2014-04-08,3711,2013-09-23,0726,6818,,1,5,7,3711,0,0,0,,0,432,"IMPERIAL AV","SAN JACINTO",28.00,E,N,A,-,N,,,,,,,,,,N,4,0,1,2,A,-,11,21955,,N,G,B,D,A,H,-,A,A,0,Y,,,,Y,,N,60,0,0,1,0,1,0,0,0,0,"- ","- ",,,"SAN DIEGO","SAN DIEGO",-117.08259099999999,32.705732599999997
6227211,2013,2014-04-10,3711,2013-09-20,1110,6957,,5,5,7,3711,0,0,0,,0,124,"VILLA LA JOLLA DR","8990 VILLA LA JOLLA DR",6.00,E,N,A,-,N,,,,,,,,,,N,4,0,1,2,A,-,10,21950,A,N,B,G,A,A,H,-,A,A,0,,Y,,,Y,,-,"- ",0,0,1,0,0,0,1,0,0,"- ","- ",,,"SAN DIEGO","SAN DIEGO",,
6227311,2013,2014-07-22,3711,2013-09-20,2500,6167,SD,5,5,7,3711,0,0,0,,0,115,"GOVERNOR DR","GENESEE AV",0.00,,Y,A,-,N,,,,,,,,,,N,4,0,1,2,A,-,05,21650,1,N,B,G,A,A,H,-,A,D,0,,Y,,,Y,,-,"- ",0,0,1,0,0,0,1,0,0,"- ","- ",,,"SAN DIEGO","SAN DIEGO",-117.2047219,32.854664800000002
6228182,2013,2014-04-08,3711,2013-09-25,1916,5600,,3,5,7,3711,0,0,0,,0,722,"WEST SAN YSIDRO BL","SUNSET LN",40.00,E,N,A,-,N,,,,,,,,,,N,3,0,1,2,A,-,11,21954,A,N,G,B,D,A,H,-,D,D,0,Y,,,,Y,Y,N,60,0,1,0,0,1,0,0,0,0,"- ","- ",,,"SAN DIEGO","SAN DIEGO",-117.0597145,32.558033899999998
6228214,2013,2014-04-08,3711,2013-09-18,0630,6996,,3,5,7,3711,0,0,0,,0,934,"DEL MAR HEIGHTS RD","RT 5",0.00,,Y,A,-,Y,SD,11,5,-,R,34.002,R,1,N,N,4,0,1,2,A,-,10,21950,A,N,G,B,B,A,H,-,B,A,0,Y,,,,Y,,-,"- ",0,0,1,0,1,0,0,0,0,"- ","- ",,,"SAN DIEGO","SAN DIEGO",-117.24286189999999,32.946154800000002