CASE_ID,ACCIDENT_YEAR,PROC_DATE,JURIS,COLLISION_DATE,COLLISION_TIME,OFFICER_ID,REPORTING_DISTRICT,DAY_OF_WEEK,CHP_SHIFT,POPULATION,CNTY_CITY_LOC,SPECIAL_COND,BEAT_TYPE,CHP_BEAT_TYPE,CITY_DIVISION_LAPD,CHP_BEAT_CLASS,BEAT_NUMBER,PRIMARY_RD,SECONDARY_RD,DISTANCE,DIRECTION,INTERSECTION,WEATHER_1,WEATHER_2,STATE_HWY_IND,CALTRANS_COUNTY,CALTRANS_DISTRICT,STATE_ROUTE,ROUTE_SUFFIX,POSTMILE_PREFIX,POSTMILE,LOCATION_TYPE,RAMP_INTERSECTION,SIDE_OF_HWY,TOW_AWAY,COLLISION_SEVERITY,NUMBER_KILLED,NUMBER_INJURED,PARTY_COUNT,PRIMARY_COLL_FACTOR,PCF_CODE_OF_VIOL,PCF_VIOL_CATEGORY,PCF_VIOLATION,PCF_VIOL_SUBSECTION,HIT_AND_RUN,TYPE_OF_COLLISION,MVIW,PED_ACTION,ROAD_SURFACE,ROAD_COND_1,ROAD_COND_2,LIGHTING,CONTROL_DEVICE,CHP_ROAD_TYPE,PEDESTRIAN_ACCIDENT,BICYCLE_ACCIDENT,MOTORCYCLE_ACCIDENT,TRUCK_ACCIDENT,NOT_PRIVATE_PROPERTY,ALCOHOL_INVOLVED,STWD_VEHTYPE_AT_FAULT,CHP_VEHTYPE_AT_FAULT,COUNT_SEVERE_INJ,COUNT_VISIBLE_INJ,COUNT_COMPLAINT_PAIN,COUNT_PED_KILLED,COUNT_PED_INJURED,COUNT_BICYCLIST_KILLED,COUNT_BICYCLIST_INJURED,COUNT_MC_KILLED,COUNT_MC_INJURED,PRIMARY_RAMP,SECONDARY_RAMP,LATITUDE,LONGITUDE,COUNTY,CITY,POINT_X,POINT_Y
6229934,2013,2014-04-10,3711,2013-09-29,0659,5925,,7,5,7,3711,0,0,0,,0,723,"BEYER BL","CORONADO AV",0.00,,Y,A,-,N,,,,,,,,,,N,3,0,1,2,A,-,11,21954,A,N,G,B,B,A,H,-,A,A,0,Y,,,Y,Y,,N,60,0,1,0,0,1,0,0,0,0,"- ","- ",,,"SAN DIEGO","SAN DIEGO",-117.068972,32.576774800000003
6230474,2013,2014-04-15,3711,2013-10-02,0755,6112,,3,5,7,3711,0,0,0,,0,122,"GARNET AV","FOGG ST",8.00,E,N,B,-,N,,,,,,,,,,N,3,0,1,2,A,-,09,21801,A,N,D,G,A,A,H,-,A,D,0,,Y,,,Y,,-,"- ",0,1,0,0,0,0,1,0,0,"- ","- ",,,"SAN DIEGO","SAN DIEGO",-117.2260627,32.803259500000003
6230480,2013,2014-04-15,3711,2013-10-01,1205,6104,,2,5,7,3711,0,0,0,,0,627,"UNIVERSITY AV","HERBERT ST",40.00,E,N,A,-,N,,,,,,,,,,N,4,0,1,2,A,-,08,22107,,N,B,G,A,A,H,-,A,D,0,,Y,,,Y,,-,"- ",0,0,1,0,0,0,1,0,0,"- ","- ",,,"SAN DIEGO","SAN DIEGO",-117.14916220000001,32.748403400000001
6230731,2013,2014-06-13,3711,2013-09-23,2000,4576,,1,5,7,3711,0,0,0,,0,124,"HOLIDAY CT","VILLA LA JOLLA DR",238.00,E,N,A,-,N,,,,,,,,,,N,2,0,1,2,A,-,11,21954,A,N,G,B,-,A,H,-,D,D,0,Y,,,,Y,,N,60,1,0,0,0,1,0,0,0,0,"- ","- ",,,"SAN DIEGO","SAN DIEGO",-117.2331894,32.870286700000001
6231080,2013,2014-04-17,3711,2013-10-02,0848,6414,MIDCI,3,5,7,3711,0,0,0,,0,838,"36TH ST","ORANGE AV",7.00,S,N,A,-,N,,,,,,,,,,N,3,0,1,2,A,-,05,21202,A,N,D,G,A,A,H,-,A,A,0,,Y,,,Y,,L,04,0,1,0,0,0,0,1,0,0,"- ","- ",,,"SAN DIEGO","SAN DIEGO",-117.1155265,32.753261909999999
6231102,2013,2014-04-29,3711,2013-10-05,1020,4386,,6,5,7,3711,0,0,0,,0,624,"ADAMS AV","PANORAMA DR",120.00,E,N,A,-,N,,,,,,,,,,N,3,0,1,2,A,-,"- ",,,N,-,G,A,A,H,-,A,D,0,,Y,,,Y,,-,"- ",0,1,0,0,0,0,1,0,0,"- ","- ",,,"SAN DIEGO","SAN DIEGO",-117.1420969,32.762835099999997
6234725,2013,2014-04-17,3711,2013-10-04,1246,6120,,5,5,7,3711,0,0,0,,0,813,"OHIO ST","EL CAJON BL",0.00,,Y,A,-,N,,,,,,,,,,N,4,0,1,2,A,-,11,21950,B,N,G,B,D,A,H,-,A,A,0,Y,,,,Y,,N,60,0,0,1,0,1,0,0,0,0,"- ","- ",,,"SAN DIEGO","SAN DIEGO",-117.12896189999999,32.755404900000002
6236906,2013,2014-04-24,3711,2013-10-09,1715,7031,SANDI,3,5,7,3711,0,0,0,,0,832,"CHAMOUNE AV","POLK AV",0.00,,Y,B,C,N,,,,,,,,,,N,3,0,1,2,A,-,12,22450,A,N,D,G,A,B,H,-,A,A,0,,Y,,,Y,,L,04,0,1,0,0,0,0,1,0,0,"- ","- ",,,"SAN DIEGO","SAN DIEGO",-117.096582,32.7513948
6239847,2013,2014-04-30,3711,2013-10-09,0849,5985,SANDI,3,5,7,3711,0,0,0,,0,524,"10TH AV","A ST",0.00,,Y,B,-,Y,,,,,,,,,,N,3,0,1,2,A,-,10,21950,A,N,G,B,B,B,H,-,A,A,0,Y,,,,Y,,A,01,0,1,0,0,1,0,0,0,0,"- ","- ",,,"SAN DIEGO","SAN DIEGO",-117.15562199999999,32.718824900000001
6239863,2013,2014-04-30,3711,2013-10-05,0025,6492,,6,5,7,3711,0,0,0,,0,614,"SANTA MONICA AV","ABBOTT ST",0.00,,Y,A,-,N,,,,,,,,,,N,4,0,1,2,A,-,10,21950,A,N,G,B,B,A,H,-,C,D,0,Y,,,,Y,Y,-,"- ",0,0,1,0,1,0,0,0,0,"- ","- ",,,"SAN DIEGO","SAN DIEGO",-117.252092,32.748764799999996
6242383,2013,2014-04-15,3711,2013-09-24,0922,2518,SANDI,2,5,7,3711,0,0,0,,0,327,"MONTEZUMA RD","ROCKFORD DR",113.00,W,N,A,-,N,,,,,,,,,,N,3,0,1,2,A,-,08,22107,,N,B,G,A,A,H,-,A,D,0,,Y,,,Y,,D,22,0,1,0,0,0,0,1,0,0,"- ","- ",,,"SAN DIEGO","SAN DIEGO",-117.0692282,32.770704799999997
6246125,2013,2014-04-16,3711,2013-09-21,1638,6000,,6,5,7,3711,0,0,0,,0,122,"GRESHAM ST","GARNET AV",0.00,,Y,A,-,N,,,,,,,,,,N,3,0,1,3,A,-,11,21950,B,N,G,B,B,A,H,-,A,A,0,Y,,,,Y,,N,60,0,1,0,0,1,0,0,0,0,"- ","- ",,,"SAN DIEGO","SAN DIEGO",-117.244542,32.7989648
6246251,2013,2014-04-24,3711,2013-10-14,1514,5046,,1,5,7,3711,0,0,0,,0,613,"MIDWAY DR","DUKE ST",279.00,E,N,A,-,N,,,,,,,,,,N,4,0,1,1,A,-,08,22107,,N,H,G,A,A,H,-,A,D,0,,Y,,,Y,,L,04,0,0,1,0,0,0,1,0,0,"- ","- ",,,"SAN DIEGO","SAN DIEGO",-117.21713269999999,32.753391299999997
6246267,2013,2014-04-22,3711,2013-10-11,0710,6843,SD,5,5,7,3711,0,0,0,,0,437,"PARADISE VALLEY RD","BRIARWOOD RD",0.00,,Y,A,-,N,,,,,,,,,,N,3,0,1,2,A,-,08,22107,,N,G,B,B,A,H,-,A,A,0,Y,,,,Y,,-,"- ",0,1,0,0,1,0,0,0,0,"- ","- ",,,"SAN DIEGO","SAN DIEGO",-117.03680199999999,32.691734799999999
6246303,2013,2014-04-21,3711,2013-10-02,1748,6515,,3,5,7,3711,0,0,0,,0,627,"UNIVERSITY AV","8TH AV",18.00,E,N,-,-,N,,,,,,,,,,N,4,0,1,2,A,-,09,21801,A,N,H,G,A,A,H,-,A,A,0,,Y,,,Y,,A,01,0,0,1,0,0,0,1,0,0,"- ","- ",,,"SAN DIEGO","SAN DIEGO",-117.15739360000001,32.748384799999997
6246434,2013,2014-04-19,3711,2013-10-13,1315,6304,,7,5,7,3711,0,0,0,,0,124,"GILMAN DR","EVENING WY",1160.00,N,N,A,-,N,,,,,,,,,,N,3,0,1,1,D,-,00,,,N,H,G,A,A,H,-,A,A,0,,Y,,,Y,,-,"- ",0,1,0,0,0,0,1,0,0,"- ","- ",,,"SAN DIEGO","SAN DIEGO",-117.2379024,32.872341300000002
6247580,2013,2014-07-02,3711,2013-10-16,1315,6403,SANDI,3,5,7,3711,0,0,0,,0,242,"MIRA MESA BL","MARBURY AV",250.00,W,N,A,-,N,,,,,,,,,,N,4,0,1,2,A,-,10,21952,,N,G,B,D,A,H,-,A,A,0,Y,,,,Y,,-,"- ",0,0,1,0,1,0,0,0,0,"- ","- ",,,"SAN DIEGO","SAN DIEGO",-117.1305474,32.915738599999997
6247817,2013,2014-04-19,3711,2013-10-15,0730,6646,"SAN D",2,5,7,3711,0,0,0,,0,826,"EL CAJON BL","50TH ST",0.00,,Y,A,-,N,,,,,,,,,,N,3,0,1,2,A,-,08,22107,,N,G,B,D,A,H,-,A,D,0,Y,,,,Y,,-,"- ",0,1,0,0,1,0,0,0,0,"- ","- ",,,"SAN DIEGO","SAN DIEGO",-117.0868519,32.756734799999997
6247825,2013,2014-04-19,3711,2013-10-16,0841,5985,"SAN D",3,5,7,3711,0,0,0,,0,517,"B ST","21ST ST",84.00,W,N,A,-,N,,,,,,,,,,N,3,0,1,1,A,-,03,22350,,N,H,G,A,A,H,-,A,D,0,,Y,,,Y,,L,04,0,1,0,0,0,0,1,0,0,"- ","- ",,,"SAN DIEGO","SAN DIEGO",-117.1452441,32.717871700000003
6248282,2013,2014-07-02,3711,2013-10-19,0848,5195,UTC,6,5,7,3711,0,0,0,,0,115,"LA JOLLA VILLAGE DR","UNIVERSITY CENTER LN",188.00,N,N,A,-,N,,,,,,,,,,Y,3,0,1,3,A,-,03,22350,,N,D,B,F,A,H,-,A,D,0,Y,,,,Y,,-,"- ",0,1,0,0,1,0,0,0,0,"- ","- ",,,"SAN DIEGO","SAN DIEGO",,
6248306,2013,2014-07-02,3711,2013-10-18,1555,6541,,5,5,7,3711,0,0,0,,0,115,"GENESEE AV","GENESEE AV 8000",30.00,E,N,A,-,Y,,,,,,,,,,N,3,0,1,2,A,-,09,21801,A,N,B,G,A,A,H,-,A,A,0,,Y,,,Y,,-,"- ",0,1,0,0,0,0,1,0,0,"- ","- ",,,"SAN DIEGO","SAN DIEGO",,
6248380,2013,2014-07-03,3711,2013-10-17,1648,7021,,4,5,7,3711,0,0,0,,0,321,"ZION AV",ARCHWOOD,0.00,,Y,A,-,N,,,,,,,,,,N,3,0,1,2,A,-,05,21202,A,N,D,G,A,A,H,-,A,A,0,,Y,,,Y,,L,04,0,1,0,0,0,0,1,0,0,"- ","- ",,,"SAN DIEGO","SAN DIEGO",-117.09468200000001,32.7929648
6248409,2013,2014-07-03,3711,2013-10-10,1150,6769,SANDI,4,5,7,3711,0,0,0,,0,822,"EL CAJON BL","54TH ST",0.00,,Y,A,-,N,,,,,,,,,,N,4,0,1,2,A,-,08,22107,,N,G,B,B,A,H,-,A,A,0,Y,,,,Y,,-,"- ",0,0,1,0,1,0,0,0,0,"- ","- ",,,"SAN DIEGO","SAN DIEGO",-117.079472,32.757774900000001
6248445,2013,2014-07-03,3711,2013-10-10,0745,6769,SANDI,4,5,7,3711,0,0,0,,0,821,"EL CAJON BL","71ST ST",100.00,N,N,B,-,N,,,,,,,,,,N,3,0,1,2,A,-,"- ",,,N,G,G,A,A,H,-,A,D,0,,Y,,,Y,,L,04,0,1,0,0,0,0,1,0,0,"- ","- ",,,"SAN DIEGO","SAN DIEGO",-117.0445579,32.7687837
6251384,2013,2014-04-28,3711,2013-10-22,0615,5945,,2,5,7,3711,0,0,0,,0,627,"UNIVERSITY AV","5TH AV",0.00,,Y,A,-,N,,,,,,,,,,N,4,0,1,2,A,-,10,21950,A,N,B,B,B,A,H,-,B,A,0,Y,,,,Y,,-,"- ",0,0,1,0,1,0,0,0,0,"- ","- ",,,"SAN DIEGO","SAN DIEGO",-117.160462,32.748264800000001
6251388,2013,2014-04-28,3711,2013-10-21,2125,6208,,1,5,7,3711,0,0,0,,0,613,"WEST POINT LOMA BL","NIMITZ BL 4600",0.00,,Y,A,-,N,,,,,,,,,,N,3,0,1,2,A,-,12,21453,A,N,G,G,A,A,H,-,C,A,0,,Y,,,Y,Y,L,04,0,1,0,0,0,0,1,0,0,"- ","- ",,,"SAN DIEGO","SAN DIEGO",-117.23611993,32.75124005
6251432,2013,2014-04-28,3711,2013-10-23,1620,4116,,3,5,7,3711,0,0,0,,0,312,"SNOOK ST","BORDELON ST",99.00,E,N,A,-,N,,,,,,,,,,N,4,0,1,2,A,-,11,21954,A,N,G,B,D,A,H,-,A,D,0,Y,,,,Y,,N,60,0,0,1,0,1,0,0,0,0,"- ","- ",,,"SAN DIEGO","SAN DIEGO",-117.108818,32.814342799999999
6255530,2013,2014-04-25,3711,2013-10-26,2135,5700,,6,5,7,3711,0,0,0,,0,523,"K ST","5TH AV",0.00,,Y,B,-,N,,,,,,,,,,N,4,0,1,2,A,-,11,21950,B,N,G,B,D,A,H,-,C,A,0,Y,,,,Y,,N,60,0,0,1,0,1,0,0,0,0,"- ","- ",,,"SAN DIEGO","SAN DIEGO",-117.1601119,32.708314799999997
6255561,2013,2014-04-25,3711,2013-10-05,0015,5340,,6,5,7,3711,0,0,0,,0,511,"MAIN ST","S 30TH ST",69.00,W,N,A,-,N,,,,,,,,,,Y,2,0,2,3,A,-,11,21954,A,N,G,B,D,A,H,-,C,D,0,Y,,,,Y,Y,N,60,2,0,0,0,2,0,0,0,0,"- ","- ",,,"SAN DIEGO","SAN DIEGO",-117.1296954,32.692813700000002
6256559,2013,2014-04-14,3711,2013-09-26,1500,2518,E,4,5,7,3711,0,0,0,,0,,"MONTEZUMA RD","ZURA WY",0.00,,Y,A,-,N,,,,,,,,,,N,4,0,1,2,A,-,21,22106,,N,B,G,A,A,H,-,A,D,0,,Y,,,Y,,A,07,0,0,1,0,0,0,1,0,0,"- ","- ",,,"SAN DIEGO","SAN DIEGO",-117.06567988,32.770690049999999
6257503,2013,2014-05-22,3711,2013-10-26,2027,6676,,6,5,7,3711,0,0,0,,0,838,"EL CAJON BL","EL CAJON BL 3600",3.00,S,N,A,-,N,,,,,,,,,,N,3,0,1,2,A,-,09,21804,A,F,D,G,A,A,-,-,C,D,0,,Y,,,Y,,-,"- ",0,1,0,0,0,0,1,0,0,"- ","- ",,,"SAN DIEGO","SAN DIEGO",,
6257515,2013,2014-05-22,3711,2013-10-26,1415,4954,,6,5,7,3711,0,0,0,,0,121,"MISSION BL","SAN JOSE PL",4.00,S,N,B,-,Y,,,,,,,,,,N,4,0,1,2,-,-,"- ",,,F,D,G,A,A,H,-,A,A,0,,Y,,,Y,,-,"- ",0,0,1,0,0,0,1,0,0,"- ","- ",,,"SAN DIEGO","SAN DIEGO",-117.2529389,32.784694100000003
6261353,2013,2014-04-28,3711,2013-10-24,1125,6969,,4,5,7,3711,0,0,0,,0,725,"W PARK AV","W PARK AV 200",0.00,,N,-,-,N,,,,,,,,,,N,3,0,1,2,D,-,00,,,M,G,B,D,-,-,-,-,-,0,Y,,,,Y,,-,"- ",0,1,0,0,1,0,0,0,0,"- ","- ",,,"SAN DIEGO","SAN DIEGO",-116.96358025000001,32.797755430000002
6265459,2013,2014-04-29,3711,2013-11-03,1430,5376,,7,5,7,3711,0,0,0,,0,722,"GREEN BAY ST","CORONADO AV",24.00,S,N,A,-,N,,,,,,,,,,N,4,0,1,2,A,-,03,22350,,N,B,B,B,A,H,-,A,A,0,Y,,,,Y,,A,08,0,0,1,0,1,0,0,0,0,"- ","- ",,,"SAN DIEGO","SAN DIEGO",-117.088429,32.576409099999999
6265499,2013,2014-04-29,3711,2013-11-02,1238,6957,,6,5,7,3711,0,0,0,,0,122,"GRESHAM AV","MISSOURI ST",15.00,N,N,A,-,N,,,,,,,,,,N,3,0,1,2,A,-,12,22450,A,N,D,G,A,A,H,-,A,D,0,,Y,,,Y,,L,04,0,1,0,0,0,0,1,0,0,"- ","- ",,,"SAN DIEGO","SAN DIEGO",-117.24570439999999,32.802744500000003
6265500,2013,2014-04-29,3711,2013-11-05,1724,6819,,2,5,7,3711,0,0,0,,0,432,"EUCLID AV","NARANJA ST",68.00,W,N,A,-,N,,,,,,,,,,N,4,0,1,2,-,-,"- ",,,N,G,B,F,A,-,-,C,D,0,Y,,,,Y,Y,-,"- ",0,0,1,0,1,0,0,0,0,"- ","- ",,,"SAN DIEGO","SAN DIEGO",-117.08504587,32.70842493
6270037,2013,2014-04-29,3711,2013-11-05,1532,6650,,2,5,7,3711,0,0,0,,0,811,"ADAMS AV","ADAMS AV 3200",9.60,S,N,A,-,N,,,,,,,,,,N,3,0,1,2,A,-,10,21950,A,N,D,B,B,A,H,-,A,A,0,Y,,,,Y,,A,01,0,1,0,0,1,0,0,0,0,"- ","- ",,,"SAN DIEGO","SAN DIEGO",-117.12476939,32.76336714
6274650,2013,2014-04-19,3711,2013-10-29,0633,6884,,2,5,7,3711,0,0,0,,0,433,"SKYLINE DR","VALENCIA PKWY",0.00,,Y,A,-,N,,,,,,,,,,N,4,0,1,2,D,-,00,,,M,B,B,B,A,H,-,B,-,0,Y,,,,Y,,-,"- ",0,0,1,0,1,0,0,0,0,"- ","- ",,,"SAN DIEGO","SAN DIEGO",-117.069492,32.701434800000001
6274659,2013,2014-04-19,3711,2013-10-31,0843,7058,,4,5,7,3711,0,0,0,,0,524,"UNION ST","UNION ST 1000",8.00,W,N,A,-,N,,,,,,,,,,N,3,0,1,2,A,-,21,22106,,N,G,B,C,A,H,-,A,D,0,Y,,,,Y,,-,"- ",0,1,0,0,1,0,0,0,0,"- ","- ",,,"SAN DIEGO","SAN DIEGO",,
6274666,2013,2014-04-19,3711,2013-10-31,0750,5964,,4,5,7,3711,0,0,0,,0,826,"ESTRELLA AV","UNIVERSITY AV",0.00,,Y,A,-,N,,,,,,,,,,N,4,0,1,3,A,-,10,21950,A,N,G,B,B,A,H,-,A,D,0,Y,,,,Y,,-,"- ",0,0,1,0,1,0,0,0,0,"- ","- ",,,"SAN DIEGO","SAN DIEGO",-117.0900219,32.749514900000001
6274672,2013,2014-04-19,3711,2013-10-30,1708,6741,,3,5,7,3711,0,0,0,,0,528,"BEECH ST","UNION ST",0.00,,Y,A,-,N,,,,,,,,,,N,4,0,1,2,A,-,10,21950,A,M,G,B,B,A,H,-,A,A,0,Y,,,,Y,,A,01,0,0,1,0,1,0,0,0,0,"- ","- ",,,"SAN DIEGO","SAN DIEGO",-117.165662,32.720864900000002
6277524,2013,2014-05-06,3711,2013-11-08,2102,5509,,5,5,7,3711,0,0,0,,0,933,"DEL MAR HEIGHTS RD","PORTOFINO DR",0.00,,Y,A,-,N,,,,,,,,,,N,3,0,1,2,A,-,11,21955,,N,B,B,D,A,H,-,D,D,0,Y,,,,Y,Y,N,60,0,1,0,0,1,0,0,0,0,"- ","- ",,,"SAN DIEGO","SAN DIEGO",-117.24632200000001,32.948884800000002
6277528,2013,2014-05-06,3711,2013-11-09,1530,5842,,6,5,7,3711,0,0,0,,0,936,"WATSON RANCH RD","TORREY GLEN RD",5.00,W,N,A,-,N,,,,,,,,,,N,3,0,1,2,A,-,12,22450,A,N,B,G,A,A,H,-,A,A,0,,Y,,,Y,,L,04,0,1,0,0,0,0,1,0,0,"- ","- ",,,"SAN DIEGO","SAN DIEGO",-117.14455246999999,32.969644299999999
6277530,2013,2014-05-05,3711,2013-11-27,1720,4527,,3,5,7,3711,0,0,0,,0,521,"16TH AV","J ST",132.00,N,N,A,-,N,,,,,,,,,,N,3,0,1,2,A,-,11,21954,A,N,D,B,D,A,H,-,C,-,0,Y,,,,Y,,-,"- ",0,1,0,0,1,0,0,0,0,"- ","- ",,,"SAN DIEGO","SAN DIEGO",-117.1494989,32.709736300000003
6277548,2013,2014-05-06,3711,2013-11-08,0830,6522,,5,5,7,3711,0,0,0,,0,623,"FRIARS RD","FASHION VALLEY RD",245.00,W,N,A,-,N,,,,,,,,,,N,3,0,1,2,A,-,08,22107,,N,B,G,A,A,H,-,A,A,0,,Y,,,Y,,L,04,0,1,0,0,0,0,1,0,0,"- ","- ",,,"SAN DIEGO","SAN DIEGO",-117.1723389,32.768425800000003
6277554,2013,2014-05-05,3711,2013-11-25,1625,7027,,1,5,7,3711,0,0,0,,0,722,"PALM AV","SATURN BL",30.00,W,N,A,-,N,,,,,,,,,,N,3,0,1,2,A,-,08,22107,,N,G,B,F,A,H,-,B,D,0,Y,,,,Y,,-,"- ",0,1,0,0,1,0,0,0,0,"- ","- ",,,"SAN DIEGO","SAN DIEGO",-117.0927689,32.583914700000001
6277557,2013,2014-05-05,3711,2013-11-19,1621,3815,,2,5,7,3711,0,0,0,,0,234,"POMERADO RD","BERNARDO TRAILS DR",0.00,,Y,A,-,N,,,,,,,,,,N,4,0,1,2,A,-,10,21950,A,N,G,B,B,A,H,-,A,A,0,Y,,,,Y,,-,"- ",0,0,1,0,1,0,0,0,0,"- ","- ",,,"SAN DIEGO","SAN DIEGO",-117.06106200000001,33.041314800000002
6277575,2013,2014-05-06,3711,2013-11-10,1633,5718,,7,5,7,3711,0,0,0,,0,233,"AZUAGA ST","CAMINITO CIERA",8.00,S,N,A,-,N,,,,,,,,,,N,3,0,1,2,A,-,03,22350,,N,C,G,A,A,H,-,B,D,0,,Y,,,Y,,A,01,0,1,0,0,0,0,1,0,0,"- ","- ",,,"SAN DIEGO","SAN DIEGO",-117.1037561,32.961346800000001
6277589,2013,2014-05-27,3711,2013-11-24,1340,6998,,7,5,7,3711,0,0,0,,0,315,"CAMINO DE LA REINA","CAMINO DE LA SIESTA",0.00,,Y,A,-,N,,,,,,,,,,N,3,0,1,3,A,-,08,22107,,N,B,G,A,A,H,-,A,A,0,,Y,Y,,Y,,C,02,0,1,0,0,0,0,1,0,0,"- ","- ",,,"SAN DIEGO","SAN DIEGO",-117.16076200000001,32.766484800000001
6277595,2013,2014-05-06,3711,2013-11-01,1537,3815,,5,5,7,3711,0,0,0,,0,122,"GARNET AV","GRESHAM ST",250.00,W,N,A,-,N,,,,,,,,,,N,3,0,2,3,A,-,21,22106,,N,G,B,F,A,H,-,A,D,0,Y,,,,Y,,A,07,0,2,0,0,2,0,0,0,0,"- ","- ",,,"SAN DIEGO","SAN DIEGO",-117.2453273,32.798794000000001
6277598,2013,2014-05-05,3711,2013-11-27,1720,5240,,3,5,7,3711,0,0,0,,0,521,"16TH ST","16TH ST 400",15.00,W,-,B,-,N,,,,,,,,,,N,4,0,1,2,A,-,"- ",,,N,D,B,D,A,H,-,C,A,0,Y,,,,Y,,-,"- ",0,0,1,0,1,0,0,0,0,"- ","- ",,,"SAN DIEGO","SAN DIEGO",-117.14944214,32.709384100000001
6278165,2013,2014-05-01,3711,2013-11-07,1520,4576,,4,5,7,3711,0,0,0,,0,444,"QUAIL ST","QUAIL ST 800",0.00,,Y,A,-,N,,,,,,,,,,N,3,0,1,2,D,-,00,,,N,G,B,D,A,H,-,A,D,0,Y,,,,Y,,-,"- ",0,1,0,0,1,0,0,0,0,"- ","- ",,,"SAN DIEGO","SAN DIEGO",-117.10970879,32.71344036
6278182,2013,2014-05-01,3711,2013-11-22,1927,7071,,5,5,7,3711,0,0,0,,0,432,"EUCLID AV","CASTANA ST",184.00,N,N,C,-,N,,,,,,,,,,N,4,0,1,2,D,-,00,,,N,G,B,D,B,H,-,C,D,0,Y,,,,Y,,-,"- ",0,0,1,0,1,0,0,0,0,"- ","- ",,,"SAN DIEGO","SAN DIEGO",-117.0850262,32.706428699999996
6278209,2013,2014-05-01,3711,2013-11-22,0900,7070,N1,5,5,7,3711,0,0,0,,0,155,SCRIPPS,GOVERNOR,6.00,S,N,B,-,N,,,,,,,,,,N,4,0,1,2,A,-,10,21950,A,N,G,B,B,-,-,-,A,A,0,Y,,,,Y,,-,"- ",0,0,1,0,1,0,0,0,0,"- ","- ",,,"SAN DIEGO","SAN DIEGO",-117.2153194,32.851049600000003
6278217,2013,2014-05-01,3711,2013-11-15,1423,5026,,5,5,7,3711,0,0,0,,0,312,"HAMMERBERG CV","TAUSSIG ST",200.00,E,N,A,-,Y,,,,,,,,,,N,3,0,1,2,A,-,11,21954,A,N,G,B,D,A,H,-,A,D,0,Y,,,,Y,,N,60,0,1,0,0,1,0,0,0,0,"- ","- ",,,"SAN DIEGO","SAN DIEGO",-117.1064421,32.8065079
6279204,2013,2014-05-06,3711,2013-11-03,1800,7021,,7,5,7,3711,0,0,0,,0,326,"MONTEZUMA RD","COLLEGE AV",0.00,,Y,B,-,N,,,,,,,,,,N,3,0,1,2,A,-,10,21950,A,M,G,B,B,A,H,-,C,A,0,Y,,,,Y,,-,"- ",0,1,0,0,1,0,0,0,0,"- ","- ",,,"SAN DIEGO","SAN DIEGO",-117.069852,32.770714900000002
6282044,2013,2014-05-05,3711,2013-11-14,0700,6239,,4,5,7,3711,0,0,0,,0,445,"HILLTOP DR","DUVAL ST",0.00,,Y,A,-,N,,,,,,,,,,N,3,0,1,2,A,-,09,21801,A,N,D,G,A,A,H,-,A,D,0,,Y,,,Y,,L,04,0,1,0,0,0,0,1,0,0,"- ","- ",,,"SAN DIEGO","SAN DIEGO",-117.0908719,32.715034899999999
6284419,2013,2014-05-20,3711,2013-12-04,0850,5064,,3,5,7,3711,0,0,0,,0,518,"FERN ST","HAWTHORNE ST",120.00,N,N,A,-,N,,,,,,,,,,N,3,0,1,2,A,-,17,22517,,N,H,G,A,A,H,-,A,-,0,,Y,,,Y,,-,"- ",0,1,0,0,0,0,1,0,0,"- ","- ",,,"SAN DIEGO","SAN DIEGO",-117.1296019,32.727863499999998
6284423,2013,2014-05-20,3711,2013-12-04,2304,5555,,3,5,7,3711,0,0,0,,0,723,"AREY DR","PICADOR BL",0.00,,Y,A,-,N,,,,,,,,,,N,4,0,1,1,A,-,21,22106,,N,G,B,A,A,H,-,C,D,0,,,,,Y,,-,"- ",0,0,1,0,0,0,0,0,0,"- ","- ",,,"SAN DIEGO","SAN DIEGO",-117.0588319,32.578544800000003
6284503,2013,2014-05-12,3711,2013-11-23,1949,5916,,6,5,7,3711,0,0,0,,0,324,"NAVAJO RD","COWLES MOUNTAIN BL",0.00,,Y,B,-,N,,,,,,,,,,Y,2,0,1,2,A,-,11,21456,B,N,G,B,B,A,H,-,C,A,0,Y,,,,Y,,N,60,1,0,0,0,1,0,0,0,0,"- ","- ",,,"SAN DIEGO","SAN DIEGO",-117.025392,32.803244800000002
6286441,2013,2014-05-05,3711,2013-11-13,1630,7064,SDSC,3,5,7,3711,0,0,0,,0,442,"SOUTH 47TH ST","T ST",12.00,S,N,A,-,N,,,,,,,,,,N,3,0,1,2,A,-,10,21950,A,N,G,B,B,A,H,-,A,A,0,Y,,,,Y,,-,"- ",0,1,0,0,1,0,0,0,0,"- ","- ",,,"SAN DIEGO","SAN DIEGO",-117.0937521,32.6986019
6286445,2013,2014-05-05,3711,2013-11-14,1435,5097,,4,5,7,3711,0,0,0,,0,531,"PARK BL","PRESIDENTS WY",30.00,S,N,A,-,N,,,,,,,,,,N,3,0,1,2,A,-,08,22107,,N,B,G,A,A,H,-,A,A,0,,Y,,,Y,,L,04,0,1,0,0,0,0,1,0,0,"- ","- ",,,"SAN DIEGO","SAN DIEGO",-117.150622,32.725489899999999
6286452,2013,2014-05-05,3711,2013-11-15,1930,5561,,5,5,7,3711,0,0,0,,0,312,"SANTO RD","PORTO CT",6.00,S,N,B,-,N,,,,,,,,,,N,3,0,1,2,A,-,10,21950,A,N,A,B,B,A,H,-,C,A,0,Y,,,,Y,,-,"- ",0,1,0,0,1,0,0,0,0,"- ","- ",,,"SAN DIEGO","SAN DIEGO",-117.10406279999999,32.825748400000002