CASE_ID,ACCIDENT_YEAR,PROC_DATE,JURIS,COLLISION_DATE,COLLISION_TIME,OFFICER_ID,REPORTING_DISTRICT,DAY_OF_WEEK,CHP_SHIFT,POPULATION,CNTY_CITY_LOC,SPECIAL_COND,BEAT_TYPE,CHP_BEAT_TYPE,CITY_DIVISION_LAPD,CHP_BEAT_CLASS,BEAT_NUMBER,PRIMARY_RD,SECONDARY_RD,DISTANCE,DIRECTION,INTERSECTION,WEATHER_1,WEATHER_2,STATE_HWY_IND,CALTRANS_COUNTY,CALTRANS_DISTRICT,STATE_ROUTE,ROUTE_SUFFIX,POSTMILE_PREFIX,POSTMILE,LOCATION_TYPE,RAMP_INTERSECTION,SIDE_OF_HWY,TOW_AWAY,COLLISION_SEVERITY,NUMBER_KILLED,NUMBER_INJURED,PARTY_COUNT,PRIMARY_COLL_FACTOR,PCF_CODE_OF_VIOL,PCF_VIOL_CATEGORY,PCF_VIOLATION,PCF_VIOL_SUBSECTION,HIT_AND_RUN,TYPE_OF_COLLISION,MVIW,PED_ACTION,ROAD_SURFACE,ROAD_COND_1,ROAD_COND_2,LIGHTING,CONTROL_DEVICE,CHP_ROAD_TYPE,PEDESTRIAN_ACCIDENT,BICYCLE_ACCIDENT,MOTORCYCLE_ACCIDENT,TRUCK_ACCIDENT,NOT_PRIVATE_PROPERTY,ALCOHOL_INVOLVED,STWD_VEHTYPE_AT_FAULT,CHP_VEHTYPE_AT_FAULT,COUNT_SEVERE_INJ,COUNT_VISIBLE_INJ,COUNT_COMPLAINT_PAIN,COUNT_PED_KILLED,COUNT_PED_INJURED,COUNT_BICYCLIST_KILLED,COUNT_BICYCLIST_INJURED,COUNT_MC_KILLED,COUNT_MC_INJURED,PRIMARY_RAMP,SECONDARY_RAMP,LATITUDE,LONGITUDE,COUNTY,CITY,POINT_X,POINT_Y
6286468,2013,2014-05-02,3711,2013-11-14,1500,7067,,4,5,7,3711,0,0,0,,0,438,"POTOMAC ST","POTOMAC ST 6600",0.00,,Y,A,-,N,,,,,,,,,,N,3,0,1,2,A,-,"- ",,,M,C,G,A,A,H,-,A,D,0,,Y,,,Y,,-,"- ",0,1,0,0,0,0,1,0,0,"- ","- ",,,"SAN DIEGO","SAN DIEGO",-117.05125362,32.684609250000001
6291093,2014,2014-08-13,3711,2014-06-21,2223,4495,,6,5,7,3711,0,0,0,,0,123,"EAST MISSION BAY DR","PLAYA PACIFIC PARK DRVWY",67.00,S,N,A,-,N,,,,,,,,,,N,1,1,0,2,A,-,11,21954,A,N,G,B,D,A,H,-,C,D,0,Y,,,,Y,,N,60,0,0,0,1,0,0,0,0,0,"- ","- ",,,"SAN DIEGO","SAN DIEGO",-117.20883071,32.782134710000001
6291500,2014,2014-10-29,3711,2014-08-06,1624,4653,,3,5,7,3711,0,0,0,,0,241,"SCRIPPS LAKE DR","LAKE MIRAMAR ACCESS RD",0.00,,N,A,-,N,,,,,,,,,,N,3,0,1,2,B,-,22,,,N,H,G,A,A,H,-,A,D,0,,Y,,,Y,,L,04,0,1,0,0,0,0,1,0,0,"- ","- ",,,"SAN DIEGO","SAN DIEGO",-117.10359424000001,32.911903940000002
6291688,2014,2014-12-11,9645,2014-10-30,0447,14625,"SAN D",4,3,7,3711,0,1,1,,2,010,"CAMINO DEL RIO W","JEFFERSON ST",390.00,N,N,A,-,Y,SD,11,8,-,R,0.020,R,2,W,Y,1,1,0,4,A,-,"- ",,,N,G,B,E,A,H,-,C,D,0,Y,,,Y,Y,,N,60,0,0,0,1,0,0,0,0,0,"- ","- ",,,"SAN DIEGO","SAN DIEGO",-117.20405481,32.759693239999997
6291947,2014,2015-02-06,3711,2014-12-28,1817,6366,,7,5,7,3711,0,0,0,,0,827,"UNIVERSITY AV","SHILOH RD",242.00,W,N,A,-,N,,,,,,,,,,N,1,1,0,2,A,-,08,22107,,F,G,B,E,A,H,-,D,D,0,Y,,,,Y,,A,07,0,0,0,1,0,0,0,0,0,"- ","- ",,,"SAN DIEGO","SAN DIEGO",-117.08231437000001,32.749086480000003
6292266,2015,2015-06-11,3711,2015-04-30,1418,4243,,4,5,7,3711,0,0,0,,0,934,"DEL MAR TRAILS RD","MONA LISA ST",0.00,,Y,A,-,N,,,,,,,,,,N,1,1,0,2,A,-,10,21950,A,N,G,B,B,A,H,-,A,D,0,Y,,,,Y,,A,01,0,0,0,1,0,0,0,0,0,"- ","- ",,,"SAN DIEGO","SAN DIEGO",-117.21929,32.94299006
6292481,2015,2015-08-12,3711,2015-07-15,2129,3815,,3,5,7,3711,0,0,0,,0,123,"INGRAHAM ST","DANA LANDING RD",67.00,N,N,A,-,N,,,,,,,,,,Y,1,1,0,2,A,-,11,21453,D,N,G,B,B,A,H,-,C,A,0,Y,,,,Y,,N,60,0,0,0,1,0,0,0,0,0,"- ","- ",,,"SAN DIEGO","SAN DIEGO",-117.23362951999999,32.768031399999998
6292641,2015,2015-09-16,9645,2015-06-17,1431,17667,,3,2,7,3711,0,1,1,,2,005,"RT 5","WASHINGTON ST",359.00,N,N,A,-,N,,,5,,,,,,,N,1,1,0,2,A,-,11,21954,A,N,G,B,D,A,H,-,A,D,0,Y,,,,Y,,N,60,0,0,0,1,0,0,0,0,0,FR,"- ",32.743270000000003,-117.18311,"SAN DIEGO","SAN DIEGO",-117.18325191,32.742977000000003
6292961,2017,2017-10-25,3711,2017-09-14,1010,6702,,4,5,7,3711,0,0,0,,0,111,"BALBOA AV","MOUNT ABERNATHY AV",296.00,W,N,A,-,N,,,,,,,,,,Y,1,1,0,2,A,-,10,21952,,N,G,B,F,A,H,-,A,D,0,Y,,,,Y,,D,22,0,0,0,1,0,0,0,0,0,"- ","- ",,,"SAN DIEGO","SAN DIEGO",-117.1771001,32.820393510000002
6293179,2013,2014-05-20,3711,2013-11-14,1055,5278,,4,5,7,3711,0,0,0,,0,246,"SCRIPPS POWAY PKWY","ANGELIQUE ST",0.00,,Y,A,-,N,,,,,,,,,,N,3,0,2,3,A,-,"- ",,,N,G,B,B,A,H,-,A,A,0,Y,,,,Y,,-,"- ",0,2,0,0,2,0,0,0,0,"- ","- ",,,"SAN DIEGO","SAN DIEGO",-117.072962,32.934424900000003
6293183,2013,2014-05-20,3711,2013-11-14,0919,5300,,4,5,7,3711,0,0,0,,0,321,"FRIARS RD","SANTO RD",0.00,,Y,A,-,N,,,,,,,,,,N,4,0,1,2,A,-,10,21950,A,N,G,B,B,A,H,-,A,A,0,Y,,,,Y,,-,"- ",0,0,1,0,1,0,0,0,0,"- ","- ",,,"SAN DIEGO","SAN DIEGO",-117.105172,32.790444800000003
6295649,2013,2014-06-27,3711,2013-12-08,0010,6835,,7,5,7,3711,0,0,0,,0,614,"SUNSET CLIFFS BL","SARATOGA ST",143.00,N,N,A,-,Y,,,,,,,,,,N,4,0,1,2,A,-,08,22107,,M,A,B,E,B,H,-,C,D,0,Y,,,,Y,,-,"- ",0,0,1,0,1,0,0,0,0,"- ","- ",,,"SAN DIEGO","SAN DIEGO",-117.2458896,32.746721800000003
6295733,2013,2014-06-17,3711,2013-12-09,0645,6884,,1,5,7,3711,0,0,0,,0,437,"PARADISE VALLEY RD","DEEP DELL RD",0.00,,Y,A,-,N,,,,,,,,,,N,4,0,1,2,A,-,10,21950,A,N,G,B,B,A,H,-,A,A,0,Y,,,,Y,Y,-,"- ",0,0,1,0,1,0,0,0,0,"- ","- ",,,"SAN DIEGO","SAN DIEGO",-117.029352,32.695404799999999
6297381,2013,2014-03-17,3711,2013-12-06,0840,5061,,5,5,7,3711,0,0,0,,0,452,"IMPERIAL AV","65TH ST",6.00,E,N,B,-,N,,,,,,,,,,N,3,0,1,2,A,-,10,21950,A,N,G,B,B,A,H,-,A,A,0,Y,,,,Y,,J,48,0,1,0,0,1,0,0,0,0,"- ","- ",,,"SAN DIEGO","SAN DIEGO",-117.0579927,32.710577200000003
6297590,2013,2014-04-21,3711,2013-09-30,0845,6987,SANDI,1,5,7,3711,0,0,0,,0,123,"FIESTA ISLAND","FIESTA ISLAND 1750",0.00,,N,A,-,N,,,,,,,,,,Y,4,0,1,2,A,-,08,22107,,M,B,G,A,A,H,-,A,D,0,,Y,,,Y,Y,L,04,0,0,1,0,0,0,1,0,0,"- ","- ",32.773040000000002,-117.22051999999999,"SAN DIEGO","SAN DIEGO",-117.2206521,32.77290816
6298254,2013,2014-05-28,3711,2013-12-03,2018,3815,,2,5,7,3711,0,0,0,,0,627,"PARK BL","CYPRESS AV",63.00,N,N,A,-,N,,,,,,,,,,N,2,0,1,2,A,-,11,21950,B,N,G,B,E,A,H,-,C,D,0,Y,,,,Y,Y,N,60,1,0,0,0,1,0,0,0,0,"- ","- ",,,"SAN DIEGO","SAN DIEGO",-117.1475676,32.744476900000002
6298553,2013,2014-05-05,3711,2013-11-12,1926,5198,,2,5,7,3711,0,0,0,,0,,"MONTEZUMA RD","RESEVOIR RD",0.00,,Y,A,-,N,,,,,,,,,,N,4,0,1,2,A,-,10,21950,A,N,G,B,B,A,H,-,C,A,0,Y,,,,Y,,A,01,0,0,1,0,1,0,0,0,0,"- ","- ",,,"SAN DIEGO","SAN DIEGO",-117.0565519,32.769004799999998
6300262,2013,2014-05-05,3711,2013-11-11,1925,6880,,1,5,7,3711,0,0,0,,0,438,"ALLEGHANY ST","FLINTRIDGE DR",289.00,W,N,A,-,N,,,,,,,,,,N,3,0,1,2,A,-,11,21950,B,N,G,B,E,A,H,-,C,D,0,Y,,,,Y,Y,N,60,0,1,0,0,1,0,0,0,0,"- ","- ",,,"SAN DIEGO","SAN DIEGO",-117.07027050000001,32.678466100000001
6300267,2013,2014-05-05,3711,2013-11-11,1700,6312,,1,5,7,3711,0,0,0,,0,432,"CERVANTES AV","CERVANTES AV 5100",0.00,,N,-,-,Y,,,,,,,,,,N,4,0,1,2,D,-,00,,,N,-,B,-,-,-,-,-,-,0,Y,,,,Y,,-,"- ",0,0,1,0,1,0,0,0,0,"- ","- ",,,"SAN DIEGO","SAN DIEGO",-117.08513081,32.692391260000001
6303187,2013,2014-03-29,9645,2013-02-11,0645,14922,,1,1,7,3711,1,4,S,,2,901,"OCEAN VIEW BL","39TH ST",0.00,,Y,A,-,Y,,,,,,,,,,N,3,0,1,2,A,-,10,21950,A,N,G,B,D,A,H,-,A,A,0,Y,,,,Y,,H,13,0,1,0,0,1,0,0,0,0,"- ","- ",32.701250000000002,-117.11057,"SAN DIEGO","SAN DIEGO",-117.11035200000001,32.701294799999999
6307060,2013,2014-06-02,3711,2013-12-20,0645,7052,,5,5,7,3711,0,0,0,,0,512,IMPERIAL,"22ND ST",0.00,,Y,A,-,N,,,,,,,,,,N,4,0,1,2,D,-,00,,,N,D,G,A,A,H,-,B,A,0,,Y,,,Y,,-,"- ",0,0,1,0,0,0,1,0,0,"- ","- ",,,"SAN DIEGO","SAN DIEGO",-117.14400190000001,32.706254899999998
6309065,2013,2014-05-29,3711,2013-12-12,1113,4864,3711,4,5,7,3711,0,0,0,,0,724,"HOME AV","HOLLISTER ST",0.00,,Y,A,-,N,,,,,,,,,,N,4,0,1,2,A,-,09,21801,A,N,G,B,B,A,H,-,A,A,0,Y,,,,Y,,A,01,0,0,1,0,1,0,0,0,0,"- ","- ",,,"SAN DIEGO","SAN DIEGO",,
6314017,2014,2015-01-09,3711,2014-01-07,0849,5603,,2,5,7,3711,0,0,0,,0,627,"4TH AV","ROBINSON AV",0.00,,Y,A,-,N,,,,,,,,,,N,4,0,1,2,A,-,10,21950,A,N,G,B,B,A,H,-,A,A,0,Y,,,,Y,,A,01,0,0,1,0,1,0,0,0,0,"- ","- ",,,"SAN DIEGO","SAN DIEGO",-117.16159002000001,32.746930079999998
6316810,2013,2014-05-30,3711,2013-12-23,1120,6670,SD,1,5,7,3711,0,0,0,,0,524,"A ST","10TH AV",15.00,E,N,A,-,N,,,,,,,,,,N,4,0,1,2,A,-,11,21950,B,N,A,B,D,A,H,-,A,A,0,Y,,,,Y,,N,60,0,0,1,0,1,0,0,0,0,"- ","- ",,,"SAN DIEGO","SAN DIEGO",-117.1555735,32.718828500000001
6316959,2013,2014-07-07,3711,2013-12-21,1636,6627,SDPD,6,5,7,3711,0,0,0,,0,621,"COMSTOCK ST","LINDA VISTA RD",0.00,,Y,A,-,N,,,,,,,,,,N,3,0,2,3,A,-,08,22107,,N,G,B,B,A,H,-,A,A,0,Y,,,,Y,,-,"- ",0,2,0,0,2,0,0,0,0,"- ","- ",,,"SAN DIEGO","SAN DIEGO",-117.1718419,32.783364900000002
6318652,2013,2014-05-22,3711,2013-12-31,1440,6332,,2,5,7,3711,0,0,0,,0,826,"ESTRELLA AV","ORANGE AV",15.00,S,N,A,-,N,,,,,,,,,,N,3,0,1,2,A,-,10,21950,A,N,G,B,B,A,H,-,A,D,0,Y,,,,Y,,-,"- ",0,1,0,0,1,0,0,0,0,"- ","- ",,,"SAN DIEGO","SAN DIEGO",-117.0901224,32.753043699999999
6318707,2013,2014-05-22,3711,2013-12-28,0216,5393,,6,5,7,3711,0,0,0,,0,122,"MISSOURI ST","DAWES ST",121.00,W,N,B,-,N,,,,,,,,,,N,3,0,1,2,A,-,21,22106,,F,G,B,E,A,H,-,C,D,0,Y,,,,Y,Y,-,"- ",0,1,0,0,1,0,0,0,0,"- ","- ",,,"SAN DIEGO","SAN DIEGO",-117.2515418,32.801401400000003
6318715,2013,2014-05-22,3711,2013-12-17,1431,3815,,2,5,7,3711,0,0,0,,0,122,"INGRAHAM ST","LA PLAYA AV",654.00,N,N,A,-,N,,,,,,,,,,Y,2,0,1,2,C,-,18,,,N,G,B,C,A,H,-,A,D,0,Y,,,,Y,,-,"- ",1,0,0,0,1,0,0,0,0,"- ","- ",,,"SAN DIEGO","SAN DIEGO",-117.2380524,32.790477299999999
6320001,2013,2014-05-30,3711,2013-12-17,1336,A759,,2,5,7,3711,0,0,0,,0,122,"RIVIERA DR","ROOSEVELT ST",135.00,N,N,B,-,N,,,,,,,,,,N,3,0,1,2,A,-,05,21460,A,N,B,G,A,A,H,-,A,D,0,,Y,,,Y,,-,"- ",0,1,0,0,0,0,1,0,0,"- ","- ",,,"SAN DIEGO","SAN DIEGO",-117.24087950000001,32.790303299999998
6320009,2013,2014-05-30,3711,2013-12-13,1725,7017,SD,5,5,7,3711,0,0,0,,0,614,"VOLTAIRE ST",VOLTAIRE,27.00,S,N,A,-,N,,,,,,,,,,N,3,0,1,2,A,-,10,21950,A,N,G,B,B,A,H,-,C,A,0,Y,,,,Y,,-,"- ",0,1,0,0,1,0,0,0,0,"- ","- ",,,"SAN DIEGO","SAN DIEGO",,
6320017,2013,2014-07-01,3711,2013-12-18,1750,6863,,3,5,7,3711,0,0,0,,0,934,"VALLEY CENTER DR","VALLEY CENTRE DR",30.00,N,N,A,-,N,,,,,,,,,,N,4,0,2,3,A,-,08,22107,,N,G,B,B,A,H,-,C,A,0,Y,,,,Y,,-,"- ",0,0,2,0,2,0,0,0,0,"- ","- ",,,"SAN DIEGO","SAN DIEGO",-117.2390231,32.935203000000001
6322696,2013,2014-05-27,3711,2013-12-09,1759,4897,,1,5,7,3711,0,0,0,,0,833,"UNIVERSITY AV","44TH ST",0.00,,Y,A,-,N,,,,,,,,,,N,2,0,2,2,A,-,10,21950,A,N,G,B,B,A,H,-,C,A,0,Y,,,,Y,,A,01,1,1,0,0,1,0,0,0,0,"- ","- ",,,"SAN DIEGO","SAN DIEGO",-117.09983200000001,32.749594899999998
6323796,2013,2014-07-07,3711,2013-11-09,1228,6405,SD,6,5,7,3711,0,0,0,,0,826,"4000 WINONA",WINONA,8.00,W,N,A,-,N,,,,,,,,,,N,3,0,1,2,-,-,"- ",,,N,B,B,E,A,H,-,A,-,0,Y,,,,Y,,-,"- ",0,1,0,0,1,0,0,0,0,"- ","- ",,,"SAN DIEGO","SAN DIEGO",-117.08797574,32.749512009999997
6326582,2013,2014-05-02,3711,2013-11-08,2015,6614,,5,5,7,3711,0,0,0,,0,124,"LA JOLLA BL",MIRAMONTE,72.00,N,N,A,-,N,,,,,,,,,,N,4,0,1,2,A,-,08,22107,,N,G,B,F,A,H,-,D,D,0,Y,,,,Y,,-,"- ",0,0,1,0,1,0,0,0,0,"- ","- ",,,"SAN DIEGO","SAN DIEGO",-117.27444,32.821629600000001
6328009,2014,2014-06-02,3711,2014-01-01,1135,4491,,3,5,7,3711,0,0,0,,0,432,"IMPERIAL AV",54TH,0.00,,Y,A,-,N,,,,,,,,,,N,4,0,1,2,A,-,10,21950,A,N,G,B,B,A,H,-,A,A,0,Y,,,,Y,,-,,0,0,1,0,1,0,0,0,0,"- ","- ",,,"SAN DIEGO","SAN DIEGO",-117.07878003,32.707080050000002
6328041,2014,2014-06-02,3711,2014-01-02,1310,4491,,4,5,7,3711,0,0,0,,0,432,IMPERIAL,"54TH ST",19.00,E,N,A,-,N,,,,,,,,,,N,3,0,1,2,A,-,10,21950,A,N,G,B,B,-,H,-,A,A,0,Y,,,,Y,,-,,0,1,0,0,1,0,0,0,0,"- ","- ",,,"SAN DIEGO","SAN DIEGO",-117.07872079000001,32.707094220000002
6330403,2013,2014-05-13,3711,2013-12-27,1230,6746,,5,5,7,3711,0,0,0,,0,611,"KEMPER ST","MIDWAY DR",300.00,N,N,A,-,N,,,,,,,,,,N,4,0,1,2,A,-,11,21955,,N,G,B,D,A,H,-,A,-,0,Y,,,,Y,,N,60,0,0,1,0,1,0,0,0,0,"- ","- ",,,"SAN DIEGO","SAN DIEGO",-117.2146874,32.7528346
6330416,2013,2014-05-14,3711,2013-12-26,1940,7000,,4,5,7,3711,0,0,0,,0,723,"DEL SOL BL","OTONO ST",23.00,W,N,A,-,N,,,,,,,,,,N,3,0,1,2,A,-,11,21954,A,N,G,B,D,A,H,-,C,D,0,Y,,,,Y,,N,60,0,1,0,0,1,0,0,0,0,"- ","- ",,,"SAN DIEGO","SAN DIEGO",-117.05237510000001,32.573573500000002
6330431,2013,2014-05-13,3711,2013-12-27,1808,5604,,5,5,7,3711,0,0,0,,0,611,"MIDWAY DR","RILEY ST",42.00,E,N,A,-,N,,,,,,,,,,N,4,0,1,2,A,-,11,21950,B,N,G,B,D,A,H,-,C,D,0,Y,,,,Y,Y,N,60,0,0,1,0,1,0,0,0,0,"- ","- ",,,"SAN DIEGO","SAN DIEGO",-117.20792710000001,32.750338599999999
6330435,2013,2014-05-13,3711,2013-12-27,1645,7017,SD,5,5,7,3711,0,0,0,,0,613,"NIMITZ BL","WEST POINT LOMA BL",18.00,E,N,A,-,N,,,,,,,,,,N,3,0,1,2,A,-,11,21954,A,N,A,B,D,A,H,-,A,A,0,Y,,,,Y,Y,N,60,0,1,0,0,1,0,0,0,0,"- ","- ",,,"SAN DIEGO","SAN DIEGO",-117.2360819,32.751158400000001
6330472,2013,2014-05-14,3711,2013-12-26,1740,4527,,4,5,7,3711,0,0,0,,0,524,8TH,ASH,6.00,S,N,A,-,N,,,,,,,,,,N,4,0,1,2,A,-,10,21950,A,N,A,B,B,A,H,-,C,A,0,Y,,,,Y,,-,"- ",0,0,1,0,1,0,0,0,0,"- ","- ",,,"SAN DIEGO","SAN DIEGO",-117.1575113,32.719858299999999
6332941,2013,2014-05-12,3711,2013-11-28,1920,7073,,4,5,7,3711,0,0,0,,0,431,"KENWOOD ST","ALVIN ST",0.00,,Y,A,-,N,,,,,,,,,,N,4,0,1,2,A,-,10,21950,A,N,G,B,B,A,H,-,C,-,0,Y,,,,Y,Y,-,"- ",0,0,1,0,1,0,0,0,0,"- ","- ",,,"SAN DIEGO","SAN DIEGO",-117.073132,32.711664800000001
6333287,2013,2014-05-20,3711,2013-12-03,0925,6620,,2,5,7,3711,0,0,0,,0,524,"8TH AV","B ST",0.00,,Y,B,-,N,,,,,,,,,,N,4,0,1,2,A,-,11,21955,,N,G,B,D,A,H,-,A,A,0,Y,,,,Y,,N,60,0,0,1,0,1,0,0,0,0,"- ","- ",,,"SAN DIEGO","SAN DIEGO",-117.157462,32.7177948
6333319,2013,2014-05-20,3711,2013-12-01,1732,5046,,7,5,7,3711,0,0,0,,0,324,"BISBY LAKE AV","HUDSON DR",0.00,,Y,A,-,N,,,,,,,,,,N,3,0,1,2,A,-,11,21954,A,N,D,B,D,A,H,-,C,A,0,Y,,,,Y,,N,60,0,1,0,0,1,0,0,0,0,"- ","- ",,,"SAN DIEGO","SAN DIEGO",-117.01457190000001,32.805664899999996
6333355,2013,2014-05-20,3711,2013-12-01,1200,6431,,7,5,7,3711,0,0,0,,0,442,"BETA ST","SOUTH 38TH ST",0.00,,Y,A,-,N,,,,,,,,,,N,3,0,1,2,A,-,09,21804,A,N,D,G,A,A,H,-,A,A,0,,Y,,,Y,,L,04,0,1,0,0,0,0,1,0,0,"- ","- ",,,"SAN DIEGO","SAN DIEGO",-117.11239190000001,32.690794799999999
6336188,2013,2014-06-04,3711,2013-12-22,1325,5313,,7,5,7,3711,0,0,0,,0,839,"UNIVERSITY AV","CHEROKEE AV",91.00,W,N,A,-,N,,,,,,,,,,N,2,0,1,3,A,-,08,22107,,N,G,B,E,A,H,-,A,D,0,Y,,,,Y,,A,01,1,0,0,0,1,0,0,0,0,"- ","- ",,,"SAN DIEGO","SAN DIEGO",-117.1146469,32.749727100000001
6336698,2014,2014-06-30,3711,2014-01-07,1045,6553,,2,5,7,3711,0,0,0,,0,431,"ROSWELL ST","KELTON RD",46.00,W,N,A,-,N,,,,,,,,,,N,3,0,1,2,A,-,21,22106,,N,G,B,E,A,H,-,A,D,0,Y,,,,Y,,A,01,0,1,0,0,1,0,0,0,0,"- ","- ",,,"SAN DIEGO","SAN DIEGO",-117.07506798,32.715952360000003
6337476,2014,2014-06-09,3711,2014-01-05,1730,7042,,7,5,7,3711,0,0,0,,0,521,"MARKET ST","8TH AV",0.00,,Y,A,-,N,,,,,,,,,,,3,0,1,2,D,-,00,,,M,G,B,B,A,G,-,B,-,0,Y,,,,Y,,-,"- ",0,1,0,0,1,0,0,0,0,"- ","- ",,,"SAN DIEGO","SAN DIEGO",-117.15740011,32.711520100000001
6337480,2014,2014-06-09,3711,2014-01-08,1950,4823,SANDI,3,5,7,3711,0,0,0,,0,327,"ALVARADO RD","RESERVOIR DR",43.00,W,N,B,-,N,,,,,,,,,,N,2,0,1,2,A,-,11,21954,A,N,E,B,D,A,H,-,C,D,0,Y,,,,Y,,N,60,1,0,0,0,1,0,0,0,0,"- ","- ",,,"SAN DIEGO","SAN DIEGO",-117.05634548,32.777067789999997
6337491,2014,2014-07-08,3711,2014-01-02,1450,6538,,4,5,7,3711,0,0,0,,0,822,"56TH ST","EL CAJON BL",60.00,S,N,A,-,N,,,,,,,,,,N,3,0,1,2,A,-,09,21804,A,N,-,G,A,A,H,-,A,D,0,,Y,,,Y,,-,"- ",0,1,0,0,0,0,1,0,0,"- ","- ",,,"SAN DIEGO","SAN DIEGO",-117.07492431999999,32.758305700000001
6337499,2014,2014-06-17,3711,2014-01-03,1631,5755,,5,5,7,3711,0,0,0,,0,233,"EMDEN RD","BLACK MOUNTAIN RD",127.00,E,N,A,-,N,,,,,,,,,,N,3,0,1,2,A,-,11,21954,A,N,H,B,D,A,H,-,A,D,0,Y,,,,Y,,N,60,0,1,0,0,1,0,0,0,0,"- ","- ",,,"SAN DIEGO","SAN DIEGO",-117.1309,32.982469999999999
6337511,2014,2014-07-08,3711,2014-01-11,1320,4527,,6,5,7,3711,0,0,0,,0,515,"25TH ST",MARKET,114.00,S,N,A,-,N,,,,,,,,,,N,3,0,1,1,A,-,03,22350,,N,-,G,A,A,A,-,A,D,0,,Y,,,Y,,L,04,0,1,0,0,0,0,1,0,0,"- ","- ",,,"SAN DIEGO","SAN DIEGO",-117.1402496,32.711288189999998
6337515,2014,2014-07-08,3711,2014-01-11,2345,7051,,6,5,7,3711,0,0,0,,0,122,"FORTUNA AV","FORTUNA AV 1500",0.00,,N,A,-,N,,,,,,,,,,N,3,0,1,2,A,-,21,22106,,M,G,B,E,A,H,-,C,D,0,Y,,,,Y,,-,,0,1,0,0,1,0,0,0,0,"- ","- ",,,"SAN DIEGO","SAN DIEGO",-117.24043607999999,32.791934529999999
6337541,2014,2014-06-04,3711,2014-01-13,2323,5850,,1,5,7,3711,0,0,0,,0,311,"VILLAGE GLEN DR","GLENCOLUM DR",300.00,E,N,A,-,N,,,,,,,,,,N,3,0,1,2,A,-,05,21650,1,N,B,G,A,A,H,-,C,D,0,,Y,,,Y,Y,L,04,0,1,0,0,0,0,1,0,0,"- ","- ",,,"SAN DIEGO","SAN DIEGO",-117.13249694,32.804964740000003
6337553,2014,2014-06-04,3711,2014-01-07,1557,7025,,2,5,7,3711,0,0,0,,0,512,"NATIONAL AV","S 31ST ST",16.00,E,N,A,-,N,,,,,,,,,,N,2,0,1,2,A,-,10,21950,A,N,G,B,B,A,H,-,A,D,0,Y,,,,Y,,-,,1,0,0,0,1,0,0,0,0,"- ","- ",,,"SAN DIEGO","SAN DIEGO",-117.12723817,32.695970260000003
6338047,2013,2014-01-27,3711,2013-10-21,0810,6760,,1,5,7,3711,0,0,0,,0,834,"UNIVERSITY AV","42ND ST",0.00,,Y,B,-,N,,,,,,,,,,N,4,0,1,2,A,-,"- ",,,N,G,B,B,-,A,H,A,A,0,Y,,,,Y,,-,"- ",0,0,1,0,1,0,0,0,0,"- ","- ",,,"SAN DIEGO","SAN DIEGO",-117.10447189999999,32.749644799999999
6341652,2013,2014-05-28,3711,2013-12-28,1622,5046,,6,5,7,3711,0,0,0,,0,611,"MIDWAY DR","ENTERPRISE ST",92.00,W,N,A,-,N,,,,,,,,,,N,4,0,1,2,A,-,11,21954,A,N,D,B,D,A,H,-,A,D,0,Y,,,,Y,,N,60,0,0,1,0,1,0,0,0,0,"- ","- ",,,"SAN DIEGO","SAN DIEGO",-117.19938129000001,32.745525819999997
6342227,2013,2014-05-22,3711,2013-12-30,1619,4897,,1,5,7,3711,0,0,0,,0,839,"UNIVERSITY AV","CHEROKEE AV",69.00,W,N,A,-,N,,,,,,,,,,N,3,0,1,2,A,-,21,22106,,M,B,G,A,A,H,-,A,D,0,,Y,,,Y,Y,A,01,0,1,0,0,0,0,1,0,0,"- ","- ",,,"SAN DIEGO","SAN DIEGO",-117.1145755,32.749726600000002
6346629,2014,2014-06-06,3711,2014-01-15,1727,5807,,3,5,7,3711,0,0,0,,0,511,"MAIN ST","VESTA ST",6.00,E,N,A,-,N,,,,,,,,,,N,4,0,1,2,A,-,11,21950,B,N,G,B,D,A,H,-,C,A,0,Y,,,,Y,,-,,0,0,1,0,1,0,0,0,0,"- ","- ",,,"SAN DIEGO","SAN DIEGO",-117.11535495,32.685479610000002
6346637,2014,2014-06-05,3711,2014-01-10,0902,6278,,5,5,7,3711,0,0,0,,0,529,"4TH AV","ELM ST",18.00,S,N,A,-,N,,,,,,,,,,N,3,0,1,2,A,-,10,21950,A,N,G,B,B,A,H,-,A,A,0,Y,,,,Y,,-,,0,1,0,0,1,0,0,0,0,"- ","- ",,,"SAN DIEGO","SAN DIEGO",-117.16113193,32.724030720000002
6347704,2016,2016-03-28,3711,2016-03-13,0622,7198,,7,5,7,3711,0,0,0,,0,521,"7TH AV","ISLAND AV",110.00,N,N,A,-,N,,,,,,,,,,N,3,0,1,1,A,-,13,22515,A,N,G,B,A,A,H,-,C,D,0,,,,,Y,,-,,0,1,0,0,0,0,0,0,0,"- ","- ",,,"SAN DIEGO","SAN DIEGO",-117.15833718,32.710741319999997
6348742,2013,2014-05-16,9645,2013-12-21,0105,18871,,6,3,7,3711,0,1,1,,2,019,"RT 15","CAMINO DEL NORTE",1320.00,S,N,A,-,Y,SD,11,15,-,M,21.470,H,-,N,Y,3,0,1,3,A,-,01,23152,A,F,G,B,E,A,H,-,D,D,1,Y,,,,Y,Y,A,01,0,1,0,0,1,0,0,0,0,"- ","- ",32.993769999999998,-117.08328,"SAN DIEGO","SAN DIEGO",-117.0830598,32.990509699999997