CASE_ID,ACCIDENT_YEAR,PROC_DATE,JURIS,COLLISION_DATE,COLLISION_TIME,OFFICER_ID,REPORTING_DISTRICT,DAY_OF_WEEK,CHP_SHIFT,POPULATION,CNTY_CITY_LOC,SPECIAL_COND,BEAT_TYPE,CHP_BEAT_TYPE,CITY_DIVISION_LAPD,CHP_BEAT_CLASS,BEAT_NUMBER,PRIMARY_RD,SECONDARY_RD,DISTANCE,DIRECTION,INTERSECTION,WEATHER_1,WEATHER_2,STATE_HWY_IND,CALTRANS_COUNTY,CALTRANS_DISTRICT,STATE_ROUTE,ROUTE_SUFFIX,POSTMILE_PREFIX,POSTMILE,LOCATION_TYPE,RAMP_INTERSECTION,SIDE_OF_HWY,TOW_AWAY,COLLISION_SEVERITY,NUMBER_KILLED,NUMBER_INJURED,PARTY_COUNT,PRIMARY_COLL_FACTOR,PCF_CODE_OF_VIOL,PCF_VIOL_CATEGORY,PCF_VIOLATION,PCF_VIOL_SUBSECTION,HIT_AND_RUN,TYPE_OF_COLLISION,MVIW,PED_ACTION,ROAD_SURFACE,ROAD_COND_1,ROAD_COND_2,LIGHTING,CONTROL_DEVICE,CHP_ROAD_TYPE,PEDESTRIAN_ACCIDENT,BICYCLE_ACCIDENT,MOTORCYCLE_ACCIDENT,TRUCK_ACCIDENT,NOT_PRIVATE_PROPERTY,ALCOHOL_INVOLVED,STWD_VEHTYPE_AT_FAULT,CHP_VEHTYPE_AT_FAULT,COUNT_SEVERE_INJ,COUNT_VISIBLE_INJ,COUNT_COMPLAINT_PAIN,COUNT_PED_KILLED,COUNT_PED_INJURED,COUNT_BICYCLIST_KILLED,COUNT_BICYCLIST_INJURED,COUNT_MC_KILLED,COUNT_MC_INJURED,PRIMARY_RAMP,SECONDARY_RAMP,LATITUDE,LONGITUDE,COUNTY,CITY,POINT_X,POINT_Y
6351400,2016,2016-03-28,3711,2016-03-12,1629,7231,3711,6,5,7,3711,0,0,0,,0,431,"OLD MEMORY LN","ROSWELL ST",12.00,W,N,A,-,N,,,,,,,,,,N,4,0,1,2,A,-,05,21202,A,N,D,G,A,A,H,-,A,D,0,,Y,,,Y,,L,04,0,0,1,0,0,0,1,0,0,"- ","- ",,,"SAN DIEGO","SAN DIEGO",-117.07137883999999,32.718911519999999
6351408,2016,2016-03-28,3711,2016-03-12,1434,6880,,6,5,7,3711,0,0,0,,0,446,"IMPERIAL AV","47TH ST",100.00,E,N,A,-,N,,,,,,,,,,N,3,0,1,2,B,-,22,,,N,G,B,D,A,H,-,A,D,0,Y,,,,Y,,-,"- ",0,1,0,0,1,0,0,0,0,"- ","- ",,,"SAN DIEGO","SAN DIEGO",-117.09337603,32.704149999999998
6351412,2016,2016-08-24,3711,2016-03-06,1940,6594,,7,5,7,3711,0,0,0,,0,445,"47TH ST","GUYMON ST",25.00,S,N,B,-,N,,,,,,,,,,N,3,0,1,2,A,-,14,21201,D,N,D,G,A,A,H,-,C,D,0,,Y,,,Y,Y,L,04,0,1,0,0,0,0,1,0,0,"- ","- ",,,"SAN DIEGO","SAN DIEGO",-117.09357281,32.712091559999998
6352416,2014,2014-06-26,3711,2014-01-17,1232,5609,,5,5,7,3711,0,0,0,,0,512,"NATIONAL AV","30TH ST",168.00,E,N,A,-,N,,,,,,,,,,N,3,0,1,2,A,-,05,21202,A,N,G,G,A,A,H,-,A,D,0,,Y,,,Y,,-,"- ",0,1,0,0,0,0,1,0,0,"- ","- ",,,"SAN DIEGO","SAN DIEGO",-117.12893576,32.695962489999999
6352447,2014,2014-06-26,3711,2014-01-16,1520,6815,SANDI,4,5,7,3711,0,0,0,,0,613,"VOLTAIRE ST",POINSETTIA,36.00,W,N,A,-,N,,,,,,,,,,N,4,0,1,2,A,-,11,21954,A,N,G,B,D,A,H,-,A,A,0,Y,,,,Y,,N,60,0,0,1,0,1,0,0,0,0,"- ","- ",,,"SAN DIEGO","SAN DIEGO",-117.22905397,32.740158469999997
6352448,2014,2014-06-05,3711,2014-01-18,2026,6460,,6,5,7,3711,0,0,0,,0,447,"HOME AV","FAIRMOUNT AV",53.00,E,N,A,-,N,,,,,,,,,,N,3,0,1,2,A,-,05,21650,1,N,B,G,A,A,H,-,C,D,0,,Y,,,Y,,L,04,0,1,0,0,0,0,1,0,0,"- ","- ",,,"SAN DIEGO","SAN DIEGO",-117.09961305,32.728977790000002
6352476,2014,2014-06-05,3711,2014-01-13,1454,4849,,1,5,7,3711,0,0,0,,0,531,"26TH ST","PERSHING DR",45.00,E,N,A,-,N,,,,,,,,,,N,3,0,1,2,A,-,08,22107,,N,-,G,A,A,H,-,A,A,0,,Y,,,Y,,L,04,0,1,0,0,0,0,1,0,0,"- ","- ",,,"SAN DIEGO","SAN DIEGO",-117.14248172000001,32.722680859999997
6353304,2016,2016-03-25,3711,2016-03-14,2100,4527,,1,5,7,3711,0,0,0,,0,529,"W LAUREL",1ST,18.00,W,N,A,-,N,,,,,,,,,,N,4,0,1,2,A,-,11,21456,B,N,D,B,B,A,H,-,C,A,0,Y,,,,Y,,-,"- ",0,0,1,0,1,0,0,0,0,"- ","- ",,,"SAN DIEGO","SAN DIEGO",-117.16400834,32.731360000000002
6353308,2016,2016-03-23,3711,2016-03-14,2311,5983,,1,5,7,3711,0,0,0,,0,826,"EUCLID AV","EL CAJON BL",180.00,S,N,A,-,N,,,,,,,,,,N,4,0,1,2,A,-,21,22106,,N,G,B,E,A,H,-,C,D,0,Y,,,,Y,,A,01,0,0,1,0,1,0,0,0,0,"- ","- ",,,"SAN DIEGO","SAN DIEGO",-117.09221452,32.755546969999997
6353316,2016,2016-03-23,3711,2016-03-14,1550,7336,SANDI,1,5,7,3711,0,0,0,,0,813,OREGON,"EL CAJON BL",100.00,S,N,A,-,N,,,,,,,,,,N,4,0,1,2,A,-,11,21950,B,N,G,B,F,A,H,-,A,A,0,Y,,,,Y,,N,60,0,0,1,0,1,0,0,0,0,"- ","- ",,,"SAN DIEGO","SAN DIEGO",-117.13513,32.755106069999997
6353381,2014,2014-06-06,3711,2014-01-17,0746,5838,,5,5,7,3711,0,0,0,,0,713,"SIEMPRE VIVA RD","OTAY CENTER DR",0.00,,Y,A,-,N,,,,,,,,,,N,3,0,1,2,A,-,10,21950,A,N,G,B,B,A,H,-,A,A,0,Y,,,,Y,,A,01,0,1,0,0,1,0,0,0,0,"- ","- ",,,"SAN DIEGO","SAN DIEGO",-116.94243003,32.554060020000001
6366191,2014,2014-06-24,3711,2014-02-03,0800,6045,,1,5,7,3711,0,0,0,,0,115,"RADCLIFFE DR","GOVERNOR DR",110.00,S,N,B,-,N,,,,,,,,,,N,4,0,1,2,A,-,08,22107,,N,G,B,E,B,H,-,A,D,0,Y,,,,Y,,-,,0,0,1,0,1,0,0,0,0,"- ","- ",,,"SAN DIEGO","SAN DIEGO",-117.2058766,32.854211569999997
6368620,2013,2014-05-27,3711,2013-11-13,1530,5380,,3,5,7,3711,0,0,0,,0,233,"BLACK MOUNTAIN RD","RT 56",0.00,,Y,A,-,Y,SD,11,56,-,-,7.334,R,4,E,N,3,0,1,2,A,-,"- ",,,N,D,G,A,A,H,-,A,A,0,,Y,,,Y,,-,"- ",0,1,0,0,0,0,1,0,0,"- ",EF,,,"SAN DIEGO","SAN DIEGO",-117.1252412,32.954586499999998
6373001,2014,2014-05-12,3711,2014-01-31,2033,5985,SANDI,5,5,7,3711,0,0,0,,0,523,"6TH AV","G ST",105.00,S,N,A,-,N,,,,,,,,,,N,3,0,1,2,A,-,08,22107,,N,A,G,A,A,H,-,C,D,0,,Y,,,Y,,L,04,0,1,0,0,0,0,1,0,0,"- ","- ",,,"SAN DIEGO","SAN DIEGO",-117.15924085,32.712282510000001
6373207,2014,2014-06-06,3711,2014-01-13,0555,5313,,1,5,7,3711,0,0,0,,0,,"MAIN ST","S 30TH ST",0.00,,Y,A,-,N,,,,,,,,,,Y,2,0,1,2,A,-,11,21954,A,N,G,B,D,A,H,-,C,D,0,Y,,,,Y,,N,60,1,0,0,0,1,0,0,0,0,"- ","- ",,,"SAN DIEGO","SAN DIEGO",-117.12947004,32.692820099999999
6373219,2014,2014-06-06,3711,2014-01-25,1530,6082,,6,5,7,3711,0,0,0,,0,122,"DIAMOND ST","MISSION BL",12.00,W,N,A,-,N,,,,,,,,,,N,3,0,1,2,A,-,08,22107,,N,D,G,A,A,H,-,A,D,0,,Y,,,Y,,-,,0,1,0,0,0,0,1,0,0,"- ","- ",,,"SAN DIEGO","SAN DIEGO",-117.25636758,32.79932144
6373230,2014,2014-06-07,3711,2014-01-21,1430,5315,,2,5,7,3711,0,0,0,,0,111,"LINDA VISTA RD","MESA COLLEGE DR",254.00,N,N,A,-,N,,,,,,,,,,N,4,0,1,2,A,-,03,22350,,N,C,B,A,A,H,-,A,A,0,,,,,Y,,-,,0,0,1,0,0,0,0,0,0,"- ","- ",,,"SAN DIEGO","SAN DIEGO",-117.15778345,32.80143314
6376644,2014,2014-07-08,3711,2014-02-03,1720,6009,EASTO,1,5,7,3711,0,0,0,,0,321,"MISSION GORGE RD","MISSION GORGE RD 4500",65.00,N,N,A,-,N,,,,,,,,,,N,4,0,1,2,A,-,09,21801,A,N,D,G,A,A,H,-,C,A,0,,Y,,,Y,,L,04,0,0,1,0,0,0,1,0,0,"- ","- ",,,"SAN DIEGO","SAN DIEGO",,
6376660,2014,2014-07-08,3711,2014-02-04,1600,6995,SANDI,2,5,7,3711,0,0,0,,0,831,"47TH ST","ORANGE AV",528.00,N,N,A,-,N,,,,,,,,,,N,4,0,1,2,A,-,08,22107,,M,D,G,A,A,H,-,A,D,0,,Y,,,Y,,L,04,0,0,1,0,0,0,1,0,0,"- ","- ",,,"SAN DIEGO","SAN DIEGO",-117.09328942,32.754546169999998
6381429,2013,2014-05-28,3711,2013-12-16,1722,6404,,1,5,7,3711,0,0,0,,0,115,"GENESEE AV","LA JOLLA VILLAGE DR",0.00,,Y,A,-,N,,,,,,,,,,N,3,0,1,2,A,-,11,21456,B,N,A,B,B,A,H,-,C,A,0,Y,,,,Y,,N,60,0,1,0,0,1,0,0,0,0,"- ","- ",,,"SAN DIEGO","SAN DIEGO",-117.214192,32.872614800000001
6381855,2014,2014-06-18,3711,2014-02-14,1145,7067,,5,5,7,3711,0,0,0,,0,521,"MARKET ST","10TH AV",3.00,E,N,A,-,N,,,,,,,,,,N,3,0,1,2,A,-,10,21950,A,N,G,B,B,A,H,-,A,A,0,Y,,,,Y,,-,,0,1,0,0,1,0,0,0,0,"- ","- ",,,"SAN DIEGO","SAN DIEGO",-117.15557028000001,32.71152
6381882,2014,2014-06-24,3711,2014-02-05,1000,7078,,3,5,7,3711,0,0,0,,0,624,"EL CAJON BL","LOUISIANA ST",0.00,,Y,A,-,N,,,,,,,,,,N,3,0,1,2,A,-,09,21802,A,N,D,G,A,A,H,-,A,D,0,,Y,,,Y,,-,,0,1,0,0,0,0,1,0,0,"- ","- ",,,"SAN DIEGO","SAN DIEGO",-117.14007011,32.755370079999999
6381885,2014,2014-06-17,3711,2014-02-16,1715,5788,,7,5,7,3711,0,0,0,,0,311,"MURPHY CANYON RD","AERO DR",210.00,S,N,A,-,N,,,,,,,,,,N,4,0,1,2,A,-,08,22107,,N,D,G,A,A,H,-,A,D,0,,Y,,,Y,,-,,0,0,1,0,0,0,1,0,0,"- ","- ",,,"SAN DIEGO","SAN DIEGO",-117.11626853,32.809108530000003
6381901,2014,2014-06-17,3711,2014-02-12,1328,6553,,3,5,7,3711,0,0,0,,0,825,"FAIRMOUNT AV","GORE PT  MONTEZUMA RAMP",150.00,N,N,A,-,N,,,,,,,,,,N,4,0,1,2,A,-,07,21658,A,N,B,G,A,A,H,-,A,D,0,,Y,,,Y,,L,04,0,0,1,0,0,0,1,0,0,"- ","- ",,,"SAN DIEGO","SAN DIEGO",,
6382322,2014,2014-06-06,3711,2014-01-21,1301,6000,,2,5,7,3711,0,0,0,,0,445,"MARKET ST","45TH ST",12.00,E,N,B,-,N,,,,,,,,,,Y,2,0,1,2,A,-,11,21954,A,N,G,B,D,A,H,-,A,D,0,Y,,,,Y,,N,60,1,0,0,0,1,0,0,0,0,"- ","- ",,,"SAN DIEGO","SAN DIEGO",-117.09783112,32.711459519999998
6389538,2014,2014-06-18,3711,2014-02-18,0745,6108,,2,5,7,3711,0,0,0,,0,723,"BYRD ST","PICARTO AV",0.00,,Y,A,-,N,,,,,,,,,,N,4,0,1,2,A,-,11,21950,B,N,G,B,D,A,H,-,A,D,0,Y,,,,Y,,N,60,0,0,1,0,1,0,0,0,0,"- ","- ",,,"SAN DIEGO","SAN DIEGO",-117.05046772999999,32.584469329999997
6389566,2014,2014-06-18,3711,2014-02-13,0635,5842,,4,5,7,3711,0,0,0,,0,933,"VIA DE LA VALLE","JIMMY DURANTE BL",344.00,E,N,A,-,N,,,,,,,,,,N,4,0,2,3,A,-,11,21955,,N,G,B,D,A,H,-,A,A,0,Y,,,,Y,Y,N,60,0,0,2,0,2,0,0,0,0,"- ","- ",,,"SAN DIEGO","SAN DIEGO",-117.25577474000001,32.979476650000002
6400242,2014,2014-06-17,3711,2014-02-23,1750,6502,,7,5,7,3711,0,0,0,,0,122,"BAYARD ST","GARNET AV",138.00,N,N,A,-,N,,,,,,,,,,,4,0,1,2,A,-,09,21804,A,N,B,B,D,A,H,-,C,D,0,Y,,,,Y,Y,A,07,0,0,1,0,1,0,0,0,0,"- ","- ",,,"SAN DIEGO","SAN DIEGO",-117.25378610999999,32.797337300000002
6400306,2014,2014-06-17,3711,2014-02-22,2008,6372,,6,5,7,3711,0,0,0,,0,821,"EL CAJON BL","62ND ST",0.00,,Y,A,-,N,,,,,,,,,,N,4,0,1,2,A,-,10,21950,A,N,-,B,B,A,H,-,C,A,0,Y,,,,Y,,-,,0,0,1,0,1,0,0,0,0,"- ","- ",,,"SAN DIEGO","SAN DIEGO",-117.06460006,32.762940120000003
6400321,2014,2014-06-19,3711,2014-02-20,1800,7091,,4,5,7,3711,0,0,0,,0,827,"50TH ST","UNIVERSITY AV",186.00,S,N,A,-,N,,,,,,,,,,N,3,0,1,2,A,-,11,21950,B,N,G,B,D,A,H,-,C,D,0,Y,,,,Y,,N,60,0,1,0,0,1,0,0,0,0,"- ","- ",,,"SAN DIEGO","SAN DIEGO",-117.08698223,32.748840530000003
6400361,2014,2014-06-19,3711,2014-02-13,0738,6650,,4,5,7,3711,0,0,0,,0,,"ADAMS AV","33RD ST",10.00,E,N,A,-,N,,,,,,,,,,N,3,0,1,2,A,-,10,21950,A,N,B,B,-,A,H,-,A,D,0,Y,,,,Y,,-,,0,1,0,0,1,0,0,0,0,"- ","- ",,,"SAN DIEGO","SAN DIEGO",-117.1228176,32.76335091
6401491,2014,2014-06-06,3711,2014-01-28,1550,7029,,2,5,7,3711,0,0,0,,0,835,"HOME AV","FAIRMOUNT AV",0.00,,Y,A,-,N,,,,,,,,,,N,4,0,1,2,A,-,12,21453,A,N,D,G,A,A,H,-,A,A,0,,Y,,,Y,,L,04,0,0,1,0,0,0,1,0,0,"- ","- ",,,"SAN DIEGO","SAN DIEGO",-117.09974004,32.728880070000002
6401503,2014,2014-06-06,3711,2014-01-28,1129,7006,,2,5,7,3711,0,0,0,,0,833,"47TH ST","UNIVERSITY AV",0.00,,Y,A,-,N,,,,,,,,,,N,4,0,1,2,A,-,09,21801,A,N,D,G,A,A,H,-,A,D,0,,Y,,,Y,,-,,0,0,1,0,0,0,1,0,0,"- ","- ",,,"SAN DIEGO","SAN DIEGO",-117.09333006,32.749570079999998
6401511,2014,2014-07-17,3711,2014-01-29,1955,5619,SDPD,3,5,7,3711,0,0,0,,0,614,"BACON ST","WEST POINT LOMA BL",0.00,,Y,A,-,N,,,,,,,,,,N,4,0,1,2,A,-,08,22107,,N,G,B,B,A,H,-,C,A,0,Y,,,,Y,,-,"- ",0,0,1,0,1,0,0,0,0,"- ","- ",,,"SAN DIEGO","SAN DIEGO",-117.24551004,32.753300039999999
6405983,2014,2014-06-25,3711,2014-02-18,1105,6151,,2,5,7,3711,0,0,0,,0,315,"MISSION CENTER RD","MISSION VALLEY RD",30.00,N,N,B,-,N,,,,,,,,,,N,4,0,1,2,A,-,03,22350,,M,G,B,E,A,H,-,A,A,0,Y,,,,Y,,-,,0,0,1,0,1,0,0,0,0,"- ","- ",,,"SAN DIEGO","SAN DIEGO",-117.15481022,32.777921730000003
6405991,2014,2014-06-25,3711,2014-02-07,1953,6070,,5,5,7,3711,0,0,0,,0,122,"GRAND AV","GRESHAM ST",24.00,W,N,A,-,N,,,,,,,,,,N,3,0,1,2,A,-,09,21802,A,N,H,G,A,A,H,-,C,D,0,,Y,,,Y,,-,,0,1,0,0,0,0,1,0,0,"- ","- ",,,"SAN DIEGO","SAN DIEGO",-117.24404534,32.79710343
6408471,2014,2014-06-28,3711,2014-03-04,1152,6553,,2,5,7,3711,0,0,0,,0,531,"UPAS ST","TEXAS ST",0.00,,Y,A,-,N,,,,,,,,,,N,3,0,2,2,A,-,12,22450,A,M,D,G,A,A,H,-,A,A,0,,Y,,,Y,,D,22,0,1,1,0,0,0,2,0,0,"- ","- ",,,"SAN DIEGO","SAN DIEGO",-117.13901006,32.741020120000002
6411064,2014,2014-06-19,3711,2014-02-27,1536,5957,,4,5,7,3711,0,0,0,,0,444,"HILLTOP DR","45TH ST",176.00,E,N,A,-,N,,,,,,,,,,N,4,0,1,2,A,-,11,21950,B,N,B,B,D,A,H,-,A,D,0,Y,,,,Y,,N,60,0,0,1,0,1,0,0,0,0,"- ","- ",,,"SAN DIEGO","SAN DIEGO",-117.09724974,32.715067310000002
6411096,2014,2015-08-14,3711,2014-02-28,1722,4899,"SAN D",5,5,7,3711,0,0,0,,0,524,"10TH AV","A ST",0.00,,Y,C,-,N,,,,,,,,,,N,3,0,1,2,A,-,11,21950,B,N,D,B,B,B,H,-,A,A,0,Y,,,,Y,,-,,0,1,0,0,1,0,0,0,0,"- ","- ",,,"SAN DIEGO","SAN DIEGO",-117.15562006,32.718860069999998
6414086,2014,2014-06-11,3711,2014-01-28,0630,6759,,2,5,7,3711,0,0,0,,0,433,"IMPERIAL AV","IMPERIAL AV 6200",0.00,,N,B,-,N,,,,,,,,,,N,3,0,1,2,A,-,10,21950,C,M,G,B,B,A,H,-,A,A,0,Y,,,,Y,,-,,0,1,0,0,1,0,0,0,0,"- ","- ",,,"SAN DIEGO","SAN DIEGO",-117.06391454,32.709834720000003
6416280,2014,2015-02-13,3711,2014-03-10,0855,6108,,1,5,7,3711,0,0,0,,0,712,"WILLOW RD","WILLOW RD 200",0.00,,N,A,-,N,,,,,,,,,,N,4,0,1,2,A,-,10,21950,A,N,G,B,D,A,A,B,A,D,0,Y,,,,Y,,-,,0,0,1,0,1,0,0,0,0,"- ","- ",,,"SAN DIEGO","SAN DIEGO",-117.04237639999999,32.549536850000003
6417365,2014,2014-06-24,3711,2014-03-11,1908,6101,,2,5,7,3711,0,0,0,,0,613,"CLOVIS ST","VALETA ST",0.00,,Y,A,-,N,,,,,,,,,,N,3,0,1,2,A,-,12,22450,,N,A,G,A,A,H,-,C,D,0,,Y,,,Y,,L,04,0,1,0,0,0,0,1,0,0,"- ","- ",,,"SAN DIEGO","SAN DIEGO",-117.23303002999999,32.74979003
6417401,2014,2015-08-14,3711,2014-03-02,0950,5588,,7,5,7,3711,0,0,0,,0,327,"ALVARADO RD","SDSU PARKING",3.00,E,N,A,B,N,,,,,,,,,,N,4,0,1,2,A,-,08,22102,,N,B,G,A,A,H,-,A,D,0,,Y,,,Y,,L,04,0,0,1,0,0,0,1,0,0,"- ","- ",,,"SAN DIEGO","SAN DIEGO",,
6417434,2014,2014-06-24,3711,2014-03-12,1110,6768,,3,5,7,3711,0,0,0,,0,821,"EL CAJON BL","67TH ST",0.00,,Y,A,-,N,,,,,,,,,,N,3,0,1,2,A,-,09,21801,A,N,A,G,A,A,H,-,A,A,0,,Y,,,Y,,A,01,0,1,0,0,0,0,1,0,0,"- ","- ",,,"SAN DIEGO","SAN DIEGO",-117.05368011,32.768530030000001
6418216,2014,2014-06-24,3711,2014-03-03,1733,3815,,1,5,7,3711,0,0,0,,0,811,"ADAMS AV","MOUNTAIN VIEW DR",10.00,W,N,A,-,N,,,,,,,,,,N,3,0,1,2,A,-,10,21950,A,N,G,B,C,A,H,-,A,D,0,Y,,,,Y,,A,01,0,1,0,0,1,0,0,0,0,"- ","- ",,,"SAN DIEGO","SAN DIEGO",-117.12666086999999,32.763311629999997
6418240,2014,2014-06-23,3711,2014-03-07,2041,4653,,5,5,7,3711,0,0,0,,0,233,"CARMEL MOUNTAIN RD","PENASQUITOS DR",1025.00,S,N,A,-,N,,,,,,,,,,N,3,0,1,2,A,-,11,21954,A,N,G,B,E,A,H,-,C,D,0,Y,,,,Y,Y,N,60,0,1,0,0,1,0,0,0,0,"- ","- ",,,"SAN DIEGO","SAN DIEGO",-117.09199983000001,32.975071720000003
6418273,2014,2014-07-17,3711,2014-03-07,1229,6741,,5,5,7,3711,0,0,0,,0,529,"HAWTHORNE ST","4TH AV",802.00,E,N,A,-,N,,,,,,,,,,N,4,0,1,2,A,-,21,22106,,N,G,B,F,A,H,-,A,D,0,Y,,,,Y,,A,07,0,0,1,0,1,0,0,0,0,"- ","- ",,,"SAN DIEGO","SAN DIEGO",-117.15942,32.727179999999997
6418574,2014,2014-06-17,3711,2014-02-11,1616,5600,,2,5,7,3711,0,0,0,,0,517,"PERSHING DR","FLORIDA DR",932.00,W,N,A,-,N,,,,,,,,,,Y,2,0,1,2,A,-,03,22350,,N,C,G,A,A,H,-,A,D,0,,Y,,,Y,,A,01,1,0,0,0,0,0,1,0,0,"- ","- ",,,"SAN DIEGO","SAN DIEGO",-117.14475306999999,32.720915939999998
6422198,2014,2014-10-28,3711,2014-10-05,0141,6513,,7,5,7,3711,0,0,0,,0,523,"5TH AV","F ST",108.00,S,N,A,-,N,,,,,,,,,,N,3,0,1,2,A,-,17,22517,,N,B,G,A,A,H,-,C,D,0,,Y,,,Y,,A,01,0,1,0,0,0,0,1,0,0,"- ","- ",,,"SAN DIEGO","SAN DIEGO",-117.16014718,32.713324149999998
6424669,2014,2014-06-13,3711,2014-02-23,1630,6352,,7,5,7,3711,0,0,0,,0,614,"SUNSET CLIFFS BL","NARRAGANSETT AV",7.00,S,N,A,-,N,,,,,,,,,,N,3,0,1,2,A,-,10,21950,A,N,G,B,B,A,H,-,A,A,0,Y,,,,Y,,-,,0,1,0,0,1,0,0,0,0,"- ","- ",,,"SAN DIEGO","SAN DIEGO",-117.24907333,32.743044480000002
6424707,2014,2014-06-18,3711,2014-02-23,1006,6712,,7,5,7,3711,0,0,0,,0,826,"54TH ST","ORANGE AV",450.00,S,N,A,-,N,,,,,,,,,,Y,3,0,1,3,A,-,08,22107,,M,B,B,F,A,H,-,A,D,0,Y,,,,Y,,-,,0,1,0,0,1,0,0,0,0,"- ","- ",,,"SAN DIEGO","SAN DIEGO",-117.07944625,32.75190748
6424988,2014,2014-06-10,3711,2014-01-30,1432,5450,,4,5,7,3711,0,0,0,,0,713,"PASEO DE LAS AMERICAS","VIA DE LA AMISTAD",233.00,N,N,B,-,N,,,,,,,,,,N,3,0,1,2,A,-,05,21650,,N,A,G,A,A,H,-,A,D,0,,Y,,,Y,,L,04,0,1,0,0,0,0,1,0,0,"- ","- ",,,"SAN DIEGO","SAN DIEGO",-116.93593557,32.553538090000004
6428246,2014,2014-07-01,3711,2014-03-03,0654,7094,,1,5,7,3711,0,0,0,,0,437,"PARADISE VALLEY RD","DEEP DELL RD",0.00,,Y,A,-,N,,,,,,,,,,N,4,0,1,2,A,-,10,21950,A,N,G,B,B,A,H,-,A,A,0,Y,,,,Y,,-,,0,0,1,0,1,0,0,0,0,"- ","- ",,,"SAN DIEGO","SAN DIEGO",-117.02935013,32.695420050000003
6428570,2014,2014-06-26,3711,2014-02-21,1641,4243,,5,5,7,3711,0,0,0,,0,122,"MISSION BAY DR","MAGNOLIA AV",155.00,N,N,A,-,N,,,,,,,,,,N,3,0,1,2,A,-,09,21804,A,N,D,G,A,A,H,-,A,D,0,,Y,,,Y,,A,01,0,1,0,0,0,0,1,0,0,"- ","- ",,,"SAN DIEGO","SAN DIEGO",-117.21837853,32.80506243
6429439,2014,2014-06-25,3711,2014-02-02,2042,4576,,7,5,7,3711,0,0,0,,0,515,"K ST","29TH ST",40.00,E,N,B,-,N,,,,,,,,,,N,3,0,1,2,A,-,08,22107,,N,C,G,A,A,H,-,C,D,0,,Y,,,Y,Y,L,04,0,1,0,0,0,0,1,0,0,"- ","- ",,,"SAN DIEGO","SAN DIEGO",-117.13197040999999,32.708468660000001
6429619,2014,2014-07-26,3711,2014-01-26,0905,3661,TRAFF,7,5,7,3711,0,0,0,,0,934,"RUETTE DE MER","CLASS 1 BIKE PATH",85.00,S,N,A,-,N,,,,,,,,,,N,2,0,2,2,B,-,22,,,N,A,G,A,A,H,-,A,D,0,,Y,,,Y,,L,04,1,1,0,0,0,0,2,0,0,"- ","- ",,,"SAN DIEGO","SAN DIEGO",,
6431614,2013,2014-05-14,3711,2013-12-27,1457,6694,,5,5,7,3711,0,0,0,,0,712,"CAMINO DE LA PLAZA","VIA NACIONAL",96.00,W,N,A,-,N,,,,,,,,,,N,3,0,2,2,A,-,04,21703,,N,C,G,A,A,H,-,A,D,0,,Y,,,Y,,-,"- ",0,2,0,0,0,0,2,0,0,"- ","- ",,,"SAN DIEGO","SAN DIEGO",-117.0392123,32.545424699999998
6433211,2014,2014-07-01,3711,2014-03-01,1116,7100,,6,5,7,3711,0,0,0,,0,822,"54TH ST","TROJAN AV",0.00,N,N,B,-,N,,,,,,,,,,N,4,0,1,2,A,-,17,21451,A,N,G,B,B,B,H,-,A,A,0,Y,,,,Y,,-,,0,0,1,0,1,0,0,0,0,"- ","- ",,,"SAN DIEGO","SAN DIEGO",-117.07940003,32.754870060000002
6439824,2014,2014-06-27,3711,2014-03-19,1649,5114,,3,5,7,3711,0,0,0,,0,234,"BERNARDO HEIGHTS PKWY","POMERADO RD",70.00,W,N,A,-,N,,,,,,,,,,N,4,0,1,2,A,-,10,21950,A,N,A,B,D,A,H,-,A,D,0,Y,,,,Y,,-,,0,0,1,0,1,0,0,0,0,"- ","- ",,,"SAN DIEGO","SAN DIEGO",-117.05843747,33.001534640000003
6439834,2014,2014-06-27,3711,2014-03-22,0137,7078,,6,5,7,3711,0,0,0,,0,122,"INGRAHAM ST","REED AV",78.00,N,N,A,-,N,,,,,,,,,,N,3,0,1,2,A,-,11,21954,A,M,G,B,E,A,H,-,C,A,0,Y,,,,Y,Y,N,60,0,1,0,0,1,0,0,0,0,"- ","- ",,,"SAN DIEGO","SAN DIEGO",-117.23974228,32.796134790000004
6439853,2014,2014-06-30,3711,2014-03-14,0945,7067,,5,5,7,3711,0,0,0,,0,627,"4TH AV","5TH AV",2.00,S,N,A,-,N,,,,,,,,,,N,3,0,1,2,A,-,08,22107,,N,B,G,A,A,H,-,A,A,0,,Y,,,Y,,-,,0,1,0,0,0,0,1,0,0,"- ","- ",,,"SAN DIEGO","SAN DIEGO",-117.16162004,32.751234519999997
6439897,2014,2014-06-30,3711,2014-03-18,0820,4885,,2,5,7,3711,0,0,0,,0,242,"MIRA MESA BL","BLACK MOUNTAIN RD",510.00,E,N,A,-,N,,,,,,,,,,N,3,0,1,2,A,-,11,21955,,N,G,B,D,A,H,-,A,D,0,Y,,,,Y,,N,60,0,1,0,0,1,0,0,0,0,"- ","- ",,,"SAN DIEGO","SAN DIEGO",-117.12323419000001,32.917245350000002