CASE_ID,ACCIDENT_YEAR,PROC_DATE,JURIS,COLLISION_DATE,COLLISION_TIME,OFFICER_ID,REPORTING_DISTRICT,DAY_OF_WEEK,CHP_SHIFT,POPULATION,CNTY_CITY_LOC,SPECIAL_COND,BEAT_TYPE,CHP_BEAT_TYPE,CITY_DIVISION_LAPD,CHP_BEAT_CLASS,BEAT_NUMBER,PRIMARY_RD,SECONDARY_RD,DISTANCE,DIRECTION,INTERSECTION,WEATHER_1,WEATHER_2,STATE_HWY_IND,CALTRANS_COUNTY,CALTRANS_DISTRICT,STATE_ROUTE,ROUTE_SUFFIX,POSTMILE_PREFIX,POSTMILE,LOCATION_TYPE,RAMP_INTERSECTION,SIDE_OF_HWY,TOW_AWAY,COLLISION_SEVERITY,NUMBER_KILLED,NUMBER_INJURED,PARTY_COUNT,PRIMARY_COLL_FACTOR,PCF_CODE_OF_VIOL,PCF_VIOL_CATEGORY,PCF_VIOLATION,PCF_VIOL_SUBSECTION,HIT_AND_RUN,TYPE_OF_COLLISION,MVIW,PED_ACTION,ROAD_SURFACE,ROAD_COND_1,ROAD_COND_2,LIGHTING,CONTROL_DEVICE,CHP_ROAD_TYPE,PEDESTRIAN_ACCIDENT,BICYCLE_ACCIDENT,MOTORCYCLE_ACCIDENT,TRUCK_ACCIDENT,NOT_PRIVATE_PROPERTY,ALCOHOL_INVOLVED,STWD_VEHTYPE_AT_FAULT,CHP_VEHTYPE_AT_FAULT,COUNT_SEVERE_INJ,COUNT_VISIBLE_INJ,COUNT_COMPLAINT_PAIN,COUNT_PED_KILLED,COUNT_PED_INJURED,COUNT_BICYCLIST_KILLED,COUNT_BICYCLIST_INJURED,COUNT_MC_KILLED,COUNT_MC_INJURED,PRIMARY_RAMP,SECONDARY_RAMP,LATITUDE,LONGITUDE,COUNTY,CITY,POINT_X,POINT_Y
6442894,2014,2014-07-02,3711,2014-03-24,1345,6146,,1,5,7,3711,0,0,0,,0,233,"CARMEL MOUNTAIN RD","PASEO CARDIEL",31.00,E,N,B,-,N,,,,,,,,,,N,3,0,1,1,A,-,03,22350,,N,E,G,A,A,H,-,A,A,0,,Y,,,Y,,L,04,0,1,0,0,0,0,1,0,0,"- ","- ",,,"SAN DIEGO","SAN DIEGO",-117.11348036,32.960842460000002
6442937,2014,2015-08-14,3711,2014-03-27,0719,6958,SANDI,4,5,7,3711,0,0,0,,0,624,"EL CAJON BL",LOUISIANA,112.00,E,N,F,-,N,,,,,,,,,,N,4,0,1,2,A,-,"- ",,,N,G,B,D,A,H,-,A,A,0,Y,,,,Y,,N,60,0,0,1,0,1,0,0,0,0,"- ","- ",,,"SAN DIEGO","SAN DIEGO",-117.13970693,32.755372979999997
6442949,2014,2014-07-16,3711,2014-03-29,1354,4274,,6,5,7,3711,0,0,0,,0,313,"CONVOY ST","ENGINEER RD",85.00,N,N,B,-,N,,,,,,,,,,N,4,0,1,2,A,-,08,22107,,M,B,G,A,A,H,-,A,D,0,,Y,,,Y,,-,,0,0,1,0,0,0,1,0,0,"- ","- ",,,"SAN DIEGO","SAN DIEGO",-117.15417660999999,32.826992250000004
6442978,2014,2014-07-02,3711,2014-03-25,1006,6044,3711,2,5,7,3711,0,0,0,,0,124,"LA JOLLA BL","BONAIR WY",99.00,N,N,A,-,N,,,,,,,,,,N,3,0,1,2,A,-,09,21801,A,N,D,G,A,A,H,-,A,A,0,,Y,,,Y,,-,,0,1,0,0,0,0,1,0,0,"- ","- ",,,"SAN DIEGO","SAN DIEGO",-117.27645459999999,32.831403809999998
6443022,2014,2014-07-02,3711,2014-03-18,1950,6750,,2,5,7,3711,0,0,0,,0,831,"ORANGE AV","44TH ST",9.00,W,N,A,-,N,,,,,,,,,,Y,2,0,1,2,A,-,10,21950,A,N,G,B,D,A,H,-,C,D,0,Y,,,,Y,Y,N,60,1,0,0,0,1,0,0,0,0,"- ","- ",,,"SAN DIEGO","SAN DIEGO",-117.09979917,32.753160000000001
6443317,2014,2014-07-22,3711,2014-04-04,0754,7021,,5,5,7,3711,0,0,0,,0,934,"CARMEL VIEW RD","CARMEL GROVE RD",0.00,,Y,B,-,N,,,,,,,,,,N,3,0,1,2,A,-,09,21802,A,N,B,G,A,A,H,-,A,A,0,,Y,,,Y,,-,,0,1,0,0,0,0,1,0,0,"- ","- ",,,"SAN DIEGO","SAN DIEGO",-117.23245011,32.942440050000002
6443764,2014,2014-07-03,3711,2014-03-28,2034,5051,615,5,5,7,3711,0,0,0,,0,615,"ROSECRANS ST","NORTH HARBOR DR",96.00,N,N,A,-,N,,,,,,,,,,N,2,0,2,2,A,-,11,21954,A,N,G,B,D,A,H,-,C,D,0,Y,,,,Y,Y,N,60,1,1,0,0,1,0,0,0,0,"- ","- ",,,"SAN DIEGO","SAN DIEGO",-117.22771471,32.726391169999999
6443784,2014,2014-07-03,3711,2014-03-17,2259,4823,SANDI,1,5,7,3711,0,0,0,,0,613,"MIDWAY DR","DUKE ST",297.00,E,N,B,-,N,,,,,,,,,,N,2,0,1,2,A,-,08,22107,,F,C,G,A,A,H,-,C,D,0,,Y,,,Y,,L,04,1,0,0,0,0,0,1,0,0,"- ","- ",,,"SAN DIEGO","SAN DIEGO",-117.21711811999999,32.753332450000002
6447156,2014,2014-07-17,3711,2014-04-08,0745,6208,SANDI,2,5,7,3711,0,0,0,,0,615,"ROSECRANS ST","JARVIS ST",87.00,S,N,A,-,N,,,,,,,,,,N,3,0,1,1,C,-,18,,,N,H,G,A,A,A,-,A,D,0,,Y,,,Y,,-,"- ",0,1,0,0,0,0,1,0,0,"- ","- ",,,"SAN DIEGO","SAN DIEGO",-117.22703636,32.72719755
6449046,2014,2014-07-03,3711,2014-03-14,2351,5985,,5,5,7,3711,0,0,0,,0,523,"4TH AV","MARKET ST",0.00,,Y,B,-,N,,,,,,,,,,N,4,0,1,2,A,-,10,21950,A,N,G,B,B,A,H,-,C,A,0,Y,,,,Y,Y,A,01,0,0,1,0,1,0,0,0,0,"- ","- ",,,"SAN DIEGO","SAN DIEGO",-117.16106003,32.711470079999998
6449058,2014,2014-07-03,3711,2014-03-15,1247,6146,,6,5,7,3711,0,0,0,,0,242,"MIRA MESA BL","BLACK MOUNTAIN RD",198.00,E,N,A,-,N,,,,,,,,,,N,4,0,1,2,A,-,10,21952,,N,G,B,D,A,H,-,A,D,0,Y,,,,Y,,A,01,0,0,1,0,1,0,0,0,0,"- ","- ",,,"SAN DIEGO","SAN DIEGO",-117.12424743,32.91724
6449067,2014,2014-07-03,3711,2014-03-10,2122,HB5372,,1,5,7,3711,0,0,0,,0,504,"NORTH HARBOR DR","ASH ST",695.00,S,N,A,-,N,,,,,,,,,,N,3,0,1,2,A,-,11,21950,B,N,G,B,B,A,H,-,C,A,0,Y,,,,Y,,N,60,0,1,0,0,1,0,0,0,0,"- ","- ",,,"SAN DIEGO","SAN DIEGO",-117.17310000000001,32.717936260000002
6449070,2014,2014-07-03,3711,2014-03-05,1413,5498,,3,5,7,3711,0,0,0,,0,241,"RED CEDAR DR","RANCH VIEW DR",170.00,,N,B,-,N,,,,,,,,,,N,2,0,1,2,A,-,10,21950,A,N,G,B,C,A,H,-,A,D,0,Y,,,,Y,,A,01,1,0,0,0,1,0,0,0,0,"- ","- ",,,"SAN DIEGO","SAN DIEGO",-117.09907002999999,32.91004006
6449097,2014,2014-07-08,3711,2014-03-15,1745,6430,SANDI,6,5,7,3711,0,0,0,,0,122,"MISSION BL","FELSPAR ST",40.00,N,N,A,-,N,,,,,,,,,,N,3,0,1,2,A,-,09,21801,A,N,B,G,A,A,H,-,A,A,0,,Y,,,Y,,-,,0,1,0,0,0,0,1,0,0,"- ","- ",,,"SAN DIEGO","SAN DIEGO",-117.25579385,32.797585789999999
6449101,2014,2014-07-03,3711,2014-03-14,0725,7026,,5,5,7,3711,0,0,0,,0,122,"INGRAHAM ST","INGRAHAM ST 4500",10.00,E,N,A,-,N,,,,,,,,,,N,4,0,1,2,A,-,08,22107,,M,G,B,B,A,H,-,A,A,0,Y,,,,Y,,-,,0,0,1,0,1,0,0,0,0,"- ","- ",,,"SAN DIEGO","SAN DIEGO",,
6449104,2014,2014-07-08,3711,2014-03-14,1059,6276,,5,5,7,3711,0,0,0,,0,614,"BRIGHTON AV","SPRAY ST",126.00,E,N,A,-,N,,,,,,,,,,N,3,0,1,2,A,-,17,22517,,N,H,G,A,A,H,-,A,D,0,,Y,,,Y,,-,,0,1,0,0,0,0,1,0,0,"- ","- ",,,"SAN DIEGO","SAN DIEGO",-117.25133595,32.752179810000001
6449107,2014,2014-07-08,3711,2014-03-14,1805,6262,,5,5,7,3711,0,0,0,,0,838,"33RD ST","ORANGE ST",0.00,,Y,A,-,N,,,,,,,,,,N,4,0,1,2,A,-,09,21800,A,N,D,G,A,A,H,-,A,D,0,,Y,,,Y,,L,04,0,0,1,0,0,0,1,0,0,"- ","- ",,,"SAN DIEGO","SAN DIEGO",-117.12294011,32.753320010000003
6449114,2014,2014-07-08,3711,2014-03-11,0740,6801,,2,5,7,3711,0,0,0,,0,437,"SOUTH WOODMAN ST","S WOODMAN ST 1700",4.00,E,N,A,-,N,,,,,,,,,,N,3,0,1,2,A,-,10,21950,A,M,G,B,B,A,H,-,A,A,0,Y,,,,Y,,-,,0,1,0,0,1,0,0,0,0,"- ","- ",,,"SAN DIEGO","SAN DIEGO",,
6449118,2014,2015-08-14,3711,2014-03-09,0530,5588,,7,5,7,3711,0,0,0,,0,326,"MONTEZUMA RD","55TH ST",18.00,W,N,A,-,N,,,,,,,,,,N,4,0,1,2,A,-,11,21456,B,N,G,B,B,A,H,-,C,A,0,Y,,,,Y,Y,-,"- ",0,0,1,0,1,0,0,0,0,"- ","- ",,,"SAN DIEGO","SAN DIEGO",-117.07631832,32.770711749999997
6450994,2014,2015-08-14,3711,2014-03-25,1833,5133,,2,5,7,3711,0,0,0,,0,,"DATE ST","ALTADENA AV",528.00,W,N,A,-,N,,,,,,,,,,N,3,0,1,2,A,-,08,22107,,N,G,B,E,A,H,-,A,D,0,Y,,,,Y,,-,,0,1,0,0,1,0,0,0,0,"- ","- ",,,"SAN DIEGO","SAN DIEGO",-117.08788091,32.722717410000001
6450995,2014,2014-07-03,3711,2014-03-10,0910,5813,PACIF,1,5,7,3711,0,0,0,,0,122,"MORRELL ST","GRAND AV",0.00,,Y,A,-,N,,,,,,,,,,N,4,0,1,2,A,-,17,21208,A,N,D,G,A,-,H,-,A,A,0,,Y,,,Y,,L,04,0,0,1,0,0,0,1,0,0,"- ","- ",,,"SAN DIEGO","SAN DIEGO",-117.23293013999999,32.799550009999997
6450996,2014,2014-07-03,3711,2014-03-25,0626,6483,,2,5,7,3711,0,0,0,,0,839,"UNIVERSITY AV","SWIFT AV",0.00,,Y,B,-,N,,,,,,,,,,N,3,0,1,2,A,-,10,21950,A,N,A,B,B,A,H,-,B,A,0,Y,,,,Y,,-,,0,1,0,0,1,0,0,0,0,"- ","- ",,,"SAN DIEGO","SAN DIEGO",-117.11928004000001,32.749770030000001
6452745,2014,2014-07-19,3711,2014-03-30,1209,5864,,7,5,7,3711,0,0,0,,0,627,"6TH AV","PENNSYLVANIA AV",92.00,N,N,A,-,N,,,,,,,,,,,4,0,2,3,A,-,08,22107,,N,B,B,A,A,H,-,A,D,0,,,,,Y,,-,,0,0,2,0,0,0,0,0,0,"- ","- ",,,"SAN DIEGO","SAN DIEGO",-117.15954212,32.745380920000002
6452895,2014,2014-07-17,3711,2014-04-15,1541,5787,,2,5,7,3711,0,0,0,,0,122,"GARNET AV","LAMONT ST",147.00,E,N,A,-,N,,,,,,,,,,N,3,0,1,2,A,-,09,21804,A,N,D,G,A,A,H,-,A,D,0,,Y,,,Y,,-,"- ",0,1,0,0,0,0,1,0,0,"- ","- ",,,"SAN DIEGO","SAN DIEGO",-117.23485709000001,32.801116649999997
6452896,2014,2014-07-09,3711,2014-04-11,0222,3792,3711,5,5,7,3711,0,0,0,,0,524,"5TH AV",BROADWAY,0.00,,Y,A,-,N,,,,,,,,,,N,3,0,1,2,A,-,11,21954,A,N,G,B,D,A,H,-,C,A,0,Y,,,,Y,Y,N,60,0,1,0,0,1,0,0,0,0,"- ","- ",,,"SAN DIEGO","SAN DIEGO",-117.16015007,32.715710090000002
6459446,2014,2014-08-05,3711,2014-05-17,2000,6400,,6,5,7,3711,0,0,0,,0,615,"W HARBOR BL",ROSECRANS,9.00,W,N,B,-,N,,,,,,,,,,N,4,0,1,2,A,-,11,21950,B,N,G,B,B,A,H,-,D,A,0,Y,,,,Y,,N,60,0,0,1,0,1,0,0,0,0,"- ","- ",,,"SAN DIEGO","SAN DIEGO",-117.22790000000001,32.726179999999999
6459499,2014,2014-07-31,3711,2014-05-13,1331,6756,,2,5,7,3711,0,0,0,,0,122,"FELSPAR ST","GRESHAM ST",39.00,E,N,A,-,N,,,,,,,,,,N,3,0,1,2,A,-,12,22450,A,N,B,G,A,A,H,-,A,D,0,,Y,,,Y,,-,"- ",0,1,0,0,0,0,1,0,0,"- ","- ",,,"SAN DIEGO","SAN DIEGO",-117.24466781,32.799897680000001
6459751,2014,2014-07-29,3711,2014-05-12,1610,6992,,1,5,7,3711,0,0,0,,0,521,"14TH ST","J ST",100.00,N,N,A,-,N,,,,,,,,,,,4,0,1,2,A,-,08,22100,B,N,D,G,A,A,H,-,A,D,0,,Y,,,Y,,-,,0,0,1,0,0,0,1,0,0,"- ","- ",,,"SAN DIEGO","SAN DIEGO",-117.15188999999999,32.709703939999997
6466792,2014,2016-03-24,9645,2014-04-04,0640,016542,,5,1,7,3711,0,1,1,,2,007,"RT 5","GENESEE AV",316.00,S,N,A,-,Y,SD,11,5,-,R,29.632,R,2,S,N,4,0,1,2,A,-,03,22350,,N,C,G,A,A,H,-,A,D,1,,Y,,,Y,,A,07,0,0,1,0,0,0,1,0,0,TO,"- ",32.887599999999999,-117.22855,"SAN DIEGO","SAN DIEGO",-117.22764788000001,32.889583829999999
6467620,2014,2014-07-22,3711,2014-04-10,1110,4885,,4,5,7,3711,0,0,0,,0,243,"ACTIVITY RD","BLACK MOUNTAIN RD",0.00,,Y,A,-,N,,,,,,,,,,N,4,0,1,2,A,-,11,21950,B,N,G,B,B,A,H,-,A,A,0,Y,,,,Y,,N,60,0,0,1,0,1,0,0,0,0,"- ","- ",,,"SAN DIEGO","SAN DIEGO",-117.12335007999999,32.89703007
6467643,2014,2014-07-22,3711,2014-04-11,1600,6936,,5,5,7,3711,0,0,0,,0,613,"VENICE ST","VOLTAIRE ST",6.00,N,N,A,-,N,,,,,,,,,,N,3,0,1,2,A,-,09,21804,A,N,D,G,A,A,H,-,A,A,0,,Y,,,Y,,L,04,0,1,0,0,0,0,1,0,0,"- ","- ",,,"SAN DIEGO","SAN DIEGO",-117.23595,32.745339999999999
6467647,2014,2014-07-22,3711,2014-04-12,1729,7023,,6,5,7,3711,0,0,0,,0,611,"SPORTS ARENA BL","EAST DR",300.00,,N,A,-,N,,,,,,,,,,N,3,0,1,2,A,-,17,21200,A,N,D,G,A,A,H,-,A,D,0,,Y,,,Y,,L,04,0,1,0,0,0,0,1,0,0,"- ","- ",,,"SAN DIEGO","SAN DIEGO",-117.20834006,32.752980090000001
6467672,2014,2014-07-22,3711,2014-04-06,1642,4656,,7,5,7,3711,0,0,0,,0,234,"POMERADO RD","POMERADO CT",121.00,,N,A,-,N,,,,,,,,,,Y,2,0,1,2,A,-,08,22107,,F,C,G,A,A,H,-,A,D,0,,Y,,,Y,Y,A,01,1,0,0,0,0,0,1,0,0,"- ","- ",,,"SAN DIEGO","SAN DIEGO",-117.06080000999999,33.022540020000001
6474655,2014,2014-07-24,9645,2014-04-23,1617,15580,,3,2,7,3711,1,4,S,,2,901,"NAUTILUS ST","DRAPER AV",260.00,E,N,A,-,N,,,,,,,,,,N,3,0,1,3,A,-,15,21201,A,N,G,B,G,A,H,-,A,A,0,Y,Y,,,Y,,L,04,0,1,0,0,1,0,0,0,0,"- ","- ",32.832659999999997,-117.27330000000001,"SAN DIEGO","SAN DIEGO",-117.27334679000001,32.832569759999998
6476998,2014,2014-07-15,3711,2014-04-28,2115,7145,,1,5,7,3711,0,0,0,,0,521,"17TH ST","IMPERIAL AV",5.00,N,N,A,-,N,,,,,,,,,,N,4,0,1,2,A,-,10,21950,A,N,G,B,B,A,H,-,C,A,0,Y,,,,Y,,A,01,0,0,1,0,1,0,0,0,0,"- ","- ",,,"SAN DIEGO","SAN DIEGO",-117.1485103,32.706283689999999
6477006,2014,2016-03-28,3711,2014-04-30,1851,7083,,3,5,7,3711,0,0,0,,0,836,"CAMINO DEL SUR","RT 56",3.00,N,N,A,-,Y,SD,11,56,-,-,6.311,R,4,W,N,3,0,1,2,A,-,09,21453,B,N,D,G,A,A,H,-,A,A,0,,Y,,,Y,,A,01,0,1,0,0,0,0,1,0,0,"- ",WF,,,"SAN DIEGO","SAN DIEGO",-117.15030539,32.957080820000002
6480197,2014,2014-07-23,3711,2014-04-24,0915,7067,,4,5,7,3711,0,0,0,,0,122,"BERYL ST","JEWELL ST",225.00,E,N,A,-,N,,,,,,,,,,N,3,0,1,3,A,-,17,22517,,N,B,G,A,A,H,-,A,A,0,,Y,,,Y,,-,,0,1,0,0,0,0,1,0,0,"- ","- ",,,"SAN DIEGO","SAN DIEGO",-117.24028361000001,32.806885250000001
6480258,2014,2014-07-30,3711,2014-04-23,2218,4310,,3,5,7,3711,0,0,0,,0,521,"MARKET ST","16TH ST",0.00,,Y,A,-,N,,,,,,,,,,N,3,0,1,2,A,-,10,21950,A,N,G,B,B,A,H,-,C,A,0,Y,,,,Y,,A,07,0,1,0,0,1,0,0,0,0,"- ","- ",,,"SAN DIEGO","SAN DIEGO",-117.14945001,32.711530009999997
6480260,2014,2015-09-24,3711,2014-04-21,2017,3945,,1,5,7,3711,0,0,0,,0,723,"PALM AV","PICADOR BL",429.00,E,N,A,-,N,,,,,,,,,,N,3,0,1,2,A,-,09,21801,A,N,D,G,A,A,H,-,C,D,0,,Y,,,Y,,-,"- ",0,1,0,0,0,0,1,0,0,"- ","- ",,,"SAN DIEGO","SAN DIEGO",-117.06062258,32.583750000000002
6486028,2014,2014-07-23,3711,2014-05-13,2158,5051,,2,5,7,3711,0,0,0,,0,613,"WEST POINT LOMA BL","TEMECULA ST",15.00,W,N,A,-,N,,,,,,,,,,N,3,0,1,2,A,-,05,21650,1,N,A,G,A,A,H,-,C,D,0,,Y,,,Y,,L,04,0,1,0,0,0,0,1,0,0,"- ","- ",,,"SAN DIEGO","SAN DIEGO",-117.23247849000001,32.752336900000003
6486044,2014,2014-07-23,3711,2014-05-11,0710,7004,501,7,5,7,3711,0,0,0,,0,723,"PALM AV","PALM AV 3500",3.00,S,N,A,-,N,,,,,,,,,,N,4,0,1,2,A,-,09,21801,,N,G,G,A,A,H,-,A,D,0,,Y,,,Y,,-,,0,0,1,0,0,0,1,0,0,"- ","- ",,,"SAN DIEGO","SAN DIEGO",,
6486109,2014,2015-11-19,9645,2014-05-10,0000,018446,,6,3,7,3711,0,1,3,,2,016,"RT 52","MAST BL",2000.00,W,N,A,-,N,,,52,,,,,,,N,2,0,2,2,A,-,03,22350,,N,C,G,A,A,H,-,A,D,0,,Y,,,Y,,L,04,1,1,0,0,0,0,2,0,0,"- ","- ",32.851430000000001,-117.03904,"SAN DIEGO","SAN DIEGO",-117.03905627,32.851326329999999
6491498,2014,2014-07-29,3711,2014-05-17,0202,6971,MC1,6,5,7,3711,0,0,0,,0,821,"EL CAJON BL","62ND ST",30.00,E,N,A,-,N,,,,,,,,,,N,4,0,1,2,A,-,11,21456,B,N,G,B,D,A,H,-,C,A,0,Y,,,,Y,Y,N,60,0,0,1,0,1,0,0,0,0,"- ","- ",,,"SAN DIEGO","SAN DIEGO",-117.06451808,32.762984279999998
6491797,2014,2014-07-17,3711,2014-04-26,1735,6251,MIDCI,6,5,7,3711,0,0,0,,0,1735,"UNIVERSITY AV","58TH ST",9.00,E,N,A,-,N,,,,,,,,,,N,4,0,1,2,A,-,10,21950,A,N,G,B,B,A,H,-,A,A,0,Y,,,,Y,,-,,0,0,1,0,1,0,0,0,0,"- ","- ",,,"SAN DIEGO","SAN DIEGO",-117.07284572,32.749153659999998
6495410,2014,2014-07-30,3711,2014-05-25,2303,7114,,7,5,7,3711,0,0,0,,0,813,"REDWOOD AV","GRANADA AV",0.00,,Y,A,-,N,,,,,,,,,,N,4,0,1,2,A,-,12,22450,A,N,B,G,A,A,H,-,C,-,0,,Y,,,Y,,L,04,0,0,1,0,0,0,1,0,0,"- ","- ",,,"SAN DIEGO","SAN DIEGO",-117.13252002999999,32.73742008
6495442,2014,2016-02-06,3711,2014-05-27,1110,5838,,2,5,7,3711,0,0,0,,0,721,"RT 5","PALM AV",7.00,N,N,A,-,Y,SD,11,5,-,-,4.848,R,1,S,N,3,0,1,2,D,-,00,,,N,G,B,B,A,H,-,A,A,0,Y,,,,Y,,-,"- ",0,1,0,0,1,0,0,0,0,SF,"- ",,,"SAN DIEGO","SAN DIEGO",-117.0877309,32.586861849999998
6495499,2014,2016-02-17,3711,2014-05-28,2023,6424,,3,5,7,3711,0,0,0,,0,233,"CARMEL MOUNTAIN RD","RT 15",10.00,E,N,A,-,Y,SD,11,15,-,M,20.772,R,1,S,N,3,0,1,2,A,-,"- ",,,N,G,B,B,A,H,-,C,D,0,Y,,,,Y,,-,,0,1,0,0,1,0,0,0,0,"- ",SF,,,"SAN DIEGO","SAN DIEGO",-117.08513172000001,32.98130243
6495515,2014,2014-07-25,3711,2014-05-28,0943,5300,,3,5,7,3711,0,0,0,,0,618,"FROUDE ST","TIVOLI ST",0.00,,Y,B,-,N,,,,,,,,,,N,3,0,1,2,A,-,09,21803,A,N,D,G,A,A,H,-,A,A,0,,Y,,,Y,,L,04,0,1,0,0,0,0,1,0,0,"- ","- ",,,"SAN DIEGO","SAN DIEGO",-117.25258012,32.732830010000001
6501154,2014,2014-08-04,3711,2014-05-16,1409,6831,,5,5,7,3711,0,0,0,,0,722,"CORONADO AV","ATWATER ST",3.00,W,N,B,-,N,,,,,,,,,,N,4,0,1,2,A,-,05,21650,,N,D,G,A,A,H,-,A,D,0,,Y,,,Y,,L,04,0,0,1,0,0,0,1,0,0,"- ","- ",,,"SAN DIEGO","SAN DIEGO",-117.09957970000001,32.576500160000002
6502357,2014,2014-07-31,3711,2014-05-30,0841,6371,C1,5,5,7,3711,0,0,0,,0,521,BROADWAY,"11TH AV",0.00,,Y,A,-,N,,,,,,,,,,N,4,0,1,2,A,-,06,21755,,N,B,G,A,A,D,-,A,A,0,,Y,,,Y,,L,04,0,0,1,0,0,0,1,0,0,"- ","- ",,,"SAN DIEGO","SAN DIEGO",-117.15473013,32.715740029999999
6504276,2014,2014-07-28,3711,2014-05-24,0111,6960,,6,5,7,3711,0,0,0,,0,122,"MISSION BL","GRAND AV",16.00,N,N,A,-,N,,,,,,,,,,N,3,0,2,3,A,-,11,21456,B,N,G,B,B,A,H,-,C,A,0,Y,,,,Y,Y,N,60,0,2,0,0,2,0,0,0,0,"- ","- ",,,"SAN DIEGO","SAN DIEGO",-117.25493378,32.794752260000003
6505565,2014,2014-07-28,3711,2014-05-30,1657,6517,,5,5,7,3711,0,0,0,,0,242,"MIRA MESA BL","PARKDALE AV",3.00,W,N,A,-,N,,,,,,,,,,N,3,0,1,2,A,-,05,21650,,M,D,G,A,A,H,-,A,A,0,,Y,,,Y,,L,04,0,1,0,0,0,0,1,0,0,"- ","- ",,,"SAN DIEGO","SAN DIEGO",-117.15560854,32.910636050000001
6505598,2014,2014-07-28,3711,2014-05-30,2010,6632,MC2,5,5,7,3711,0,0,0,,0,838,"UNIVERSITY AV","33RD ST",140.00,E,N,A,-,N,,,,,,,,,,N,4,0,1,2,B,-,22,,,N,D,G,A,A,H,-,B,D,0,,Y,,,Y,,L,04,0,0,1,0,0,0,1,0,0,"- ","- ",,,"SAN DIEGO","SAN DIEGO",-117.12154642,32.748892720000001
6505609,2014,2014-07-28,3711,2014-05-28,1530,7001,,3,5,7,3711,0,0,0,,0,613,"ROSECRANS ST",MIDWAY,7.00,N,N,A,-,N,,,,,,,,,,N,4,0,1,2,A,-,"- ",,,N,G,B,B,A,H,-,A,A,0,Y,,,,Y,,-,,0,0,1,0,1,0,0,0,0,"- ","- ",,,"SAN DIEGO","SAN DIEGO",-117.20615693000001,32.749715680000001
6505610,2014,2014-07-28,3711,2014-05-23,0840,6640,SANDI,5,5,7,3711,0,0,0,,0,312,"SANTO RD",REMORA,18.00,S,N,B,-,N,,,,,,,,,,N,3,0,1,2,A,-,09,21801,A,N,D,G,A,A,H,-,A,D,0,,Y,,,Y,,-,,0,1,0,0,0,0,1,0,0,"- ","- ",,,"SAN DIEGO","SAN DIEGO",-117.10297052,32.830853840000003
6505844,2014,2014-07-25,3711,2014-05-21,1540,4940,,3,5,7,3711,0,0,0,,0,234,"PASEO LUCIDO","CALLE SAUCILLO",6.00,S,N,A,-,N,,,,,,,,,,N,3,0,1,2,A,-,10,21950,A,M,G,B,B,A,H,-,A,A,0,Y,,,,Y,,-,,0,1,0,0,1,0,0,0,0,"- ","- ",,,"SAN DIEGO","SAN DIEGO",-117.0678944,32.996873989999997
6508593,2014,2014-07-31,3711,2014-05-04,1015,7149,SANDI,7,5,7,3711,0,0,0,,0,311,"KEARNY VILLA RD","AERO DR",15.00,S,N,A,-,N,,,,,,,,,,N,4,0,1,2,A,-,10,21950,A,N,D,B,B,A,H,-,A,A,0,Y,,,,Y,Y,-,,0,0,1,0,1,0,0,0,0,"- ","- ",,,"SAN DIEGO","SAN DIEGO",-117.15094562,32.810035069999998
6508602,2014,2014-07-31,3711,2014-05-03,1020,6961,,6,5,7,3711,0,0,0,,0,521,"MARKET ST","14TH ST",12.00,E,N,A,-,N,,,,,,,,,,N,3,0,1,2,A,-,11,21456,,N,G,B,B,A,H,-,A,A,0,Y,,,,Y,,N,60,0,1,0,0,1,0,0,0,0,"- ","- ",,,"SAN DIEGO","SAN DIEGO",-117.15187112,32.71153975
6508898,2014,2014-07-31,3711,2014-05-24,1225,HB4132,,6,5,7,3711,0,0,0,,0,504,"NORTH HARBOR DR",BROADWAY,300.00,S,N,A,-,N,,,,,,,,,,N,4,0,1,2,D,-,00,,,N,G,B,E,A,D,-,A,D,0,Y,,,,Y,,-,"- ",0,0,1,0,1,0,0,0,0,"- ","- ",,,"SAN DIEGO","SAN DIEGO",-117.17313867,32.714878319999997
6509506,2014,2014-08-05,3711,2014-05-03,0049,5051,,6,5,7,3711,0,0,0,,0,611,"NORTH HARBOR DR","LANNING RD",84.00,W,N,A,-,N,,,,,,,,,,N,3,0,1,2,A,-,11,21954,A,N,G,B,D,A,H,-,C,D,0,Y,,,,Y,Y,N,60,0,1,0,0,1,0,0,0,0,"- ","- ",,,"SAN DIEGO","SAN DIEGO",-117.21848971999999,32.727146490000003
6510654,2014,2014-08-29,3711,2014-06-03,1515,7084,,2,5,7,3711,0,0,0,,0,712,"WEST SAN YSIDRO BL","DAIRY MART RD",15.00,W,N,A,-,N,,,,,,,,,,N,3,0,1,2,A,-,11,21456,B,N,G,B,B,A,H,-,A,A,0,Y,,,,Y,,N,60,0,1,0,0,1,0,0,0,0,"- ","- ",,,"SAN DIEGO","SAN DIEGO",-117.06245502,32.559645320000001
6510661,2014,2014-08-23,3711,2014-06-02,0810,6009,EASTE,1,5,7,3711,0,0,0,,0,322,"PRINCESS VIEW DR",GLENROY,0.00,,Y,A,-,N,,,,,,,,,,N,4,0,1,2,A,-,12,21453,A,N,B,G,A,A,H,-,A,A,0,,Y,,,Y,,-,,0,0,1,0,0,0,1,0,0,"- ","- ",,,"SAN DIEGO","SAN DIEGO",-117.07654001,32.797870039999999