CASE_ID,ACCIDENT_YEAR,PROC_DATE,JURIS,COLLISION_DATE,COLLISION_TIME,OFFICER_ID,REPORTING_DISTRICT,DAY_OF_WEEK,CHP_SHIFT,POPULATION,CNTY_CITY_LOC,SPECIAL_COND,BEAT_TYPE,CHP_BEAT_TYPE,CITY_DIVISION_LAPD,CHP_BEAT_CLASS,BEAT_NUMBER,PRIMARY_RD,SECONDARY_RD,DISTANCE,DIRECTION,INTERSECTION,WEATHER_1,WEATHER_2,STATE_HWY_IND,CALTRANS_COUNTY,CALTRANS_DISTRICT,STATE_ROUTE,ROUTE_SUFFIX,POSTMILE_PREFIX,POSTMILE,LOCATION_TYPE,RAMP_INTERSECTION,SIDE_OF_HWY,TOW_AWAY,COLLISION_SEVERITY,NUMBER_KILLED,NUMBER_INJURED,PARTY_COUNT,PRIMARY_COLL_FACTOR,PCF_CODE_OF_VIOL,PCF_VIOL_CATEGORY,PCF_VIOLATION,PCF_VIOL_SUBSECTION,HIT_AND_RUN,TYPE_OF_COLLISION,MVIW,PED_ACTION,ROAD_SURFACE,ROAD_COND_1,ROAD_COND_2,LIGHTING,CONTROL_DEVICE,CHP_ROAD_TYPE,PEDESTRIAN_ACCIDENT,BICYCLE_ACCIDENT,MOTORCYCLE_ACCIDENT,TRUCK_ACCIDENT,NOT_PRIVATE_PROPERTY,ALCOHOL_INVOLVED,STWD_VEHTYPE_AT_FAULT,CHP_VEHTYPE_AT_FAULT,COUNT_SEVERE_INJ,COUNT_VISIBLE_INJ,COUNT_COMPLAINT_PAIN,COUNT_PED_KILLED,COUNT_PED_INJURED,COUNT_BICYCLIST_KILLED,COUNT_BICYCLIST_INJURED,COUNT_MC_KILLED,COUNT_MC_INJURED,PRIMARY_RAMP,SECONDARY_RAMP,LATITUDE,LONGITUDE,COUNTY,CITY,POINT_X,POINT_Y
6510681,2014,2015-09-24,3711,2014-06-03,2030,1735,,2,5,7,3711,0,0,0,,0,122,"MISSION BAY DR","NORTH CURBLINE",0.00,,Y,A,-,N,,,,,,,,,,N,3,0,1,2,A,-,10,21950,A,N,A,B,B,A,H,-,C,A,0,Y,,,,Y,,-,,0,1,0,0,1,0,0,0,0,"- ","- ",,,"SAN DIEGO","SAN DIEGO",,
6510689,2014,2014-08-23,3711,2014-06-04,1041,5923,,3,5,7,3711,0,0,0,,0,614,"VOLTAIRE ST","SUNSET CLIFFS BL",134.00,W,N,A,-,N,,,,,,,,,,N,3,0,1,1,C,-,18,,,N,E,G,A,A,-,-,A,D,0,,Y,,,Y,,-,"- ",0,1,0,0,0,0,1,0,0,"- ","- ",,,"SAN DIEGO","SAN DIEGO",-117.24350681,32.750119429999998
6516354,2014,2014-08-11,3711,2014-06-12,1803,8783,SANDI,4,5,7,3711,0,0,0,,0,529,"5TH AV","FIR ST 500",0.00,,Y,A,-,N,,,,,,,,,,N,4,0,1,2,A,-,11,21950,B,N,G,B,B,A,H,-,A,A,0,Y,,,,Y,Y,N,60,0,0,1,0,1,0,0,0,0,"- ","- ",,,"SAN DIEGO","SAN DIEGO",-117.16025993,32.725110059999999
6516389,2014,2014-08-11,3711,2014-06-06,1140,6372,,5,5,7,3711,0,0,0,,0,827,"WIGHTMAN ST","50TH ST",24.00,E,N,A,-,N,,,,,,,,,,N,4,0,2,4,A,-,17,21461,A,M,B,B,E,A,C,-,A,A,0,Y,,,,Y,,-,,0,0,2,0,1,0,0,0,0,"- ","- ",,,"SAN DIEGO","SAN DIEGO",-117.08692816999999,32.74727524
6518525,2014,2014-08-07,3711,2014-05-29,2040,6576,MIDCI,4,5,7,3711,0,0,0,,0,826,"51ST ST","ORANGE ST",150.00,N,N,A,-,N,,,,,,,,,,N,3,0,1,2,C,-,18,,,N,G,B,D,A,H,-,C,A,0,Y,,,,Y,,-,"- ",0,1,0,0,1,0,0,0,0,"- ","- ",,,"SAN DIEGO","SAN DIEGO",-117.08470337,32.753440830000002
6518612,2014,2014-07-30,3711,2014-05-08,2152,HB5062,,4,5,7,3711,0,0,0,,0,550,"LANING RD","LANING RD 2700",12.00,S,N,A,-,N,,,,,,,,,,N,3,0,1,2,A,-,01,23153,B,N,E,G,A,A,H,-,C,D,0,,Y,,,Y,Y,A,01,0,1,0,0,0,0,1,0,0,"- ","- ",,,"SAN DIEGO","SAN DIEGO",,
6518652,2014,2016-02-06,9645,2014-05-12,0420,19563,,1,3,7,3711,0,1,1,,2,003,"RT 5","1ST AV",5.00,S,N,A,-,Y,SD,11,5,-,R,16.590,H,-,N,N,2,0,1,2,A,-,11,21954,A,N,G,B,E,A,H,-,C,D,1,Y,,,,Y,Y,N,60,1,0,0,0,1,0,0,0,0,TO,"- ",32.723559999999999,-117.16404,"SAN DIEGO","SAN DIEGO",-117.16391470000001,32.723494770000002
6524226,2014,2014-08-06,3711,2014-05-05,1054,6411,SDPD,1,5,7,3711,0,0,0,,0,122,"GARNET AV","MISSION BAY DR",50.00,E,N,B,-,N,,,,,,,,,,N,3,0,1,2,A,-,11,21954,A,N,G,B,D,A,H,-,A,D,0,Y,,,,Y,,N,60,0,1,0,0,1,0,0,0,0,"- ","- ",,,"SAN DIEGO","SAN DIEGO",-117.21881298,32.806184350000002
6524379,2014,2014-08-08,3711,2014-05-27,1310,6852,,2,5,7,3711,0,0,0,,0,324,"LAKE ARROWHEAD DR","LAKE MURRAY BL",0.00,,Y,A,-,N,,,,,,,,,,N,3,0,1,2,A,-,10,21950,A,N,G,B,B,A,H,-,A,A,0,Y,,,,Y,Y,-,,0,1,0,0,1,0,0,0,0,"- ","- ",,,"SAN DIEGO","SAN DIEGO",-117.01307008000001,32.799610039999997
6524387,2014,2014-08-08,3711,2014-05-29,1455,6930,,4,5,7,3711,0,0,0,,0,526,"1ST AV",CEDAR,10.00,E,N,A,-,N,,,,,,,,,,N,4,0,1,2,A,-,11,21456,B,N,G,B,B,A,H,-,A,A,0,Y,,,,Y,,N,60,0,0,1,0,1,0,0,0,0,"- ","- ",,,"SAN DIEGO","SAN DIEGO",-117.16385828999999,32.72198264
6524417,2014,2014-08-04,3711,2014-05-10,2013,7091,,6,5,7,3711,0,0,0,,0,621,"LINDA VISTA RD","ALCALA PKWY",10.00,W,N,A,-,N,,,,,,,,,,Y,3,0,1,2,A,-,11,21950,B,N,G,B,D,A,H,-,C,A,0,Y,,,,Y,Y,N,60,0,1,0,0,1,0,0,0,0,"- ","- ",,,"SAN DIEGO","SAN DIEGO",-117.18600512,32.771279849999999
6524961,2014,2015-04-16,3711,2014-06-09,2050,6827,,1,5,7,3711,0,0,0,,0,834,"UNIVERSITY AV","RT 15",0.00,,Y,B,-,Y,SD,11,15,-,M,4.542,R,4,N,N,3,0,1,2,A,-,10,21950,A,M,G,B,B,A,H,-,C,A,0,Y,,,,Y,,-,,0,1,0,0,1,0,0,0,0,"- ",NF,,,"SAN DIEGO","SAN DIEGO",-117.10858207,32.748209160000002
6524973,2014,2014-08-08,3711,2014-06-05,1615,8783,SANDI,4,5,7,3711,0,0,0,,0,625,"TAYLOR ST","JUAN ST",0.00,,Y,A,-,N,,,,,,,,,,N,3,0,1,2,A,-,09,21804,A,N,D,G,A,A,H,-,A,A,0,,Y,,,Y,Y,L,04,0,1,0,0,0,0,1,0,0,"- ","- ",,,"SAN DIEGO","SAN DIEGO",-117.19860002999999,32.756780069999998
6524977,2014,2014-08-08,3711,2014-06-07,1528,8783,SANDI,6,5,7,3711,0,0,0,,0,524,"8TH AV","F ST",4.00,S,N,A,-,N,,,,,,,,,,N,3,0,1,2,A,-,11,21955,,N,G,B,D,A,H,-,A,D,0,Y,,,,Y,,N,60,0,1,0,0,1,0,0,0,0,"- ","- ",,,"SAN DIEGO","SAN DIEGO",-117.15741989999999,32.713629040000001
6525014,2014,2014-08-11,3711,2014-06-05,1646,6043,,4,5,7,3711,0,0,0,,0,242,"GOLD COAST DR","AMBASSADOR AV",0.00,,Y,A,-,N,,,,,,,,,,N,4,0,1,2,A,-,09,21802,A,N,D,G,A,A,H,-,A,D,0,,Y,,,Y,,A,01,0,0,1,0,0,0,1,0,0,"- ","- ",,,"SAN DIEGO","SAN DIEGO",-117.14724004999999,32.905320039999999
6527304,2014,2014-07-17,3711,2014-04-10,1020,6553,,4,5,7,3711,0,0,0,,0,124,"GILMAN DR","VILLA LA JOLLA DR",600.00,N,N,A,-,N,,,,,,,,,,N,4,0,1,2,A,-,08,22107,,N,B,G,A,A,H,-,A,D,0,,Y,,,Y,,L,04,0,0,1,0,0,0,1,0,0,"- ","- ",,,"SAN DIEGO","SAN DIEGO",-117.23684758,32.865718940000001
6531517,2014,2014-08-08,3711,2014-06-15,1850,5945,626,7,5,7,3711,0,0,0,,0,,KURTZ,"NOELL ST",0.00,,Y,A,-,N,,,,,,,,,,N,4,0,1,2,A,-,11,21954,A,F,A,B,E,A,H,-,A,A,0,Y,,,,Y,,N,60,0,0,1,0,1,0,0,0,0,"- ","- ",,,"SAN DIEGO","SAN DIEGO",-117.18706002,32.74280006
6534854,2014,2014-08-07,3711,2014-05-30,0837,3815,,5,5,7,3711,0,0,0,,0,112,"GENESEE AV","MOUNT ALIFAN DR",0.00,,Y,A,-,N,,,,,,,,,,N,4,0,1,2,A,-,11,21456,B,N,G,B,B,A,H,-,A,A,0,Y,,,,Y,,N,60,0,0,1,0,1,0,0,0,0,"- ","- ",,,"SAN DIEGO","SAN DIEGO",-117.18091006,32.81726012
6538450,2014,2014-08-12,3711,2014-06-27,1327,6855,,5,5,7,3711,0,0,0,,0,611,"SPORTS ARENA BL","ROSECRANS ST",410.00,W,N,A,-,N,,,,,,,,,,N,4,0,1,2,A,-,08,22107,,N,D,G,A,A,H,-,A,D,0,,Y,,,Y,,A,01,0,0,1,0,0,0,1,0,0,"- ","- ",,,"SAN DIEGO","SAN DIEGO",-117.20610141,32.752012460000003
6538478,2014,2014-08-12,3711,2014-06-25,1930,4505,,3,5,7,3711,0,0,0,,0,936,"CAMINO DEL SUR","TORREY MEADOWS DR",0.00,,Y,A,-,N,,,,,,,,,,N,4,0,1,2,A,-,11,21456,B,N,B,G,B,A,H,-,B,A,0,Y,Y,,,Y,,N,60,0,0,1,0,0,0,1,0,0,"- ","- ",,,"SAN DIEGO","SAN DIEGO",-117.15113009,32.963190009999998
6539562,2014,2014-08-28,3711,2014-06-21,0115,5198,,6,5,7,3711,0,0,0,,0,122,"GARNET AV","HAINES ST",0.00,,Y,A,-,N,,,,,,,,,,N,3,0,1,2,A,-,11,21456,B,N,G,B,D,A,H,-,C,A,0,Y,,,,Y,Y,N,60,0,1,0,0,1,0,0,0,0,"- ","- ",,,"SAN DIEGO","SAN DIEGO",-117.24271001,32.799390039999999
6540759,2014,2014-08-06,3711,2014-05-28,2300,7153,S3,3,5,7,3711,0,0,0,,0,724,"OUTER RD","CORONADO AV",0.00,,Y,A,-,N,,,,,,,,,,N,4,0,1,2,D,-,00,,,M,A,B,F,A,H,-,C,D,0,Y,,,,Y,Y,-,"- ",0,0,1,0,1,0,0,0,0,"- ","- ",,,"SAN DIEGO","SAN DIEGO",-117.08050006000001,32.576470120000003
6545009,2014,2014-08-19,3711,2014-06-30,2225,4203,,1,5,7,3711,0,0,0,,0,243,"KEARNY VILLA RD","MIRAMAR WY",1000.00,S,N,A,-,N,,,,,,,,,,N,3,0,1,2,A,-,08,22107,,N,-,G,A,A,H,-,D,D,0,,Y,,,Y,,L,04,0,1,0,0,0,0,1,0,0,"- ","- ",,,"SAN DIEGO","SAN DIEGO",-117.11668581000001,32.877820960000001
6545063,2014,2014-08-18,3711,2014-06-27,1311,5827,,5,5,7,3711,0,0,0,,0,614,"NEWPORT AV","NEWPORT AV 4900",0.00,,Y,A,-,N,,,,,,,,,,N,3,0,1,3,A,-,21,22106,,N,H,B,B,A,H,-,A,D,0,Y,,,,Y,,-,,0,1,0,0,1,0,0,0,0,"- ","- ",,,"SAN DIEGO","SAN DIEGO",-117.24929988,32.745795790000003
6545092,2014,2014-08-20,3711,2014-06-25,2030,6513,,3,5,7,3711,0,0,0,,0,242,"COMPASS POINT DR","COMPASS POINT DR 9500",0.00,,Y,A,-,N,,,,,,,,,,N,3,0,1,2,A,-,09,21802,A,M,D,G,A,A,H,-,C,D,0,,Y,,,Y,,-,99,0,1,0,0,0,0,1,0,0,"- ","- ",,,"SAN DIEGO","SAN DIEGO",,
6555875,2014,2014-09-12,3711,2014-07-27,1521,4656,SANDI,7,5,7,3711,0,0,0,,0,641,"SUNSET CLIFFS BL","DEL MAR AV",0.00,,Y,A,-,N,,,,,,,,,,N,3,0,1,2,A,-,11,21950,B,N,G,B,E,A,H,-,A,D,0,Y,,,,Y,,N,60,0,1,0,0,1,0,0,0,0,"- ","- ",,,"SAN DIEGO","SAN DIEGO",-117.25196,32.739700069999998
6560129,2014,2014-08-26,3711,2014-07-07,2036,4759,,1,5,7,3711,0,0,0,,0,122,"MISSION BL","PACIFIC BEACH DR",17.00,N,N,B,-,N,,,,,,,,,,,3,0,1,2,A,-,06,21951,,N,D,B,B,A,H,-,A,D,0,Y,,,,Y,Y,-,,0,1,0,0,1,0,0,0,0,"- ","- ",,,"SAN DIEGO","SAN DIEGO",-117.25378361,32.790985130000003
6560149,2014,2014-08-26,3711,2014-07-07,1327,7064,SANDI,1,5,7,3711,0,0,0,,0,516,"MARKET ST","30TH ST",72.00,W,N,A,-,N,,,,,,,,,,N,3,0,1,2,A,-,11,21954,A,N,G,B,D,A,H,-,A,D,0,Y,,,,Y,,N,60,0,1,0,0,1,0,0,0,0,"- ","- ",,,"SAN DIEGO","SAN DIEGO",-117.13043329,32.711649999999999
6560151,2014,2014-08-26,3711,2014-07-09,1850,7119,,3,5,7,3711,0,0,0,,0,826,"EUCLID AV","ORANGE AV",2.00,N,N,A,-,N,,,,,,,,,,N,4,0,1,2,A,-,11,21456,B,N,G,B,B,A,H,-,A,A,0,Y,,,,Y,,N,60,0,0,1,0,1,0,0,0,0,"- ","- ",,,"SAN DIEGO","SAN DIEGO",-117.09224992999999,32.753105480000002
6560164,2014,2014-08-21,3711,2014-07-05,0009,5072,,6,5,7,3711,0,0,0,,0,123,"EAST MISSION BAY DR","CLAIREMONT DR",3696.00,S,N,A,-,N,,,,,,,,,,N,3,0,1,2,A,-,08,22107,,N,B,G,A,A,H,-,C,D,0,,Y,,,Y,,A,01,0,1,0,0,0,0,1,0,0,"- ","- ",,,"SAN DIEGO","SAN DIEGO",-117.20920172,32.780713759999998
6560191,2014,2014-08-21,3711,2014-07-07,0747,7120,,1,5,7,3711,0,0,0,,0,831,"47TH ST","UNIVERSITY AV",20.00,N,N,A,-,N,,,,,,,,,,N,4,0,1,2,A,-,10,21950,A,N,G,B,B,A,H,-,A,D,0,Y,,,,Y,,-,,0,0,1,0,1,0,0,0,0,"- ","- ",,,"SAN DIEGO","SAN DIEGO",-117.09333031,32.749624779999998
6560197,2014,2014-08-21,3711,2014-07-02,1653,7084,SOUTH,3,5,7,3711,0,0,0,,0,723,"PALM AV","BEYER WY 600",0.00,E,N,A,-,N,,,,,,,,,,N,3,0,1,2,A,-,08,22107,,N,H,G,A,A,H,-,A,D,0,,Y,,,Y,,-,,0,1,0,0,0,0,1,0,0,"- ","- ",,,"SAN DIEGO","SAN DIEGO",-117.06200994,32.583770049999998
6564172,2014,2014-08-19,3711,2014-07-24,2226,5340,,4,5,7,3711,0,0,0,,0,521,"11TH AV",BROADWAY,0.00,,Y,A,-,N,,,,,,,,,,N,3,0,1,2,A,-,10,21950,A,M,G,B,B,A,H,-,C,A,0,Y,,,,Y,Y,D,22,0,1,0,0,1,0,0,0,0,"- ","- ",,,"SAN DIEGO","SAN DIEGO",-117.15473013,32.715740029999999
6564429,2014,2014-08-22,3711,2014-07-13,1036,6133,,7,5,7,3711,0,0,0,,0,122,"MISSION BL","MISSOURI ST",8.00,N,N,A,-,N,,,,,,,,,,N,3,0,1,2,A,-,08,22107,,N,G,B,D,A,H,-,A,D,0,Y,,,,Y,,-,,0,1,0,0,1,0,0,0,0,"- ","- ",,,"SAN DIEGO","SAN DIEGO",-117.25662665,32.80028119
6564442,2014,2014-08-22,3711,2014-07-12,1800,5604,,6,5,7,3711,0,0,0,,0,614,"BACON ST","BACON ST 2300",0.00,,N,A,-,N,,,,,,,,,,N,3,0,1,2,A,-,11,21954,A,M,H,B,A,A,H,-,A,D,0,,,,,Y,,-,,0,1,0,0,0,0,0,0,0,"- ","- ",,,"SAN DIEGO","SAN DIEGO",-117.24551529,32.753292739999999
6564457,2014,2014-08-22,3711,2014-07-10,1545,4759,,4,5,7,3711,0,0,0,,0,122,"GARNET AV","HAINES ST",0.00,,Y,B,-,N,,,,,,,,,,N,3,0,1,2,A,-,09,21801,A,N,D,G,A,A,H,-,A,A,0,,Y,,,Y,,-,,0,1,0,0,0,0,1,0,0,"- ","- ",,,"SAN DIEGO","SAN DIEGO",-117.24271001,32.799390039999999
6564474,2014,2014-08-22,3711,2014-07-08,1700,7086,,2,5,7,3711,0,0,0,,0,813,"REDWOOD ST","33RD ST",0.00,,Y,A,-,N,,,,,,,,,,N,3,0,1,2,A,-,12,22450,A,N,D,G,A,A,H,-,A,D,0,,Y,,,Y,,L,04,0,1,0,0,0,0,1,0,0,"- ","- ",,,"SAN DIEGO","SAN DIEGO",-117.12308001,32.73742008
6568909,2014,2014-09-23,3711,2014-07-14,2050,6560,SD,1,5,7,3711,0,0,0,,0,624,"NORMAL AV","PARK BL",367.00,S,N,A,-,N,,,,,,,,,,Y,3,0,1,2,A,-,11,21950,B,N,G,B,D,A,H,-,C,D,0,Y,,,,Y,Y,N,60,0,1,0,0,1,0,0,0,0,"- ","- ",,,"SAN DIEGO","SAN DIEGO",-117.1469331,32.754161400000001
6570802,2014,2014-08-28,3711,2014-07-11,2308,6914,C3,5,5,7,3711,0,0,0,,0,516,"MARKET ST","30TH ST",0.00,,Y,A,-,N,,,,,,,,,,N,3,0,1,2,A,-,00,20001,,F,G,B,B,A,H,-,C,A,0,Y,,,,Y,,-,,0,1,0,0,1,0,0,0,0,"- ","- ",,,"SAN DIEGO","SAN DIEGO",-117.1302001,32.711650050000003
6570807,2014,2014-08-28,3711,2014-07-18,1923,6415,,5,5,7,3711,0,0,0,,0,311,"AERO DR","KEARNY VILLA RD",0.00,,Y,A,-,N,,,,,,,,,,N,4,0,1,2,A,-,08,21717,,N,-,G,A,A,H,-,A,A,0,,Y,,,Y,,A,07,0,0,1,0,0,0,1,0,0,"- ","- ",,,"SAN DIEGO","SAN DIEGO",-117.15092005,32.810070060000001
6570815,2014,2014-08-28,3711,2014-07-13,0215,4495,,7,5,7,3711,0,0,0,,0,524,"G ST","4TH AV",0.00,,Y,A,-,N,,,,,,,,,,N,4,0,2,3,A,-,10,21950,A,N,G,B,B,A,H,-,C,A,0,Y,,,,Y,Y,A,01,0,0,2,0,2,0,0,0,0,"- ","- ",,,"SAN DIEGO","SAN DIEGO",-117.16105999,32.712570069999998
6570834,2014,2014-08-28,3711,2014-07-18,1722,7025,,5,5,7,3711,0,0,0,,0,572,IMPERIAL,"21ST ST",0.00,,Y,A,-,N,,,,,,,,,,N,3,0,1,2,A,-,17,22517,,N,B,G,A,A,H,-,A,D,0,,Y,,,Y,,-,,0,1,0,0,0,0,1,0,0,"- ","- ",,,"SAN DIEGO","SAN DIEGO",-117.14486005000001,32.70628009
6570842,2014,2014-08-28,3711,2014-07-11,1350,5791,,5,5,7,3711,0,0,0,,0,115,"LA JOLLA VILLAGE DR","GENESEE AV",200.00,E,N,A,-,N,,,,,,,,,,N,3,0,1,2,A,-,11,21950,B,N,G,B,D,A,H,-,-,D,0,Y,,,,Y,,N,60,0,1,0,0,1,0,0,0,0,"- ","- ",,,"SAN DIEGO","SAN DIEGO",-117.2135366,32.872763140000004
6570851,2014,2014-08-28,3711,2014-07-20,1200,5899,,7,5,7,3711,0,0,0,,0,824,"FAIRMOUNT AV","CAMINO DEL RIO S",150.00,E,N,A,-,N,,,,,,,,,,N,3,0,3,3,D,-,00,,,N,B,G,A,A,H,-,A,D,0,,Y,,,Y,,-,"- ",0,1,2,0,0,0,2,0,0,"- ","- ",,,"SAN DIEGO","SAN DIEGO",-117.09921052,32.7758702
6572811,2014,2016-01-05,3711,2014-07-19,1350,4757,,6,5,7,3711,0,0,0,,0,529,"4TH AV","UPAS ST",36.00,N,N,B,-,N,,,,,,,,,,N,4,0,1,2,A,-,09,21801,A,N,D,G,A,A,H,-,A,D,0,,Y,,,Y,,-,,0,0,1,0,0,0,1,0,0,"- ","- ",,,"SAN DIEGO","SAN DIEGO",-117.16127197,32.740898600000001
6572828,2014,2014-09-06,3711,2014-07-13,1530,6911,SD,7,5,7,3711,0,0,0,,0,437,"POTOMAC ST","PARADISE VALLEY RD",0.00,,Y,A,-,N,,,,,,,,,,N,3,0,1,2,A,-,11,21950,B,N,B,B,B,A,H,-,A,A,0,Y,,,,Y,,N,60,0,1,0,0,1,0,0,0,0,"- ","- ",,,"SAN DIEGO","SAN DIEGO",-117.04869001,32.688290100000003
6572867,2014,2014-09-02,3711,2014-07-22,1114,6033,,2,5,7,3711,0,0,0,,0,311,"MURPHY CANYON RD","AERO DR",0.00,,Y,A,-,N,,,,,,,,,,N,3,0,1,2,A,-,10,21950,A,N,G,B,B,A,H,-,A,A,0,Y,,,,Y,,-,,0,1,0,0,1,0,0,0,0,"- ","- ",,,"SAN DIEGO","SAN DIEGO",-117.11664009,32.809590120000003
6572871,2014,2014-09-02,3711,2014-07-22,0730,4421,,2,5,7,3711,0,0,0,,0,935,"SAN DIEGUITO RD","SAN DIEGUITO RD 14150",45.00,W,N,A,-,N,,,,,,,,,,N,3,0,1,2,A,-,08,22107,,M,B,G,A,A,H,-,A,D,0,,Y,,,Y,,-,,0,1,0,0,0,0,1,0,0,"- ","- ",,,"SAN DIEGO","SAN DIEGO",,
6573185,2014,2014-08-29,3711,2014-07-23,1717,HB5550,,3,5,7,3711,0,0,0,,0,710,"NORTH HARBOR DR","AIR LN",528.00,W,N,A,-,N,,,,,,,,,,N,4,0,1,2,A,-,21,22106,,N,G,B,E,A,H,-,A,D,0,Y,,,,Y,,A,01,0,0,1,0,1,0,0,0,0,"- ","- ",,,"SAN DIEGO","SAN DIEGO",,
6580440,2014,2014-08-18,3711,2014-07-23,2154,5051,,3,5,7,3711,0,0,0,,0,445,"EUCLID AV","GUYMON ST",191.00,S,N,A,-,N,,,,,,,,,,N,2,0,1,2,A,-,11,21954,A,N,G,B,E,A,H,-,D,D,0,Y,,,,Y,,N,60,1,0,0,0,1,0,0,0,0,"- ","- ",,,"SAN DIEGO","SAN DIEGO",-117.08504458,32.71186685
6580622,2014,2014-09-03,3711,2014-07-20,1009,7061,,7,5,7,3711,0,0,0,,0,115,"GENESEE AV","APRIL CT",528.00,S,N,B,-,N,,,,,,,,,,N,4,0,1,2,A,-,09,21801,A,N,H,G,A,A,H,-,A,D,0,,Y,,,Y,,-,,0,0,1,0,0,0,1,0,0,"- ","- ",,,"SAN DIEGO","SAN DIEGO",-117.20402733,32.848724249999997
6580628,2014,2016-05-24,3711,2014-07-26,1139,5114,,6,5,7,3711,0,0,0,,0,233,"BLACK MOUNTAIN RD","RT 56",14.00,S,N,A,-,Y,SD,11,56,-,-,7.746,R,4,E,N,3,0,1,2,A,-,10,21950,C,N,A,G,A,A,H,-,A,A,0,,Y,,,Y,,-,,0,1,0,0,0,0,1,0,0,"- ",EO,,,"SAN DIEGO","SAN DIEGO",-117.12696768000001,32.954320340000002
6580633,2014,2014-09-02,3711,2014-07-20,1740,5989,,7,5,7,3711,0,0,0,,0,116,"LITTLEFIELD ST","CHICAGO ST",0.00,,Y,A,-,N,,,,,,,,,,N,3,0,1,2,A,-,"- ",,,N,-,B,D,A,H,-,A,D,0,Y,,,,Y,,N,60,0,1,0,0,1,0,0,0,0,"- ","- ",,,"SAN DIEGO","SAN DIEGO",-117.20649005999999,32.779890029999997
6580635,2014,2014-09-04,3711,2014-07-26,0952,6831,,6,5,7,3711,0,0,0,,0,725,"PALM AV","PALM AV 4600",180.00,E,N,A,-,N,,,,,,,,,,,4,0,1,2,A,-,08,22107,,N,D,G,A,A,H,-,A,D,0,,Y,,,Y,,-,"- ",0,0,1,0,0,0,1,0,0,"- ","- ",,,"SAN DIEGO","SAN DIEGO",,
6580710,2014,2014-09-04,3711,2014-07-25,2239,7100,,5,5,7,3711,0,0,0,,0,615,"LYTTON ST","ROSECRANS ST",24.00,N,N,A,-,N,,,,,,,,,,,4,0,1,2,A,-,11,21456,B,M,G,B,B,A,H,-,C,A,0,Y,,,,Y,,N,60,0,0,1,0,1,0,0,0,0,"- ","- ",,,"SAN DIEGO","SAN DIEGO",-117.21266215,32.744359549999999
6582023,2014,2014-09-16,3711,2014-08-18,0913,5838,,1,5,7,3711,0,0,0,,0,712,"BEYER BL","SMYTHE  AV",0.00,,Y,A,-,N,,,,,,,,,,N,3,0,1,2,A,-,11,21954,A,N,G,B,B,A,H,-,A,A,0,Y,,,,Y,,N,60,0,1,0,0,1,0,0,0,0,"- ","- ",,,"SAN DIEGO","SAN DIEGO",-117.04943011,32.559160089999999
6582322,2014,2014-08-27,3711,2014-07-25,1845,7127,,5,5,7,3711,0,0,0,,0,111,"LIMERICK AV","CLAIREMONT MESA BL",12.00,N,N,A,-,N,,,,,,,,,,N,3,0,1,2,A,-,09,21801,A,N,A,G,A,A,H,-,A,D,0,,Y,,,Y,,A,01,0,1,0,0,0,0,1,0,0,"- ","- ",,,"SAN DIEGO","SAN DIEGO",-117.17875854,32.834442850000002
6582332,2014,2014-08-18,3711,2014-07-31,2100,5348,,4,5,7,3711,0,0,0,,0,516,MARKET,32ND,4.00,E,N,A,-,N,,,,,,,,,,N,3,0,1,2,A,-,05,21650,1,N,B,G,A,A,-,-,C,A,0,,Y,,,Y,,L,04,0,1,0,0,0,0,1,0,0,"- ","- ",,,"SAN DIEGO","SAN DIEGO",-117.12525705,32.711679680000003
6582352,2014,2014-08-18,3711,2014-07-30,0829,7050,,3,5,7,3711,0,0,0,,0,234,"BERNARDO CENTER DR","LOMICA DR",0.00,,Y,A,-,N,,,,,,,,,,N,3,0,1,2,A,-,08,22100,A,N,D,G,A,A,H,-,A,A,0,,Y,,,Y,,-,,0,1,0,0,0,0,1,0,0,"- ","- ",,,"SAN DIEGO","SAN DIEGO",-117.07610009,33.017040100000003
6582356,2014,2014-08-18,3711,2014-07-30,0751,4885,,3,5,7,3711,0,0,0,,0,243,"TRADE PL","DUNBROOK RD",114.00,S,N,A,-,N,,,,,,,,,,N,3,0,1,2,A,-,17,22517,,N,B,G,A,A,H,-,A,D,0,,Y,,,Y,,-,,0,1,0,0,0,0,1,0,0,"- ","- ",,,"SAN DIEGO","SAN DIEGO",-117.15337551,32.892257749999999
6582372,2014,2014-08-18,3711,2014-07-22,1245,7010,,2,5,7,3711,0,0,0,,0,,"ASH ST","4TH AV",20.00,W,N,A,-,N,,,,,,,,,,N,3,0,1,2,A,-,11,21453,D,N,G,B,D,A,H,-,A,-,0,Y,,,,Y,,N,60,0,1,0,0,1,0,0,0,0,"- ","- ",,,"SAN DIEGO","SAN DIEGO",-117.16119481,32.719889260000002
6583834,2014,2014-09-23,3711,2014-07-18,2135,6502,,5,5,7,3711,0,0,0,,0,122,"GARNET AV","JEWELL ST",0.00,,Y,A,-,N,,,,,,,,,,N,4,0,1,3,A,-,"- ",,,N,D,G,A,A,H,-,C,A,0,,Y,,,Y,,L,04,0,0,1,0,0,0,1,0,0,"- ","- ",,,"SAN DIEGO","SAN DIEGO",-117.2389701,32.800200080000003
6585560,2014,2014-09-05,3711,2014-08-02,2344,6200,,6,5,7,3711,0,0,0,,0,321,"HOLABIRD ST","VANDEVER AV",40.00,N,N,B,-,N,,,,,,,,,,N,3,0,2,3,A,-,03,22350,,M,A,B,E,A,H,-,C,D,0,Y,,,,Y,,-,,0,2,0,0,2,0,0,0,0,"- ","- ",,,"SAN DIEGO","SAN DIEGO",-117.09580789,32.787799550000003