CASE_ID,ACCIDENT_YEAR,PROC_DATE,JURIS,COLLISION_DATE,COLLISION_TIME,OFFICER_ID,REPORTING_DISTRICT,DAY_OF_WEEK,CHP_SHIFT,POPULATION,CNTY_CITY_LOC,SPECIAL_COND,BEAT_TYPE,CHP_BEAT_TYPE,CITY_DIVISION_LAPD,CHP_BEAT_CLASS,BEAT_NUMBER,PRIMARY_RD,SECONDARY_RD,DISTANCE,DIRECTION,INTERSECTION,WEATHER_1,WEATHER_2,STATE_HWY_IND,CALTRANS_COUNTY,CALTRANS_DISTRICT,STATE_ROUTE,ROUTE_SUFFIX,POSTMILE_PREFIX,POSTMILE,LOCATION_TYPE,RAMP_INTERSECTION,SIDE_OF_HWY,TOW_AWAY,COLLISION_SEVERITY,NUMBER_KILLED,NUMBER_INJURED,PARTY_COUNT,PRIMARY_COLL_FACTOR,PCF_CODE_OF_VIOL,PCF_VIOL_CATEGORY,PCF_VIOLATION,PCF_VIOL_SUBSECTION,HIT_AND_RUN,TYPE_OF_COLLISION,MVIW,PED_ACTION,ROAD_SURFACE,ROAD_COND_1,ROAD_COND_2,LIGHTING,CONTROL_DEVICE,CHP_ROAD_TYPE,PEDESTRIAN_ACCIDENT,BICYCLE_ACCIDENT,MOTORCYCLE_ACCIDENT,TRUCK_ACCIDENT,NOT_PRIVATE_PROPERTY,ALCOHOL_INVOLVED,STWD_VEHTYPE_AT_FAULT,CHP_VEHTYPE_AT_FAULT,COUNT_SEVERE_INJ,COUNT_VISIBLE_INJ,COUNT_COMPLAINT_PAIN,COUNT_PED_KILLED,COUNT_PED_INJURED,COUNT_BICYCLIST_KILLED,COUNT_BICYCLIST_INJURED,COUNT_MC_KILLED,COUNT_MC_INJURED,PRIMARY_RAMP,SECONDARY_RAMP,LATITUDE,LONGITUDE,COUNTY,CITY,POINT_X,POINT_Y
6585763,2014,2014-08-19,3711,2014-07-30,1149,6788,,3,5,7,3711,0,0,0,,0,311,"AERO DR","RUFFIN RD",69.00,S,N,A,-,N,,,,,,,,,,N,3,0,1,2,A,-,10,21950,A,N,D,G,A,A,H,-,A,A,0,,Y,,,Y,,-,,0,1,0,0,0,0,1,0,0,"- ","- ",,,"SAN DIEGO","SAN DIEGO",-117.12974,32.80988
6589760,2014,2014-09-05,3711,2014-08-04,2127,5292,,1,5,7,3711,0,0,0,,0,522,3RD,ISLAND,0.00,,Y,A,-,N,,,,,,,,,,N,3,0,1,2,A,-,10,21950,A,N,G,B,B,A,H,-,C,D,0,Y,,,,Y,,-,,0,1,0,0,1,0,0,0,0,"- ","- ",,,"SAN DIEGO","SAN DIEGO",-117.16198012,32.710440069999997
6589931,2014,2014-08-25,3711,2014-07-25,2050,4491,,5,5,7,3711,0,0,0,,0,517,"2000 B",21ST,47.00,W,N,A,-,N,,,,,,,,,,N,3,0,1,1,A,-,03,22350,,N,F,G,A,A,H,-,C,A,0,,Y,,,Y,,L,04,0,1,0,0,0,0,1,0,0,"- ","- ",,,"SAN DIEGO","SAN DIEGO",-117.1451023,32.717880000000001
6589941,2014,2014-08-22,3711,2014-07-12,2337,5393,,6,5,7,3711,0,0,0,,0,813,"30TH ST","REDWOOD ST",170.00,N,N,A,-,N,,,,,,,,,,N,2,0,1,2,A,-,09,21801,A,N,D,G,A,A,H,-,D,D,0,,Y,,,Y,,A,01,1,0,0,0,0,0,1,0,0,"- ","- ",,,"SAN DIEGO","SAN DIEGO",-117.12932000000001,32.737885679999998
6590161,2014,2015-04-21,3711,2014-07-29,1526,6877,,2,5,7,3711,0,0,0,,0,721,"THERMAL AV","HALO ST",170.00,N,N,A,-,N,,,,,,,,,,N,3,0,1,2,A,-,11,21954,A,N,G,B,D,A,H,-,A,D,0,Y,,,,Y,,N,60,0,1,0,0,1,0,0,0,0,"- ","- ",,,"SAN DIEGO","SAN DIEGO",-117.09708999999999,32.573295659999999
6595482,2014,2014-09-25,3711,2014-08-06,1523,7129,,3,5,7,3711,0,0,0,,0,831,"MENLO AV","UNIVERSITY AV",8.00,N,N,A,-,N,,,,,,,,,,N,4,0,1,2,A,-,10,21950,A,N,G,B,B,A,H,-,A,D,0,Y,,,,Y,,-,,0,0,1,0,1,0,0,0,0,"- ","- ",,,"SAN DIEGO","SAN DIEGO",-117.09442936000001,32.749601910000003
6595518,2014,2014-09-08,3711,2014-08-07,1600,6994,,4,5,7,3711,0,0,0,,0,442,"BOSTON AV","40TH ST",6.00,E,N,A,-,N,,,,,,,,,,N,4,0,1,2,A,-,09,21802,A,N,D,G,A,A,H,-,A,D,0,,Y,,,Y,Y,-,,0,0,1,0,0,0,1,0,0,"- ","- ",,,"SAN DIEGO","SAN DIEGO",-117.10811056999999,32.693930299999998
6595608,2014,2014-08-28,3711,2014-07-16,2040,5340,,3,5,7,3711,0,0,0,,0,114,"CLAIREMONT MESA BL","ROLFE RD",0.00,,Y,A,-,N,,,,,,,,,,N,3,0,1,2,A,-,12,21453,A,N,D,G,A,A,H,-,C,D,0,,Y,,,Y,,L,04,0,1,0,0,0,0,1,0,0,"- ","- ",,,"SAN DIEGO","SAN DIEGO",-117.20245001000001,32.82832003
6598399,2014,2014-09-05,3711,2014-08-15,1654,5046,,5,5,7,3711,0,0,0,,0,524,"WEST ASH ST","FRONT ST",0.00,,Y,A,-,N,,,,,,,,,,N,3,0,1,2,A,-,10,21950,A,N,G,B,B,A,H,-,A,A,0,Y,,,,Y,,I,09,0,1,0,0,1,0,0,0,0,"- ","- ",,,"SAN DIEGO","SAN DIEGO",-117.16475011,32.719860019999999
6600760,2014,2014-09-03,3711,2014-08-14,1646,5985,,4,5,7,3711,0,0,0,,0,521,"B ST","PARK BL",0.00,,Y,A,-,N,,,,,,,,,,N,4,0,1,2,A,-,10,21950,A,M,G,B,B,A,H,-,A,A,0,Y,,,,Y,,-,99,0,0,1,0,1,0,0,0,0,"- ","- ",,,"SAN DIEGO","SAN DIEGO",-117.15382008,32.717820070000002
6601169,2014,2014-09-04,3711,2014-08-16,1338,6037,,6,5,7,3711,0,0,0,,0,452,"IMPERIAL AV","63RD ST",150.00,E,N,A,-,N,,,,,,,,,,N,4,0,1,2,A,-,10,21952,,N,G,B,F,A,H,-,A,D,0,Y,,,,Y,,-,,0,0,1,0,1,0,0,0,0,"- ","- ",,,"SAN DIEGO","SAN DIEGO",-117.0618685,32.710105609999999
6601194,2014,2014-09-04,3711,2014-08-13,0923,5061,,3,5,7,3711,0,0,0,,0,521,"C ST","11TH ST",40.00,E,N,A,-,N,,,,,,,,,,N,3,0,1,2,A,-,12,21453,A,N,D,G,A,A,H,-,A,A,0,,Y,,,Y,,L,04,0,1,0,0,0,0,1,0,0,"- ","- ",,,"SAN DIEGO","SAN DIEGO",-117.15458039000001,32.71679134
6601687,2014,2014-09-10,3711,2014-08-23,1230,7086,,6,5,7,3711,0,0,0,,0,832,"EL CAJON BL","COPELAND AV",0.00,,Y,A,-,N,,,,,,,,,,N,4,0,1,2,A,-,17,22517,,N,H,G,A,A,H,-,A,D,0,,Y,,,Y,,-,,0,0,1,0,0,0,1,0,0,"- ","- ",,,"SAN DIEGO","SAN DIEGO",-117.10404002999999,32.755210060000003
6601691,2014,2014-09-10,3711,2014-08-25,0942,6793,,1,5,7,3711,0,0,0,,0,831,"45TH ST","ORANGE AV",42.00,N,N,A,-,N,,,,,,,,,,,4,0,1,3,A,-,21,22106,,N,G,B,E,A,H,-,A,D,0,Y,,,,Y,,-,,0,0,1,0,1,0,0,0,0,"- ","- ",,,"SAN DIEGO","SAN DIEGO",-117.09764893000001,32.753265040000002
6601699,2014,2014-09-25,3711,2014-08-25,1527,6987,,1,5,7,3711,0,0,0,,0,122,"INGRAHAM ST","LA PLAYA AV",528.00,N,N,B,-,N,,,,,,,,,,N,4,0,1,2,A,-,10,21950,A,N,G,B,C,A,H,-,A,D,0,Y,,,,Y,,-,,0,0,1,0,1,0,0,0,0,"- ","- ",,,"SAN DIEGO","SAN DIEGO",-117.23792784,32.790136199999999
6601740,2014,2014-09-10,3711,2014-08-26,1800,7051,,2,5,7,3711,0,0,0,,0,931,"CALLE CRISTOBAL","PRIVATE DRIVEWAY",9.00,W,N,A,-,N,,,,,,,,,,N,4,0,1,2,A,-,09,21801,A,N,G,B,B,A,H,-,A,A,0,Y,,,,Y,,-,,0,0,1,0,1,0,0,0,0,"- ","- ",,,"SAN DIEGO","SAN DIEGO",,
6603202,2014,2014-09-08,3711,2014-08-04,1340,6358,,1,5,7,3711,0,0,0,,0,524,BROADWAY,"6TH AV",0.00,,Y,A,-,N,,,,,,,,,,N,3,0,1,2,A,-,"- ",,,N,B,G,A,A,H,-,A,A,0,,Y,,,Y,,L,04,0,1,0,0,0,0,1,0,0,"- ","- ",,,"SAN DIEGO","SAN DIEGO",-117.15925,32.715710090000002
6605420,2014,2014-09-13,3711,2014-08-13,1516,7123,,3,5,7,3711,0,0,0,,0,443,"DIVISION ST","HIGHLAND AV",10.00,W,N,A,-,N,,,,,,,,,,N,4,0,1,2,A,-,11,21456,B,N,G,B,B,A,H,-,A,A,0,Y,,,,Y,,N,60,0,0,1,0,1,0,0,0,0,"- ","- ",,,"SAN DIEGO","SAN DIEGO",-117.10144222,32.685007200000001
6606004,2014,2014-08-23,3711,2014-07-16,2032,4576,,3,5,7,3711,0,0,0,,0,824,"EL CAJON BL","ALTADENA AV",0.00,,Y,B,-,N,,,,,,,,,,N,1,1,0,2,A,-,11,21950,B,N,G,B,B,A,H,-,C,A,0,Y,,,,Y,,N,60,0,0,0,1,0,0,0,0,0,"- ","- ",,,"SAN DIEGO","SAN DIEGO",-117.08575001,32.756950089999997
6606279,2014,2015-12-30,3711,2014-06-21,2500,5925,,6,5,7,3711,0,0,0,,0,613,"NIMITZ BL","SUNSET CLIFFS BL",195.00,S,N,A,-,N,,,,,,,,,,N,1,1,0,2,A,-,11,21955,,F,G,B,E,A,H,-,C,D,0,Y,,,,Y,,N,60,0,0,0,1,0,0,0,0,0,"- ","- ",,,"SAN DIEGO","SAN DIEGO",-117.23721317,32.753593819999999
6611651,2014,2014-09-19,3711,2014-08-29,0725,4298,,5,5,7,3711,0,0,0,,0,315,"CAMINO DEL RIO S","TEXAS ST",2000.00,E,N,A,-,N,,,,,,,,,,N,4,0,1,2,A,-,10,21952,,N,G,B,F,A,H,-,A,D,0,Y,,,,Y,,-,,0,0,1,0,1,0,0,0,0,"- ","- ",,,"SAN DIEGO","SAN DIEGO",-117.13446442,32.770044570000003
6611854,2014,2014-09-23,3711,2014-08-28,1024,6469,,4,5,7,3711,0,0,0,,0,432,"IMPERIAL AV","5100 IMPERIAL AV",5.00,S,N,A,-,N,,,,,,,,,,N,3,0,1,2,A,-,17,21200,A,N,C,G,A,A,H,-,A,A,0,,Y,,,Y,,L,04,0,1,0,0,0,0,1,0,0,"- ","- ",,,"SAN DIEGO","SAN DIEGO",,
6611858,2014,2014-09-24,3711,2014-08-28,1942,6887,,4,5,7,3711,0,0,0,,0,447,"DATE ST","ALTA DENA DR",528.00,W,N,A,-,N,,,,,,,,,,Y,3,0,2,3,A,-,08,22107,,N,B,B,F,A,H,-,D,D,0,Y,,,,Y,Y,-,,0,1,1,0,1,0,0,0,0,"- ","- ",,,"SAN DIEGO","SAN DIEGO",-117.08788091,32.722717410000001
6611898,2014,2014-09-23,3711,2014-08-24,2100,6540,,7,5,7,3711,0,0,0,,0,832,"41ST ST","POLK AV",60.00,N,N,A,-,N,,,,,,,,,,N,4,0,1,2,A,-,21,22106,,N,G,B,D,A,H,-,C,D,0,Y,,,,Y,,-,,0,0,1,0,1,0,0,0,0,"- ","- ",,,"SAN DIEGO","SAN DIEGO",-117.10691,32.751634350000003
6612269,2014,2014-09-17,3711,2014-08-27,0900,6918,SANDI,3,5,7,3711,0,0,0,,0,521,"11TH AV","J ST",0.00,,Y,A,-,N,,,,,,,,,,N,4,0,1,2,D,-,00,,,N,G,B,B,A,H,-,A,A,0,Y,,,,Y,,-,"- ",0,0,1,0,1,0,0,0,0,"- ","- ",,,"SAN DIEGO","SAN DIEGO",-117.15463011,32.709410040000002
6613396,2014,2014-10-02,3711,2014-09-01,1925,6303,,1,5,7,3711,0,0,0,,0,517,"25TH ST",BROADWAY,0.00,,Y,A,-,N,,,,,,,,,,N,4,0,1,2,A,-,08,22107,,N,G,B,B,A,H,-,B,A,0,Y,,,,Y,,A,01,0,0,1,0,1,0,0,0,0,"- ","- ",,,"SAN DIEGO","SAN DIEGO",-117.14028001,32.715820059999999
6613399,2014,2014-10-02,3711,2014-09-03,1816,5918,,3,5,7,3711,0,0,0,,0,437,"TOOMA ST","LADLEHILL DR",0.00,,Y,A,-,N,,,,,,,,,,N,4,0,1,2,A,-,10,21950,A,N,G,B,D,A,H,-,A,A,0,Y,,,,Y,,-,,0,0,1,0,1,0,0,0,0,"- ","- ",,,"SAN DIEGO","SAN DIEGO",-117.03733004999999,32.68285006
6613439,2014,2014-09-30,3711,2014-09-03,1821,6684,,3,5,7,3711,0,0,0,,0,432,"EUCLID AV","NARANJA ST",50.00,N,N,A,-,N,,,,,,,,,,N,3,0,1,2,A,-,10,21950,A,M,D,G,A,A,H,-,A,A,0,,Y,,,Y,,-,,0,1,0,0,0,0,1,0,0,"- ","- ",,,"SAN DIEGO","SAN DIEGO",-117.08504000000001,32.708766959999998
6616481,2014,2014-09-18,3711,2014-08-29,1945,7005,,5,5,7,3711,0,0,0,,0,813,"EL CAJON BL","OREGON ST",25.00,E,N,A,-,N,,,,,,,,,,N,4,0,1,2,A,-,10,21950,A,N,G,B,B,A,H,-,B,A,0,Y,,,,Y,,A,08,0,0,1,0,1,0,0,0,0,"- ","- ",,,"SAN DIEGO","SAN DIEGO",-117.13504896000001,32.755380649999999
6621609,2014,2014-09-30,3711,2014-09-06,0043,5198,,6,5,7,3711,0,0,0,,0,813,"30TH ST","UNIVERSITY AV",308.00,N,N,A,-,N,,,,,,,,,,N,3,0,2,3,A,-,11,21955,,M,-,B,D,A,H,-,C,D,0,Y,,,,Y,Y,N,60,0,1,1,0,2,0,0,0,0,"- ","- ",,,"SAN DIEGO","SAN DIEGO",-117.13015396,32.749290160000001
6625450,2014,2014-10-07,3711,2014-09-08,1910,7085,SANDI,1,5,7,3711,0,0,0,,0,123,"INGRAHAM ST","LA PLAYA AV",58.00,S,N,A,-,N,,,,,,,,,,Y,4,0,1,2,A,-,"- ",,,M,G,G,A,A,H,-,A,D,0,,Y,,,Y,,A,08,0,0,1,0,0,0,1,0,0,"- ","- ",,,"SAN DIEGO","SAN DIEGO",-117.23743306,32.788586129999999
6629339,2014,2014-10-09,3711,2014-09-08,1223,5300,,1,5,7,3711,0,0,0,,0,611,"HISTORIC DECATUR RD","WOMBLE RD",0.00,,Y,A,-,N,,,,,,,,,,N,3,0,1,2,A,-,10,21950,A,N,D,B,B,A,H,-,A,A,0,Y,,,,Y,,-,,0,1,0,0,1,0,0,0,0,"- ","- ",,,"SAN DIEGO","SAN DIEGO",-117.21623006999999,32.734850090000002
6629342,2014,2014-10-09,3711,2014-09-04,1452,4759,,4,5,7,3711,0,0,0,,0,115,"LA JOLLA VILLAGE DR","REGENTS RD",705.00,W,N,B,-,N,,,,,,,,,,N,4,0,1,2,A,-,10,21952,,N,D,B,F,A,H,-,A,D,0,Y,,,,Y,,-,,0,0,1,0,1,0,0,0,0,"- ","- ",,,"SAN DIEGO","SAN DIEGO",-117.22037462999999,32.870420099999997
6629741,2014,2014-09-29,3711,2014-09-13,2010,7024,3711,6,5,7,3711,0,0,0,,0,313,"CLAIREMONT MESA BL","COMPLEX DR",0.00,,Y,A,-,N,,,,,,,,,,N,3,0,1,2,A,-,11,21456,B,N,D,G,A,A,H,-,C,A,0,,Y,,,Y,Y,L,04,0,1,0,0,0,0,1,0,0,"- ","- ",,,"SAN DIEGO","SAN DIEGO",-117.1346801,32.831340040000001
6629757,2014,2014-09-29,3711,2014-09-11,1915,7189,,4,5,7,3711,0,0,0,,0,835,"POPLAR ST","COLUMBINE ST",78.00,W,N,A,-,N,,,,,,,,,,N,3,0,1,2,A,-,03,22350,,N,G,B,E,A,H,-,B,D,0,Y,,,,Y,Y,A,01,0,1,0,0,1,0,0,0,0,"- ","- ",,,"SAN DIEGO","SAN DIEGO",-117.10263374,32.737074800000002
6629876,2014,2014-09-30,3711,2014-09-16,2037,7187,,2,5,7,3711,0,0,0,,0,621,"DRESCHER ST","GOODWIN ST",180.00,S,N,A,-,N,,,,,,,,,,N,3,0,1,2,A,-,08,22107,,M,G,B,E,A,H,-,C,D,0,Y,,,,Y,,-,,0,1,0,0,1,0,0,0,0,"- ","- ",,,"SAN DIEGO","SAN DIEGO",-117.17359834,32.777738599999999
6629884,2014,2014-09-30,3711,2014-09-15,1000,7056,,1,5,7,3711,0,0,0,,0,437,"MEADOWBROOK DR","BLOOMFIELD RD",111.00,N,N,A,-,N,,,,,,,,,,N,3,0,1,2,A,-,04,21703,,M,-,G,A,A,H,-,A,D,0,,Y,,,Y,,-,,0,1,0,0,0,0,1,0,0,"- ","- ",,,"SAN DIEGO","SAN DIEGO",-117.03105501,32.70432503
6638311,2014,2014-10-08,3711,2014-09-11,0827,6513,,4,5,7,3711,0,0,0,,0,833,"UNIVERSITY AV","CHAMOUNE AV",0.00,,Y,A,-,N,,,,,,,,,,Y,2,0,1,2,A,-,12,21453,A,N,H,G,A,A,H,-,A,A,0,,Y,,,Y,,L,04,1,0,0,0,0,0,1,0,0,"- ","- ",,,"SAN DIEGO","SAN DIEGO",-117.09658004000001,32.749600020000003
6638315,2014,2014-10-08,3711,2014-09-19,1951,8275,SD,5,5,7,3711,0,0,0,,0,451,"COLLEGE AV","STREAMVIEW DR",10.00,N,N,A,-,N,,,,,,,,,,N,3,0,1,2,A,-,10,21950,A,M,G,B,B,A,H,-,C,A,0,Y,,,,Y,,-,,0,1,0,0,1,0,0,0,0,"- ","- ",,,"SAN DIEGO","SAN DIEGO",-117.05880117,32.745517509999999
6638316,2014,2014-10-08,3711,2014-09-18,2028,6902,,4,5,7,3711,0,0,0,,0,813,"UNIVERSITY AV","39TH ST",0.00,,Y,A,-,N,,,,,,,,,,N,3,0,1,2,A,-,12,22450,A,M,D,G,A,A,H,-,C,D,0,,Y,,,Y,Y,-,,0,1,0,0,0,0,1,0,0,"- ","- ",,,"SAN DIEGO","SAN DIEGO",-117.11065003,32.749690049999998
6638319,2014,2014-10-08,3711,2014-09-19,0610,4757,,5,5,7,3711,0,0,0,,0,521,"16TH ST","ISLAND AV",0.00,,Y,A,-,N,,,,,,,,,,N,3,0,1,2,A,-,12,22450,A,M,G,B,B,A,H,-,B,A,0,Y,,,,Y,Y,-,,0,1,0,0,1,0,0,0,0,"- ","- ",,,"SAN DIEGO","SAN DIEGO",-117.14946008,32.710450020000003
6640621,2014,2014-10-20,3711,2014-09-10,1933,6284,,3,5,7,3711,0,0,0,,0,834,"CENTRAL AV",CENTRAL,20.00,E,N,A,-,N,,,,,,,,,,N,4,0,1,2,A,-,10,21950,A,N,G,B,B,A,H,-,C,D,0,Y,,,,Y,,-,"- ",0,0,1,0,1,0,0,0,0,"- ","- ",,,"SAN DIEGO","SAN DIEGO",-117.1082,32.758859999999999
6641911,2014,2014-10-06,3711,2014-05-06,0702,4806,,2,5,7,3711,0,0,0,,0,122,"MISSION BAY DR","GRAND AV",317.00,E,N,A,-,N,,,,,,,,,,N,4,0,1,2,-,-,"- ",,,N,H,G,A,A,H,-,A,D,0,,Y,,,Y,,-,"- ",0,0,1,0,0,0,1,0,0,"- ","- ",,,"SAN DIEGO","SAN DIEGO",-117.21447678,32.801233170000003
6643037,2014,2014-11-14,3711,2014-10-01,1150,5313,,3,5,7,3711,0,0,0,,0,723,"PALM AV","BEYER BL",0.00,,Y,A,-,N,,,,,,,,,,N,3,0,1,2,A,-,08,22107,,N,B,G,A,A,H,-,A,A,0,,Y,,,Y,,A,01,0,1,0,0,0,0,1,0,0,"- ","- ",,,"SAN DIEGO","SAN DIEGO",-117.07124005,32.583880069999999
6644824,2014,2014-10-10,3711,2014-09-22,1504,6827,,1,5,7,3711,0,0,0,,0,836,"QUINCE ST","FAIRMOUNT AV",0.00,,Y,A,-,N,,,,,,,,,,N,3,0,1,2,A,-,10,21950,A,M,G,B,B,A,H,-,A,C,0,Y,,,,Y,,-,99,0,1,0,0,1,0,0,0,0,"- ","- ",,,"SAN DIEGO","SAN DIEGO",-117.1010101,32.736850060000002
6644843,2014,2014-10-10,3711,2014-09-24,1522,7100,,3,5,7,3711,0,0,0,,0,524,"KETTNER BL","B ST",0.00,,Y,A,-,N,,,,,,,,,,N,4,0,1,2,A,-,10,21950,A,N,A,B,B,A,H,-,B,A,0,Y,,,,Y,,-,,0,0,1,0,1,0,0,0,0,"- ","- ",,,"SAN DIEGO","SAN DIEGO",-117.16916001,32.717750090000003
6644860,2014,2014-10-10,3711,2014-09-26,1545,7127,,5,5,7,3711,0,0,0,,0,314,"MEADOW LARK DR","2900 MEADOW LARK DR",15.00,E,N,A,-,N,,,,,,,,,,N,4,0,1,2,A,-,11,21954,A,N,A,B,D,A,H,-,A,D,0,Y,,,,Y,,N,60,0,0,1,0,1,0,0,0,0,"- ","- ",,,"SAN DIEGO","SAN DIEGO",,
6644905,2014,2014-10-09,3711,2014-09-26,0132,8783,SANDI,5,5,7,3711,0,0,0,,0,122,"GRAND AV","EVERTS ST",45.00,E,N,A,-,N,,,,,,,,,,N,4,0,1,2,A,-,00,20001,A,M,G,B,D,A,H,-,C,D,0,Y,,,,Y,,-,,0,0,1,0,1,0,0,0,0,"- ","- ",,,"SAN DIEGO","SAN DIEGO",-117.24746849,32.796360229999998
6647160,2014,2016-01-05,3711,2014-09-13,1745,4939,,6,5,7,3711,0,0,0,,0,821,"EL CAJON BL","ART ST",0.00,,Y,A,-,N,,,,,,,,,,N,4,0,1,2,A,-,12,21453,A,N,D,G,A,A,H,-,A,A,0,,Y,,,Y,,L,04,0,0,1,0,0,0,1,0,0,"- ","- ",,,"SAN DIEGO","SAN DIEGO",-117.06089009999999,32.764870039999998
6647249,2014,2014-10-20,3711,2014-09-29,0154,6906,,1,5,7,3711,0,0,0,,0,523,"G ST","6TH AV",0.00,,Y,A,-,N,,,,,,,,,,N,3,0,1,2,A,-,00,20002,A,M,G,B,B,A,H,-,C,A,0,Y,,,,Y,Y,-,,0,1,0,0,1,0,0,0,0,"- ","- ",,,"SAN DIEGO","SAN DIEGO",-117.15923006,32.71257009
6649532,2014,2014-10-28,3711,2014-09-04,0711,6702,,4,5,7,3711,0,0,0,,0,611,"MIDWAY DR","KEMPER ST",424.00,N,N,A,-,N,,,,,,,,,,N,3,0,1,2,A,-,05,21650,1,N,H,G,A,A,H,-,A,A,0,,Y,,,Y,,L,04,0,1,0,0,0,0,1,0,0,"- ","- ",,,"SAN DIEGO","SAN DIEGO",-117.2162838,32.752798929999997
6650912,2014,2014-10-10,3711,2014-09-27,1117,7180,,6,5,7,3711,0,0,0,,0,514,"19TH ST","ISLAND AV",7920.00,S,N,A,-,N,,,,,,,,,,N,4,0,1,2,D,-,00,,,N,D,G,A,A,H,-,A,A,0,,Y,,,Y,Y,-,"- ",0,0,1,0,0,0,1,0,0,"- ","- ",,,"SAN DIEGO","SAN DIEGO",-117.14671,32.705249999999999
6650925,2014,2014-10-09,3711,2014-09-11,1814,6043,,4,5,7,3711,0,0,0,,0,242,"WESTVIEW PKWY","MIRA MESA BL",6.00,N,N,A,-,N,,,,,,,,,,N,2,0,1,2,A,-,05,21650,1,N,D,G,A,A,H,-,A,A,0,,Y,,,Y,,L,04,1,0,0,0,0,0,1,0,0,"- ","- ",,,"SAN DIEGO","SAN DIEGO",-117.12052064,32.917336429999999
6650933,2014,2014-10-09,3711,2014-09-10,0717,6788,,3,5,7,3711,0,0,0,,0,313,"RIDGEHAVEN CT","RUFFIN RD",156.00,E,N,A,-,N,,,,,,,,,,N,3,0,1,2,A,-,17,22517,,M,B,G,A,A,H,-,A,D,0,,Y,,,Y,,-,,0,1,0,0,0,0,1,0,0,"- ","- ",,,"SAN DIEGO","SAN DIEGO",-117.12612657,32.819738780000002
6650955,2014,2014-10-09,3711,2014-09-27,0020,6366,,6,5,7,3711,0,0,0,,0,324,"BISBY LAKE AV","TOMMY DR",0.00,,Y,B,-,N,,,,,,,,,,N,3,0,1,2,A,-,21,22106,,M,G,B,F,A,H,-,C,D,0,Y,,,,Y,Y,-,,0,1,0,0,1,0,0,0,0,"- ","- ",,,"SAN DIEGO","SAN DIEGO",-117.01362003,32.80372011
6658184,2014,2016-02-23,3711,2014-10-07,1355,HB5625,,2,5,7,3711,0,0,0,,0,503,"NORTH HARBOR DR","HARBOR ISLAND DR",0.00,,Y,A,-,N,,,,,,,,,,N,4,0,1,2,A,-,12,21453,A,N,D,G,A,B,H,-,A,A,0,,Y,,,Y,,L,04,0,0,1,0,0,0,1,0,0,"- ","- ",,,"SAN DIEGO","SAN DIEGO",-117.1951901,32.729290040000002
6659110,2014,2014-11-17,3711,2014-10-02,2315,5105,,4,5,7,3711,0,0,0,,0,813,"EL CAJON BL","ILLINOIS ST",0.00,,Y,A,-,N,,,,,,,,,,N,4,0,1,2,A,-,09,21802,A,N,B,G,A,A,H,-,C,A,0,,Y,,,Y,,-,,0,0,1,0,0,0,1,0,0,"- ","- ",,,"SAN DIEGO","SAN DIEGO",-117.1277001,32.75541003
6659114,2014,2014-11-26,3711,2014-10-02,1926,6613,,4,5,7,3711,0,0,0,,0,826,"EL CAJON BL","ALTADENA AV",8.00,E,N,A,-,N,,,,,,,,,,N,4,0,1,2,A,-,11,21954,A,N,G,B,D,A,H,-,C,D,0,Y,,,,Y,,N,60,0,0,1,0,1,0,0,0,0,"- ","- ",,,"SAN DIEGO","SAN DIEGO",-117.08572436999999,32.756953350000003
6661538,2014,2016-05-24,9645,2014-09-19,1246,17270,,5,1,7,3711,0,1,1,,2,007,"RT 5","NOBEL DR",8.00,S,N,A,-,Y,SD,11,5,-,R,28.000,R,1,N,N,3,0,1,2,A,-,21,22106,,N,G,B,B,A,H,-,A,A,1,Y,,,,Y,,A,01,0,1,0,0,1,0,0,0,0,TO,"- ",32.867930000000001,-117.22899,"SAN DIEGO","SAN DIEGO",-117.22967593,32.865897769999997
6661849,2014,2014-12-12,3711,2014-10-02,1414,5046,,4,5,7,3711,0,0,0,,0,512,"NATIONAL AV","30TH ST",131.00,W,N,A,-,N,,,,,,,,,,N,3,0,1,2,A,-,17,22517,,N,B,G,A,A,H,-,A,D,0,,Y,,,Y,,A,01,0,1,0,0,0,0,1,0,0,"- ","- ",,,"SAN DIEGO","SAN DIEGO",-117.12990438,32.695958060000002
6664584,2014,2014-12-10,3711,2014-10-06,0735,6443,,1,5,7,3711,0,0,0,,0,524,"8TH AV","A ST",0.00,,Y,A,-,N,,,,,,,,,,N,3,0,1,2,A,-,10,21950,A,M,G,B,B,A,G,-,A,A,0,Y,,,,Y,,-,,0,1,0,0,1,0,0,0,0,"- ","- ",,,"SAN DIEGO","SAN DIEGO",-117.15746007,32.718860120000002
6665993,2014,2015-01-28,3711,2014-10-07,1430,7150,,2,5,7,3711,0,0,0,,0,627,"FRONT ST","WEST WASHINGTON ST",0.00,,Y,B,-,N,,,,,,,,,,N,3,0,1,2,A,-,10,21950,A,N,G,B,B,-,H,-,A,A,0,Y,,,,Y,,-,,0,1,0,0,1,0,0,0,0,"- ","- ",,,"SAN DIEGO","SAN DIEGO",-117.16500009000001,32.749830070000002
6666842,2014,2014-12-22,3711,2014-10-04,1430,6713,,6,5,7,3711,0,0,0,,0,622,"MORENA BL","VIOLA ST",0.00,,Y,A,-,N,,,,,,,,,,N,3,0,1,2,A,-,05,21650,1,F,H,G,A,A,H,-,A,D,0,,Y,,,Y,,L,04,0,1,0,0,0,0,1,0,0,"- ","- ",,,"SAN DIEGO","SAN DIEGO",-117.20206002,32.771710079999998