CASE_ID,ACCIDENT_YEAR,PROC_DATE,JURIS,COLLISION_DATE,COLLISION_TIME,OFFICER_ID,REPORTING_DISTRICT,DAY_OF_WEEK,CHP_SHIFT,POPULATION,CNTY_CITY_LOC,SPECIAL_COND,BEAT_TYPE,CHP_BEAT_TYPE,CITY_DIVISION_LAPD,CHP_BEAT_CLASS,BEAT_NUMBER,PRIMARY_RD,SECONDARY_RD,DISTANCE,DIRECTION,INTERSECTION,WEATHER_1,WEATHER_2,STATE_HWY_IND,CALTRANS_COUNTY,CALTRANS_DISTRICT,STATE_ROUTE,ROUTE_SUFFIX,POSTMILE_PREFIX,POSTMILE,LOCATION_TYPE,RAMP_INTERSECTION,SIDE_OF_HWY,TOW_AWAY,COLLISION_SEVERITY,NUMBER_KILLED,NUMBER_INJURED,PARTY_COUNT,PRIMARY_COLL_FACTOR,PCF_CODE_OF_VIOL,PCF_VIOL_CATEGORY,PCF_VIOLATION,PCF_VIOL_SUBSECTION,HIT_AND_RUN,TYPE_OF_COLLISION,MVIW,PED_ACTION,ROAD_SURFACE,ROAD_COND_1,ROAD_COND_2,LIGHTING,CONTROL_DEVICE,CHP_ROAD_TYPE,PEDESTRIAN_ACCIDENT,BICYCLE_ACCIDENT,MOTORCYCLE_ACCIDENT,TRUCK_ACCIDENT,NOT_PRIVATE_PROPERTY,ALCOHOL_INVOLVED,STWD_VEHTYPE_AT_FAULT,CHP_VEHTYPE_AT_FAULT,COUNT_SEVERE_INJ,COUNT_VISIBLE_INJ,COUNT_COMPLAINT_PAIN,COUNT_PED_KILLED,COUNT_PED_INJURED,COUNT_BICYCLIST_KILLED,COUNT_BICYCLIST_INJURED,COUNT_MC_KILLED,COUNT_MC_INJURED,PRIMARY_RAMP,SECONDARY_RAMP,LATITUDE,LONGITUDE,COUNTY,CITY,POINT_X,POINT_Y
6666948,2014,2014-10-22,3711,2014-09-29,1908,4897,,1,5,7,3711,0,0,0,,0,826,"UNIVERSITY AV","50TH ST",13.00,W,N,A,-,N,,,,,,,,,,Y,3,0,1,2,A,-,10,21950,A,N,G,B,B,A,H,-,C,D,0,Y,,,,Y,,A,01,0,1,0,0,1,0,0,0,0,"- ","- ",,,"SAN DIEGO","SAN DIEGO",-117.08701983,32.749361620000002
6668686,2014,2014-11-03,3711,2014-08-13,1327,5313,,3,5,7,3711,0,0,0,,0,712,"DEL SUR BL","SHOOTING STAR LN",459.00,S,N,A,-,N,,,,,,,,,,N,3,0,2,2,A,-,11,21954,A,N,G,B,D,A,H,-,A,D,0,Y,,,,Y,,N,60,0,2,0,0,1,0,0,0,0,"- ","- ",,,"SAN DIEGO","SAN DIEGO",-117.0574215,32.566202420000003
6668842,2014,2014-11-26,3711,2014-10-12,1435,6344,,7,5,7,3711,0,0,0,,0,441,"MAYBERRY ST","S 44TH ST",255.00,E,N,A,-,N,,,,,,,,,,N,3,0,1,2,A,-,11,21950,B,N,G,B,D,A,H,-,A,D,0,Y,,,,Y,,N,60,0,1,0,0,1,0,0,0,0,"- ","- ",,,"SAN DIEGO","SAN DIEGO",-117.09934809000001,32.691898530000003
6668848,2014,2014-11-26,3711,2014-10-06,1818,7138,SD,1,5,7,3711,0,0,0,,0,826,"48TH ST","ORANGE AV",250.00,S,N,A,-,N,,,,,,,,,,N,4,0,1,2,C,-,18,,,N,D,B,E,A,H,-,A,D,0,Y,,,,Y,,-,"- ",0,0,1,0,1,0,0,0,0,"- ","- ",,,"SAN DIEGO","SAN DIEGO",-117.09115783,32.752395249999999
6668855,2014,2014-11-21,3711,2014-10-09,1610,6214,SDPD,4,5,7,3711,0,0,0,,0,528,"KETTNER BL","W HAWTHORN",30.00,S,N,A,-,N,,,,,,,,,,N,4,0,1,2,A,-,10,21950,C,N,G,B,-,A,H,-,A,A,0,Y,,,,Y,,-,,0,0,1,0,1,0,0,0,0,"- ","- ",,,"SAN DIEGO","SAN DIEGO",-117.17024678999999,32.726062759999998
6672420,2014,2016-02-23,3711,2014-10-14,1730,5964,,2,5,7,3711,0,0,0,,0,813,"ADAMS AV","OREGON ST",0.00,,Y,A,-,N,,,,,,,,,,N,4,0,1,2,A,-,11,21954,A,N,-,B,D,A,H,-,A,A,0,Y,,,,Y,,N,60,0,0,1,0,1,0,0,0,0,"- ","- ",,,"SAN DIEGO","SAN DIEGO",-117.13516007,32.762840060000002
6672432,2014,2015-01-28,3711,2014-10-14,0824,6482,,2,5,7,3711,0,0,0,,0,712,"SMYTHE  AV","SMYTHE  AV 1880",0.00,,N,A,-,N,,,,,,,,,,N,3,0,1,3,A,-,"- ",,,N,G,B,F,A,-,-,A,D,0,Y,,,,Y,,-,,0,1,0,0,1,0,0,0,0,"- ","- ",,,"SAN DIEGO","SAN DIEGO",-117.04933584,32.563398149999998
6675663,2014,2014-11-10,3711,2014-09-30,0608,4823,,2,5,7,3711,0,0,0,,0,826,"EL CAJON BL","WINONA AV",5.00,W,N,A,-,N,,,,,,,,,,N,2,0,1,2,A,-,11,21954,A,N,G,B,D,A,H,-,C,A,0,Y,,,,Y,,N,60,1,0,0,0,1,0,0,0,0,"- ","- ",,,"SAN DIEGO","SAN DIEGO",-117.08790598,32.756647719999997
6679396,2014,2014-12-29,3711,2014-10-22,1030,5429,,3,5,7,3711,0,0,0,,0,615,"ROSECRANS ST","EMERSON ST",117.00,S,N,A,-,N,,,,,,,,,,N,4,0,2,3,A,-,21,22106,,M,G,B,F,A,H,-,A,D,0,Y,,,,Y,Y,-,,0,0,2,0,2,0,0,0,0,"- ","- ",,,"SAN DIEGO","SAN DIEGO",-117.2296441,32.724121429999997
6680467,2014,2014-12-12,3711,2014-10-19,2130,3691,,7,5,7,3711,0,0,0,,0,831,"ORANGE AV","FAIRMONT AV",0.00,,Y,A,-,N,,,,,,,,,,N,4,0,1,2,A,-,10,21950,A,N,B,G,A,A,H,-,C,A,0,,Y,,,Y,,-,,0,0,1,0,0,0,1,0,0,"- ","- ",,,"SAN DIEGO","SAN DIEGO",-117.10086002,32.753170089999998
6680469,2014,2014-12-12,3711,2014-10-17,0409,6203,,5,5,7,3711,0,0,0,,0,832,"FAIRMONT AV","ORANGE AV",12.00,N,N,A,-,N,,,,,,,,,,N,4,0,1,2,A,-,12,21453,A,N,C,G,A,A,H,-,C,A,0,,Y,,,Y,,A,01,0,0,1,0,0,0,1,0,0,"- ","- ",,,"SAN DIEGO","SAN DIEGO",-117.10086,32.753202870000003
6680475,2014,2015-01-08,3711,2014-10-18,2310,7159,,6,5,7,3711,0,0,0,,0,122,"GARNET AV","MT SOLEDAD DR",0.00,,Y,A,-,N,,,,,,,,,,N,4,0,1,2,A,-,11,21950,B,M,G,B,D,A,H,-,C,A,0,Y,,,,Y,,N,60,0,0,1,0,1,0,0,0,0,"- ","- ",,,"SAN DIEGO","SAN DIEGO",-117.2239199,32.804950030000001
6680806,2014,2014-12-12,3711,2014-10-18,0942,7086,,6,5,7,3711,0,0,0,,0,813,"TEXAS ST",LINCOLN,145.00,S,N,B,-,N,,,,,,,,,,N,3,0,1,2,A,-,21,22106,,N,D,G,A,A,H,-,A,D,0,,Y,,,Y,,-,,0,1,0,0,0,0,1,0,0,"- ","- ",,,"SAN DIEGO","SAN DIEGO",-117.13880759,32.749912799999997
6688925,2014,2014-12-26,3711,2014-10-23,1714,8824,,4,5,7,3711,0,0,0,,0,321,"MISSION GORGE RD","RANIER AV",0.00,,Y,A,-,N,,,,,,,,,,N,3,0,1,2,A,-,10,21950,A,N,G,B,B,A,H,-,A,A,0,Y,,,,Y,,A,07,0,1,0,0,1,0,0,0,0,"- ","- ",,,"SAN DIEGO","SAN DIEGO",-117.09770005999999,32.789820089999999
6688991,2014,2014-12-23,3711,2014-10-21,1320,7192,,2,5,7,3711,0,0,0,,0,242,"GOLD COAST DR","WESTONHILL DR",3.00,E,N,A,-,N,,,,,,,,,,N,3,0,1,2,A,-,12,22450,A,N,D,G,A,A,H,-,A,A,0,,Y,,,Y,,-,,0,1,0,0,0,0,1,0,0,"- ","- ",,,"SAN DIEGO","SAN DIEGO",-117.13552034999999,32.905758839999997
6689007,2014,2014-12-23,3711,2014-10-17,1508,6859,,5,5,7,3711,0,0,0,,0,714,"RAIL CT","E SAN YSIDRO",174.00,E,N,B,-,N,,,,,,,,,,N,4,0,1,2,A,-,05,21650,,N,A,B,D,A,H,-,A,D,0,Y,,,,Y,Y,-,,0,0,1,0,1,0,0,0,0,"- ","- ",,,"SAN DIEGO","SAN DIEGO",-117.02845302999999,32.543780480000002
6689008,2014,2014-12-22,3711,2014-10-21,1430,6208,SANDI,2,5,7,3711,0,0,0,,0,611,"MIDWAY DR","ROSECRANS ST",0.00,,Y,A,-,N,,,,,,,,,,Y,3,0,1,2,A,-,11,21456,B,N,A,B,B,A,H,-,A,A,0,Y,,,,Y,,N,60,0,1,0,0,1,0,0,0,0,"- ","- ",,,"SAN DIEGO","SAN DIEGO",-117.20617000999999,32.749700060000002
6689122,2014,2014-12-23,3711,2014-10-24,1644,7138,,5,5,7,3711,0,0,0,,0,826,"TROJAN AV","48TH ST",0.00,,Y,A,-,N,,,,,,,,,,N,3,0,1,2,A,-,09,21804,A,N,D,G,A,A,H,-,A,D,0,,Y,,,Y,,L,04,0,1,0,0,0,0,1,0,0,"- ","- ",,,"SAN DIEGO","SAN DIEGO",-117.09115001000001,32.754950020000003
6690623,2014,2015-01-07,3711,2014-10-23,1809,6632,MC2,4,5,7,3711,0,0,0,,0,813,"UNIVERSITY AV","LOUISIANA ST",30.00,E,N,A,-,N,,,,,,,,,,N,3,0,1,2,A,-,04,21703,,N,D,G,A,A,H,-,A,D,0,,Y,,,Y,,L,04,0,1,0,0,0,0,1,0,0,"- ","- ",,,"SAN DIEGO","SAN DIEGO",-117.13993275999999,32.74844908
6694755,2014,2014-12-31,3711,2014-10-23,1750,6702,,4,5,7,3711,0,0,0,,0,432,"IMPERIAL AV","54TH ST",0.00,,Y,A,-,N,,,,,,,,,,N,2,0,2,3,A,-,12,21453,A,N,G,B,B,A,H,-,A,A,0,Y,,,,Y,,A,01,1,0,1,0,2,0,0,0,0,"- ","- ",,,"SAN DIEGO","SAN DIEGO",-117.07878003,32.707080050000002
6695155,2014,2015-01-07,3711,2014-11-01,1441,5953,,6,5,7,3711,0,0,0,,0,525,"UNION ST","WEST F ST",75.00,N,N,A,-,N,,,,,,,,,,N,4,0,2,2,A,-,11,21950,B,N,G,B,D,A,H,-,A,A,0,Y,Y,,,Y,,N,60,0,0,2,0,1,0,1,0,0,"- ","- ",,,"SAN DIEGO","SAN DIEGO",-117.16562,32.713755460000002
6695348,2014,2015-01-02,3711,2014-10-23,2017,3815,,4,5,7,3711,0,0,0,,0,934,"ELIJAH CT","EL CAMINIO REAL",160.00,E,N,A,-,N,,,,,,,,,,N,3,0,1,2,A,-,10,21952,,N,G,B,F,A,H,-,C,D,0,Y,,,,Y,,A,01,0,1,0,0,1,0,0,0,0,"- ","- ",,,"SAN DIEGO","SAN DIEGO",-117.23707508,32.947166320000001
6696990,2014,2015-01-23,3711,2014-10-30,1610,7052,SD,4,5,7,3711,0,0,0,,0,521,"PARK BL","C ST",90.00,S,N,A,-,N,,,,,,,,,,N,3,0,1,2,A,-,"- ",,,N,A,B,F,A,H,-,A,D,0,Y,Y,,,Y,,L,04,0,1,0,0,1,0,0,0,0,"- ","- ",,,"SAN DIEGO","SAN DIEGO",-117.15374725,32.716553529999999
6696998,2014,2014-12-31,3711,2014-10-31,0524,6493,,5,5,7,3711,0,0,0,,0,327,"COLLEGE AV","COLLEGE PL",0.00,,Y,A,-,N,,,,,,,,,,N,1,1,0,2,A,-,09,21802,A,N,H,G,A,A,H,-,C,A,0,,Y,,,Y,,L,04,0,0,0,0,0,1,0,0,0,"- ","- ",,,"SAN DIEGO","SAN DIEGO",-117.06952012000001,32.770110010000003
6697037,2014,2015-01-28,3711,2014-10-30,2045,6950,3711,4,5,7,3711,0,0,0,,0,115,"LA JOLLA VILLAGE DR","RT 5",200.00,E,N,A,-,Y,,,,,,,,,,N,3,0,1,2,A,-,05,21650,1,N,A,G,A,A,H,-,C,D,0,,Y,,,Y,,L,04,0,1,0,0,0,0,1,0,0,"- ","- ",,,"SAN DIEGO","SAN DIEGO",-117.22871117,32.872133169999998
6701094,2014,2016-02-23,3711,2014-11-12,0012,7135,NORTH,3,5,7,3711,0,0,0,,0,114,"DUBOIS DR","DUBOIS DR 5052",0.00,,N,A,-,N,,,,,,,,,,,4,0,1,2,A,-,02,22400,A,M,G,B,E,A,H,-,D,D,0,Y,,,,Y,,N,60,0,0,1,0,1,0,0,0,0,"- ","- ",,,"SAN DIEGO","SAN DIEGO",-117.19894945999999,32.837207990000003
6701114,2014,2015-01-29,3711,2014-11-08,0842,7223,,6,5,7,3711,0,0,0,,0,524,"BEECH ST","4TH AV",21.00,W,N,A,-,N,,,,,,,,,,N,2,0,1,2,A,-,"- ",,,N,G,B,B,A,H,-,A,A,0,Y,,,,Y,,N,60,1,0,0,0,1,0,0,0,0,"- ","- ",,,"SAN DIEGO","SAN DIEGO",-117.16122805000001,32.720909210000002
6701118,2014,2015-01-08,3711,2014-11-07,1647,6699,,5,5,7,3711,0,0,0,,0,833,LANDIS,44TH,68.00,W,N,A,-,N,,,,,,,,,,N,4,0,1,2,A,-,17,22517,,N,H,G,A,A,H,-,A,D,0,,Y,,,Y,,-,,0,0,1,0,0,0,1,0,0,"- ","- ",,,"SAN DIEGO","SAN DIEGO",-117.10002040000001,32.745860520000001
6702538,2014,2015-01-07,3711,2014-10-29,1006,6774,SANDI,3,5,7,3711,0,0,0,,0,627,"UNIVERSITY AV","8TH AV",0.00,,Y,-,-,N,,,,,,,,,,N,4,0,1,2,A,-,10,21950,A,M,G,B,B,-,-,-,-,A,0,Y,,,,Y,,A,01,0,0,1,0,1,0,0,0,0,"- ","- ",,,"SAN DIEGO","SAN DIEGO",-117.15742009,32.748390090000001
6702559,2014,2014-12-04,3711,2014-10-24,0730,4654,,5,5,7,3711,0,0,0,,0,326,"MONTEZUMA RD","55TH ST",0.00,,Y,A,-,N,,,,,,,,,,N,4,0,1,2,A,-,08,22107,,M,-,B,B,A,-,-,A,A,0,Y,,,,Y,,-,,0,0,1,0,1,0,0,0,0,"- ","- ",,,"SAN DIEGO","SAN DIEGO",-117.07626009000001,32.77071007
6703898,2014,2015-01-29,9645,2014-11-02,0127,017139,,7,3,7,3711,0,1,1,,2,027,"RT 15","RT 8",6.00,N,N,B,C,Y,,,,,,,,,,Y,2,0,3,5,A,-,03,22350,,N,G,B,E,B,H,-,C,D,0,Y,,,,Y,,A,01,1,0,2,0,1,0,0,0,0,TO,"- ",32.778559999999999,-117.10906,"SAN DIEGO","SAN DIEGO",-117.11253610999999,32.778735599999997
6704553,2014,2016-02-24,3711,2014-11-09,0930,7056,,7,5,7,3711,0,0,0,,0,432,"DIVISION ST","S VALENCIA PKWY",411.00,W,N,A,-,N,,,,,,,,,,N,4,0,1,2,A,-,21,22106,,N,G,B,F,A,H,-,A,D,0,Y,,,,Y,,-,,0,0,1,0,1,0,0,0,0,"- ","- ",,,"SAN DIEGO","SAN DIEGO",-117.07144416,32.693366920000003
6705514,2014,2015-01-20,3711,2014-11-01,1823,6000,,6,5,7,3711,0,0,0,,0,122,"TURQUOISE ST","CASS ST",302.00,W,N,B,-,N,,,,,,,,,,N,2,0,1,2,A,-,11,21954,A,N,G,B,E,A,H,-,C,D,0,Y,,,,Y,Y,N,60,1,0,0,0,1,0,0,0,0,"- ","- ",,,"SAN DIEGO","SAN DIEGO",-117.25645747,32.809229340000002
6707538,2014,2015-01-09,3711,2014-11-02,1740,6424,,7,5,7,3711,0,0,0,,0,242,"MIRA MESA BL","WESTONHILL DR",4.00,W,N,A,-,N,,,,,,,,,,N,3,0,1,2,A,-,11,21456,B,N,G,B,B,A,H,-,C,A,0,Y,,,,Y,,N,60,0,1,0,0,1,0,0,0,0,"- ","- ",,,"SAN DIEGO","SAN DIEGO",-117.13564298999999,32.91292
6718803,2014,2015-01-13,3711,2014-11-11,1421,7183,,2,5,7,3711,0,0,0,,0,006,"NIMITZ BL",LOMA,1584.00,S,N,A,-,N,,,,,,,,,,N,4,0,1,2,A,-,08,22107,,N,B,G,A,A,H,-,A,D,0,,Y,,,Y,,L,04,0,0,1,0,0,0,1,0,0,"- ","- ",,,"SAN DIEGO","SAN DIEGO",-117.23419994,32.747226050000002
6718948,2014,2015-01-09,3711,2014-11-09,2023,7079,,7,5,7,3711,0,0,0,,0,122,"HORNBLEND ST","FANUEL ST",0.00,,Y,A,-,N,,,,,,,,,,N,3,0,1,2,A,-,09,21802,A,F,D,G,A,A,H,-,D,D,0,,Y,,,Y,Y,L,04,0,1,0,0,0,0,1,0,0,"- ","- ",,,"SAN DIEGO","SAN DIEGO",-117.24607009,32.79761002
6721779,2014,2015-01-13,3711,2014-11-22,1520,6339,,6,5,7,3711,0,0,0,,0,243,"ARJONS DR",DUNBROOK,26.00,W,N,A,-,N,,,,,,,,,,N,2,0,1,2,A,-,08,22107,,N,D,G,A,A,H,-,A,D,0,,Y,,,Y,,-,,1,0,0,0,0,0,1,0,0,"- ","- ",,,"SAN DIEGO","SAN DIEGO",-117.15045919000001,32.894119189999998
6721787,2014,2015-01-13,3711,2014-11-21,0918,7085,SANDI,5,5,7,3711,0,0,0,,0,,"BALBOA AV","MT ABERTINE",303.00,E,N,B,-,N,,,,,,,,,,N,3,0,1,2,A,-,05,21650,1,N,G,G,A,B,H,-,A,D,0,,Y,,,Y,,L,04,0,1,0,0,0,0,1,0,0,"- ","- ",,,"SAN DIEGO","SAN DIEGO",-117.17052700000001,32.820236029999997
6727921,2014,2015-05-15,3711,2014-11-25,1805,4897,,2,5,7,3711,0,0,0,,0,516,"IMPERIAL AV","33RD ST",746.00,E,N,A,-,N,,,,,,,,,,N,1,1,0,2,A,-,11,21954,A,N,G,B,D,A,H,-,C,D,0,Y,,,,Y,,N,60,0,0,0,1,0,0,0,0,0,"- ","- ",,,"SAN DIEGO","SAN DIEGO",-117.12024958000001,32.706456269999997
6727989,2014,2015-01-14,3711,2014-11-30,1813,7097,,7,5,7,3711,0,0,0,,0,721,"PALM AV","RT 5",0.00,,Y,A,-,Y,,,,,,,,,,N,4,0,1,2,A,-,10,21950,A,N,G,B,B,A,H,-,C,A,0,Y,,,,Y,,-,,0,0,1,0,1,0,0,0,0,"- ",SF,,,"SAN DIEGO","SAN DIEGO",-117.08753009,32.583910039999999
6731675,2014,2015-02-03,3711,2014-12-08,1814,6468,,1,5,7,3711,0,0,0,,0,116,"CLAIRMONT DR","IROQUOIS AV",0.00,,Y,A,-,N,,,,,,,,,,N,4,0,1,2,A,-,09,21802,A,N,G,B,B,A,H,-,C,A,0,Y,,,,Y,,D,22,0,0,1,0,1,0,0,0,0,"- ","- ",,,"SAN DIEGO","SAN DIEGO",-117.19338007,32.797410059999997
6731693,2014,2015-01-30,3711,2014-12-03,1015,7211,,3,5,7,3711,0,0,0,,0,242,"CAMINO RUIZ","GOLD COAST DR",240.00,N,N,B,C,N,,,,,,,,,,N,3,0,1,2,A,-,09,21804,A,N,D,G,A,B,H,-,A,A,0,,Y,,,Y,,-,,0,1,0,0,0,0,1,0,0,"- ","- ",,,"SAN DIEGO","SAN DIEGO",-117.14615836,32.905986370000001
6731717,2014,2015-01-30,3711,2014-12-07,1721,6800,,7,5,7,3711,0,0,0,,0,627,"VERMONT ST","RICHMOND ST",0.00,,Y,A,-,N,,,,,,,,,,N,4,0,1,2,A,-,09,21802,A,N,B,G,A,A,H,-,C,A,0,,Y,,,Y,,-,,0,0,1,0,0,0,1,0,0,"- ","- ",,,"SAN DIEGO","SAN DIEGO",,
6731857,2014,2015-01-30,3711,2014-12-09,1600,6339,,2,5,7,3711,0,0,0,,0,242,"GOLD COAST DR","WESTCHESTER AV",150.00,W,N,A,-,N,,,,,,,,,,N,4,0,1,2,A,-,08,22107,,N,H,G,A,A,H,-,A,D,0,,Y,,,Y,Y,L,04,0,0,1,0,0,0,1,0,0,"- ","- ",,,"SAN DIEGO","SAN DIEGO",-117.12760704,32.905365869999997
6731873,2014,2015-01-30,3711,2014-12-06,1859,7191,,6,5,7,3711,0,0,0,,0,723,"PICADOR BL","DEL SOL BL",210.00,N,N,A,-,N,,,,,,,,,,N,4,0,1,2,A,-,08,22107,,N,G,B,D,A,H,-,C,A,0,Y,,,,Y,,A,01,0,0,1,0,1,0,0,0,0,"- ","- ",,,"SAN DIEGO","SAN DIEGO",-117.05415839,32.573861000000001
6731902,2014,2015-01-29,3711,2014-12-08,1728,7169,,1,5,7,3711,0,0,0,,0,824,"EL CAJON BL","ALTADENA AV",24.00,E,N,A,-,N,,,,,,,,,,N,3,0,1,2,A,-,10,21950,A,N,B,B,D,A,H,-,C,D,0,Y,,,,Y,Y,A,01,0,1,0,0,1,0,0,0,0,"- ","- ",,,"SAN DIEGO","SAN DIEGO",-117.08567312,32.756960059999997
6732484,2014,2015-02-09,3711,2014-12-02,1045,7056,,2,5,7,3711,0,0,0,,0,432,"ENCINA DR","SANTA ISABEL DR",285.00,E,N,B,C,N,,,,,,,,,,N,3,0,1,2,A,-,05,21202,A,N,B,G,A,B,H,-,A,D,0,,Y,,,Y,,L,04,0,1,0,0,0,0,1,0,0,"- ","- ",,,"SAN DIEGO","SAN DIEGO",-117.07796102,32.697279199999997
6732672,2014,2015-01-29,3711,2014-12-02,1817,6768,,2,5,7,3711,0,0,0,,0,834,"UNIVERSITY AV","MARLBOROUGH AV",5.00,E,N,C,-,N,,,,,,,,,,N,3,0,1,2,A,-,09,21801,A,N,G,B,D,B,H,-,C,A,0,Y,,,,Y,,A,01,0,1,0,0,1,0,0,0,0,"- ","- ",,,"SAN DIEGO","SAN DIEGO",-117.10567379,32.749679999999998
6737898,2014,2015-01-29,3711,2014-12-01,0800,4923,,1,5,7,3711,0,0,0,,0,233,"ELLINGHAM ST","SPARREN  AV",0.00,,Y,A,-,N,,,,,,,,,,N,4,0,1,2,A,-,09,21802,A,N,D,G,A,A,H,-,A,A,0,,Y,,,Y,,L,04,0,0,1,0,0,0,1,0,0,"- ","- ",,,"SAN DIEGO","SAN DIEGO",-117.13706003,32.964600099999998
6737912,2014,2015-01-29,3711,2014-12-01,1655,4527,,1,5,7,3711,0,0,0,,0,521,IMPERIAL,"IMPERIAL 1700",216.00,E,N,A,-,N,,,,,,,,,,N,4,0,1,2,A,-,10,21950,A,N,D,B,D,A,H,-,C,D,0,Y,,,,Y,Y,N,60,0,0,1,0,1,0,0,0,0,"- ","- ",,,"SAN DIEGO","SAN DIEGO",,
6738668,2014,2015-01-29,3711,2014-12-04,1136,7169,,4,5,7,3711,0,0,0,,0,623,"HOTEL CIRCLE SOUTH","HOTEL CIRCLE CT",153.00,W,N,A,-,N,,,,,,,,,,N,4,0,1,2,A,-,05,21650,1,N,B,G,A,A,H,-,A,D,0,,Y,,,Y,,L,04,0,0,1,0,0,0,1,0,0,"- ","- ",,,"SAN DIEGO","SAN DIEGO",-117.1747463,32.75917733
6738965,2014,2015-01-29,3711,2014-11-22,1700,8824,SANDI,6,5,7,3711,0,0,0,,0,623,"FRIARS RD","NAPA ST",12.00,W,N,A,-,N,,,,,,,,,,N,4,0,1,1,A,-,08,22107,,N,H,G,A,A,H,-,C,A,0,,Y,,,Y,,L,04,0,0,1,0,0,0,1,0,0,"- ","- ",,,"SAN DIEGO","SAN DIEGO",-117.19527686000001,32.763459470000001
6738977,2014,2015-01-16,3711,2014-11-21,1815,7234,,5,5,7,3711,0,0,0,,0,444,"MARKET ST","MORRISON ST",15.00,E,N,A,-,N,,,,,,,,,,N,4,0,1,2,A,-,"- ",,,N,G,B,E,A,H,-,C,A,0,Y,,,,Y,,N,60,0,0,1,0,1,0,0,0,0,"- ","- ",,,"SAN DIEGO","SAN DIEGO",-117.1055614,32.711489999999998
6739477,2014,2015-01-23,3711,2014-11-20,1830,5623,,4,5,7,3711,0,0,0,,0,724,"HOLLISTER ST",CITRUS,75.00,S,N,B,-,N,,,,,,,,,,Y,4,0,1,2,A,-,10,21954,B,N,G,B,D,A,H,-,C,D,0,Y,,,,Y,Y,-,,0,0,1,0,1,0,0,0,0,"- ","- ",,,"SAN DIEGO","SAN DIEGO",-117.08407784000001,32.584524569999999
6745582,2014,2015-01-20,9645,2014-11-15,0020,019496,,6,3,7,3711,0,1,1,,2,027,"RT 15","CAMINO DEL RIO S",87.00,S,N,A,-,Y,,,,,,,,,,N,2,0,1,2,A,-,08,22107,,F,G,B,E,A,H,-,D,D,0,Y,,,,Y,,-,99,1,0,0,0,1,0,0,0,0,"- ","- ",32.777529999999999,-117.11024999999999,"SAN DIEGO","SAN DIEGO",-117.11197989999999,32.77703726
6747695,2014,2015-02-02,3711,2014-12-11,1808,5046,,4,5,7,3711,0,0,0,,0,528,"W CEDAR ST","KETTNER BL",0.00,,Y,A,-,N,,,,,,,,,,N,3,0,1,2,A,-,10,21950,A,N,G,B,B,A,H,-,C,A,0,Y,,,,Y,,D,22,0,1,0,0,1,0,0,0,0,"- ","- ",,,"SAN DIEGO","SAN DIEGO",-117.16919008000001,32.721940099999998
6748060,2014,2015-01-26,3711,2014-11-29,2035,6366,,6,5,7,3711,0,0,0,,0,451,"EUCLID LN","FEDERAL BL",0.00,,Y,A,-,N,,,,,,,,,,N,3,0,1,2,A,-,05,21650,1,N,D,G,A,A,H,-,C,A,0,,Y,,,Y,,L,04,0,1,0,0,0,0,1,0,0,"- ","- ",,,"SAN DIEGO","SAN DIEGO",-117.08495001,32.721420090000002
6748326,2014,2015-02-02,3711,2014-12-04,1703,5046,,4,5,7,3711,0,0,0,,0,529,"LAUREL ST","1ST AV",0.00,,Y,A,-,N,,,,,,,,,,N,2,0,1,2,A,-,10,21950,A,N,G,B,B,B,H,-,C,A,0,Y,,,,Y,,A,01,1,0,0,0,1,0,0,0,0,"- ","- ",,,"SAN DIEGO","SAN DIEGO",-117.16395012,32.73136006
6749062,2014,2015-01-30,3711,2014-12-12,1522,6136,,5,5,7,3711,0,0,0,,0,722,"GROVE AV","HOLLISTER ST",6.00,N,N,B,-,N,,,,,,,,,,N,3,0,1,2,A,-,10,21950,A,N,G,B,B,A,H,-,A,A,0,Y,,,,Y,,-,,0,1,0,0,1,0,0,0,0,"- ","- ",,,"SAN DIEGO","SAN DIEGO",-117.08410000000001,32.572789999999998
6749068,2014,2015-01-30,3711,2014-12-14,1240,6717,,7,5,7,3711,0,0,0,,0,523,BROADWAY,"5TH AV",39.00,E,N,A,-,N,,,,,,,,,,N,4,0,1,2,A,-,08,22107,,M,B,G,A,A,H,-,A,A,0,,Y,,,Y,,-,99,0,0,1,0,0,0,1,0,0,"- ","- ",,,"SAN DIEGO","SAN DIEGO",-117.16002362,32.715710000000001
6750326,2014,2015-01-29,3711,2014-12-22,2025,7193,,1,5,7,3711,0,0,0,,0,822,"54TH ST","54TH ST 3900",0.00,,N,A,-,N,,,,,,,,,,N,4,0,1,2,A,-,10,21950,A,M,-,B,B,A,H,-,C,A,0,Y,,,,Y,,-,,0,0,1,0,1,0,0,0,0,"- ","- ",,,"SAN DIEGO","SAN DIEGO",-117.07949996000001,32.747759940000002
6750334,2014,2015-01-29,3711,2014-12-20,1600,6863,,6,5,7,3711,0,0,0,,0,935,"VIA DE LA VALLE","EL CAMINIO REAL",72.00,E,N,B,-,N,,,,,,,,,,N,3,0,1,2,A,-,"- ",,,M,H,G,A,A,H,-,A,D,0,,Y,,,Y,,-,"- ",0,1,0,0,0,0,1,0,0,"- ","- ",,,"SAN DIEGO","SAN DIEGO",-117.23024977,32.982755419999997