CASE_ID,ACCIDENT_YEAR,PROC_DATE,JURIS,COLLISION_DATE,COLLISION_TIME,OFFICER_ID,REPORTING_DISTRICT,DAY_OF_WEEK,CHP_SHIFT,POPULATION,CNTY_CITY_LOC,SPECIAL_COND,BEAT_TYPE,CHP_BEAT_TYPE,CITY_DIVISION_LAPD,CHP_BEAT_CLASS,BEAT_NUMBER,PRIMARY_RD,SECONDARY_RD,DISTANCE,DIRECTION,INTERSECTION,WEATHER_1,WEATHER_2,STATE_HWY_IND,CALTRANS_COUNTY,CALTRANS_DISTRICT,STATE_ROUTE,ROUTE_SUFFIX,POSTMILE_PREFIX,POSTMILE,LOCATION_TYPE,RAMP_INTERSECTION,SIDE_OF_HWY,TOW_AWAY,COLLISION_SEVERITY,NUMBER_KILLED,NUMBER_INJURED,PARTY_COUNT,PRIMARY_COLL_FACTOR,PCF_CODE_OF_VIOL,PCF_VIOL_CATEGORY,PCF_VIOLATION,PCF_VIOL_SUBSECTION,HIT_AND_RUN,TYPE_OF_COLLISION,MVIW,PED_ACTION,ROAD_SURFACE,ROAD_COND_1,ROAD_COND_2,LIGHTING,CONTROL_DEVICE,CHP_ROAD_TYPE,PEDESTRIAN_ACCIDENT,BICYCLE_ACCIDENT,MOTORCYCLE_ACCIDENT,TRUCK_ACCIDENT,NOT_PRIVATE_PROPERTY,ALCOHOL_INVOLVED,STWD_VEHTYPE_AT_FAULT,CHP_VEHTYPE_AT_FAULT,COUNT_SEVERE_INJ,COUNT_VISIBLE_INJ,COUNT_COMPLAINT_PAIN,COUNT_PED_KILLED,COUNT_PED_INJURED,COUNT_BICYCLIST_KILLED,COUNT_BICYCLIST_INJURED,COUNT_MC_KILLED,COUNT_MC_INJURED,PRIMARY_RAMP,SECONDARY_RAMP,LATITUDE,LONGITUDE,COUNTY,CITY,POINT_X,POINT_Y
6750366,2014,2015-01-29,3711,2014-12-21,1616,5916,,7,5,7,3711,0,0,0,,0,124,"ELECTRIC AV","GRAVILLA ST 400",0.00,,Y,A,-,N,,,,,,,,,,N,3,0,1,2,A,-,11,21956,,N,G,B,E,A,H,-,A,A,0,Y,,,,Y,,N,60,0,1,0,0,1,0,0,0,0,"- ","- ",,,"SAN DIEGO","SAN DIEGO",,
6750377,2014,2015-01-29,3711,2014-12-21,0915,5762,,7,5,7,3711,0,0,0,,0,322,"WARING RD","ZION AV",0.00,,Y,A,-,N,,,,,,,,,,N,3,0,1,2,A,-,04,21703,,N,C,G,A,A,H,-,A,-,0,,Y,,,Y,,L,04,0,1,0,0,0,0,1,0,0,"- ","- ",,,"SAN DIEGO","SAN DIEGO",-117.08065001,32.792740000000002
6750381,2014,2015-01-29,3711,2014-12-19,1500,7104,234,5,5,7,3711,0,0,0,,0,,"LOMICA DR","BERNARDO OAKS",24.00,E,N,B,-,N,,,,,,,,,,,4,0,1,1,A,-,03,22349,,N,H,G,A,A,H,-,A,D,0,,Y,,,Y,Y,L,04,0,0,1,0,0,0,1,0,0,"- ","- ",,,"SAN DIEGO","SAN DIEGO",-117.06371046,33.009590199999998
6765399,2014,2015-02-02,3711,2014-12-09,2145,6200,,2,5,7,3711,0,0,0,,0,528,"INDIA ST","WEST CEDAR ST",9.00,N,N,A,-,N,,,,,,,,,,N,4,0,1,2,A,-,10,21950,A,N,G,B,D,A,H,-,C,D,0,Y,,,,Y,,-,,0,0,1,0,1,0,0,0,0,"- ","- ",,,"SAN DIEGO","SAN DIEGO",-117.16832929,32.721964649999997
6765418,2014,2015-02-02,3711,2014-12-08,2313,4495,,1,5,7,3711,0,0,0,,0,524,"7TH AV","E ST",147.00,S,N,A,-,N,,,,,,,,,,N,3,0,1,2,A,-,11,21954,A,N,G,B,D,A,H,-,C,D,0,Y,,,,Y,,N,60,0,1,0,0,1,0,0,0,0,"- ","- ",,,"SAN DIEGO","SAN DIEGO",-117.1583285,32.714277430000003
6767087,2014,2015-02-05,3711,2014-12-19,1102,5627,,5,5,7,3711,0,0,0,,0,124,"EADS AV","PEARL ST",70.00,S,N,A,-,N,,,,,,,,,,N,3,0,1,2,A,-,09,21804,A,N,D,G,A,A,H,-,A,D,0,,Y,,,Y,,-,,0,1,0,0,0,0,1,0,0,"- ","- ",,,"SAN DIEGO","SAN DIEGO",-117.27484883,32.839765300000003
6767095,2014,2015-02-05,3711,2014-12-23,1450,7222,SANDI,2,5,7,3711,0,0,0,,0,114,"MERRIMAC AV","CLAIREMONT DR",9.00,N,N,A,-,N,,,,,,,,,,N,3,0,1,2,A,-,17,21208,A,N,D,G,A,A,H,-,A,A,0,,Y,,,Y,,L,04,0,1,0,0,0,0,1,0,0,"- ","- ",,,"SAN DIEGO","SAN DIEGO",-117.20273598999999,32.833300629999997
6767096,2014,2015-02-05,3711,2014-12-19,1630,8861,SANDI,5,5,7,3711,0,0,0,,0,624,"TEXAS ST","EL CAJON BL",0.00,,Y,A,-,N,,,,,,,,,,N,3,0,1,2,A,-,10,21950,A,M,H,G,A,A,H,-,A,A,0,,Y,,,Y,,-,,0,1,0,0,0,0,1,0,0,"- ","- ",,,"SAN DIEGO","SAN DIEGO",-117.13885012,32.755380010000003
6767319,2014,2015-02-03,3711,2014-12-22,0835,7077,SANDI,1,5,7,3711,0,0,0,,0,,"CAMINO RUIZ","CAMINO RUIZ 10800",3.00,E,N,A,-,N,,,,,,,,,,N,3,0,1,2,A,-,12,21453,A,N,D,G,A,A,H,-,A,A,0,,Y,,,Y,,L,04,0,1,0,0,0,0,1,0,0,"- ","- ",,,"SAN DIEGO","SAN DIEGO",,
6771073,2014,2015-02-10,3711,2014-12-23,0800,6758,,2,5,7,3711,0,0,0,,0,627,"5TH AV","UNIVERSITY AV",120.00,N,N,A,-,N,,,,,,,,,,N,4,0,1,2,A,-,21,22106,,N,C,B,F,A,H,-,A,D,0,Y,,,,Y,,-,,0,0,1,0,1,0,0,0,0,"- ","- ",,,"SAN DIEGO","SAN DIEGO",-117.16043999999999,32.748598729999998
6771105,2014,2015-02-10,3711,2014-12-29,1545,7225,,1,5,7,3711,0,0,0,,0,511,"C ST","25TH ST",18.00,W,N,A,-,N,,,,,,,,,,N,4,0,2,3,A,-,10,21950,A,N,G,B,B,A,H,-,A,A,0,Y,,,,Y,,-,,0,0,2,0,2,0,0,0,0,"- ","- ",,,"SAN DIEGO","SAN DIEGO",-117.14034832,32.71684947
6771289,2014,2015-02-19,3711,2014-12-30,1815,6521,,2,5,7,3711,0,0,0,,0,831,"EUCLID AV","TROJAN AV",0.00,,Y,B,C,N,,,,,,,,,,N,4,0,1,2,A,-,11,21955,,M,G,B,D,B,H,-,D,D,0,Y,,,,Y,,-,"- ",0,0,1,0,0,0,0,0,0,"- ","- ",,,"SAN DIEGO","SAN DIEGO",-117.09222010000001,32.754950059999999
6780716,2015,2016-10-19,9645,2015-01-01,0230,20479,,4,3,7,3711,0,1,1,,2,027,"RT 15","FRIARS RD",95.00,N,N,A,-,Y,SD,11,15,-,R,6.980,H,-,S,N,4,0,1,2,A,-,11,21954,A,N,G,B,E,A,H,-,C,D,1,Y,,,,Y,Y,N,60,0,0,1,0,1,0,0,0,0,TO,"- ",32.790950000000002,-117.11319,"SAN DIEGO","SAN DIEGO",-117.1131991,32.790723229999998
6781324,2015,2015-02-19,3711,2015-01-14,1830,4523,,3,5,7,3711,0,0,0,,0,111,"DERRICK DR","BALBOA ARMS DR",0.00,,Y,A,-,N,,,,,,,,,,N,3,0,1,2,A,-,09,21801,A,N,D,G,A,-,H,-,C,D,0,,Y,,,Y,,-,,0,1,0,0,0,0,1,0,0,"- ","- ",,,"SAN DIEGO","SAN DIEGO",-117.18302005,32.824000040000001
6782237,2015,2015-02-18,3711,2015-01-02,2048,4849,,5,5,7,3711,0,0,0,,0,528,"COLUMBIA ST","HAWTHORN ST",0.00,,Y,A,-,N,,,,,,,,,,N,3,0,1,2,A,-,10,21950,A,N,G,B,B,A,H,-,C,A,0,Y,,,,Y,,-,,0,1,0,0,1,0,0,0,0,"- ","- ",,,"SAN DIEGO","SAN DIEGO",-117.16864006,32.7266701
6782392,2015,2015-02-19,3711,2015-01-03,2013,4051,,6,5,7,3711,0,0,0,,0,824,"47TH ST","MEADE AV",147.00,S,N,A,-,N,,,,,,,,,,N,4,0,1,2,A,-,14,21201,D,N,H,G,A,A,H,-,C,D,0,,Y,,,Y,,L,04,0,0,1,0,0,0,1,0,0,"- ","- ",,,"SAN DIEGO","SAN DIEGO",-117.09294543999999,32.756557370000003
6784144,2015,2015-02-18,3711,2015-01-06,1600,7157,SANDI,2,5,7,3711,0,0,0,,0,441,"IMPERIAL AV","S 36TH",0.00,,Y,A,-,N,,,,,,,,,,N,4,0,1,2,A,-,10,21950,A,N,-,B,B,A,H,-,A,A,0,Y,,,,Y,,-,,0,0,1,0,1,0,0,0,0,"- ","- ",,,"SAN DIEGO","SAN DIEGO",-117.1168201,32.704830080000001
6789063,2015,2015-02-27,3711,2015-01-29,1554,6824,,4,5,7,3711,0,0,0,,0,521,"7TH AV","MARKET ST",7.00,N,N,C,-,N,,,,,,,,,,N,3,0,1,2,A,-,10,21950,A,N,G,B,B,B,H,-,A,A,0,Y,,,,Y,,-,,0,1,0,0,1,0,0,0,0,"- ","- ",,,"SAN DIEGO","SAN DIEGO",-117.15833017999999,32.711529169999999
6789096,2015,2015-02-27,3711,2015-01-29,0945,6487,SD,4,5,7,3711,0,0,0,,0,835,"FAIRMOUNT AV","FAIRMOUNT AV 3200",0.00,,N,B,-,N,,,,,,,,,,N,3,0,1,2,A,-,10,21950,A,M,E,B,-,A,H,-,A,A,0,Y,,,,Y,,-,,0,1,0,0,1,0,0,0,0,"- ","- ",,,"SAN DIEGO","SAN DIEGO",-117.10098714,32.738406490000003
6789100,2015,2015-02-27,3711,2015-01-29,0852,7187,,4,5,7,3711,0,0,0,,0,813,"UNIVERSITY AV",IDAHO,6.00,E,N,B,-,N,,,,,,,,,,N,4,0,1,2,A,-,11,21950,B,N,G,B,D,A,H,-,A,D,0,Y,,,,Y,,N,60,0,0,1,0,1,0,0,0,0,"- ","- ",,,"SAN DIEGO","SAN DIEGO",-117.13385055000001,32.748460000000001
6789928,2014,2015-01-28,3711,2014-11-03,0800,7164,,1,5,7,3711,0,0,0,,0,937,"BABCOCK ST","PASEO DEL SUR",0.00,,Y,A,-,N,,,,,,,,,,N,4,0,1,2,A,-,08,22100,A,M,D,B,B,A,H,-,A,A,0,Y,,,,Y,,-,,0,0,1,0,1,0,0,0,0,"- ","- ",,,"SAN DIEGO","SAN DIEGO",-117.13201008999999,33.019130109999999
6790011,2015,2015-02-20,3711,2015-01-09,1851,6483,,5,5,7,3711,0,0,0,,0,826,"UNIVERSITY AV","49TH ST",0.00,,Y,A,-,N,,,,,,,,,,N,4,0,1,2,A,-,08,22107,,N,B,B,D,A,H,-,D,D,0,Y,,,,Y,,-,,0,0,1,0,1,0,0,0,0,"- ","- ",,,"SAN DIEGO","SAN DIEGO",-117.08906008,32.749530110000002
6790182,2015,2015-03-03,3711,2015-01-11,0830,5348,,7,5,7,3711,0,0,0,,0,512,"19TH ST","IMPERIAL AV",0.00,,Y,C,-,N,,,,,,,,,,,4,0,1,2,-,-,"- ",,,F,G,B,B,B,H,-,A,A,0,Y,,,,Y,,-,"- ",0,0,1,0,1,0,0,0,0,"- ","- ",,,"SAN DIEGO","SAN DIEGO",-117.14666009,32.706270109999998
6790226,2015,2015-03-03,3711,2015-01-10,1550,4527,,6,5,7,3711,0,0,0,,0,529,"W HAWTHORN",HAWTHORN,3.00,S,N,B,-,N,,,,,,,,,,N,4,0,1,2,A,-,21,22106,,N,G,B,F,-,H,-,A,D,0,Y,,,,Y,,-,,0,0,1,0,1,0,0,0,0,"- ","- ",,,"SAN DIEGO","SAN DIEGO",-117.16388999999999,32.727159999999998
6792622,2015,2015-02-25,3711,2015-01-15,1850,7200,,4,5,7,3711,0,0,0,,0,625,"TWIGGS ST","JUAN ST",30.00,W,N,A,-,N,,,,,,,,,,N,4,0,1,2,A,-,09,21801,A,N,D,G,A,A,H,-,C,D,0,,Y,,,Y,,-,,0,0,1,0,0,0,1,0,0,"- ","- ",,,"SAN DIEGO","SAN DIEGO",-117.19489733,32.754403609999997
6792631,2015,2015-02-25,3711,2015-01-14,1830,4840,,3,5,7,3711,0,0,0,,0,611,"HISTORIC DECATUR RD","ROOSEVELT RD",532.00,S,N,A,-,N,,,,,,,,,,N,3,0,1,2,A,-,09,21801,A,N,A,G,A,A,-,-,C,D,0,,Y,,,Y,,-,,0,1,0,0,0,0,1,0,0,"- ","- ",,,"SAN DIEGO","SAN DIEGO",-117.21508910999999,32.735955789999998
6792676,2015,2015-02-24,3711,2015-01-18,2157,7230,,7,5,7,3711,0,0,0,,0,122,"GRAND AV","BAYARD ST",24.00,W,N,A,-,N,,,,,,,,,,N,3,0,1,2,A,-,11,21954,A,N,G,B,D,A,H,-,C,A,0,Y,,,,Y,Y,N,60,0,1,0,0,1,0,0,0,0,"- ","- ",,,"SAN DIEGO","SAN DIEGO",-117.25315512,32.79511274
6793546,2015,2015-02-23,3711,2015-01-20,1705,6276,,2,5,7,3711,0,0,0,,0,529,"STATE ST","MAPLE ST",0.00,,Y,A,-,N,,,,,,,,,,N,3,0,1,2,A,-,08,22103,,N,-,G,A,A,H,-,A,D,0,,Y,,,Y,,-,,0,1,0,0,0,0,1,0,0,"- ","- ",,,"SAN DIEGO","SAN DIEGO",-117.16986004,32.731770019999999
6795815,2015,2015-02-23,3711,2015-01-18,1346,3815,,7,5,7,3711,0,0,0,,0,121,"OCEAN FRONT WALK","EL CARMEL PL",0.00,,Y,A,-,N,,,,,,,,,,N,3,0,1,2,A,-,06,21750,,N,B,G,A,A,H,-,A,D,0,,Y,,,Y,,L,04,0,1,0,0,0,0,1,0,0,"- ","- ",,,"SAN DIEGO","SAN DIEGO",-117.25320006,32.778290089999999
6801931,2015,2015-02-18,3711,2015-01-24,1822,6424,,6,5,7,3711,0,0,0,,0,311,"MURPHY CANYON RD","STONECREST BL",700.00,N,N,A,-,N,,,,,,,,,,N,4,0,1,2,A,-,"- ",,,N,G,B,-,A,H,-,C,D,0,Y,,,,Y,,-,,0,0,1,0,1,0,0,0,0,"- ","- ",,,"SAN DIEGO","SAN DIEGO",-117.11424404,32.806247519999999
6802342,2015,2015-02-25,3711,2015-01-24,1740,5315,,6,5,7,3711,0,0,0,,0,122,"CASS ST","HORNBLEND ST",45.00,N,N,A,-,N,,,,,,,,,,N,3,0,2,3,A,-,11,21950,B,N,-,B,-,A,H,-,C,D,0,Y,,,,Y,Y,N,60,0,2,0,0,2,0,0,0,0,"- ","- ",,,"SAN DIEGO","SAN DIEGO",-117.2515946,32.796549769999999
6802350,2015,2015-02-25,3711,2015-01-23,1533,6632,MCZ,5,5,7,3711,0,0,0,,0,832,"VAN DYKE AV","EL CAJON BL",7.00,S,N,A,-,N,,,,,,,,,,N,4,0,1,2,A,-,12,22450,A,N,D,G,A,A,H,-,A,D,0,,Y,,,Y,,-,,0,0,1,0,0,0,1,0,0,"- ","- ",,,"SAN DIEGO","SAN DIEGO",-117.10294,32.755200000000002
6804456,2015,2016-04-07,3711,2015-01-15,2057,7174,,4,5,7,3711,0,0,0,,0,050,"MORENA BL","RT 8",0.00,,Y,A,-,N,,,,,,,,,,N,4,0,1,2,D,-,00,,,N,C,G,A,A,H,-,C,D,0,,Y,,,Y,,-,"- ",0,0,1,0,0,0,1,0,0,"- ","- ",,,"SAN DIEGO","SAN DIEGO",-117.19793009999999,32.760260039999999
6806137,2015,2015-02-24,3711,2015-01-19,1504,6000,,1,5,7,3711,0,0,0,,0,813,"BOUNDARY ST","ADAMS AV",0.00,,Y,A,-,N,,,,,,,,,,N,2,0,1,2,A,-,09,21801,A,N,D,G,A,A,H,-,A,D,0,,Y,,,Y,,A,01,1,0,0,0,0,0,1,0,0,"- ","- ",,,"SAN DIEGO","SAN DIEGO",-117.12823004000001,32.76289002
6806140,2015,2015-03-04,3711,2015-01-27,1500,3873,,2,5,7,3711,0,0,0,,0,712,"BEYER BL","DEL SUR BL",0.00,,Y,A,-,N,,,,,,,,,,N,3,0,1,2,-,-,"- ",,,M,D,G,A,A,H,-,A,A,0,,Y,,,Y,,-,"- ",0,1,0,0,0,0,1,0,0,"- ","- ",,,"SAN DIEGO","SAN DIEGO",-117.05593001,32.562870060000002
6809002,2015,2015-03-06,3711,2015-02-05,1024,7020,,4,5,7,3711,0,0,0,,0,124,"BRODIAEA WY","ROMERO DR",70.00,N,N,A,-,N,,,,,,,,,,N,3,0,1,2,A,-,03,22350,,N,D,G,A,A,H,-,A,D,0,,Y,,,Y,,L,04,0,1,0,0,0,0,1,0,0,"- ","- ",,,"SAN DIEGO","SAN DIEGO",-117.26024031,32.840458759999997
6809165,2015,2015-03-06,3711,2015-02-07,2305,5051,,6,5,7,3711,0,0,0,,0,614,"SUNSET CLIFFS BL","DEL MONTE AV",0.00,,Y,A,-,N,,,,,,,,,,N,3,0,1,2,A,-,10,21950,A,N,G,B,B,A,H,-,C,D,0,Y,,,,Y,Y,A,01,0,1,0,0,1,0,0,0,0,"- ","- ",,,"SAN DIEGO","SAN DIEGO",-117.2497901,32.742210030000003
6809168,2015,2015-03-06,3711,2015-02-07,1818,7135,,6,5,7,3711,0,0,0,,0,122,"FANUEL ST","FELSPAR ST",20.00,S,N,A,-,N,,,,,,,,,,N,3,0,1,2,A,-,14,21201,D,N,A,G,A,A,H,-,C,D,0,,Y,,,Y,,L,04,0,1,0,0,0,0,1,0,0,"- ","- ",,,"SAN DIEGO","SAN DIEGO",-117.24662359,32.799426990000001
6809185,2015,2015-04-17,3711,2015-02-08,2343,7083,SANDI,7,5,7,3711,0,0,0,,0,315,"RIVER RUN DR","FRIARS RD",468.00,S,N,A,-,N,,,,,,,,,,N,3,0,1,2,A,-,03,22350,,N,G,B,E,A,H,-,C,A,0,Y,,,,Y,,A,01,0,1,0,0,1,0,0,0,0,"- ","- ",,,"SAN DIEGO","SAN DIEGO",-117.13350952,32.778138749999997
6809188,2015,2015-03-06,3711,2015-02-08,0930,5342,,7,5,7,3711,0,0,0,,0,211,"CANYON LAKE DR","PINETREE DR",150.00,E,N,A,-,N,,,,,,,,,,Y,4,0,1,2,A,-,21,22106,,N,G,B,F,A,H,-,A,D,0,Y,,,,Y,,-,,0,0,1,0,1,0,0,0,0,"- ","- ",,,"SAN DIEGO","SAN DIEGO",-117.10174985,32.905922619999998
6809189,2015,2015-03-06,3711,2015-02-06,0830,7126,SDPD,5,5,7,3711,0,0,0,,0,934,"CARMEL CREEK RD","CARMEL CTR",6.00,N,N,A,-,N,,,,,,,,,,N,3,0,1,2,A,-,11,21950,B,N,G,B,B,A,H,-,A,A,0,Y,,,,Y,,N,60,0,1,0,0,1,0,0,0,0,"- ","- ",,,"SAN DIEGO","SAN DIEGO",-117.22621918,32.950754500000002
6809554,2015,2015-02-27,3711,2015-01-29,0936,6712,,4,5,7,3711,0,0,0,,0,111,"BEAGLE ST","ARMSTRONG ST",15.00,E,N,B,-,N,,,,,,,,,,N,3,0,1,2,A,-,09,21801,A,N,G,B,D,A,H,-,A,A,0,Y,,,,Y,Y,A,01,0,1,0,0,1,0,0,0,0,"- ","- ",,,"SAN DIEGO","SAN DIEGO",-117.16161133999999,32.807749999999999
6810610,2015,2015-03-02,3711,2015-01-27,2203,4576,,2,5,7,3711,0,0,0,,0,621,"LINDA VISTA RD","GLIDDEN ST",153.00,N,N,A,-,N,,,,,,,,,,Y,2,0,1,2,A,-,11,21955,,N,G,B,D,A,H,-,D,A,0,Y,,,,Y,,N,60,1,0,0,0,1,0,0,0,0,"- ","- ",,,"SAN DIEGO","SAN DIEGO",-117.17349538000001,32.775539250000001
6811176,2015,2015-03-27,3711,2015-02-02,1803,8613,,1,5,7,3711,0,0,0,,0,834,"UNIVERSITY AV","46TH ST",6.00,E,N,A,-,N,,,,,,,,,,N,3,0,1,2,A,-,10,21950,A,N,G,B,-,A,H,-,C,D,0,Y,,,,Y,,-,,0,1,0,0,1,0,0,0,0,"- ","- ",,,"SAN DIEGO","SAN DIEGO",-117.09549054999999,32.749580000000002
6815806,2015,2015-03-17,3711,2015-02-03,1420,6339,,2,5,7,3711,0,0,0,,0,242,"MIRA MESA BL","MIRA MESA BL 8200",800.00,E,N,A,-,N,,,,,,,,,,N,4,0,1,2,A,-,11,21950,B,N,D,G,A,A,H,-,A,A,0,,Y,,,Y,,L,04,0,0,1,0,0,0,1,0,0,"- ","- ",,,"SAN DIEGO","SAN DIEGO",,
6815826,2015,2015-03-05,3711,2015-02-02,1845,6499,,1,5,7,3711,0,0,0,,0,443,"EPSILON ST","S 41ST ST",117.00,E,N,A,-,N,,,,,,,,,,N,3,0,1,2,A,-,03,22350,,N,G,B,D,A,H,-,C,D,0,Y,,,,Y,,N,60,0,1,0,0,0,0,0,0,0,"- ","- ",,,"SAN DIEGO","SAN DIEGO",-117.10556102,32.687701760000003
6819115,2015,2015-03-16,3711,2015-02-13,1426,7024,,5,5,7,3711,0,0,0,,0,311,"KEARNY VILLA RD","SOUTH AERO DR",4.00,S,N,A,-,N,,,,,,,,,,N,3,0,1,2,A,-,11,21456,B,N,G,B,B,A,H,-,A,A,0,Y,,,,Y,,N,60,0,1,0,0,1,0,0,0,0,"- ","- ",,,"SAN DIEGO","SAN DIEGO",-117.15092683,32.810060679999999
6820558,2015,2015-03-09,3711,2015-02-04,1015,7120,,3,5,7,3711,0,0,0,,0,831,"UNIVERSITY AV","CHAMOUNE AV",7.50,W,N,A,-,N,,,,,,,,,,N,4,0,1,2,A,-,10,21950,A,N,G,B,B,A,H,-,A,A,0,Y,,,,Y,,-,,0,0,1,0,1,0,0,0,0,"- ","- ",,,"SAN DIEGO","SAN DIEGO",-117.09660431,32.749600229999999
6820582,2015,2015-03-10,3711,2015-02-05,1723,5918,,4,5,7,3711,0,0,0,,0,446,"SOUTH 47TH ST","OCEANVIEW BL",55.00,N,N,A,-,N,,,,,,,,,,N,3,0,1,2,A,-,11,21954,A,N,G,B,D,A,H,-,A,A,0,Y,,,,Y,,N,60,0,1,0,0,1,0,0,0,0,"- ","- ",,,"SAN DIEGO","SAN DIEGO",-117.09372,32.700580649999999
6820586,2015,2015-03-10,3711,2015-02-08,2000,5133,,7,5,7,3711,0,0,0,,0,441,"SUPERBA ST","S 38TH ST",0.00,,Y,A,-,N,,,,,,,,,,N,3,0,1,2,A,-,21,22106,,M,H,G,A,A,H,-,C,D,0,,Y,,,Y,,-,99,0,1,0,0,0,0,1,0,0,"- ","- ",,,"SAN DIEGO","SAN DIEGO",-117.11253006,32.704000030000003
6820632,2015,2015-03-20,3711,2015-02-09,1252,6453,,1,5,7,3711,0,0,0,,0,832,"UNIVERSITY AV","VAN DYKE AV AND EAST ALLEY",3.00,E,N,A,-,N,,,,,,,,,,N,3,0,1,2,-,-,"- ",,,M,D,G,A,A,H,-,A,D,0,,Y,,,Y,,-,"- ",0,1,0,0,0,0,1,0,0,"- ","- ",,,"SAN DIEGO","SAN DIEGO",,
6822584,2015,2015-03-10,3711,2015-02-12,1946,6063,,4,5,7,3711,0,0,0,,0,126,"TORREY PINES RD","GENESEE AV",0.00,,-,A,-,N,,,,,,,,,,N,3,0,1,2,A,-,10,21950,A,N,G,B,B,A,H,-,C,A,0,Y,,,,Y,,-,,0,1,0,0,1,0,0,0,0,"- ","- ",,,"SAN DIEGO","SAN DIEGO",-117.2403501,32.891740009999999
6822585,2015,2015-03-10,3711,2015-02-10,0610,7031,SD,2,5,7,3711,0,0,0,,0,122,"MISSION BAY DR","GLENDORA ST",276.00,S,N,B,-,N,,,,,,,,,,N,3,0,1,2,A,-,08,22107,,N,D,G,A,A,H,-,B,A,0,,Y,,,Y,,L,04,0,1,0,0,0,0,1,0,0,"- ","- ",,,"SAN DIEGO","SAN DIEGO",-117.21441007999999,32.801174469999999
6824617,2015,2015-03-10,3711,2015-02-11,1140,7163,MC,3,5,7,3711,0,0,0,,0,813,"UNIVERSITY AV",ARNOLD,0.00,,Y,A,-,N,,,,,,,,,,N,4,0,1,2,A,-,10,21950,A,N,D,G,A,A,H,-,A,D,0,,Y,,,Y,,-,,0,0,1,0,0,0,1,0,0,"- ","- ",,,"SAN DIEGO","SAN DIEGO",-117.13678012,32.748450040000002
6834888,2015,2015-03-19,3711,2015-02-21,1232,6841,SANDI,6,5,7,3711,0,0,0,,0,122,"MISSION BAY DR","ROSEWOOD ST",54.00,S,N,B,-,N,,,,,,,,,,N,3,0,1,2,A,-,08,22107,,N,C,G,A,A,H,-,A,D,0,,Y,,,Y,,L,04,0,1,0,0,0,0,1,0,0,"- ","- ",,,"SAN DIEGO","SAN DIEGO",-117.21357394,32.80046729
6835187,2015,2015-03-24,3711,2015-02-23,1131,6772,SD,1,5,7,3711,0,0,0,,0,242,"CAMINO RUIZ","REAGAN RD",300.00,N,N,A,-,N,,,,,,,,,,N,4,0,1,2,A,-,08,22107,,N,D,G,A,A,H,-,A,D,0,,Y,,,Y,,-,,0,0,1,0,0,0,1,0,0,"- ","- ",,,"SAN DIEGO","SAN DIEGO",-117.14498394,32.908954399999999
6837095,2015,2015-03-16,3711,2015-02-26,0525,6303,,4,5,7,3711,0,0,0,,0,515,"IMPERIAL AV","25TH ST",0.00,,Y,A,-,N,,,,,,,,,,N,4,0,1,2,A,-,10,21950,A,N,G,B,B,A,H,-,C,A,0,Y,,,,Y,,A,01,0,0,1,0,1,0,0,0,0,"- ","- ",,,"SAN DIEGO","SAN DIEGO",-117.14019007,32.706350059999998
6837693,2015,2015-03-19,3711,2015-02-10,1000,5061,,2,5,7,3711,0,0,0,,0,111,"BALBOA AV","MOUNT RIAS PL",75.00,W,N,A,-,N,,,,,,,,,,N,3,0,1,2,A,-,10,21952,,N,G,B,F,A,H,-,A,D,0,Y,,,,Y,,A,07,0,1,0,0,1,0,0,0,0,"- ","- ",,,"SAN DIEGO","SAN DIEGO",-117.17368331,32.820371809999997
6837732,2015,2015-03-20,3711,2015-02-10,0738,7033,NORTH,2,5,7,3711,0,0,0,,0,114,"LEHRER DR","BAXTER ST",5.00,E,N,A,-,N,,,,,,,,,,N,3,0,1,2,A,-,10,21950,A,N,G,B,B,A,H,-,A,D,0,Y,,,,Y,,-,,0,1,0,0,1,0,0,0,0,"- ","- ",,,"SAN DIEGO","SAN DIEGO",-117.19001378,32.838510169999999
6837753,2015,2016-04-07,3711,2015-02-25,1500,5496,,3,5,7,3711,0,0,0,,0,111,"GENESEE AV","GENESEE AV 4200",0.00,,N,A,-,N,,,,,,,,,,N,3,0,1,2,A,-,"- ",,,M,G,B,B,A,H,-,A,A,0,Y,,,,Y,Y,-,,0,1,0,0,1,0,0,0,0,"- ","- ",,,"SAN DIEGO","SAN DIEGO",-117.18203008,32.819373970000001
6837780,2015,2015-03-20,3711,2015-02-18,1650,7045,,3,5,7,3711,0,0,0,,0,813,"30TH ST","POLK AV",0.00,,Y,A,-,N,,,,,,,,,,N,3,0,1,2,A,-,00,29150,A,N,A,B,A,A,H,-,A,D,0,,,,,Y,,A,01,0,1,0,0,0,0,0,0,0,"- ","- ",,,"SAN DIEGO","SAN DIEGO",-117.13020013000001,32.752230009999998
6843721,2015,2015-03-18,3711,2015-02-27,1842,5133,,5,5,7,3711,0,0,0,,0,441,"SAN PAQUAL ST","LOGAN AV",0.00,,Y,A,-,N,,,,,,,,,,N,3,0,1,2,A,-,11,21950,B,N,G,B,D,A,H,-,C,D,0,Y,,,,Y,,N,60,0,1,0,0,1,0,0,0,0,"- ","- ",,,"SAN DIEGO","SAN DIEGO",-117.10285,32.696950080000001
6844331,2015,2015-03-25,3711,2015-03-02,1615,6819,,1,5,7,3711,0,0,0,,0,441,"S 38TH ST","S 38TH ST 450",0.00,,N,A,-,N,,,,,,,,,,N,4,0,1,2,A,-,09,21804,A,M,D,G,A,A,H,-,A,D,0,,Y,,,Y,,L,04,0,0,1,0,0,0,1,0,0,"- ","- ",,,"SAN DIEGO","SAN DIEGO",-117.11253047,32.70157047