CASE_ID,ACCIDENT_YEAR,PROC_DATE,JURIS,COLLISION_DATE,COLLISION_TIME,OFFICER_ID,REPORTING_DISTRICT,DAY_OF_WEEK,CHP_SHIFT,POPULATION,CNTY_CITY_LOC,SPECIAL_COND,BEAT_TYPE,CHP_BEAT_TYPE,CITY_DIVISION_LAPD,CHP_BEAT_CLASS,BEAT_NUMBER,PRIMARY_RD,SECONDARY_RD,DISTANCE,DIRECTION,INTERSECTION,WEATHER_1,WEATHER_2,STATE_HWY_IND,CALTRANS_COUNTY,CALTRANS_DISTRICT,STATE_ROUTE,ROUTE_SUFFIX,POSTMILE_PREFIX,POSTMILE,LOCATION_TYPE,RAMP_INTERSECTION,SIDE_OF_HWY,TOW_AWAY,COLLISION_SEVERITY,NUMBER_KILLED,NUMBER_INJURED,PARTY_COUNT,PRIMARY_COLL_FACTOR,PCF_CODE_OF_VIOL,PCF_VIOL_CATEGORY,PCF_VIOLATION,PCF_VIOL_SUBSECTION,HIT_AND_RUN,TYPE_OF_COLLISION,MVIW,PED_ACTION,ROAD_SURFACE,ROAD_COND_1,ROAD_COND_2,LIGHTING,CONTROL_DEVICE,CHP_ROAD_TYPE,PEDESTRIAN_ACCIDENT,BICYCLE_ACCIDENT,MOTORCYCLE_ACCIDENT,TRUCK_ACCIDENT,NOT_PRIVATE_PROPERTY,ALCOHOL_INVOLVED,STWD_VEHTYPE_AT_FAULT,CHP_VEHTYPE_AT_FAULT,COUNT_SEVERE_INJ,COUNT_VISIBLE_INJ,COUNT_COMPLAINT_PAIN,COUNT_PED_KILLED,COUNT_PED_INJURED,COUNT_BICYCLIST_KILLED,COUNT_BICYCLIST_INJURED,COUNT_MC_KILLED,COUNT_MC_INJURED,PRIMARY_RAMP,SECONDARY_RAMP,LATITUDE,LONGITUDE,COUNTY,CITY,POINT_X,POINT_Y
6844335,2015,2015-03-25,3711,2015-03-01,1306,7268,,7,5,7,3711,0,0,0,,0,451,"GRAPE ST","CHAMPION ST",141.00,W,N,B,C,N,,,,,,,,,,N,4,0,1,2,A,-,05,21650,,M,G,B,F,B,H,-,A,D,0,Y,,,,Y,,-,,0,0,1,0,1,0,0,0,0,"- ","- ",,,"SAN DIEGO","SAN DIEGO",-117.08054944,32.725850909999998
6845520,2015,2015-03-23,3711,2015-03-03,1558,7230,,2,5,7,3711,0,0,0,,0,511,"SOUTH 28TH ST","HARBOR DR",150.00,N,N,A,-,N,,,,,,,,,,N,3,0,1,2,A,-,05,21651,B,N,D,G,A,A,H,-,A,D,0,,Y,,,Y,,L,04,0,1,0,0,0,0,1,0,0,"- ","- ",,,"SAN DIEGO","SAN DIEGO",-117.13369075,32.691328839999997
6849038,2015,2015-03-23,3711,2015-03-08,1046,5838,,7,5,7,3711,0,0,0,,0,531,"6TH AV","QUINCE ST",0.00,,Y,A,-,N,,,,,,,,,,N,4,0,1,2,A,-,21,22106,,N,G,B,E,A,H,-,A,A,0,Y,,,,Y,,A,01,0,0,1,0,1,0,0,0,0,"- ","- ",,,"SAN DIEGO","SAN DIEGO",-117.15941008999999,32.736620029999997
6849166,2015,2016-04-28,3711,2015-03-09,0850,7031,SD,1,5,7,3711,0,0,0,,0,123,"SEA WORLD DR","RT 5",126.00,W,N,A,-,N,,,,,,,,,,N,3,0,1,2,A,-,03,22350,,N,C,G,A,A,H,-,A,D,0,,Y,,,Y,,A,01,0,1,0,0,0,0,1,0,0,"- ",SF,,,"SAN DIEGO","SAN DIEGO",-117.20712674000001,32.769791730000001
6850704,2015,2015-03-20,3711,2015-03-07,1300,5787,,6,5,7,3711,0,0,0,,0,124,"LA JOLLA SHORES DR","LA JOLLA SHORES LN 9000",0.00,,Y,A,-,N,,,,,,,,,,N,3,0,1,2,-,-,"- ",,,N,C,G,A,A,H,-,A,D,0,,Y,,,Y,,-,"- ",0,1,0,0,0,0,1,0,0,"- ","- ",,,"SAN DIEGO","SAN DIEGO",-117.25226103999999,32.865540629999998
6854251,2014,2015-04-17,3711,2014-12-25,1738,6702,,4,5,7,3711,0,0,0,,0,611,"CAMINO DEL RIO W","MOORE ST",40.00,N,N,A,-,N,,,,,,,,,,Y,1,1,0,2,A,-,11,21954,A,N,G,B,D,A,H,-,E,D,0,Y,,,,Y,Y,N,60,0,0,0,1,0,0,0,0,0,"- ","- ",,,"SAN DIEGO","SAN DIEGO",-117.2049505,32.755478340000003
6854538,2015,2017-04-04,9645,2015-04-18,0024,20165,,6,3,7,3711,0,1,3,,2,023,"RT 163","SAN DIEGO RIVER BR",300.00,S,N,A,-,Y,SD,11,163,-,-,3.900,H,-,N,Y,1,1,1,2,A,-,11,21954,A,N,G,B,D,A,H,-,C,D,1,Y,,,,Y,Y,N,60,0,1,0,1,0,0,0,0,0,"- ","- ",,,"SAN DIEGO","SAN DIEGO",-117.16270862,32.766097049999999
6857178,2015,2016-04-07,3711,2015-03-12,2015,6945,,4,5,7,3711,0,0,0,,0,721,"16TH ST","PALM AV",126.00,S,N,A,-,N,,,,,,,,,,N,4,0,1,2,A,-,09,21801,,M,A,G,A,A,H,-,D,D,0,,Y,,,Y,,-,,0,0,1,0,0,0,1,0,0,"- ","- ",,,"SAN DIEGO","SAN DIEGO",-117.09949362,32.583594939999998
6859988,2015,2015-03-30,3711,2015-03-13,1735,5990,SDPD,5,5,7,3711,0,0,0,,0,124,"CUVIER ST","PEARL ST",0.00,,Y,A,-,N,,,,,,,,,,N,4,0,1,2,A,-,12,22450,A,M,G,B,B,A,H,-,A,D,0,Y,,,,Y,,-,,0,0,1,0,1,0,0,0,0,"- ","- ",32.839260000000003,-117.27732,"SAN DIEGO","SAN DIEGO",-117.27730009,32.839390020000003
6859995,2015,2015-03-27,3711,2015-03-16,1419,3696,,1,5,7,3711,0,0,0,,0,124,"EADS AV","PEARL ST",21.00,S,N,A,-,N,,,,,,,,,,Y,2,0,2,2,A,-,03,22350,,N,-,B,F,A,H,-,A,D,0,Y,,,,Y,,-,,1,1,0,0,1,0,0,0,0,"- ","- ",,,"SAN DIEGO","SAN DIEGO",-117.27489165,32.83989459
6860406,2015,2015-04-03,3711,2015-02-11,0519,6987,SANDI,3,5,7,3711,0,0,0,,0,124,"LA JOLLA VILLAGE DR","VILLA LA JOLLA DR",0.00,,Y,A,-,N,,,,,,,,,,N,4,0,1,2,A,-,11,21955,,N,G,B,D,A,H,-,B,-,0,Y,,,,Y,,N,60,0,0,1,0,1,0,0,0,0,"- ","- ",32.871830000000003,-117.23415,"SAN DIEGO","SAN DIEGO",-117.23390000000001,32.871780039999997
6861398,2015,2015-04-03,3711,2015-02-22,1016,6774,,7,5,7,3711,0,0,0,,0,324,"NAVAJO RD","SOARING DR",80.00,E,N,B,-,N,,,,,,,,,,N,2,0,1,2,A,-,04,21703,,N,C,G,A,A,H,-,A,D,0,,Y,,,Y,,L,04,1,0,0,0,0,0,1,0,0,"- ","- ",,,"SAN DIEGO","SAN DIEGO",-117.02812269,32.802998070000001
6862502,2015,2015-03-30,3711,2015-03-14,0630,6708,,6,5,7,3711,0,0,0,,0,233,"RANCHO PENASQUITOS BL","PASEO MONTRIL",246.00,E,N,A,-,N,,,,,,,,,,N,3,0,1,2,A,-,11,21955,,N,G,B,D,A,H,-,C,D,0,Y,,,,Y,,N,60,0,1,0,0,1,0,0,0,0,"- ","- ",,,"SAN DIEGO","SAN DIEGO",-117.10761509,32.9510334
6862507,2015,2015-03-30,3711,2015-03-12,1423,6422,SDPD,4,5,7,3711,0,0,0,,0,527,"KETTNER BL","WEST FIR",220.00,S,N,A,-,N,,,,,,,,,,N,3,0,1,2,A,-,08,22107,,N,B,G,A,A,H,-,A,D,0,,Y,,,Y,,-,,0,1,0,0,0,0,1,0,0,"- ","- ",,,"SAN DIEGO","SAN DIEGO",-117.16926838000001,32.72355769
6862512,2015,2015-03-30,3711,2015-03-07,1030,6671,SD,6,5,7,3711,0,0,0,,0,124,"VIA ESTRADA",NAUTILUS,6.00,S,N,A,-,N,,,,,,,,,,N,3,0,1,2,A,-,08,22107,,N,D,G,A,A,H,-,A,D,0,,Y,,,Y,,-,,0,1,0,0,0,0,1,0,0,"- ","- ",,,"SAN DIEGO","SAN DIEGO",-117.25469,32.831420000000001
6865932,2015,2015-04-09,3711,2015-03-22,0045,6361,,7,5,7,3711,0,0,0,,0,813,"ADAMS AV","ARIZONA ST",0.00,,Y,A,-,N,,,,,,,,,,N,3,0,1,2,A,-,10,21950,A,M,G,B,B,A,H,-,D,D,0,Y,,,,Y,Y,-,,0,1,0,0,1,0,0,0,0,"- ","- ",,,"SAN DIEGO","SAN DIEGO",-117.13763007999999,32.76285008
6865942,2015,2015-04-10,3711,2015-03-24,1025,5491,"SAN D",2,5,7,3711,0,0,0,,0,529,"6TH AV","FIR ST",99.00,S,N,A,-,N,,,,,,,,,,N,3,0,1,2,A,-,08,22107,,N,-,G,A,A,H,-,A,D,0,,Y,,,Y,,-,,0,1,0,0,0,0,1,0,0,"- ","- ",,,"SAN DIEGO","SAN DIEGO",-117.15941583,32.72484884
6865952,2015,2015-04-09,3711,2015-03-23,1926,7222,SANDI,1,5,7,3711,0,0,0,,0,122,"GARNET AV","BAYARD ST",200.00,E,N,A,-,N,,,,,,,,,,N,3,0,1,2,A,-,08,22107,,M,B,G,A,A,H,-,C,D,0,,Y,,,Y,,-,,0,1,0,0,0,0,1,0,0,"- ","- ",,,"SAN DIEGO","SAN DIEGO",-117.25304869999999,32.797096260000004
6866022,2015,2015-04-14,3711,2015-03-28,2050,7279,,6,5,7,3711,0,0,0,,0,123,"EAST MISSION BAY DR","EAST MISSION BAY DR 1775",0.00,,-,A,-,N,,,,,,,,,,N,4,0,1,2,A,-,11,21950,B,N,G,B,E,A,H,-,C,D,0,Y,,,,Y,,N,60,0,0,1,0,1,0,0,0,0,"- ","- ",,,"SAN DIEGO","SAN DIEGO",-117.20956206,32.77912044
6866053,2015,2015-04-13,3711,2015-03-24,1457,7248,,2,5,7,3711,0,0,0,,0,324,"COWLES MOUNTAIN BL","TOPAZ LAKE AV",3.00,S,N,A,-,N,,,,,,,,,,N,3,0,1,2,A,-,12,22450,A,N,D,G,A,A,H,-,A,A,0,,Y,,,Y,,L,04,0,1,0,0,0,0,1,0,0,"- ","- ",,,"SAN DIEGO","SAN DIEGO",-117.02850341,32.794542300000003
6869421,2015,2015-04-16,3711,2015-03-20,1740,6820,,5,5,7,3711,0,0,0,,0,622,MORENA,SHERMAN,40.00,S,N,A,-,N,,,,,,,,,,N,3,0,1,2,A,-,11,21955,,N,B,B,D,A,H,-,A,D,0,Y,,,,Y,,N,60,0,1,0,0,1,0,0,0,0,"- ","- ",,,"SAN DIEGO","SAN DIEGO",-117.19847883,32.765639309999997
6870366,2015,2015-04-18,3711,2015-03-27,1404,6358,,5,5,7,3711,0,0,0,,0,512,"IMPERIAL AV","24TH ST",10.00,W,N,A,-,N,,,,,,,,,,N,3,0,1,2,A,-,08,22107,,M,D,G,A,A,H,-,A,D,0,,Y,,,Y,,-,,0,1,0,0,0,0,1,0,0,"- ","- ",,,"SAN DIEGO","SAN DIEGO",-117.1424624,32.706309580000003
6870394,2015,2015-04-13,3711,2015-03-25,1007,6702,,3,5,7,3711,0,0,0,,0,441,"MARKETPLACE AV","IMPERIAL AV",117.00,S,N,A,-,N,,,,,,,,,,Y,3,0,1,2,A,-,03,22350,,N,G,B,D,A,H,-,A,D,0,Y,,,,Y,,A,01,0,1,0,0,1,0,0,0,0,"- ","- ",,,"SAN DIEGO","SAN DIEGO",-117.09944480999999,32.703800870000002
6870398,2015,2015-04-13,3711,2015-03-17,2336,7021,,2,5,7,3711,0,0,0,,0,614,"SUNSET CLIFFS BL","NEWPORT AV",12.00,N,N,A,-,N,,,,,,,,,,N,3,0,1,2,A,-,08,22107,,N,D,G,A,A,H,-,C,D,0,,Y,,,Y,Y,L,04,0,1,0,0,0,0,1,0,0,"- ","- ",,,"SAN DIEGO","SAN DIEGO",-117.24759711999999,32.744766589999998
6875889,2015,2015-04-14,3711,2015-03-09,1600,6775,,1,5,7,3711,0,0,0,,0,621,"FRIARS RD","VIA LAS CUMBRES",1056.00,E,N,A,-,N,,,,,,,,,,N,3,0,1,2,A,-,17,22517,,N,B,G,A,A,H,-,A,D,0,,Y,,,Y,,-,,0,1,0,0,0,0,1,0,0,"- ","- ",,,"SAN DIEGO","SAN DIEGO",-117.18022129000001,32.766084579999998
6875960,2015,2015-04-14,3711,2015-03-20,1159,6606,,5,5,7,3711,0,0,0,,0,327,"E FALLS VIEW",MONTEZUMA,0.00,,Y,A,-,N,,,,,,,,,,N,4,0,1,2,A,-,14,21201,D,N,D,G,A,A,H,-,C,D,0,,Y,,,Y,,L,04,0,0,1,0,0,0,1,0,0,"- ","- ",,,"SAN DIEGO","SAN DIEGO",-117.06508004,32.7705901
6877508,2015,2015-04-14,3711,2015-03-26,1530,6824,,4,5,7,3711,0,0,0,,0,522,"3RD AV","MARKET ST",3.00,N,N,A,-,N,,,,,,,,,,N,4,0,1,2,A,-,10,21950,A,N,G,B,B,A,H,-,A,A,0,Y,,,,Y,,-,,0,0,1,0,1,0,0,0,0,"- ","- ",,,"SAN DIEGO","SAN DIEGO",-117.16198941,32.711488199999998
6877511,2015,2015-04-14,3711,2015-03-15,0150,6513,,7,5,7,3711,0,0,0,,0,122,"MISSION BL","THOMAS AV",0.00,,Y,A,-,N,,,,,,,,,,Y,3,0,1,2,A,-,10,21950,A,N,G,B,B,A,H,-,C,D,0,Y,,,,Y,Y,A,01,0,1,0,0,1,0,0,0,0,"- ","- ",,,"SAN DIEGO","SAN DIEGO",-117.25459003,32.793630049999997
6880497,2015,2016-04-07,3711,2015-03-15,1935,5051,,7,5,7,3711,0,0,0,,0,611,"PACIFIC HWY","ENTERPRISE ST",744.00,S,N,A,-,N,,,,,,,,,,N,2,0,1,2,A,-,11,21954,A,F,G,B,D,A,H,-,C,D,0,Y,,,,Y,,N,60,1,0,0,0,1,0,0,0,0,"- ","- ",,,"SAN DIEGO","SAN DIEGO",-117.19581319,32.745779990000003
6880498,2015,2015-04-29,3711,2015-03-31,1329,5498,,2,5,7,3711,0,0,0,,0,722,"CORONADO AV","HOLLISTER ST",135.00,W,N,A,-,N,,,,,,,,,,N,3,0,2,2,A,-,11,21954,A,N,G,B,D,A,H,-,A,A,0,Y,,,,Y,,N,60,0,1,1,0,1,0,0,0,0,"- ","- ",,,"SAN DIEGO","SAN DIEGO",-117.08451673,32.576479999999997
6882319,2015,2015-04-24,3711,2015-04-08,1657,6391,,3,5,7,3711,0,0,0,,0,833,"THORN ST","46TH ST",0.00,,Y,A,-,N,,,,,,,,,,N,4,0,1,2,A,-,12,22450,A,N,D,G,A,A,H,-,A,D,0,,Y,,,Y,,L,04,0,0,1,0,0,0,1,0,0,"- ","- ",,,"SAN DIEGO","SAN DIEGO",-117.09550000999999,32.740250099999997
6882379,2015,2015-04-22,3711,2015-04-01,0554,5046,,3,5,7,3711,0,0,0,,0,521,"PARK BL","B ST",94.00,N,N,A,-,N,,,,,,,,,,N,4,0,1,2,A,-,08,22107,,N,B,G,A,A,H,-,C,D,0,,Y,,,Y,,A,01,0,0,1,0,0,0,1,0,0,"- ","- ",,,"SAN DIEGO","SAN DIEGO",-117.15382868,32.718077399999999
6882383,2015,2015-04-22,3711,2015-04-01,1545,7211,,3,5,7,3711,0,0,0,,0,611,"WEST WASHINGTON ST","FRONTAGE RD",15.00,E,N,A,-,N,,,,,,,,,,N,4,0,1,2,A,-,09,21453,B,N,B,G,A,A,H,-,A,A,0,,Y,Y,,Y,,C,06,0,0,1,0,0,0,1,0,0,"- ","- ",,,"SAN DIEGO","SAN DIEGO",-117.18401994,32.740920039999999
6883939,2015,2015-04-30,3711,2015-04-07,1749,7092,SD,2,5,7,3711,0,0,0,,0,623,"HOTEL CIRCLE SOUTH","HOTEL CIRCLE PL",1056.00,W,N,A,-,N,,,,,,,,,,N,4,0,1,2,A,-,08,22107,,M,B,G,A,A,H,-,A,D,0,,Y,,,Y,,-,"- ",0,0,1,0,0,0,1,0,0,"- ","- ",,,"SAN DIEGO","SAN DIEGO",-117.1888,32.759920000000001
6883964,2015,2015-04-20,3711,2015-04-04,2045,7201,,6,5,7,3711,0,0,0,,0,813,"30TH ST","DWIGHT ST",0.00,,Y,A,-,N,,,,,,,,,,N,4,0,1,2,A,-,10,21950,A,N,G,B,B,A,H,-,C,-,0,Y,,,,Y,,A,01,0,0,1,0,1,0,0,0,0,"- ","- ",,,"SAN DIEGO","SAN DIEGO",-117.1300801,32.74423006
6887087,2015,2015-05-07,3711,2015-04-14,1614,6318,,2,5,7,3711,0,0,0,,0,451,"SULTANA ST","GRAPE ST",200.00,S,N,A,-,N,,,,,,,,,,N,3,0,1,2,A,-,03,22350,,F,A,B,D,A,H,-,A,D,0,Y,,,,Y,,-,,0,1,0,0,1,0,0,0,0,"- ","- ",,,"SAN DIEGO","SAN DIEGO",-117.07766696,32.726396200000003
6887726,2015,2015-04-27,3711,2015-04-10,1729,5198,,5,5,7,3711,0,0,0,,0,313,"CONVOY ST","CLAIREMONT MESA BL",145.00,N,N,A,-,N,,,,,,,,,,N,3,0,1,2,A,-,06,21755,,N,B,G,A,A,H,-,A,D,0,,Y,,,Y,,L,04,0,1,0,0,0,0,1,0,0,"- ","- ",,,"SAN DIEGO","SAN DIEGO",-117.15326859,32.83314687
6887729,2015,2015-04-27,3711,2015-04-09,0833,5450,,4,5,7,3711,0,0,0,,0,122,"TURQUOISE ST","CASS ST",0.00,,Y,A,-,N,,,,,,,,,,N,4,0,1,2,A,-,10,21950,A,N,G,B,B,A,H,-,A,A,0,Y,,,,Y,,A,01,0,0,1,0,1,0,0,0,0,"- ","- ",,,"SAN DIEGO","SAN DIEGO",-117.25551012,32.809440119999998
6887733,2015,2015-04-27,3711,2015-04-10,0520,4759,04101,5,5,7,3711,0,0,0,,0,0520,"CASS ST",CHALCEDONY,0.00,,Y,B,-,N,,,,,,,,,,N,4,0,1,2,A,-,10,21950,A,N,D,B,B,A,H,-,B,D,0,Y,,,,Y,,-,,0,0,1,0,1,0,0,0,0,"- ","- ",,,"SAN DIEGO","SAN DIEGO",-117.25326011,32.802000079999999
6887743,2015,2016-06-06,3711,2015-04-07,1630,7238,,2,5,7,3711,0,0,0,,0,613,"WEST POINT LOMA",NIMITZ,93.00,W,N,A,-,N,,,,,,,,,,N,4,0,1,2,A,-,10,21952,,M,G,B,F,A,H,-,A,A,0,Y,,,,Y,,-,,0,0,1,0,1,0,0,0,0,"- ","- ",,,"SAN DIEGO","SAN DIEGO",-117.23640772,32.751163839999997
6894555,2015,2015-05-11,3711,2015-04-16,1814,6866,,4,5,7,3711,0,0,0,,0,121,"MISSION BL","BRIGHTON CT",44.00,S,N,A,-,N,,,,,,,,,,N,3,0,1,2,A,-,17,22517,,N,-,G,A,A,H,-,A,D,0,,Y,,,Y,,-,,0,1,0,0,0,0,1,0,0,"- ","- ",,,"SAN DIEGO","SAN DIEGO",-117.25108761,32.7629126
6894598,2015,2015-05-22,3711,2015-04-15,1549,4892,,3,5,7,3711,0,0,0,,0,613,"VOLTAIRE ST","CATALINA BL",27.00,E,N,A,-,N,,,,,,,,,,N,3,0,1,2,A,-,11,21955,,N,G,B,D,A,H,-,A,D,0,Y,,,,Y,,N,60,0,1,0,0,1,0,0,0,0,"- ","- ",,,"SAN DIEGO","SAN DIEGO",-117.23474028,32.743685280000001
6894611,2015,2016-06-06,3711,2015-04-02,0538,7067,,4,5,7,3711,0,0,0,,0,627,"5TH AV","WASHINGTON ST",130.00,S,N,A,-,N,,,,,,,,,,N,4,0,1,2,A,-,11,21955,,N,G,B,D,A,H,-,C,A,0,Y,,,,Y,,N,60,0,0,1,0,1,0,0,0,0,"- ","- ",,,"SAN DIEGO","SAN DIEGO",-117.16083,32.749870000000001
6894623,2015,2015-05-15,3711,2015-04-18,1804,3696,,6,5,7,3711,0,0,0,,0,124,"PEARL ST","BISHOPS LN",0.00,,Y,-,-,N,,,,,,,,,,N,3,0,1,2,A,-,09,21804,A,N,D,G,A,-,-,-,-,D,0,,Y,,,Y,Y,L,04,0,1,0,0,0,0,1,0,0,"- ","- ",,,"SAN DIEGO","SAN DIEGO",-117.27432001,32.840090070000002
6894640,2015,2015-05-09,3711,2015-04-15,1734,6976,SANDI,3,5,7,3711,0,0,0,,0,621,"LINDA VISTA","TAIT ST",300.00,N,N,A,-,N,,,,,,,,,,N,3,0,1,2,A,-,10,21950,A,N,D,G,A,A,H,-,A,D,0,,Y,,,Y,Y,-,,0,1,0,0,0,0,1,0,0,"- ","- ",,,"SAN DIEGO","SAN DIEGO",-117.17260416000001,32.781557509999999
6902484,2015,2015-05-12,3711,2015-04-24,0956,6768,,5,5,7,3711,0,0,0,,0,834,"UNIVERSITY AV","FAIRMOUNT AV",50.00,E,N,B,C,N,,,,,,,,,,N,4,0,1,2,A,-,05,21650,1,N,H,G,A,B,H,-,A,D,0,,Y,,,Y,,L,04,0,0,1,0,0,0,1,0,0,"- ","- ",,,"SAN DIEGO","SAN DIEGO",-117.10073812,32.749606739999997
6902685,2015,2015-05-14,3711,2015-01-23,1520,6929,NORTH,5,5,7,3711,0,0,0,,0,124,"LA JOLLA VILLAGE DR","LA JOLLA SCENIC",350.00,E,N,B,-,N,,,,,,,,,,N,3,0,1,2,A,-,"- ",,,N,C,G,A,A,H,-,A,D,0,,Y,,,Y,,L,04,0,1,0,0,0,0,1,0,0,"- ","- ",,,"SAN DIEGO","SAN DIEGO",-117.24000654,32.870865180000003
6902690,2015,2015-05-07,3711,2015-04-17,1600,7267,,5,5,7,3711,0,0,0,,0,615,"ROSECRANS ST","MACAULAY ST",0.00,,Y,A,-,N,,,,,,,,,,N,3,0,1,2,A,-,11,21950,B,N,D,B,D,A,H,-,A,A,0,Y,,Y,,Y,,N,60,0,1,0,0,1,0,0,0,0,"- ","- ",,,"SAN DIEGO","SAN DIEGO",-117.22532004,32.729210070000001
6902719,2015,2015-05-07,3711,2015-04-22,0800,7252,,3,5,7,3711,0,0,0,,0,813,"GRANADA AV","UPAS ST",2.00,N,N,C,-,N,,,,,,,,,,N,3,0,1,2,A,-,11,21954,A,N,G,B,B,B,H,-,A,A,0,Y,,,,Y,,N,60,0,1,0,0,1,0,0,0,0,"- ","- ",,,"SAN DIEGO","SAN DIEGO",-117.13251,32.74109
6903445,2015,2015-05-27,3711,2015-04-23,0825,5072,,4,5,7,3711,0,0,0,,0,517,"28TH ST","C ST",0.00,,Y,B,-,N,,,,,,,,,,N,2,0,1,2,A,-,10,21950,A,N,G,B,B,A,H,-,A,A,0,Y,,,,Y,,D,22,1,0,0,0,1,0,0,0,0,"- ","- ",,,"SAN DIEGO","SAN DIEGO",-117.13378007,32.716890110000001
6904929,2015,2015-05-15,3711,2015-03-02,0625,5046,,1,5,7,3711,0,0,0,,0,617,"CANON ST","JENNINGS ST",200.00,N,N,B,-,N,,,,,,,,,,Y,1,1,1,3,D,-,00,,,N,G,B,C,B,H,-,B,A,0,Y,,,,Y,,-,"- ",1,0,0,1,1,0,0,0,0,"- ","- ",,,"SAN DIEGO","SAN DIEGO",-117.2456485,32.720904679999997
6904957,2015,2017-04-25,3711,2015-03-24,1820,5972,,2,5,7,3711,0,0,0,,0,242,"REAGAN RD","CAMINO RUIZ",0.00,,Y,A,-,N,,,,,,,,,,N,1,1,0,2,A,-,10,21950,A,N,G,B,B,A,H,-,A,A,0,Y,,,,Y,,A,07,0,0,0,1,0,0,0,0,0,"- ","- ",,,"SAN DIEGO","SAN DIEGO",-117.14531005000001,32.908180049999999
6907136,2015,2015-05-26,3711,2015-04-26,1740,6795,,7,5,7,3711,0,0,0,,0,626,SUNSET,"ARDEN WY",10.00,W,N,A,-,N,,,,,,,,,,N,4,0,1,2,A,-,21,22106,,N,D,G,A,A,H,-,A,D,0,,Y,,,Y,,-,,0,0,1,0,0,0,1,0,0,"- ","- ",,,"SAN DIEGO","SAN DIEGO",-117.18505242000001,32.751220000000004
6907192,2015,2016-06-06,3711,2015-04-28,1427,6692,SANDI,2,5,7,3711,0,0,0,,0,833,"UNIVERSITY AV","MENLO AV",5.00,E,N,A,-,N,,,,,,,,,,,3,0,1,2,A,-,09,21801,A,N,G,B,C,A,H,-,A,D,0,Y,,,,Y,,-,,0,1,0,0,1,0,0,0,0,"- ","- ",,,"SAN DIEGO","SAN DIEGO",-117.09441379,32.749580000000002
6907196,2015,2017-01-06,3711,2015-04-28,2047,6555,,2,5,7,3711,0,0,0,,0,838,"UNIVERSITY AV","40TH ST",5.00,E,N,A,-,Y,SD,11,15,-,M,4.534,R,4,S,N,3,0,1,2,A,-,08,22107,A,N,D,G,A,A,-,-,C,A,0,,Y,,,Y,,-,,0,1,0,0,0,0,1,0,0,"- ","- ",,,"SAN DIEGO","SAN DIEGO",-117.10904633,32.748147299999999
6909240,2015,2015-05-14,3711,2015-04-27,1951,585,,1,5,7,3711,0,0,0,,0,313,"BALBOA AV","CONVOY ST",4.00,E,N,-,-,N,,,,,,,,,,,4,0,1,2,A,-,11,21456,B,N,G,B,B,-,-,-,-,A,0,Y,,,,Y,,N,60,0,0,1,0,1,0,0,0,0,"- ","- ",,,"SAN DIEGO","SAN DIEGO",-117.15507701999999,32.821750190000003
6910539,2015,2015-05-12,3711,2015-04-20,1630,7211,,1,5,7,3711,0,0,0,,0,614,"NARRAGANSETT AV","EBERS ST",25.00,E,N,A,-,N,,,,,,,,,,N,3,0,1,2,A,-,11,21950,B,N,A,B,E,A,H,-,A,A,0,Y,,,,Y,,N,60,0,1,0,0,1,0,0,0,0,"- ","- ",,,"SAN DIEGO","SAN DIEGO",-117.24727446999999,32.741949699999999
6910543,2015,2015-05-12,3711,2015-04-19,1131,5429,,7,5,7,3711,0,0,0,,0,611,"ROSECRANS ST","MIDWAY DR",97.00,N,N,A,-,N,,,,,,,,,,N,3,0,1,2,A,-,11,21954,A,N,G,B,E,A,H,-,A,A,0,Y,,,,Y,,N,60,0,1,0,0,1,0,0,0,0,"- ","- ",,,"SAN DIEGO","SAN DIEGO",-117.20598894,32.749917269999997
6910548,2015,2015-05-12,3711,2015-04-18,2045,5531,,6,5,7,3711,0,0,0,,0,521,"MARKET ST","PARK BL",0.00,,Y,A,-,N,,,,,,,,,,N,4,0,1,2,A,-,12,21453,A,N,-,B,B,A,H,-,C,A,0,Y,,,,Y,,N,60,0,0,1,0,1,0,0,0,0,"- ","- ",,,"SAN DIEGO","SAN DIEGO",-117.15375001,32.71153004
6910552,2015,2015-05-12,3711,2015-04-20,1430,7048,,1,5,7,3711,0,0,0,,0,115,NOBEL,"DANICA AV",0.00,,Y,B,-,N,,,,,,,,,,N,3,0,1,2,A,-,"- ",,,N,D,G,A,A,H,-,A,D,0,,Y,,,Y,Y,L,04,0,1,0,0,0,0,1,0,0,"- ","- ",,,"SAN DIEGO","SAN DIEGO",-117.22105443,32.8683342
6916224,2015,2015-06-01,3711,2015-04-09,2154,7253,,4,5,7,3711,0,0,0,,0,122,"FIGUEROA BL","MAGNOLIA AV",0.00,,Y,A,-,N,,,,,,,,,,N,4,0,1,2,A,-,08,22107,,N,B,G,A,A,H,-,C,A,0,,Y,,,Y,Y,A,01,0,0,1,0,0,0,1,0,0,"- ","- ",,,"SAN DIEGO","SAN DIEGO",-117.21936009,32.804390050000002
6916556,2015,2015-05-27,3711,2015-04-24,0802,5838,,5,5,7,3711,0,0,0,,0,442,"NATIONAL AV","39TH ST",35.00,W,N,B,C,N,,,,,,,,,,N,3,0,1,2,A,-,10,21954,B,N,G,B,D,B,H,-,A,D,0,Y,,,,Y,,A,01,0,1,0,0,1,0,0,0,0,"- ","- ",,,"SAN DIEGO","SAN DIEGO",-117.11040337,32.696058440000002