CASE_ID,ACCIDENT_YEAR,PROC_DATE,JURIS,COLLISION_DATE,COLLISION_TIME,OFFICER_ID,REPORTING_DISTRICT,DAY_OF_WEEK,CHP_SHIFT,POPULATION,CNTY_CITY_LOC,SPECIAL_COND,BEAT_TYPE,CHP_BEAT_TYPE,CITY_DIVISION_LAPD,CHP_BEAT_CLASS,BEAT_NUMBER,PRIMARY_RD,SECONDARY_RD,DISTANCE,DIRECTION,INTERSECTION,WEATHER_1,WEATHER_2,STATE_HWY_IND,CALTRANS_COUNTY,CALTRANS_DISTRICT,STATE_ROUTE,ROUTE_SUFFIX,POSTMILE_PREFIX,POSTMILE,LOCATION_TYPE,RAMP_INTERSECTION,SIDE_OF_HWY,TOW_AWAY,COLLISION_SEVERITY,NUMBER_KILLED,NUMBER_INJURED,PARTY_COUNT,PRIMARY_COLL_FACTOR,PCF_CODE_OF_VIOL,PCF_VIOL_CATEGORY,PCF_VIOLATION,PCF_VIOL_SUBSECTION,HIT_AND_RUN,TYPE_OF_COLLISION,MVIW,PED_ACTION,ROAD_SURFACE,ROAD_COND_1,ROAD_COND_2,LIGHTING,CONTROL_DEVICE,CHP_ROAD_TYPE,PEDESTRIAN_ACCIDENT,BICYCLE_ACCIDENT,MOTORCYCLE_ACCIDENT,TRUCK_ACCIDENT,NOT_PRIVATE_PROPERTY,ALCOHOL_INVOLVED,STWD_VEHTYPE_AT_FAULT,CHP_VEHTYPE_AT_FAULT,COUNT_SEVERE_INJ,COUNT_VISIBLE_INJ,COUNT_COMPLAINT_PAIN,COUNT_PED_KILLED,COUNT_PED_INJURED,COUNT_BICYCLIST_KILLED,COUNT_BICYCLIST_INJURED,COUNT_MC_KILLED,COUNT_MC_INJURED,PRIMARY_RAMP,SECONDARY_RAMP,LATITUDE,LONGITUDE,COUNTY,CITY,POINT_X,POINT_Y
7068287,2015,2015-09-23,3711,2015-09-14,1737,7266,3711,1,5,7,3711,0,0,0,,0,622,"LINDA VISTA RD","MARIAN WY",10.00,E,N,A,-,N,,,,,,,,,,N,4,0,1,2,A,-,08,22107,,N,G,B,B,A,H,-,A,A,0,Y,,,,Y,,-,"- ",0,0,1,0,1,0,0,0,0,"- ","- ",,,"SAN DIEGO","SAN DIEGO",-117.1943923,32.768024240000003
7068440,2015,2015-09-26,3711,2015-04-02,1000,6435,,4,5,7,3711,0,0,0,,0,,"WASHINGTON ST","1ST AV",3.00,E,N,B,-,N,,,,,,,,,,N,3,0,1,2,A,-,11,21950,B,N,G,B,D,A,H,-,A,A,0,Y,,,,Y,,N,60,0,1,0,0,1,0,0,0,0,"- ","- ",,,"SAN DIEGO","SAN DIEGO",-117.16392028,32.749969999999998
7072672,2015,2015-09-19,3711,2015-09-06,1947,4653,,7,5,7,3711,0,0,0,,0,234,"BERNARDO CENTER DR","RANCHO BERNARDO RD",428.00,N,N,A,-,N,,,,,,,,,,N,3,0,1,2,A,-,11,21954,A,N,G,B,D,A,H,-,D,D,0,Y,,,,Y,Y,N,60,0,1,0,0,1,0,0,0,0,"- ","- ",,,"SAN DIEGO","SAN DIEGO",-117.07446048,33.024112019999997
7072676,2015,2015-09-19,3711,2015-09-03,1945,6104,,4,5,7,3711,0,0,0,,0,614,"VOLTAIRE ST","CABLE ST",0.00,,Y,A,-,N,,,,,,,,,,N,4,0,1,2,A,-,12,22450,A,M,B,B,D,A,H,-,C,D,0,Y,,,,Y,,-,,0,0,1,0,1,0,0,0,0,"- ","- ",,,"SAN DIEGO","SAN DIEGO",-117.24488001,32.750959999999999
7072905,2015,2015-09-21,3711,2015-06-07,0054,6293,,7,5,7,3711,0,0,0,,0,,"MISSION BL","REED AV",36.00,N,N,A,-,N,,,,,,,,,,N,4,0,2,3,A,-,11,21954,A,N,G,B,D,A,H,-,C,D,0,Y,,,,Y,Y,N,60,0,0,2,0,2,0,0,0,0,"- ","- ",,,"SAN DIEGO","SAN DIEGO",-117.25432944000001,32.792785440000003
7077017,2015,2015-10-03,3711,2015-09-16,1214,6837,,3,5,7,3711,0,0,0,,0,,"17TH ST","ISLAND AV",5.00,S,N,A,-,N,,,,,,,,,,N,4,0,1,2,A,-,11,21950,B,N,G,B,B,A,H,-,A,D,0,Y,,,,Y,,N,60,0,0,1,0,1,0,0,0,0,"- ","- ",,,"SAN DIEGO","SAN DIEGO",-117.14854,32.710436299999998
7078909,2014,2015-10-20,3711,2014-11-14,1200,7137,,5,5,7,3711,0,0,0,,0,621,"LINDA VISTA RD","MESA COLLEGE",0.00,,Y,A,-,N,,,,,,,,,,N,3,0,1,2,A,-,11,21456,B,N,G,G,A,A,H,-,A,A,0,,Y,,,Y,,-,"- ",0,1,0,0,0,0,1,0,0,"- ","- ",,,"SAN DIEGO","SAN DIEGO",-117.15815006,32.80081011
7080300,2015,2015-09-30,3711,2015-09-03,2227,6483,,4,5,7,3711,0,0,0,,0,826,"EL CAJON BL","MARCELLENA RD",0.00,,Y,A,-,N,,,,,,,,,,N,4,0,1,2,A,-,09,21801,B,N,D,G,A,A,H,-,C,D,0,,Y,,,Y,,L,04,0,0,1,0,0,0,1,0,0,"- ","- ",,,"SAN DIEGO","SAN DIEGO",-117.08085005,32.757630079999998
7087097,2015,2015-10-19,3711,2015-09-24,1255,5498,,4,5,7,3711,0,0,0,,0,324,"G ST","2ND AV",15.00,E,N,A,-,N,,,,,,,,,,N,3,0,1,2,A,-,10,21950,A,M,G,B,B,A,H,-,A,A,0,Y,,,,Y,,-,,0,1,0,0,1,0,0,0,0,"- ","- ",,,"SAN DIEGO","SAN DIEGO",-117.16284141,32.712570990000003
7087117,2015,2015-10-19,3711,2015-09-17,1820,6252,,4,5,7,3711,0,0,0,,0,611,"SPORTS ARENA BL","CAMINO DEL RIO W",582.00,E,N,A,-,N,,,,,,,,,,N,3,0,1,2,A,-,05,21202,A,N,B,G,A,A,H,-,A,D,0,,Y,,,Y,,L,04,0,1,0,0,0,0,1,0,0,"- ","- ",,,"SAN DIEGO","SAN DIEGO",-117.20493999999999,32.751530000000002
7087683,2015,2015-10-08,3711,2015-09-22,0653,7350,SD,2,5,7,3711,0,0,0,,0,826,WINONA,UNIVERSITY,0.00,,Y,A,-,N,,,,,,,,,,N,3,0,1,2,A,-,11,21950,B,N,G,B,D,A,H,-,A,A,0,Y,,,,Y,,N,60,0,1,0,0,1,0,0,0,0,"- ","- ",,,"SAN DIEGO","SAN DIEGO",-117.08797010000001,32.749510059999999
7088052,2015,2015-10-20,3711,2015-09-24,1700,7257,,4,5,7,3711,0,0,0,,0,S21,"17TH ST","200 17TH ST",15.00,E,N,A,-,N,,,,,,,,,,N,3,0,1,2,A,-,10,21950,A,M,A,B,D,A,H,-,A,D,0,Y,,,,Y,,N,60,0,1,0,0,1,0,0,0,0,"- ","- ",,,"SAN DIEGO","SAN DIEGO",,
7090759,2015,2015-10-17,3711,2015-09-24,0705,5823,,4,5,7,3711,0,0,0,,0,512,"OCEAN VIEW BL","30TH ST",24.00,E,N,A,-,N,,,,,,,,,,N,4,0,1,2,A,-,09,21801,A,N,G,B,B,A,H,-,A,A,0,Y,,,,Y,,-,,0,0,1,0,1,0,0,0,0,"- ","- ",,,"SAN DIEGO","SAN DIEGO",-117.12944225,32.70117071
7090808,2015,2015-10-09,3711,2015-08-09,0951,5061,,7,5,7,3711,0,0,0,,0,122,"W MISSION BAY DR 800","MISSION BLVD",216.00,E,N,A,-,N,,,,,,,,,,N,2,0,1,3,A,-,08,22107,,F,B,G,A,A,H,-,A,D,0,,Y,,,Y,,-,99,1,0,0,0,0,0,1,0,0,"- ","- ",,,"SAN DIEGO","SAN DIEGO",,
7090810,2015,2015-11-18,3711,2015-09-18,1402,6513,,5,5,7,3711,0,0,0,,0,114,"CLAIREMONT MESA BL 3800","CLAIREMONT DR",0.00,,Y,A,-,N,,,,,,,,,,N,2,0,1,2,A,-,11,21456,B,N,G,B,B,A,H,-,A,A,0,Y,,,,Y,,N,60,1,0,0,0,1,0,0,0,0,"- ","- ",,,"SAN DIEGO","SAN DIEGO",-117.20614993,32.827710039999999
7090815,2015,2015-10-15,3711,2015-09-24,1144,7288,,4,5,7,3711,0,0,0,,0,721,"THERMAL AV","CORONADO AV",8.00,S,N,A,-,N,,,,,,,,,,N,3,0,1,2,A,-,12,21453,A,N,D,G,A,A,H,-,A,A,0,,Y,,,Y,,L,04,0,1,0,0,0,0,1,0,0,"- ","- ",,,"SAN DIEGO","SAN DIEGO",-117.09705047999999,32.576488089999998
7094374,2016,2016-03-25,3711,2016-03-09,1122,7386,SDPD,3,5,7,3711,0,0,0,,0,431,"IMPERIAL AV","54TH ST",42.00,N,N,A,-,N,,,,,,,,,,N,3,0,1,2,A,-,10,21950,A,N,G,B,B,A,H,-,A,A,0,Y,,,,Y,,D,22,0,1,0,0,1,0,0,0,0,"- ","- ",,,"SAN DIEGO","SAN DIEGO",-117.07864911,32.707111439999998
7094644,2015,2015-10-10,3711,2015-08-16,0103,6293,,7,5,7,3711,0,0,0,,0,122,"MISSION BL","HORNBLEND ST",0.00,,Y,A,-,N,,,,,,,,,,N,4,0,1,2,A,-,11,21950,B,N,G,B,B,A,H,-,C,A,0,Y,,,,Y,Y,N,60,0,0,1,0,1,0,0,0,0,"- ","- ",,,"SAN DIEGO","SAN DIEGO",-117.25522013,32.795660060000003
7098448,2015,2015-11-23,3711,2015-10-08,1156,6795,SANDI,4,5,7,3711,0,0,0,,0,831,HIGHLAND,"EL CAJON BL",6.00,S,N,A,-,N,,,,,,,,,,N,4,0,1,2,A,-,05,21650,1,N,A,G,A,A,H,-,A,A,0,,Y,,,Y,,L,04,0,0,1,0,0,0,1,0,0,"- ","- ",,,"SAN DIEGO","SAN DIEGO",-117.0992,32.755099999999999
7099410,2015,2015-11-04,3711,2015-10-02,2133,7199,,5,5,7,3711,0,0,0,,0,437,POTOMAC,"PARADISE VALLEY RD",300.00,S,N,A,-,N,,,,,,,,,,Y,3,0,1,2,A,-,08,22107,,F,B,B,A,A,H,-,C,D,0,,,,,Y,,-,,0,1,0,0,0,0,0,0,0,"- ","- ",,,"SAN DIEGO","SAN DIEGO",-117.04868386,32.687471420000001
7099414,2015,2015-10-27,3711,2015-10-02,2040,7119,,5,5,7,3711,0,0,0,,0,528,"W GRAPE",KETTNER,5.00,S,N,A,-,N,,,,,,,,,,N,4,0,1,2,A,-,10,21950,A,N,G,B,B,A,H,-,C,A,0,Y,,,,Y,,-,,0,0,1,0,1,0,0,0,0,"- ","- ",,,"SAN DIEGO","SAN DIEGO",-117.16986518,32.725135219999999
7099446,2015,2015-10-24,3711,2015-10-10,0345,5627,,6,5,7,3711,0,0,0,,0,116,"MORENA BL","INGULF ST",0.00,,N,A,-,N,,,,,,,,,,N,3,0,1,2,A,-,08,22107,,N,G,B,F,A,H,-,C,A,0,Y,,,,Y,,-,,0,1,0,0,1,0,0,0,0,"- ","- ",,,"SAN DIEGO","SAN DIEGO",-117.20600004000001,32.789580100000002
7099465,2015,2015-10-24,3711,2015-10-01,2057,7358,,4,5,7,3711,0,0,0,,0,4352,"AKINS AV","65TH ST",2.00,W,N,A,-,N,,,,,,,,,,N,4,0,1,2,A,-,12,22450,A,N,G,B,B,A,H,-,C,A,0,Y,,,,Y,,-,,0,0,1,0,1,0,0,0,0,"- ","- ",,,"SAN DIEGO","SAN DIEGO",-117.05806641,32.710889219999999
7099480,2015,2015-10-24,3711,2015-10-08,1741,4243,,4,5,7,3711,0,0,0,,0,111,"BEADNELL WY","CANNINGTON DR",146.00,W,N,A,-,N,,,,,,,,,,N,3,0,1,2,A,-,11,21954,A,N,G,B,D,A,H,-,A,D,0,Y,,,,Y,,N,60,0,1,0,0,1,0,0,0,0,"- ","- ",,,"SAN DIEGO","SAN DIEGO",-117.17200364,32.820935339999998
7099509,2015,2016-08-10,3711,2015-10-07,2100,7089,SD,3,5,7,3711,0,0,0,,0,007,CORONADO,"NESTOR WY",2.00,,N,A,-,N,,,,,,,,,,,3,0,1,2,A,-,09,21804,A,N,-,G,A,A,-,-,C,D,0,,Y,Y,,Y,,C,02,0,1,0,0,0,0,1,0,0,"- ","- ",,,"SAN DIEGO","SAN DIEGO",-117.08545006,32.576490069999998
7102289,2015,2015-10-27,3711,2015-09-30,1855,5737,SDPD,3,5,7,3711,0,0,0,,0,446,"47TH ST","CASTANA ST",0.00,,Y,A,-,N,,,,,,,,,,Y,4,0,2,2,A,-,11,21950,B,N,G,B,D,A,H,-,C,D,0,Y,,,,Y,,N,60,0,0,2,0,1,0,0,0,0,"- ","- ",,,"SAN DIEGO","SAN DIEGO",-117.09363011000001,32.706670019999997
7102297,2015,2015-10-26,3711,2015-09-18,0653,5838,,5,5,7,3711,0,0,0,,0,838,"EL CAJON BL","36TH ST",0.00,,Y,A,-,N,,,,,,,,,,N,2,0,2,3,A,-,10,21950,A,N,G,B,B,A,H,-,A,A,0,Y,,,,Y,,A,01,1,0,1,0,2,0,0,0,0,"- ","- ",,,"SAN DIEGO","SAN DIEGO",-117.11578006000001,32.755290010000003
7103008,2015,2015-10-29,3711,2015-10-02,2130,7370,3711,5,5,7,3711,0,0,0,,0,124,GENESSE,REGENTS,0.00,,Y,-,-,N,,,,,,,,,,N,3,0,1,2,A,-,08,22107,,N,C,G,A,A,H,-,C,A,0,,Y,,,Y,,L,04,0,1,0,0,0,0,1,0,0,"- ","- ",,,"SAN DIEGO","SAN DIEGO",-117.21816011,32.880820030000002
7103016,2015,2016-08-10,3711,2015-10-07,1800,6820,,3,5,7,3711,0,0,0,,0,625,"TAYLOR ST","PACIFIC HWY",30.00,E,N,A,-,N,,,,,,,,,,N,3,0,2,2,A,-,04,21703,,N,B,G,A,A,H,-,A,A,0,,Y,,,Y,,L,04,0,2,0,0,0,0,2,0,0,"- ","- ",,,"SAN DIEGO","SAN DIEGO",-117.20100361,32.755400950000002
7103036,2015,2015-10-29,3711,2015-10-07,0634,6620,,3,5,7,3711,0,0,0,,0,432,EUCLID,NARANJA,45.00,N,N,A,-,N,,,,,,,,,,N,3,0,2,3,A,-,10,21950,A,N,G,B,B,A,H,-,A,A,0,Y,,,,Y,,A,01,0,2,0,0,2,0,0,0,0,"- ","- ",,,"SAN DIEGO","SAN DIEGO",-117.08504000000001,32.708753260000002
7103061,2015,2015-10-29,3711,2015-10-06,1009,7341,SANDI,2,5,7,3711,0,0,0,,0,627,"WASHINGTON ST","5TH AV",13.00,E,N,A,-,N,,,,,,,,,,N,3,0,1,2,A,-,08,22107,,M,D,G,A,A,H,-,A,A,0,,Y,,,Y,,-,,0,1,0,0,0,0,1,0,0,"- ","- ",,,"SAN DIEGO","SAN DIEGO",-117.16078786,32.75
7103077,2015,2015-11-05,3711,2015-10-07,0827,7364,SD,3,5,7,3711,0,0,0,,0,524,"10TH ST","B ST",14.00,S,N,A,-,N,,,,,,,,,,N,4,0,1,2,A,-,10,21950,A,N,G,B,B,A,H,-,A,A,0,Y,,,,Y,,-,"- ",0,0,1,0,1,0,0,0,0,"- ","- ",,,"SAN DIEGO","SAN DIEGO",-117.15562075,32.717781649999999
7106548,2015,2015-11-02,3711,2015-10-20,1310,6415,,2,5,7,3711,0,0,0,,0,326,"54TH ST","MAISEL WY",25.00,N,N,A,-,N,,,,,,,,,,N,4,0,1,2,A,-,06,21755,,N,-,G,A,A,H,-,-,A,0,,Y,,,Y,,L,04,0,0,1,0,0,0,1,0,0,"- ","- ",,,"SAN DIEGO","SAN DIEGO",-117.07998316,32.766745620000002
7106553,2015,2015-11-02,3711,2015-10-08,0825,5202,"SAN D",4,5,7,3711,0,0,0,,0,310,"GRAMERCY DR","9066 GRAMERCY AV",0.00,,N,A,-,N,,,,,,,,,,N,4,0,1,2,B,-,22,,,N,D,G,A,A,H,-,A,D,0,,Y,,,Y,,L,04,0,0,1,0,0,0,1,0,0,"- ","- ",,,"SAN DIEGO","SAN DIEGO",-117.13250399,32.802424649999999
7106766,2015,2015-10-29,3711,2015-10-14,1900,6381,,3,5,7,3711,0,0,0,,0,833,"LANDIS ST","46TH ST",0.00,,Y,A,-,N,,,,,,,,,,N,4,0,1,2,A,-,08,22107,,M,B,G,A,A,H,-,C,A,0,,Y,,,Y,,-,,0,0,1,0,0,0,1,0,0,"- ","- ",,,"SAN DIEGO","SAN DIEGO",-117.09575006,32.745880079999999
7106770,2015,2015-10-29,3711,2015-10-01,0703,6502,,4,5,7,3711,0,0,0,,0,441,"SAN PASQUAL ST","LOGAN AV",5.00,N,N,A,-,N,,,,,,,,,,N,4,0,1,2,A,-,10,21950,A,M,G,B,B,A,H,-,A,A,0,Y,,,,Y,,-,,0,0,1,0,1,0,0,0,0,"- ","- ",,,"SAN DIEGO","SAN DIEGO",-117.10285574,32.696962810000002
7106790,2015,2015-10-29,3711,2015-10-14,0719,7323,,3,5,7,3711,0,0,0,,0,839,"UNIVERSITY AV","39TH ST",0.00,,Y,A,-,N,,,,,,,,,,N,3,0,1,2,A,-,12,21453,A,N,D,G,A,A,H,-,A,A,0,,Y,,,Y,,-,,0,1,0,0,0,0,1,0,0,"- ","- ",,,"SAN DIEGO","SAN DIEGO",-117.11065003,32.749690049999998
7106925,2015,2015-10-29,3711,2015-10-10,1352,6621,SD,6,5,7,3711,0,0,0,,0,124,"LA JOLLA SHORES","AZUL ST",8.00,S,N,A,-,N,,,,,,,,,,N,4,0,1,2,A,-,08,22107,,N,B,G,A,A,H,-,A,A,0,,Y,,,Y,,L,04,0,0,1,0,0,0,1,0,0,"- ","- ",,,"SAN DIEGO","SAN DIEGO",-117.24593363,32.871700910000001
7107034,2015,2015-10-30,3711,2015-10-10,2111,5916,,6,5,7,3711,0,0,0,,0,611,"ROSECRANS ST","MIDWAY DR",83.00,S,N,A,-,N,,,,,,,,,,N,3,0,1,2,A,-,11,21954,A,N,G,B,D,A,H,-,C,D,0,Y,,,,Y,Y,N,60,0,1,0,0,1,0,0,0,0,"- ","- ",,,"SAN DIEGO","SAN DIEGO",-117.20632748,32.749515629999998
7107497,2015,2016-08-10,3711,2015-10-01,0931,HB5132,,4,5,7,3711,0,0,0,,0,710,"NORTH HARBOR DR","AIR LANE RD",267.00,W,N,A,-,N,,,,,,,,,,N,4,0,1,2,A,-,"- ",,,N,G,B,E,A,H,-,A,D,0,Y,,,,Y,,D,22,0,0,1,0,1,0,0,0,0,"- ","- ",,,"SAN DIEGO","SAN DIEGO",,
7108578,2015,2015-11-06,3711,2015-10-24,0945,4274,,6,5,7,3711,0,0,0,,0,313,"RUFFIN RD","LIGHTWAVE AV",30.00,N,N,A,-,N,,,,,,,,,,Y,3,0,3,3,A,-,08,22107,,N,C,G,A,A,H,-,A,A,0,,Y,,,Y,,-,,0,1,2,0,0,0,1,0,0,"- ","- ",,,"SAN DIEGO","SAN DIEGO",-117.12669877,32.828762169999997
7108618,2015,2015-11-07,3711,2015-10-20,1907,6487,SD,2,5,7,3711,0,0,0,,0,383,"EL CAJON BL","36TH ST",0.00,,Y,B,-,N,,,,,,,,,,N,3,0,1,2,A,-,10,21950,A,N,G,B,B,A,H,-,C,D,0,Y,,,,Y,,-,,0,1,0,0,1,0,0,0,0,"- ","- ",,,"SAN DIEGO","SAN DIEGO",-117.11578006000001,32.755290010000003
7108621,2015,2015-11-07,3711,2015-10-18,1429,7274,SANDI,7,5,7,3711,0,0,0,,0,627,"UNIVERSITY AV","5TH AV",0.00,,Y,B,-,N,,,,,,,,,,N,3,0,1,2,A,-,10,21950,A,M,A,B,B,A,H,-,A,A,0,Y,,,,Y,Y,-,,0,1,0,0,1,0,0,0,0,"- ","- ",,,"SAN DIEGO","SAN DIEGO",-117.16043989000001,32.748270050000002
7108896,2015,2015-11-19,3711,2015-10-23,0735,6837,,5,5,7,3711,0,0,0,,0,521,BROADWAY,"PARK BL 1000",2.00,W,N,A,-,N,,,,,,,,,,N,4,0,1,2,A,-,10,21950,A,N,G,B,B,A,H,-,A,A,0,Y,,,,Y,,N,60,0,0,1,0,1,0,0,0,0,"- ","- ",,,"SAN DIEGO","SAN DIEGO",-117.15378195,32.715736210000003
7109059,2015,2015-11-05,3711,2015-10-21,1556,7026,,3,5,7,3711,0,0,0,,0,1226,"GARNET AV","FANUEL ST",50.00,E,N,B,-,N,,,,,,,,,,N,4,0,1,2,A,-,21,22106,,N,G,B,D,A,H,-,A,D,0,Y,,,,Y,,A,08,0,0,1,0,1,0,0,0,0,"- ","- ",,,"SAN DIEGO","SAN DIEGO",-117.24619323,32.798565119999999
7109118,2015,2015-11-05,3711,2015-10-24,1002,7178,,6,5,7,3711,0,0,0,,0,522,"ISLAND AV","2ND AV",0.00,,Y,A,-,N,,,,,,,,,,N,3,0,1,2,A,-,11,21954,A,N,G,B,B,A,H,-,A,D,0,Y,,,,Y,,N,60,0,1,0,0,1,0,0,0,0,"- ","- ",,,"SAN DIEGO","SAN DIEGO",-117.16288007,32.710420059999997
7113101,2015,2015-11-14,3711,2015-10-18,2023,500,,7,5,7,3711,0,0,0,,0,432,"IMPERIAL AV","50TH ST",185.00,E,N,A,-,N,,,,,,,,,,N,2,0,1,2,A,-,11,21954,A,N,G,B,D,A,H,-,C,D,0,Y,,,,Y,,N,60,1,0,0,0,1,0,0,0,0,"- ","- ",,,"SAN DIEGO","SAN DIEGO",-117.08616517,32.70413585
7113814,2015,2015-11-13,3711,2015-10-29,0701,6621,,4,5,7,3711,0,0,0,,0,124,"LA JOLLA BL","BONAIR WY",8.00,N,N,A,-,N,,,,,,,,,,Y,3,0,1,2,A,-,08,22107,,M,B,G,A,A,H,-,A,A,0,,Y,,,Y,,-,,0,1,0,0,0,0,1,0,0,"- ","- ",,,"SAN DIEGO","SAN DIEGO",-117.27638597000001,32.83116133
7113818,2015,2017-01-28,3711,2015-10-04,1130,5838,,7,5,7,3711,0,0,0,,0,122,"MISSION BAY DR","ROSEWOOD ST",327.00,S,N,B,C,Y,SD,11,5,-,R,22.752,R,4,N,Y,2,0,1,2,A,-,09,21804,A,N,D,G,A,B,H,-,A,D,0,,Y,,,Y,,L,04,1,0,0,0,0,0,1,0,0,"- ","- ",,,"SAN DIEGO","SAN DIEGO",-117.20963736,32.797259259999997
7113834,2015,2015-11-12,3711,2015-10-31,1314,6621,"SAN D",6,5,7,3711,0,0,0,,0,124,"LA JOLLA BL","BIRD ROCK AV",300.00,N,N,A,-,N,,,,,,,,,,N,4,0,1,2,A,-,08,22107,,N,D,G,A,A,H,-,A,D,0,,Y,,,Y,,-,,0,0,1,0,0,0,1,0,0,"- ","- ",,,"SAN DIEGO","SAN DIEGO",-117.271083,32.816408299999999
7114092,2015,2015-11-18,3711,2015-10-29,1733,6390,,4,5,7,3711,0,0,0,,0,614,"POINT LOMA BL","POINT LOMA BL 4600",0.00,,N,A,-,N,,,,,,,,,,N,4,0,1,2,A,-,09,21801,A,N,G,G,A,A,H,-,A,D,0,,Y,,,Y,,A,01,0,0,1,0,0,0,1,0,0,"- ","- ",,,"SAN DIEGO","SAN DIEGO",-117.25142956000001,32.734199449999998
7114249,2015,2015-12-01,3711,2015-11-04,1722,6366,,3,5,7,3711,0,0,0,,0,242,"BLACK MOUNTAIN RD","GALVIN WY",245.00,N,N,B,-,N,,,,,,,,,,Y,3,0,1,2,A,-,11,21954,A,N,G,B,D,A,H,-,D,D,0,Y,,,,Y,,-,"- ",0,1,0,0,1,0,0,0,0,"- ","- ",,,"SAN DIEGO","SAN DIEGO",-117.12501192000001,32.921211079999999
7114401,2015,2015-11-06,3711,2015-10-14,0459,HB5250,,3,5,7,3711,0,0,0,,0,720,"ELEVATED DEPARTURE ROADWAY",MCCAIN,1540.00,N,N,B,-,N,,,,,,,,,,N,3,0,1,3,A,-,08,22107,,N,B,B,-,A,H,-,C,D,0,Y,,,,Y,,A,01,0,1,0,0,1,0,0,0,0,"- ","- ",,,"SAN DIEGO","SAN DIEGO",,
7114622,2015,2015-11-10,3711,2015-10-28,1640,5400,,3,5,7,3711,0,0,0,,0,315,"CAMINO DEL RIO S","SOOO TEXAS",1056.00,E,N,A,-,N,,,,,,,,,,N,4,0,1,2,A,-,09,21804,A,N,-,B,-,A,H,-,A,D,0,Y,,,,Y,,-,,0,0,1,0,1,0,0,0,0,"- ","- ",,,"SAN DIEGO","SAN DIEGO",-117.13741869,32.76938011
7119566,2015,2015-12-01,3711,2015-11-13,2238,5916,,5,5,7,3711,0,0,0,,0,122,"GARNET AV","KENDALL ST",20.00,E,N,A,-,N,,,,,,,,,,N,3,0,1,2,A,-,11,21954,A,N,G,B,D,A,H,-,C,D,0,Y,,,,Y,Y,N,60,0,1,0,0,1,0,0,0,0,"- ","- ",,,"SAN DIEGO","SAN DIEGO",-117.23708748999999,32.800604649999997
7119578,2015,2015-12-01,3711,2015-11-10,1724,7192,,2,5,7,3711,0,0,0,,0,512,"22ND ST","IMPERIAL LN",2.00,W,N,A,-,N,,,,,,,,,,N,4,0,1,2,D,-,00,,,N,G,B,F,A,H,-,C,D,0,Y,,,,Y,Y,-,"- ",0,0,1,0,1,0,0,0,0,"- ","- ",,,"SAN DIEGO","SAN DIEGO",-117.14396000000001,32.706290000000003
7119627,2015,2015-11-25,3711,2015-11-10,1212,5313,,2,5,7,3711,0,0,0,,0,524,"4TH AV","A ST",0.00,,Y,A,-,N,,,,,,,,,,N,3,0,1,2,A,-,10,21950,A,N,G,B,B,A,H,-,A,A,0,Y,,,,Y,,A,01,0,1,0,0,1,0,0,0,0,"- ","- ",,,"SAN DIEGO","SAN DIEGO",-117.16110012999999,32.718850089999997
7122330,2015,2015-11-25,3711,2015-11-13,1745,4523,,5,5,7,3711,0,0,0,,0,124,"GILMAN DR","GILMAN DR 8200",0.00,,Y,A,-,N,,,,,,,,,,N,4,0,1,2,A,-,09,21801,A,M,D,G,A,A,H,-,C,D,0,,Y,,,Y,,-,,0,0,1,0,0,0,1,0,0,"- ","- ",,,"SAN DIEGO","SAN DIEGO",-117.23706007,32.85396892
7122393,2015,2015-11-25,3711,2015-11-13,1155,6586,,5,5,7,3711,0,0,0,,0,831,"47TH ST","POLK AV",200.00,S,N,A,-,N,,,,,,,,,,N,4,0,1,2,A,-,13,22500,E,N,D,B,A,A,H,-,A,D,0,,,,,Y,,-,,0,0,1,0,0,0,0,0,0,"- ","- ",,,"SAN DIEGO","SAN DIEGO",-117.09333694,32.750812179999997
7122841,2015,2015-11-23,3711,2015-11-01,1730,6642,,7,5,7,3711,0,0,0,,0,446,"4TH ST","SOLOLA  AV",100.00,S,N,A,-,N,,,,,,,,,,N,4,0,1,2,A,-,11,21954,A,N,G,B,D,A,H,-,C,A,0,Y,,,,Y,,N,60,0,0,1,0,1,0,0,0,0,"- ","- ",,,"SAN DIEGO","SAN DIEGO",-117.09377734,32.693326089999999
7124076,2015,2015-12-07,3711,2015-11-15,1255,7064,"SAN D",7,5,7,3711,0,0,0,,0,526,"BEECH ST","FRONT ST",15.00,E,N,A,-,N,,,,,,,,,,N,4,0,1,2,A,-,09,21801,A,M,G,B,B,A,H,-,A,A,0,Y,,,,Y,,-,,0,0,1,0,1,0,0,0,0,"- ","- ",,,"SAN DIEGO","SAN DIEGO",-117.16470139,32.7209
7127720,2015,2015-12-15,3711,2015-11-19,1843,7331,,4,5,7,3711,0,0,0,,0,327,"E CAMPUS DR","MONTEZUMA RD",447.00,N,N,A,-,N,,,,,,,,,,N,4,0,1,2,A,-,10,21950,A,N,D,B,C,A,H,-,B,A,0,Y,,,,Y,,N,60,0,0,1,0,1,0,0,0,0,"- ","- ",,,"SAN DIEGO","SAN DIEGO",-117.06722102000001,32.771934250000001
7127723,2015,2015-12-02,3711,2015-11-22,1711,5718,,7,5,7,3711,0,0,0,,0,233,"CARMEL MOUNTAIN RD","VIA LAS MAYAS",351.00,S,N,A,-,N,,,,,,,,,,N,3,0,1,3,A,-,11,21950,B,N,G,B,D,A,H,-,D,D,0,Y,,,,Y,,N,60,0,1,0,0,1,0,0,0,0,"- ","- ",,,"SAN DIEGO","SAN DIEGO",-117.09374886000001,32.971574529999998