CASE_ID,ACCIDENT_YEAR,PROC_DATE,JURIS,COLLISION_DATE,COLLISION_TIME,OFFICER_ID,REPORTING_DISTRICT,DAY_OF_WEEK,CHP_SHIFT,POPULATION,CNTY_CITY_LOC,SPECIAL_COND,BEAT_TYPE,CHP_BEAT_TYPE,CITY_DIVISION_LAPD,CHP_BEAT_CLASS,BEAT_NUMBER,PRIMARY_RD,SECONDARY_RD,DISTANCE,DIRECTION,INTERSECTION,WEATHER_1,WEATHER_2,STATE_HWY_IND,CALTRANS_COUNTY,CALTRANS_DISTRICT,STATE_ROUTE,ROUTE_SUFFIX,POSTMILE_PREFIX,POSTMILE,LOCATION_TYPE,RAMP_INTERSECTION,SIDE_OF_HWY,TOW_AWAY,COLLISION_SEVERITY,NUMBER_KILLED,NUMBER_INJURED,PARTY_COUNT,PRIMARY_COLL_FACTOR,PCF_CODE_OF_VIOL,PCF_VIOL_CATEGORY,PCF_VIOLATION,PCF_VIOL_SUBSECTION,HIT_AND_RUN,TYPE_OF_COLLISION,MVIW,PED_ACTION,ROAD_SURFACE,ROAD_COND_1,ROAD_COND_2,LIGHTING,CONTROL_DEVICE,CHP_ROAD_TYPE,PEDESTRIAN_ACCIDENT,BICYCLE_ACCIDENT,MOTORCYCLE_ACCIDENT,TRUCK_ACCIDENT,NOT_PRIVATE_PROPERTY,ALCOHOL_INVOLVED,STWD_VEHTYPE_AT_FAULT,CHP_VEHTYPE_AT_FAULT,COUNT_SEVERE_INJ,COUNT_VISIBLE_INJ,COUNT_COMPLAINT_PAIN,COUNT_PED_KILLED,COUNT_PED_INJURED,COUNT_BICYCLIST_KILLED,COUNT_BICYCLIST_INJURED,COUNT_MC_KILLED,COUNT_MC_INJURED,PRIMARY_RAMP,SECONDARY_RAMP,LATITUDE,LONGITUDE,COUNTY,CITY,POINT_X,POINT_Y
7127740,2015,2015-12-02,3711,2015-11-18,1507,5918,,3,5,7,3711,0,0,0,,0,434,"IMPERIAL AV","FLICKER ST",0.00,,Y,A,-,N,,,,,,,,,,N,3,0,1,2,A,-,09,21801,A,N,A,G,A,A,H,-,A,A,0,,Y,,,Y,,-,,0,1,0,0,0,0,1,0,0,"- ","- ",,,"SAN DIEGO","SAN DIEGO",-117.04782006000001,32.713370089999998
7127816,2015,2015-12-03,3711,2015-10-27,1944,6702,,2,5,7,3711,0,0,0,,0,437,"PARADISE VALLEY RD","DEEP DELL RD",0.00,,Y,A,-,N,,,,,,,,,,Y,2,0,1,2,A,-,11,21456,B,N,G,B,B,A,H,-,C,A,0,Y,,,,Y,Y,N,60,1,0,0,0,1,0,0,0,0,"- ","- ",,,"SAN DIEGO","SAN DIEGO",-117.02935013,32.695420050000003
7128243,2015,2015-12-07,3711,2015-11-23,1624,5672,,1,5,7,3711,0,0,0,,0,313,"CLAIREMONT MESA BL","MURPHY CANYON RD",25.00,E,N,A,-,N,,,,,,,,,,N,3,0,1,2,A,-,12,21453,A,N,D,G,A,A,H,-,A,A,0,,Y,,,Y,,L,04,0,1,0,0,0,0,1,0,0,"- ","- ",,,"SAN DIEGO","SAN DIEGO",-117.12112581,32.833167680000003
7128967,2015,2015-12-09,3711,2015-11-24,1824,6513,,2,5,7,3711,0,0,0,,0,124,"GILMAN DR","VILLA LA JOLLA DR",0.00,,Y,A,-,N,,,,,,,,,,N,3,0,1,2,A,-,10,21950,A,N,G,B,B,A,H,-,C,A,0,Y,,,,Y,,A,01,0,1,0,0,1,0,0,0,0,"- ","- ",,,"SAN DIEGO","SAN DIEGO",-117.23623008,32.864160099999999
7128979,2015,2015-12-09,3711,2015-11-18,1317,7037,SANDI,3,5,7,3711,0,0,0,,0,614,BACON,NEWPORT,0.00,,Y,A,-,N,,,,,,,,,,N,4,0,1,2,A,-,17,22517,,N,-,G,A,A,H,-,A,A,0,,Y,Y,,Y,,C,06,0,0,1,0,0,0,1,0,0,"- ","- ",,,"SAN DIEGO","SAN DIEGO",-117.25105004,32.74687007
7128988,2015,2015-12-09,3711,2015-11-22,0039,3815,,7,5,7,3711,0,0,0,,0,326,"COLLEGE AV","CRESITA DR",52.00,N,N,A,-,N,,,,,,,,,,N,3,0,1,2,A,-,11,21954,A,N,G,B,D,A,H,-,C,D,0,Y,,,,Y,Y,N,60,0,1,0,0,1,0,0,0,0,"- ","- ",,,"SAN DIEGO","SAN DIEGO",-117.06871907,32.76884579
7130723,2015,2015-12-09,3711,2015-11-25,1410,5221,,3,5,7,3711,0,0,0,,0,523,"6TH AV","F ST",26.00,S,N,A,-,N,,,,,,,,,,N,3,0,1,2,A,-,11,21955,,N,A,B,D,A,H,-,A,A,0,Y,,,,Y,,A,01,0,1,0,0,1,0,0,0,0,"- ","- ",,,"SAN DIEGO","SAN DIEGO",-117.15922999999999,32.71355878
7130772,2015,2015-12-14,3711,2015-11-24,1853,5611,,2,5,7,3711,0,0,0,,0,243,"MIRAMAR RD","MIRAMAR RD 9700",22.00,N,N,B,-,N,,,,,,,,,,N,3,0,1,2,A,-,11,21950,B,N,G,B,D,A,H,-,C,D,0,Y,,,,Y,Y,N,60,0,1,0,0,1,0,0,0,0,"- ","- ",,,"SAN DIEGO","SAN DIEGO",,
7130800,2015,2015-12-14,3711,2015-11-29,1709,6156,SD,7,5,7,3711,0,0,0,,0,113,"CLAIREMONT MESA BL","CLAREMONT MESA BL",8.00,N,N,A,-,N,,,,,,,,,,N,4,0,1,2,A,-,11,21955,,N,G,B,D,A,H,-,C,A,0,Y,,,,Y,,N,60,0,0,1,0,1,0,0,0,0,"- ","- ",,,"SAN DIEGO","SAN DIEGO",-117.21586000000001,32.83126
7131890,2015,2015-12-23,3711,2015-11-20,0815,6653,"SAN D",5,5,7,3711,0,0,0,,0,,"WIGHTMAN ST","CHAMOUNE AV",0.00,,Y,A,-,N,,,,,,,,,,,4,0,1,2,A,-,10,21950,A,N,G,B,B,A,H,-,A,A,0,Y,,,,Y,,-,,0,0,1,0,1,0,0,0,0,"- ","- ",,,"SAN DIEGO","SAN DIEGO",-117.09660006999999,32.74771002
7131896,2015,2015-12-23,3711,2015-11-24,1135,7122,,2,5,7,3711,0,0,0,,0,614,"BACON ST","CAPE MAY AV",120.00,N,N,A,-,N,,,,,,,,,,N,3,0,1,2,A,-,09,21804,A,M,D,G,A,A,H,-,A,D,0,,Y,,,Y,,L,04,0,1,0,0,0,0,1,0,0,"- ","- ",,,"SAN DIEGO","SAN DIEGO",-117.24862027,32.749645319999999
7135209,2015,2016-01-06,3711,2015-12-28,0430,7289,,1,5,7,3711,0,0,0,,0,628,"WEST LAUREL ST","W LAUREL ST 1025",0.00,,Y,A,-,N,,,,,,,,,,N,2,0,1,2,D,-,00,,,M,G,B,E,A,H,-,C,A,0,Y,,,,Y,,-,"- ",1,0,0,0,1,0,0,0,0,"- ","- ",,,"SAN DIEGO","SAN DIEGO",-117.17245549,32.729910230000002
7135259,2015,2016-01-06,3711,2015-12-26,1311,7339,SANDI,6,5,7,3711,0,0,0,,0,934,"CARMEL VALLEY RD","EL CAMINIO REAL",0.00,,Y,A,-,N,,,,,,,,,,N,4,0,1,2,A,-,12,21453,A,N,D,G,A,A,H,-,A,A,0,,Y,,,Y,,L,04,0,0,1,0,0,0,1,0,0,"- ","- ",,,"SAN DIEGO","SAN DIEGO",-117.23715000999999,32.934710019999997
7135271,2015,2016-01-06,3711,2015-12-22,1249,7030,,2,5,7,3711,0,0,0,,0,611,"TRUXTUN RD","ROSECRANS ST",528.00,E,N,B,C,N,,,,,,,,,,N,4,0,1,2,B,-,22,,,N,G,B,F,B,H,-,A,D,0,Y,,,,Y,Y,-,"- ",0,0,1,0,1,0,0,0,0,"- ","- ",,,"SAN DIEGO","SAN DIEGO",,
7137135,2015,2017-02-04,3711,2015-12-04,1524,7034,,5,5,7,3711,0,0,0,,0,724,"CORONADO AV","OUTER RD",0.00,,Y,A,-,Y,SD,11,5,-,-,3.960,R,3,N,N,3,0,1,2,A,-,"- ",,,N,G,B,B,A,H,-,A,A,0,Y,,,,Y,,N,60,0,1,0,0,1,0,0,0,0,"- ","- ",,,"SAN DIEGO","SAN DIEGO",-117.08145231,32.575555369999996
7137331,2015,2015-12-23,3711,2015-12-09,0830,7341,,3,5,7,3711,0,0,0,,0,838,"EL CAJON BL","37TH ST",0.00,,Y,A,-,N,,,,,,,,,,N,4,0,1,2,A,-,00,12950,A,N,G,B,B,A,H,-,A,A,0,Y,,,,Y,,D,22,0,0,1,0,1,0,0,0,0,"- ","- ",,,"SAN DIEGO","SAN DIEGO",-117.11365001,32.755270009999997
7138844,2015,2015-12-30,3711,2015-10-20,1600,6609,,2,5,7,3711,0,0,0,,0,522,"HARBOR DR","SALIDA LOOP",0.00,,Y,A,-,N,,,,,,,,,,N,3,0,1,2,A,-,12,21453,A,N,D,G,A,A,H,-,A,A,0,,Y,,,Y,,L,04,0,1,0,0,0,0,1,0,0,"- ","- ",,,"SAN DIEGO","SAN DIEGO",-117.16427,32.708870040000001
7141596,2015,2016-01-05,3711,2015-12-11,1918,4759,,5,5,7,3711,0,0,0,,0,122,"JEWELL ST","EMERALD ST",266.00,S,N,B,-,N,,,,,,,,,,N,3,0,1,2,A,-,11,21954,A,N,D,B,D,A,H,-,D,D,0,Y,,,,Y,,N,60,0,1,0,0,1,0,0,0,0,"- ","- ",,,"SAN DIEGO","SAN DIEGO",-117.23937239,32.801427179999997
7141611,2015,2016-01-05,3711,2015-12-19,2215,6350,,6,5,7,3711,0,0,0,,0,523,"5TH AV","F ST",0.00,,Y,B,C,N,,,,,,,,,,N,3,0,2,3,D,-,00,,,M,G,B,B,B,H,-,C,A,0,Y,,,,Y,Y,-,"- ",0,2,0,0,2,0,0,0,0,"- ","- ",,,"SAN DIEGO","SAN DIEGO",-117.16015004,32.713620059999997
7141785,2015,2015-12-30,3711,2015-12-19,2040,4849,SANDI,6,5,7,3711,0,0,0,,0,524,"WEST A ST","FRONT ST",0.00,,Y,C,-,N,,,,,,,,,,N,3,0,1,2,A,-,11,21950,B,N,-,B,B,B,H,-,C,A,0,Y,,,,Y,,-,,0,1,0,0,1,0,0,0,0,"- ","- ",,,"SAN DIEGO","SAN DIEGO",-117.16474011,32.71882008
7142087,2015,2016-01-06,3711,2015-12-14,1852,7150,,1,5,7,3711,0,0,0,,0,611,"CAMINO DEL RIO W","SPORTS ARENA BL",300.00,N,N,A,-,N,,,,,,,,,,N,3,0,1,2,A,-,11,21955,,N,-,B,D,A,H,-,C,D,0,Y,,,,Y,Y,-,"- ",0,1,0,0,1,0,0,0,0,"- ","- ",,,"SAN DIEGO","SAN DIEGO",-117.20493652,32.752347360000002
7142105,2015,2015-12-28,3711,2015-12-09,2138,7359,,3,5,7,3711,0,0,0,,0,813,UNIVERSITY,FLORIDA,6.00,E,N,A,-,N,,,,,,,,,,N,3,0,1,2,A,-,08,22107,,N,G,B,B,A,H,-,C,A,0,Y,,,,Y,,-,,0,1,0,0,1,0,0,0,0,"- ","- ",,,"SAN DIEGO","SAN DIEGO",-117.14370055000001,32.748440000000002
7142107,2015,2015-12-28,3711,2015-12-10,0743,4684,,4,5,7,3711,0,0,0,,0,115,"GENESEE AV","GOVERNOR DR",0.00,,Y,B,-,N,,,,,,,,,,N,4,0,1,2,A,-,09,21804,A,N,D,G,A,A,H,-,A,A,0,,Y,,,Y,,L,04,0,0,1,0,0,0,1,0,0,"- ","- ",,,"SAN DIEGO","SAN DIEGO",-117.20468,32.854610059999999
7142111,2015,2015-12-28,3711,2015-12-13,1423,7139,SANDI,7,5,7,3711,0,0,0,,0,122,"MISSION BL","EMERALD ST",0.00,,Y,B,-,N,,,,,,,,,,N,4,0,1,2,A,-,08,22107,,N,B,G,A,A,H,-,A,D,0,,Y,,,Y,,-,,0,0,1,0,0,0,1,0,0,"- ","- ",,,"SAN DIEGO","SAN DIEGO",-117.25606003,32.798410089999997
7142161,2015,2015-12-28,3711,2015-12-12,0800,7130,,6,5,7,3711,0,0,0,,0,831,"ORANGE AV","CHAMOUNE AV",33.00,W,N,A,-,N,,,,,,,,,,N,3,0,1,2,A,-,12,22450,A,N,D,G,A,A,H,-,A,D,0,,Y,,,Y,Y,-,,0,1,0,0,0,0,1,0,0,"- ","- ",,,"SAN DIEGO","SAN DIEGO",-117.09667693999999,32.753132020000002
7142183,2015,2015-12-28,3711,2015-12-11,1700,6546,,5,5,7,3711,0,0,0,,0,821,"EL CAJON BL","COLLEGE AV",0.00,,Y,C,-,N,,,,,,,,,,,4,0,1,2,A,-,11,21456,B,M,G,B,B,B,H,-,B,A,0,Y,,,,Y,Y,N,60,0,0,1,0,1,0,0,0,0,"- ","- ",,,"SAN DIEGO","SAN DIEGO",-117.06703001,32.761350010000001
7142359,2015,2015-12-29,3711,2015-12-07,1243,7082,,1,5,7,3711,0,0,0,,0,833,"UNIVERSITY AV","FAIRMOUNT AV",0.00,,Y,A,-,N,,,,,,,,,,N,4,0,1,2,A,-,11,21950,B,N,G,B,B,A,H,-,A,A,0,Y,,,,Y,,N,60,0,0,1,0,1,0,0,0,0,"- ","- ",,,"SAN DIEGO","SAN DIEGO",-117.10090012000001,32.749600039999997
7145895,2015,2016-01-28,3711,2015-12-11,0913,6787,,5,5,7,3711,0,0,0,,0,526,"PARR BL","PARK BL",15.00,E,N,A,-,N,,,,,,,,,,N,3,0,1,2,A,-,"- ",,,N,-,B,E,A,H,-,A,D,0,Y,,,,Y,,N,60,0,1,0,0,1,0,0,0,0,"- ","- ",,,"SAN DIEGO","SAN DIEGO",,
7145959,2015,2016-02-08,3711,2015-12-08,1058,6402,,2,5,7,3711,0,0,0,,0,813,"UNIVERSITY AV","MISSISSIPPI ST",7.00,W,N,A,-,N,,,,,,,,,,N,3,0,1,2,A,-,08,22107,,N,B,G,A,A,H,-,A,A,0,,Y,,,Y,,L,04,0,1,0,0,0,0,1,0,0,"- ","- ",,,"SAN DIEGO","SAN DIEGO",-117.14129269,32.748440000000002
7146482,2015,2016-01-04,3711,2015-12-09,0755,5300,,3,5,7,3711,0,0,0,,0,124,"SCENIC PL","CLIFFRIDGE AV",91.00,E,N,A,-,N,,,,,,,,,,N,3,0,1,2,A,-,10,21952,,N,G,B,F,A,H,-,A,D,0,Y,,,,Y,,-,,0,1,0,0,1,0,0,0,0,"- ","- ",,,"SAN DIEGO","SAN DIEGO",-117.24177596,32.859145589999997
7146494,2015,2015-12-31,3711,2015-12-18,1715,7360,,5,5,7,3711,0,0,0,,0,,"LARKDALE AV","AFTON RD",0.00,,Y,-,-,N,,,,,,,,,,,3,0,1,2,D,-,00,,,M,-,G,A,-,-,-,-,-,0,,Y,,,Y,,-,"- ",0,1,0,0,0,0,1,0,0,"- ","- ",,,"SAN DIEGO","SAN DIEGO",-117.14500013,32.801660009999999
7146666,2015,2016-01-04,3711,2015-11-18,1604,6366,,3,5,7,3711,0,0,0,,0,242,"BLACK MOUNTAIN RD","GEMINI AV",4.00,S,N,A,-,N,,,,,,,,,,N,4,0,1,3,A,-,17,21451,A,N,G,B,B,A,H,-,A,A,0,Y,Y,,,Y,,D,22,0,0,1,0,1,0,0,0,0,"- ","- ",,,"SAN DIEGO","SAN DIEGO",-117.1251291,32.919299070000001
7148113,2015,2016-01-04,3711,2015-11-29,1322,5061,,7,5,7,3711,0,0,0,,0,242,"WESTONHILL DR","CORVOS PL",75.00,N,N,A,-,N,,,,,,,,,,N,2,0,1,2,A,-,11,21954,A,F,G,B,D,A,H,-,A,D,0,Y,,,,Y,,N,60,1,0,0,0,1,0,0,0,0,"- ","- ",,,"SAN DIEGO","SAN DIEGO",-117.13564,32.925225449999999
7149364,2015,2016-01-06,3711,2015-12-26,2243,8892,,6,5,7,3711,0,0,0,,0,521,"15TH ST","J ST",8.00,N,N,A,-,N,,,,,,,,,,N,4,0,1,2,A,-,10,21950,,M,G,B,B,A,H,-,C,A,0,Y,,,,Y,,-,,0,0,1,0,1,0,0,0,0,"- ","- ",,,"SAN DIEGO","SAN DIEGO",-117.15035979,32.709431909999999
7149367,2015,2016-01-06,3711,2015-12-19,1422,6837,,6,5,7,3711,0,0,0,,0,529,"4TH AV",UPAS,3.00,S,N,B,-,N,,,,,,,,,,N,4,0,1,2,A,-,05,21650,1,N,D,G,A,A,H,-,A,D,0,,Y,,,Y,,L,04,0,0,1,0,0,0,1,0,0,"- ","- ",,,"SAN DIEGO","SAN DIEGO",-117.16127,32.740791780000002
7149399,2015,2016-01-06,3711,2015-12-23,1925,6811,SD,3,5,7,3711,0,0,0,,0,838,"EL CAJON BL","33RD ST",250.00,W,N,A,-,N,,,,,,,,,,N,3,0,1,2,A,-,11,21950,B,N,G,B,D,A,H,-,C,D,0,Y,,,,Y,Y,N,60,0,1,0,0,1,0,0,0,0,"- ","- ",,,"SAN DIEGO","SAN DIEGO",-117.12304036,32.755218810000002
7149423,2015,2016-08-10,3711,2015-12-25,1830,7257,,5,5,7,3711,0,0,0,,0,524,BROADWAY,"2ND AV",2.00,E,N,A,-,N,,,,,,,,,,N,4,0,1,2,A,-,10,21950,A,M,-,G,A,A,H,-,C,A,0,,Y,,,Y,,-,,0,0,1,0,0,0,1,0,0,"- ","- ",,,"SAN DIEGO","SAN DIEGO",-117.16287353,32.715779769999997
7149427,2015,2016-01-06,3711,2015-12-25,2200,7158,SD,5,5,7,3711,0,0,0,,0,443,"SOUTH 43RD ST","ETA ST",0.00,,N,-,-,N,,,,,,,,,,N,4,0,1,2,A,-,10,21950,A,M,G,B,B,-,H,-,-,D,0,Y,,,,Y,,-,,0,0,1,0,1,0,0,0,0,"- ","- ",,,"SAN DIEGO","SAN DIEGO",-117.10199009999999,32.68670006
7150908,2015,2016-01-15,3711,2015-12-30,1100,7044,,3,5,7,3711,0,0,0,,0,627,"UNIVERSITY AV","4TH AV",12.00,E,N,A,-,N,,,,,,,,,,N,3,0,1,2,A,-,10,21950,A,N,A,B,B,A,H,-,A,A,0,Y,,,,Y,,D,22,0,1,0,0,1,0,0,0,0,"- ","- ",,,"SAN DIEGO","SAN DIEGO",-117.16158111,32.748279349999997
7151252,2015,2016-01-14,3711,2015-12-23,1742,6000,,3,5,7,3711,0,0,0,,0,446,"SOUTH 47TH ST","LADNER ST",309.00,S,N,B,-,N,,,,,,,,,,N,2,0,1,2,A,-,11,21954,A,F,G,B,D,A,H,-,D,D,0,Y,,,,Y,,N,60,1,0,0,0,1,0,0,0,0,"- ","- ",,,"SAN DIEGO","SAN DIEGO",-117.09376468000001,32.694483689999998
7151320,2016,2016-01-15,3711,2016-01-03,2005,5623,,7,5,7,3711,0,0,0,,0,724,"HOLLISTER ST","PALM AV",245.00,S,N,B,-,N,,,,,,,,,,N,2,0,1,2,A,-,11,21954,A,N,G,B,E,A,H,-,D,D,0,Y,,,,Y,,-,"- ",1,0,0,0,1,0,0,0,0,"- ","- ",,,"SAN DIEGO","SAN DIEGO",-117.08411529999999,32.583111209999998
7151340,2016,2016-01-14,3711,2016-01-02,1823,6146,,6,5,7,3711,0,0,0,,0,242,"CARROLL CANYON RD","MAYA LINDA RD",0.00,,Y,A,-,N,,,,,,,,,,N,3,0,1,2,A,-,10,21950,A,N,G,B,B,A,H,-,C,A,0,Y,,,,Y,,A,01,0,1,0,0,1,0,0,0,0,"- ","- ",,,"SAN DIEGO","SAN DIEGO",-117.11797998999999,32.903370109999997
7151356,2016,2016-01-14,3711,2016-01-01,0211,6032,,5,5,7,3711,0,0,0,,0,122,"GARNET AV","HAINES ST",140.00,W,N,A,-,N,,,,,,,,,,N,3,0,1,2,A,-,11,21954,A,N,G,B,D,A,H,-,C,A,0,Y,,,,Y,Y,N,60,0,1,0,0,1,0,0,0,0,"- ","- ",,,"SAN DIEGO","SAN DIEGO",-117.24314565,32.799281690000001
7152299,2015,2016-01-13,3711,2015-12-31,1900,6750,,4,5,7,3711,0,0,0,,0,315,"CAMINO DEL ESTE","CAMINO DE LA REINA",2.00,N,N,A,-,N,,,,,,,,,,N,3,0,1,2,A,-,11,21950,B,N,-,B,B,A,H,-,C,-,0,Y,,,,Y,,N,60,0,1,0,0,1,0,0,0,0,"- ","- ",,,"SAN DIEGO","SAN DIEGO",-117.14419174,32.770895279999998
7153654,2015,2016-08-26,3711,2015-12-31,1727,7257,,4,5,7,3711,0,0,0,,0,527,"PACIFIC HWY","W CEDAR",230.00,N,N,A,-,N,,,,,,,,,,N,2,0,1,2,A,-,11,21955,,N,G,B,D,A,H,-,C,D,0,Y,,,,Y,,N,60,1,0,0,0,1,0,0,0,0,"- ","- ",,,"SAN DIEGO","SAN DIEGO",-117.17113872,32.722585539999997
7156174,2015,2016-01-19,3711,2015-12-26,1610,6947,,6,5,7,3711,0,0,0,,0,723,"30TH ST","CORONADO AV",120.00,S,N,A,-,N,,,,,,,,,,N,4,0,1,2,A,-,11,21950,B,N,G,B,D,A,H,-,C,D,0,Y,,,,Y,,N,60,0,0,1,0,1,0,0,0,0,"- ","- ",,,"SAN DIEGO","SAN DIEGO",-117.06929451000001,32.576296429999999
7156713,2016,2016-01-15,3711,2016-01-01,1910,6851,,5,5,7,3711,0,0,0,,0,512,"OCEAN VIEW BL","SOUTH 30TH ST",0.00,,Y,A,-,N,,,,,,,,,,N,3,0,1,2,D,-,00,,,N,D,G,A,A,H,-,C,A,0,,Y,,,Y,,-,"- ",0,1,0,0,0,0,1,0,0,"- ","- ",,,"SAN DIEGO","SAN DIEGO",-117.12952000999999,32.701170089999998
7157044,2016,2016-01-22,3711,2016-01-09,2053,6186,,6,5,7,3711,0,0,0,,0,811,"ADAMS AV","36TH ST",12.00,E,N,A,-,N,,,,,,,,,,Y,3,0,1,2,A,-,10,21950,A,N,G,B,B,A,H,-,C,D,0,Y,,,,Y,,-,,0,1,0,0,1,0,0,0,0,"- ","- ",,,"SAN DIEGO","SAN DIEGO",-117.1151411,32.763330000000003
7157079,2016,2016-01-22,3711,2016-01-09,1638,5515,,6,5,7,3711,0,0,0,,0,812,"TEXAS ST","CAMINO DEL RIO S",120.00,S,N,B,-,N,,,,,,,,,,N,3,0,1,1,A,-,03,22350,A,N,F,G,A,A,H,-,A,A,0,,Y,,,Y,,L,04,0,1,0,0,0,0,1,0,0,"- ","- ",,,"SAN DIEGO","SAN DIEGO",-117.13916146,32.766984389999998
7157119,2016,2016-01-22,3711,2016-01-08,1727,7377,MIDCI,5,5,7,3711,0,0,0,,0,834,"LANDIS ST","VAN DYKE AV",12.00,E,N,A,-,N,,,,,,,,,,N,4,0,1,2,A,-,10,21950,A,N,-,B,D,B,H,-,D,D,0,Y,,,,Y,,-,,0,0,1,0,1,0,0,0,0,"- ","- ",,,"SAN DIEGO","SAN DIEGO",-117.10322111000001,32.745889339999998
7157432,2016,2016-01-20,3711,2016-01-05,1921,5522,,2,5,7,3711,0,0,0,,0,621,ULRIC,DUNLOP,15.00,S,N,B,-,N,,,,,,,,,,N,3,0,1,2,A,-,12,22450,A,M,A,B,B,B,H,-,C,D,0,Y,,,,Y,,-,,0,1,0,0,1,0,0,0,0,"- ","- ",,,"SAN DIEGO","SAN DIEGO",-117.16887179,32.785558940000001
7157604,2015,2016-01-25,3711,2015-12-30,1625,6646,SANDI,3,5,7,3711,0,0,0,,0,823,"UNIVERSITY AV","60TH ST",120.00,W,N,A,-,N,,,,,,,,,,N,4,0,1,2,B,-,22,,,N,G,B,F,A,H,-,A,D,0,Y,,,,Y,,-,,0,0,1,0,1,0,0,0,0,"- ","- ",,,"SAN DIEGO","SAN DIEGO",-117.06725858999999,32.75222462
7158475,2016,2016-01-27,3711,2016-01-15,1308,5985,,5,5,7,3711,0,0,0,,0,521,"13TH ST","BROADWAY 1200",0.00,,Y,B,-,N,,,,,,,,,,N,4,0,1,2,A,-,10,21950,A,N,G,B,B,A,H,-,A,A,0,Y,,,,Y,,A,01,0,0,1,0,1,0,0,0,0,"- ","- ",,,"SAN DIEGO","SAN DIEGO",-117.15286994,32.715750030000002
7159821,2016,2016-01-20,3711,2016-01-02,0915,7008,SANDI,6,5,7,3711,0,0,0,,0,839,"UNIVERSITY AV","WILSON AV",0.00,,Y,A,-,N,,,,,,,,,,N,4,0,1,2,A,-,10,21950,A,N,B,B,B,A,H,-,A,A,0,Y,,,,Y,,-,,0,0,1,0,1,0,0,0,0,"- ","- ",,,"SAN DIEGO","SAN DIEGO",-117.11682007,32.749750089999999
7160828,2016,2016-01-23,3711,2016-01-06,1230,7030,,3,5,7,3711,0,0,0,,0,611,"ROSECRANS ST","KURTZ ST",0.00,,Y,B,-,N,,,,,,,,,,N,4,0,1,2,A,-,03,22350,,N,C,G,A,B,H,-,A,A,0,,Y,,,Y,,-,,0,0,1,0,0,0,1,0,0,"- ","- ",,,"SAN DIEGO","SAN DIEGO",-117.20388007,32.752310110000003
7162682,2015,2016-02-02,3711,2015-05-27,1600,120,,3,5,7,3711,0,0,0,,0,521,"B ST","19TH ST",0.00,,Y,A,-,N,,,,,,,,,,N,3,0,1,2,A,-,09,21800,A,N,D,G,A,A,H,-,A,A,0,,Y,,,Y,,-,,0,1,0,0,0,0,1,0,0,"- ","- ",,,"SAN DIEGO","SAN DIEGO",-117.14677007,32.717870009999999
7165634,2016,2016-01-25,3711,2016-01-11,1558,7256,W2,1,5,7,3711,0,0,0,,0,614,"WEST POINT LOMA BL","W POINT LOMA BL 5150",0.00,,-,B,-,N,,,,,,,,,,N,4,0,1,2,A,-,05,21460,A,N,D,G,A,A,H,-,A,D,0,,Y,,,Y,,-,"- ",0,0,1,0,0,0,1,0,0,"- ","- ",,,"SAN DIEGO","SAN DIEGO",-117.24944562,32.753639370000002
7168307,2016,2017-02-10,3711,2016-01-12,1623,6483,,2,5,7,3711,0,0,0,,0,838,"UNIVERSITY AV","RT 15",0.00,,Y,A,-,Y,SD,11,15,-,M,4.755,R,4,S,N,4,0,1,2,A,-,12,21453,A,N,D,G,A,A,H,-,A,A,0,,Y,,,Y,,L,04,0,0,1,0,0,0,1,0,0,"- ","- ",,,"SAN DIEGO","SAN DIEGO",-117.1089925,32.75128248
7170190,2016,2016-02-03,3711,2016-01-22,0738,7139,SANDI,5,5,7,3711,0,0,0,,0,122,"DIAMOND ST","EVERTS ST",0.00,,Y,A,-,N,,,,,,,,,,N,3,0,1,2,A,-,10,21950,A,N,G,B,B,A,H,-,A,D,0,Y,,,,Y,,-,,0,1,0,0,1,0,0,0,0,"- ","- ",,,"SAN DIEGO","SAN DIEGO",-117.24902009,32.800930010000002
7172492,2016,2016-02-02,3711,2016-01-19,2017,6156,SD,2,5,7,3711,0,0,0,,0,111,"CLAIREMONT MESA BL","DIANE AV",150.00,E,N,C,-,N,,,,,,,,,,N,4,0,1,2,A,-,03,22350,,N,C,G,A,B,G,-,C,D,0,,Y,,,Y,,-,,0,0,1,0,0,0,1,0,0,"- ","- ",,,"SAN DIEGO","SAN DIEGO",-117.18656335,32.834522149999998
7172496,2016,2016-02-02,3711,2016-01-17,0923,6146,,7,5,7,3711,0,0,0,,0,246,"SCRIPPS POWAY PKWY","ANGELIQUE ST",5.00,W,N,A,-,N,,,,,,,,,,N,3,0,1,2,A,-,17,21451,A,N,D,G,A,A,H,-,A,A,0,,Y,,,Y,,A,01,0,1,0,0,0,0,1,0,0,"- ","- ",,,"SAN DIEGO","SAN DIEGO",-117.07305588,32.934427110000001
7172555,2016,2016-02-01,3711,2016-01-15,2100,4938,,5,5,7,3711,0,0,0,,0,522,"E ST","E ST 800",0.00,,N,A,-,N,,,,,,,,,,N,4,0,1,2,B,-,22,,,M,G,B,B,A,H,-,C,A,0,Y,,,,Y,,-,"- ",0,0,1,0,1,0,0,0,0,"- ","- ",,,"SAN DIEGO","SAN DIEGO",-117.15743333,32.714675550000003