CASE_ID,ACCIDENT_YEAR,PROC_DATE,JURIS,COLLISION_DATE,COLLISION_TIME,OFFICER_ID,REPORTING_DISTRICT,DAY_OF_WEEK,CHP_SHIFT,POPULATION,CNTY_CITY_LOC,SPECIAL_COND,BEAT_TYPE,CHP_BEAT_TYPE,CITY_DIVISION_LAPD,CHP_BEAT_CLASS,BEAT_NUMBER,PRIMARY_RD,SECONDARY_RD,DISTANCE,DIRECTION,INTERSECTION,WEATHER_1,WEATHER_2,STATE_HWY_IND,CALTRANS_COUNTY,CALTRANS_DISTRICT,STATE_ROUTE,ROUTE_SUFFIX,POSTMILE_PREFIX,POSTMILE,LOCATION_TYPE,RAMP_INTERSECTION,SIDE_OF_HWY,TOW_AWAY,COLLISION_SEVERITY,NUMBER_KILLED,NUMBER_INJURED,PARTY_COUNT,PRIMARY_COLL_FACTOR,PCF_CODE_OF_VIOL,PCF_VIOL_CATEGORY,PCF_VIOLATION,PCF_VIOL_SUBSECTION,HIT_AND_RUN,TYPE_OF_COLLISION,MVIW,PED_ACTION,ROAD_SURFACE,ROAD_COND_1,ROAD_COND_2,LIGHTING,CONTROL_DEVICE,CHP_ROAD_TYPE,PEDESTRIAN_ACCIDENT,BICYCLE_ACCIDENT,MOTORCYCLE_ACCIDENT,TRUCK_ACCIDENT,NOT_PRIVATE_PROPERTY,ALCOHOL_INVOLVED,STWD_VEHTYPE_AT_FAULT,CHP_VEHTYPE_AT_FAULT,COUNT_SEVERE_INJ,COUNT_VISIBLE_INJ,COUNT_COMPLAINT_PAIN,COUNT_PED_KILLED,COUNT_PED_INJURED,COUNT_BICYCLIST_KILLED,COUNT_BICYCLIST_INJURED,COUNT_MC_KILLED,COUNT_MC_INJURED,PRIMARY_RAMP,SECONDARY_RAMP,LATITUDE,LONGITUDE,COUNTY,CITY,POINT_X,POINT_Y
7174526,2016,2017-02-10,3711,2016-01-25,0915,4274,,1,5,7,3711,0,0,0,,0,313,"CLAIREMONT MESA BL","RT 805",0.00,,Y,A,-,Y,SD,11,805,-,-,22.380,R,3,N,N,4,0,1,2,A,-,12,21453,A,N,D,G,A,A,H,-,A,A,0,,Y,,,Y,,-,,0,0,1,0,0,0,1,0,0,"- ",NF,,,"SAN DIEGO","SAN DIEGO",-117.16796281000001,32.831092310000002
7175210,2016,2016-02-05,3711,2016-01-25,1852,6070,,1,5,7,3711,0,0,0,,0,122,"INGRAHAM ST","GRAND AV",66.00,S,N,A,-,N,,,,,,,,,,,2,0,1,2,A,-,11,21954,A,N,B,B,D,A,H,-,C,D,0,Y,,,,Y,,N,60,1,0,0,0,1,0,0,0,0,"- ","- ",,,"SAN DIEGO","SAN DIEGO",-117.24023769,32.797753069999999
7175234,2016,2016-02-05,3711,2016-01-14,1350,4711,,4,5,7,3711,0,0,0,,0,521,"MARKET ST","PARK BL",0.00,,Y,B,-,N,,,,,,,,,,N,4,0,1,2,A,-,11,21950,B,N,B,B,B,A,H,-,A,A,0,Y,,,,Y,,N,60,0,0,1,0,1,0,0,0,0,"- ","- ",,,"SAN DIEGO","SAN DIEGO",-117.15375001,32.71153004
7176011,2016,2016-02-09,3711,2016-01-27,0834,7318,SD,3,5,7,3711,0,0,0,,0,621,"DUNLOP ST","ULRIC ST",10.00,E,N,A,-,N,,,,,,,,,,N,4,0,1,2,A,-,10,21950,A,N,G,B,B,A,H,-,A,D,0,Y,,,,Y,,-,,0,0,1,0,1,0,0,0,0,"- ","- ",,,"SAN DIEGO","SAN DIEGO",-117.16883792,32.78560401
7178130,2016,2016-02-12,3711,2016-02-01,0900,6382,,1,5,7,3711,0,0,0,,0,614,"SUNSET CLIFFS BL","MUIR AV",120.00,N,N,A,-,N,,,,,,,,,,N,4,0,1,2,A,-,05,21650,1,M,D,G,A,A,H,-,A,A,0,,Y,,,Y,,L,04,0,0,1,0,0,0,1,0,0,"- ","- ",,,"SAN DIEGO","SAN DIEGO",-117.24344093000001,32.749555729999997
7178186,2016,2016-02-10,3711,2016-01-29,1956,6657,SANDI,5,5,7,3711,0,0,0,,0,522,"W HARBOR DR","KETTNER BL",100.00,W,N,A,-,N,,,,,,,,,,N,3,0,1,2,A,-,11,21950,B,N,G,B,D,A,H,-,C,D,0,Y,,,,Y,,N,60,0,1,0,0,1,0,0,0,0,"- ","- ",,,"SAN DIEGO","SAN DIEGO",-117.16953094,32.711507760000003
7178194,2016,2016-02-10,3711,2016-01-30,1500,5491,SANDI,6,5,7,3711,0,0,0,,0,524,"ASH ST","4TH AV",6.00,W,N,B,-,N,,,,,,,,,,N,3,0,1,2,A,-,12,21453,A,N,D,G,A,A,H,-,A,A,0,,Y,,,Y,,L,04,0,1,0,0,0,0,1,0,0,"- ","- ",,,"SAN DIEGO","SAN DIEGO",-117.16114944,32.719889780000003
7178213,2016,2016-02-11,3711,2016-01-22,0930,7273,,5,5,7,3711,0,0,0,,0,627,"ESSEX ST","RICHMOND ST",15.00,E,N,A,-,N,,,,,,,,,,,3,0,1,2,A,-,21,22106,,N,G,B,E,A,H,-,A,D,0,Y,,,,Y,Y,-,,0,1,0,0,1,0,0,0,0,"- ","- ",,,"SAN DIEGO","SAN DIEGO",-117.1511714,32.747441350000003
7184263,2016,2016-02-19,3711,2016-01-19,1741,5972,,2,5,7,3711,0,0,0,,0,723,"PICADOR BL","BEYER WY",77.00,S,N,B,-,N,,,,,,,,,,N,2,0,1,2,A,-,11,21954,A,F,G,B,D,A,H,-,C,D,0,Y,,,,Y,,N,60,1,0,0,0,1,0,0,0,0,"- ","- ",,,"SAN DIEGO","SAN DIEGO",-117.06202829,32.583559659999999
7184267,2016,2016-02-19,3711,2016-01-28,0748,5061,,4,5,7,3711,0,0,0,,0,233,"PENASQUITOS DR","DEL DIABLO WY",500.00,S,N,A,-,N,,,,,,,,,,Y,2,0,3,3,A,-,08,22107,,N,G,B,F,A,H,-,A,D,0,Y,,,,Y,,A,07,2,1,0,0,2,0,0,0,0,"- ","- ",,,"SAN DIEGO","SAN DIEGO",-117.09106808,32.985894870000003
7184446,2016,2016-02-18,3711,2016-01-28,1436,5072,,4,5,7,3711,0,0,0,,0,833,"UNIVERSITY AV","FAIRMOUNT AV",0.00,,Y,A,-,N,,,,,,,,,,N,3,0,1,2,A,-,11,21456,B,N,G,B,B,A,H,-,A,A,0,Y,,,,Y,,N,60,0,1,0,0,1,0,0,0,0,"- ","- ",,,"SAN DIEGO","SAN DIEGO",-117.10090012000001,32.749600039999997
7184511,2016,2016-04-19,3711,2016-02-07,1350,6614,,7,5,7,3711,0,0,0,,0,123,"INGRAHAM ST","SEA WORLD DR",300.00,N,N,A,-,N,,,,,,,,,,N,3,0,1,2,A,-,08,22107,,N,C,G,A,A,H,-,A,D,0,,Y,,,Y,,A,01,0,1,0,0,0,0,1,0,0,"- ","- ",,,"SAN DIEGO","SAN DIEGO",-117.23101527,32.761886769999997
7184536,2016,2016-02-19,3711,2016-02-03,0744,6768,,3,5,7,3711,0,0,0,,0,834,"LANDIS ST","44TH ST",0.00,,Y,A,-,N,,,,,,,,,,N,4,0,1,2,A,-,10,21950,A,N,G,B,B,A,H,-,A,A,0,Y,,,,Y,,-,,0,0,1,0,1,0,0,0,0,"- ","- ",,,"SAN DIEGO","SAN DIEGO",-117.09980001,32.745860100000002
7184544,2016,2016-02-19,3711,2016-02-05,0019,8861,,5,5,7,3711,0,0,0,,0,611,"CAMINO DEL RIO W","SPORTS ARENA BL",45.00,N,N,A,-,N,,,,,,,,,,N,3,0,1,2,A,-,11,21461,5,M,G,B,D,A,H,-,C,A,0,Y,,,,Y,,N,60,0,1,0,0,1,0,0,0,0,"- ","- ",,,"SAN DIEGO","SAN DIEGO",-117.2049209,32.751652219999997
7187046,2016,2016-02-26,3711,2016-02-03,0730,6193,,3,5,7,3711,0,0,0,,0,823,"58TH ST","BATES ST",0.00,,Y,A,-,N,,,,,,,,,,N,2,0,2,3,A,-,06,21951,,N,G,B,B,A,H,-,A,D,0,Y,,,,Y,,A,07,1,1,0,0,2,0,0,0,0,"- ","- ",,,"SAN DIEGO","SAN DIEGO",-117.07155004000001,32.747890060000003
7187056,2016,2016-02-26,3711,2016-02-11,1800,7404,,4,5,7,3711,0,0,0,,0,444,"MARKET ST","40TH ST",39.00,W,N,A,-,N,,,,,,,,,,,2,0,1,2,A,-,11,21954,A,N,G,B,D,A,H,-,D,D,0,Y,,,,Y,,-,"- ",1,0,0,0,1,0,0,0,0,"- ","- ",,,"SAN DIEGO","SAN DIEGO",-117.10879633,32.71148762
7187096,2016,2016-02-26,3711,2016-02-14,2130,7391,,7,5,7,3711,0,0,0,,0,523,"5TH AV","F ST",0.00,,Y,A,-,N,,,,,,,,,,N,3,0,1,2,A,-,10,21950,A,N,G,B,B,A,H,-,C,A,0,Y,,,,Y,,A,01,0,1,0,0,1,0,0,0,0,"- ","- ",,,"SAN DIEGO","SAN DIEGO",-117.16015004,32.713620059999997
7187114,2016,2016-02-25,3711,2016-02-09,1219,5300,,2,5,7,3711,0,0,0,,0,122,"FIGUEROA BL","BOND ST",132.00,E,N,A,-,N,,,,,,,,,,N,3,0,1,2,A,-,21,22106,,N,H,B,B,A,H,-,A,D,0,Y,,,,Y,,-,,0,1,0,0,1,0,0,0,0,"- ","- ",,,"SAN DIEGO","SAN DIEGO",-117.22036842999999,32.804798210000001
7187985,2016,2017-02-15,3711,2016-02-08,2240,7323,,1,5,7,3711,0,0,0,,0,832,"EL CAJON BL","RT 5",0.00,,Y,A,-,Y,SD,11,15,-,M,5.150,R,1,S,N,3,0,1,2,A,-,11,21456,A,N,D,G,A,A,H,-,C,A,0,,Y,,,Y,Y,L,04,0,1,0,0,0,0,1,0,0,"- ","- ",,,"SAN DIEGO","SAN DIEGO",-117.10897178,32.756888170000003
7189236,2016,2016-02-26,3711,2016-02-13,1944,7135,,6,5,7,3711,0,0,0,,0,122,"GARNET AV","GARNET AV 1000",0.00,,Y,A,-,N,,,,,,,,,,N,3,0,1,2,A,-,10,21950,A,N,D,B,B,A,H,-,C,A,0,Y,,,,Y,,-,,0,1,0,0,1,0,0,0,0,"- ","- ",,,"SAN DIEGO","SAN DIEGO",-117.25162446,32.797392430000002
7190023,2016,2016-02-23,3711,2016-01-23,1730,6366,,6,5,7,3711,0,0,0,,0,313,"CONVOY CT","RUFFNER ST",640.00,W,N,B,-,N,,,,,,,,,,N,1,1,0,2,A,-,11,21954,A,N,G,B,D,A,H,-,C,D,0,Y,,,,Y,,N,60,0,0,0,1,0,0,0,0,0,"- ","- ",,,"SAN DIEGO","SAN DIEGO",-117.16133656,32.834691960000001
7190053,2016,2016-03-16,3711,2016-02-14,1706,4656,"SAN D",7,5,7,3711,0,0,0,,0,242,"REAGAN RD","IVORY COAST DR",0.00,,Y,A,-,N,,,,,,,,,,N,1,1,0,2,A,-,03,22350,,N,G,B,B,A,H,-,A,D,0,Y,,,,Y,,A,01,0,0,0,1,0,0,0,0,0,"- ","- ",,,"SAN DIEGO","SAN DIEGO",-117.14333010999999,32.908020030000003
7190432,2016,2018-09-26,3711,2016-08-20,0445,6252,,6,5,7,3711,0,0,0,,0,826,"EL CAJON BL","WINONA AV",205.00,E,N,A,-,N,,,,,,,,,,N,1,1,0,2,A,-,11,21954,A,F,G,B,E,A,H,-,D,D,0,Y,,,,Y,,N,60,0,0,0,1,0,0,0,0,0,"- ","- ",,,"SAN DIEGO","SAN DIEGO",-117.08723344000001,32.756736719999999
7190464,2016,2018-09-26,3711,2016-09-11,2230,6146,,7,5,7,3711,0,0,0,,0,111,"LINDA VISTA RD","MESA COLLEGE DR",343.00,N,N,A,-,N,,,,,,,,,,N,1,1,0,4,A,-,11,21950,B,F,G,B,D,A,H,-,C,D,0,Y,,,,Y,Y,N,60,0,0,0,1,0,0,0,0,0,"- ","- ",,,"SAN DIEGO","SAN DIEGO",-117.15765474,32.801651370000002
7190466,2016,2018-09-26,3711,2016-09-16,2155,6146,,5,5,7,3711,0,0,0,,0,813,"EL CAJON BL","KANSAS ST",7.00,W,N,A,-,N,,,,,,,,,,Y,1,1,0,2,A,-,11,21950,B,N,G,B,D,A,H,-,C,D,0,Y,,,,Y,Y,N,60,0,0,0,1,0,0,0,0,0,"- ","- ",,,"SAN DIEGO","SAN DIEGO",-117.13144269,32.755400000000002
7190925,2016,2016-08-24,3711,2016-02-01,2130,4310,,1,5,7,3711,0,0,0,,0,122,"DE SOTO ST","GARNET AV",146.00,N,N,A,-,N,,,,,,,,,,N,2,0,1,3,A,-,21,22106,,N,H,B,E,A,H,-,C,D,0,Y,,,,Y,,I,11,1,0,0,0,1,0,0,0,0,"- ","- ",,,"SAN DIEGO","SAN DIEGO",-117.21777231,32.806836509999997
7194461,2016,2016-03-03,3711,2016-02-13,2028,7027,,6,5,7,3711,0,0,0,,0,122,"INGRAHAM ST","FORTUNA AV",1320.00,N,N,A,-,N,,,,,,,,,,N,2,0,1,2,D,-,00,,,N,G,B,D,A,H,-,C,D,0,Y,,Y,,Y,Y,-,"- ",1,0,0,0,1,0,0,0,0,"- ","- ",,,"SAN DIEGO","SAN DIEGO",-117.23964524,32.795848290000002
7196169,2016,2016-03-09,3711,2016-02-11,0737,5198,,4,5,7,3711,0,0,0,,0,124,"LA JOLLA BL","WESTBOURNE ST",0.00,,Y,A,-,N,,,,,,,,,,N,2,0,1,2,A,-,05,21650,A,N,G,B,B,A,H,-,A,D,0,Y,,,,Y,,D,22,1,0,0,0,1,0,0,0,0,"- ","- ",,,"SAN DIEGO","SAN DIEGO",-117.27695005,32.832900019999997
7196207,2015,2016-03-09,3711,2015-12-30,1028,5572,,3,5,7,3711,0,0,0,,0,321,"FAIRMONT AV",".ALVARADO CANYON RD",0.00,,Y,A,-,N,,,,,,,,,,N,3,0,1,2,A,-,10,21950,A,N,G,B,-,A,H,-,A,A,0,Y,,,,Y,,A,01,0,1,0,0,1,0,0,0,0,"- ","- ",,,"SAN DIEGO","SAN DIEGO",-117.10155002,32.78020008
7196255,2016,2016-03-02,3711,2016-02-18,1110,6945,,4,5,7,3711,0,0,0,,0,712,"BORDER VILLAGE RD","EAST SAN YSIDRO BL",21.00,W,N,B,-,N,,,,,,,,,,N,3,0,1,2,A,-,10,21950,A,N,G,B,B,A,H,-,A,A,0,Y,,,,Y,,-,"- ",0,1,0,0,1,0,0,0,0,"- ","- ",,,"SAN DIEGO","SAN DIEGO",-117.03896179,32.551155520000002
7196281,2016,2016-03-02,3711,2016-02-19,0443,6949,,5,5,7,3711,0,0,0,,0,528,"FRONT ST","BEECH ST",12.00,S,N,A,-,N,,,,,,,,,,N,4,0,1,2,A,-,10,21950,A,N,G,B,B,A,H,-,C,A,0,Y,,,,Y,,A,01,0,0,1,0,1,0,0,0,0,"- ","- ",,,"SAN DIEGO","SAN DIEGO",-117.16475,32.720867130000002
7196294,2016,2016-03-02,3711,2016-02-17,1021,6146,,3,5,7,3711,0,0,0,,0,514,"MARKET ST","24TH ST",0.00,,Y,A,-,N,,,,,,,,,,N,3,0,1,2,A,-,10,21950,A,N,G,B,B,A,H,-,A,A,0,Y,,,,Y,,A,01,0,1,0,0,1,0,0,0,0,"- ","- ",,,"SAN DIEGO","SAN DIEGO",-117.14244005,32.711580099999999
7198848,2016,2016-03-09,3711,2016-02-25,1710,7394,,4,5,7,3711,0,0,0,,0,242,"POLARIS DR",LIBRA,10.00,S,N,A,-,N,,,,,,,,,,N,3,0,1,2,A,-,11,21950,B,N,G,B,D,A,-,-,-,D,0,Y,,,,Y,,N,60,0,1,0,0,1,0,0,0,0,"- ","- ",,,"SAN DIEGO","SAN DIEGO",-117.13167964,32.920652609999998
7198856,2016,2016-03-09,3711,2016-02-26,1404,6468,3711,5,5,7,3711,0,0,0,,0,611,"SPORTS ARENA BL","WING ST",0.00,,Y,A,-,N,,,,,,,,,,N,3,0,1,2,A,-,05,21650,1,N,B,G,A,A,H,-,A,D,0,,Y,,,Y,,L,04,0,1,0,0,0,0,1,0,0,"- ","- ",38.451949999999997,-117.12533999999999,"SAN DIEGO","SAN DIEGO",,
7198858,2016,2016-03-09,3711,2016-02-22,0700,7340,"SAN D",1,5,7,3711,0,0,0,,0,315,"TEXAS ST","CAMINO DEL RIO S",0.00,,Y,A,-,N,,,,,,,,,,N,4,0,1,2,A,-,12,21453,A,M,G,B,B,A,H,-,B,A,0,Y,,,,Y,Y,A,01,0,0,1,0,1,0,0,0,0,"- ","- ",,,"SAN DIEGO","SAN DIEGO",-117.13927009,32.767300079999998
7198859,2016,2016-03-11,3711,2016-02-26,2210,7329,,5,5,7,3711,0,0,0,,0,712,"CAMINO DE LA PLAZA","SIPES LN",81.00,W,N,A,-,N,,,,,,,,,,,3,0,1,2,A,-,10,21954,B,M,G,B,D,A,H,-,C,D,0,Y,,,,Y,,-,,0,1,0,0,1,0,0,0,0,"- ","- ",,,"SAN DIEGO","SAN DIEGO",-117.04611781,32.544636769999997
7200097,2017,2017-05-12,3711,2017-04-06,2318,4576,,4,5,7,3711,0,0,0,,0,628,"WEST LAUREL ST","PACIFIC HWY",0.00,,Y,A,G,N,,,,,,,,,,N,1,1,0,2,A,-,12,21453,A,F,G,B,B,A,A,-,C,A,0,Y,,,,Y,Y,A,07,0,0,0,1,0,0,0,0,0,"- ","- ",,,"SAN DIEGO","SAN DIEGO",-117.17371002,32.729510089999998
7204439,2016,2016-03-14,3711,2016-02-26,1315,7233,,5,5,7,3711,0,0,0,,0,325,"JACKSON DR","WINDING CREEK DR",0.00,,Y,A,-,N,,,,,,,,,,N,3,0,1,2,A,-,09,21801,A,N,D,G,A,A,H,-,A,D,0,,Y,,,Y,,-,,0,1,0,0,0,0,1,0,0,"- ","- ",,,"SAN DIEGO","SAN DIEGO",-117.05420011,32.813720080000003
7204486,2016,2016-03-10,3711,2016-02-25,1330,6749,,4,5,7,3711,0,0,0,,0,827,"UNIVERSITY AV","52ND ST",60.00,W,N,A,-,N,,,,,,,,,,N,3,0,1,2,A,-,"- ",,,M,C,B,F,A,H,-,A,D,0,Y,Y,,,Y,,L,04,0,1,0,0,1,0,0,0,0,"- ","- ",,,"SAN DIEGO","SAN DIEGO",-117.08378448000001,32.749100869999999
7209328,2016,2016-03-16,3711,2016-03-04,1930,6625,,5,5,7,3711,0,0,0,,0,529,"ELM ST","1ST AV",6.00,E,N,A,-,N,,,,,,,,,,N,4,0,1,2,A,-,11,21456,B,N,G,B,B,A,H,-,C,A,0,Y,,,,Y,Y,N,60,0,0,1,0,1,0,0,0,0,"- ","- ",,,"SAN DIEGO","SAN DIEGO",-117.16387056000001,32.724069999999998
7209336,2016,2016-03-28,3711,2016-03-03,1221,7340,50,4,5,7,3711,0,0,0,,0,813,"TEXAS ST","HOWARD AV",0.00,,Y,A,-,N,,,,,,,,,,N,4,0,1,2,A,-,11,21456,B,N,G,B,B,A,H,-,A,A,0,Y,,,,Y,,-,"- ",0,0,1,0,1,0,0,0,0,"- ","- ",,,"SAN DIEGO","SAN DIEGO",-117.13880002000001,32.754030100000001
7209379,2016,2016-03-16,3711,2016-03-04,2300,4310,,5,5,7,3711,0,0,0,,0,523,"5TH AV","MARKET ST",195.00,N,N,A,-,N,,,,,,,,,,N,4,0,1,2,A,-,11,21954,A,N,G,B,E,A,H,-,C,D,0,Y,,,,Y,,N,60,0,0,1,0,1,0,0,0,0,"- ","- ",,,"SAN DIEGO","SAN DIEGO",-117.16014500999999,32.712034170000003
7209432,2016,2016-03-16,3711,2016-03-06,0945,6708,,7,5,7,3711,0,0,0,,0,231,"MIDBLUFF AV","MIDBLUFF AV 13100",0.00,,N,B,C,N,,,,,,,,,,N,3,0,1,2,A,-,11,21950,B,N,G,B,D,B,H,-,A,D,0,Y,,,,Y,,N,60,0,1,0,0,1,0,0,0,0,"- ","- ",,,"SAN DIEGO","SAN DIEGO",-117.09311932,32.955606789999997
7209435,2016,2016-04-12,3711,2016-03-08,0901,6052,,2,5,7,3711,0,0,0,,0,233,"SUNDEVIL WY","CARMEL MOUNTAIN RD",0.00,,Y,A,-,N,,,,,,,,,,N,3,0,1,2,A,-,10,21950,A,N,G,B,B,A,H,-,A,A,0,Y,,,,Y,,-,,0,1,0,0,1,0,0,0,0,"- ","- ",,,"SAN DIEGO","SAN DIEGO",-117.11989011999999,32.965470009999997
7209492,2016,2016-03-16,3711,2016-02-17,1830,4897,,3,5,7,3711,0,0,0,,0,826,"EL CAJON BL","52ND ST",0.00,,Y,A,-,N,,,,,,,,,,N,2,0,1,2,A,-,09,21801,A,F,D,G,A,A,H,-,C,A,0,,Y,,,Y,,A,07,1,0,0,0,0,0,1,0,0,"- ","- ",,,"SAN DIEGO","SAN DIEGO",-117.08359,32.757240109999998
7212923,2016,2016-03-17,3711,2016-03-03,1850,7359,,4,5,7,3711,0,0,0,,0,327,"COLLEGE AV","LINDO PASEO",9.00,S,N,A,-,N,,,,,,,,,,N,3,0,1,2,A,-,11,21456,B,N,G,B,B,A,H,-,C,A,0,Y,,,,Y,,N,60,0,1,0,0,1,0,0,0,0,"- ","- ",,,"SAN DIEGO","SAN DIEGO",-117.06994855000001,32.771605379999997
8000882,2016,2016-04-08,3711,2016-03-23,0051,7323,,3,5,7,3711,0,0,0,,0,814,"BANCROFT ST","COLLIER AV",88.00,S,N,A,-,N,,,,,,,,,,N,3,0,1,2,A,-,17,21712,,N,G,B,E,A,H,-,D,D,0,Y,,,,Y,,-,,0,1,0,0,1,0,0,0,0,"- ","- ",,,"SAN DIEGO","SAN DIEGO",-117.12389299,32.765208960000002
8000886,2016,2016-03-30,3711,2016-03-22,1915,7364,SANDI,2,5,7,3711,0,0,0,,0,821,"ROLANDO BL","ARAGON DR",57.00,N,N,A,-,N,,,,,,,,,,N,2,0,1,2,A,-,09,21802,A,N,D,G,A,A,H,-,C,D,0,,Y,,,Y,,L,04,1,0,0,0,0,0,1,0,0,"- ","- ",,,"SAN DIEGO","SAN DIEGO",-117.05672222,32.759444350000003
8000918,2016,2016-03-30,3711,2016-03-07,1910,5755,,1,5,7,3711,0,0,0,,0,234,"BERNARDO CENTER","BLDG 16440 DRIVE THROUGH",300.00,S,N,A,-,N,,,,,,,,,,N,4,0,1,2,A,-,11,21954,A,N,G,B,-,A,H,-,C,D,0,Y,,,,Y,,N,60,0,0,1,0,1,0,0,0,0,"- ","- ",,,"SAN DIEGO","SAN DIEGO",,
8000926,2016,2016-03-30,3711,2016-03-21,1445,4421,,1,5,7,3711,0,0,0,,0,934,"CALLE MAR DE ARMONIA","EAST OCEAN AIR DR",25.00,W,N,B,-,N,,,,,,,,,,N,3,0,1,2,A,-,08,22107,,N,D,G,A,A,H,-,A,D,0,,Y,,,Y,,-,,0,1,0,0,0,0,1,0,0,"- ","- ",,,"SAN DIEGO","SAN DIEGO",-117.21661749,32.922719530000002
8002478,2016,2016-03-29,3711,2016-03-18,1924,5968,,5,5,7,3711,0,0,0,,0,828,"EUCLID AV","ROSELAWN AV",88.00,N,N,A,-,N,,,,,,,,,,Y,4,0,2,4,A,-,08,22107,,M,C,B,F,A,H,-,C,A,0,Y,,,,Y,Y,-,,0,0,2,0,1,0,0,0,0,"- ","- ",,,"SAN DIEGO","SAN DIEGO",-117.09234789,32.744711039999999
8002484,2016,2016-03-29,3711,2016-03-19,1524,6640,SANDI,6,5,7,3711,0,0,0,,0,313,"COPLEY DR","HICKMAN FIELD DR",1056.00,E,N,A,-,N,,,,,,,,,,N,3,0,1,2,A,-,21,22106,,N,G,B,F,A,H,-,A,D,0,Y,,,,Y,,-,,0,1,0,0,1,0,0,0,0,"- ","- ",,,"SAN DIEGO","SAN DIEGO",-117.16417552999999,32.839774480000003
8008009,2016,2016-04-05,3711,2016-02-25,1535,6324,,4,5,7,3711,0,0,0,,0,124,"PROSPECT ST","GIRARD AV",6.00,S,N,A,-,N,,,,,,,,,,N,2,0,2,3,A,-,10,21950,A,N,G,B,B,A,H,-,A,D,0,Y,,,,Y,,A,01,1,1,0,0,2,0,0,0,0,"- ","- ",,,"SAN DIEGO","SAN DIEGO",-117.27476528,32.847439809999997
8008128,2016,2016-08-24,3711,2016-03-24,1130,6753,SANDI,4,5,7,3711,0,0,0,,0,826,"UNIVERSITY AV","52ND ST",0.00,,Y,A,-,N,,,,,,,,,,N,3,0,1,2,A,-,21,22106,,M,G,B,B,A,H,-,A,A,0,Y,,,,Y,,-,99,0,1,0,0,1,0,0,0,0,"- ","- ",,,"SAN DIEGO","SAN DIEGO",-117.08359003,32.749100030000001
8016326,2016,2016-04-15,3711,2016-04-02,1700,8192,,6,5,7,3711,0,0,0,,0,825,"EL CAJON BL","42ND ST",0.00,,Y,A,-,N,,,,,,,,,,N,3,0,1,2,A,-,08,22107,,M,D,G,A,A,G,-,A,A,0,,Y,,,Y,,-,99,0,1,0,0,0,0,1,0,0,"- ","- ",,,"SAN DIEGO","SAN DIEGO",-117.10504003,32.755210060000003
8016345,2016,2017-02-18,3711,2016-04-04,1635,4421,,1,5,7,3711,0,0,0,,0,933,"CARMEL VALLEY RD","RT 5",24.00,W,N,A,-,Y,SD,11,5,-,R,32.790,R,4,S,,3,0,1,2,A,-,03,22350,,N,D,G,A,A,H,-,A,A,0,,Y,,,Y,,L,04,0,1,0,0,0,0,1,0,0,"- ","- ",,,"SAN DIEGO","SAN DIEGO",-117.24106236,32.930542680000002
8017411,2016,2016-04-18,3711,2016-04-07,0842,5498,,4,5,7,3711,0,0,0,,0,541,"IMPERIAL AV","13TH ST",0.00,,Y,B,C,N,,,,,,,,,,N,4,0,1,2,A,-,10,21950,A,N,G,B,B,B,H,-,A,A,0,Y,,,,Y,,A,01,0,0,1,0,1,0,0,0,0,"- ","- ",,,"SAN DIEGO","SAN DIEGO",-117.15277004000001,32.706280020000001
8017415,2016,2016-04-18,3711,2016-04-05,2335,7447,,2,5,7,3711,0,0,0,,0,234,"MATINAL RD","POBLADO RD",504.00,N,N,A,-,N,,,,,,,,,,N,3,0,1,2,A,-,08,22107,,M,G,B,E,A,H,-,C,D,0,Y,,,,Y,,-,,0,1,0,0,1,0,0,0,0,"- ","- ",,,"SAN DIEGO","SAN DIEGO",-117.08703692,33.031155040000002
8020417,2016,2016-04-13,3711,2016-03-25,0910,4759,SD,5,5,7,3711,0,0,0,,0,122,"BAYARD ST","GARNET AV",29.00,N,N,B,-,N,,,,,,,,,,N,4,0,1,2,A,-,10,21950,A,N,G,B,B,A,H,-,A,A,0,Y,,,,Y,,-,,0,0,1,0,1,0,0,0,0,"- ","- ",,,"SAN DIEGO","SAN DIEGO",-117.2537023,32.797047190000001
8020921,2016,2016-04-21,3711,2016-03-29,1101,7372,,2,5,7,3711,0,0,0,,0,242,"CAMINO RUIZ","JADE COAST DR",456.00,S,N,A,-,N,,,,,,,,,,Y,2,0,2,3,A,-,03,22350,,N,G,B,F,A,H,-,A,-,0,Y,,,,Y,,-,,1,1,0,0,1,0,0,0,0,"- ","- ",,,"SAN DIEGO","SAN DIEGO",-117.14364854,32.900713209999999
8022344,2016,2016-04-20,3711,2016-02-12,2043,5600,,5,5,7,3711,0,0,0,,0,841,"COLLEGE AV","STREAMVIEW DR",0.00,,Y,A,-,N,,,,,,,,,,N,2,0,1,2,A,-,12,21453,A,F,G,B,B,A,H,-,C,A,0,Y,,,,Y,,-,99,1,0,0,0,1,0,0,0,0,"- ","- ",,,"SAN DIEGO","SAN DIEGO",-117.05877009,32.745510070000002
8024799,2016,2016-05-17,3711,2016-04-29,0058,6764,,5,5,7,3711,0,0,0,,0,523,"ISLAND AV","5TH AV",15.00,E,N,A,-,N,,,,,,,,,,N,4,0,1,2,A,-,10,21950,A,M,G,B,B,A,H,-,C,A,0,Y,,,,Y,Y,-,,0,0,1,0,1,0,0,0,0,"- ","- ",,,"SAN DIEGO","SAN DIEGO",-117.1600614,32.710430539999997