CASE_ID,ACCIDENT_YEAR,PROC_DATE,JURIS,COLLISION_DATE,COLLISION_TIME,OFFICER_ID,REPORTING_DISTRICT,DAY_OF_WEEK,CHP_SHIFT,POPULATION,CNTY_CITY_LOC,SPECIAL_COND,BEAT_TYPE,CHP_BEAT_TYPE,CITY_DIVISION_LAPD,CHP_BEAT_CLASS,BEAT_NUMBER,PRIMARY_RD,SECONDARY_RD,DISTANCE,DIRECTION,INTERSECTION,WEATHER_1,WEATHER_2,STATE_HWY_IND,CALTRANS_COUNTY,CALTRANS_DISTRICT,STATE_ROUTE,ROUTE_SUFFIX,POSTMILE_PREFIX,POSTMILE,LOCATION_TYPE,RAMP_INTERSECTION,SIDE_OF_HWY,TOW_AWAY,COLLISION_SEVERITY,NUMBER_KILLED,NUMBER_INJURED,PARTY_COUNT,PRIMARY_COLL_FACTOR,PCF_CODE_OF_VIOL,PCF_VIOL_CATEGORY,PCF_VIOLATION,PCF_VIOL_SUBSECTION,HIT_AND_RUN,TYPE_OF_COLLISION,MVIW,PED_ACTION,ROAD_SURFACE,ROAD_COND_1,ROAD_COND_2,LIGHTING,CONTROL_DEVICE,CHP_ROAD_TYPE,PEDESTRIAN_ACCIDENT,BICYCLE_ACCIDENT,MOTORCYCLE_ACCIDENT,TRUCK_ACCIDENT,NOT_PRIVATE_PROPERTY,ALCOHOL_INVOLVED,STWD_VEHTYPE_AT_FAULT,CHP_VEHTYPE_AT_FAULT,COUNT_SEVERE_INJ,COUNT_VISIBLE_INJ,COUNT_COMPLAINT_PAIN,COUNT_PED_KILLED,COUNT_PED_INJURED,COUNT_BICYCLIST_KILLED,COUNT_BICYCLIST_INJURED,COUNT_MC_KILLED,COUNT_MC_INJURED,PRIMARY_RAMP,SECONDARY_RAMP,LATITUDE,LONGITUDE,COUNTY,CITY,POINT_X,POINT_Y
8024806,2016,2016-05-18,3711,2016-05-06,0514,7056,,5,5,7,3711,0,0,0,,0,451,"54TH ST","HANIMAN DR",18.00,E,N,C,-,N,,,,,,,,,,N,3,0,1,2,A,-,11,21954,A,N,G,B,B,B,H,-,C,D,0,Y,,,,Y,,N,60,0,1,0,0,1,0,0,0,0,"- ","- ",,,"SAN DIEGO","SAN DIEGO",-117.08313467000001,32.725999229999999
8024991,2016,2016-05-17,3711,2016-05-09,1236,7168,,1,5,7,3711,0,0,0,,0,525,BROADWAY,"BROADWAY CIR",0.00,,Y,A,-,N,,,,,,,,,,N,3,0,1,2,A,-,10,21950,A,M,G,B,B,A,H,-,A,A,0,Y,,,,Y,,-,,0,1,0,0,1,0,0,0,0,"- ","- ",,,"SAN DIEGO","SAN DIEGO",-117.16288,32.715780029999998
8024996,2016,2016-05-17,3711,2016-05-06,2244,7434,SANDI,5,5,7,3711,0,0,0,,0,242,"MIRA MESA BL","BLACK MOUNTAIN RD",120.00,E,N,B,-,N,,,,,,,,,,N,3,0,1,2,A,-,11,21955,,N,G,B,D,A,H,-,C,A,0,Y,,,,Y,,N,60,0,1,0,0,1,0,0,0,0,"- ","- ",,,"SAN DIEGO","SAN DIEGO",-117.12450075,32.91724
8026217,2015,2017-01-14,9645,2015-09-15,0945,020561,,2,1,7,3711,0,1,1,,2,001,"RT 5","PALM AV",3.00,N,N,B,-,Y,SD,11,5,-,-,4.848,R,1,S,N,4,0,1,2,A,-,12,21453,A,N,G,B,B,A,H,-,A,A,1,Y,,,,Y,,A,01,0,0,1,0,1,0,0,0,0,TO,"- ",32.583970000000001,-117.08891,"SAN DIEGO","SAN DIEGO",-117.0877309,32.586861849999998
8027855,2016,2016-04-27,3711,2016-04-17,1315,5106,,7,5,7,3711,0,0,0,,0,531,"PARK BL","INSPIRATION PT WY",405.00,N,N,A,-,N,,,,,,,,,,N,4,0,1,2,A,-,02,22400,A,N,H,G,A,A,H,-,A,D,0,,Y,,,Y,,-,,0,0,1,0,0,0,1,0,0,"- ","- ",,,"SAN DIEGO","SAN DIEGO",-117.1474023,32.727775780000002
8027863,2016,2016-04-27,3711,2016-04-15,0817,6982,,5,5,7,3711,0,0,0,,0,113,"MORAGA AV","IDLEWILD WY",0.00,,Y,A,-,N,,,,,,,,,,N,3,0,1,2,A,-,11,21950,B,N,B,G,A,A,H,-,A,A,0,,Y,,,Y,,L,04,0,1,0,0,0,0,1,0,0,"- ","- ",,,"SAN DIEGO","SAN DIEGO",-117.21422011999999,32.827370090000002
8027882,2016,2016-04-26,3711,2016-04-15,1628,8447,,5,5,7,3711,0,0,0,,0,712,"CAMINO DE LA PLAZA","WILLOW RD",9.00,W,N,A,-,N,,,,,,,,,,N,3,0,1,2,A,-,12,21453,A,N,A,G,A,A,H,-,A,A,0,,Y,,,Y,,L,04,0,1,0,0,0,0,1,0,0,"- ","- ",,,"SAN DIEGO","SAN DIEGO",-117.0426291,32.545430000000003
8027895,2016,2016-04-27,3711,2016-04-15,2313,6063,,5,5,7,3711,0,0,0,,0,122,"GARNET AV","EVERTS ST",0.00,,Y,A,-,N,,,,,,,,,,N,4,0,1,2,A,-,11,21950,B,M,G,B,C,A,H,-,C,A,0,Y,,,,Y,,-,,0,0,1,0,1,0,0,0,0,"- ","- ",,,"SAN DIEGO","SAN DIEGO",-117.24817011,32.798140099999998
8027905,2016,2016-04-27,3711,2016-04-09,1513,6671,,6,5,7,3711,0,0,0,,0,122,"MISSION BL","GARNET AV",3.00,S,N,B,-,N,,,,,,,,,,N,3,0,1,2,A,-,10,21950,A,N,G,B,B,A,H,-,A,-,0,Y,,,,Y,,-,,0,1,0,0,1,0,0,0,0,"- ","- ",,,"SAN DIEGO","SAN DIEGO",-117.25548763,32.79657203
8027910,2016,2016-04-26,3711,2016-04-16,1827,8192,,6,5,7,3711,0,0,0,,0,813,"EL CAJON BL",UTAH,10.00,W,N,A,-,N,,,,,,,,,,N,3,0,1,2,A,-,08,22107,,N,B,G,A,A,H,-,A,A,0,,Y,,,Y,,A,01,0,1,0,0,0,0,1,0,0,"- ","- ",,,"SAN DIEGO","SAN DIEGO",-117.13268241999999,32.755399740000001
8027914,2016,2016-08-29,3711,2016-04-15,1105,7413,,5,5,7,3711,0,0,0,,0,839,"UNIVERSITY AV","U AV",16.00,S,N,A,-,N,,,,,,,,,,N,3,0,1,2,A,-,11,21950,B,N,G,B,D,A,H,-,A,D,0,Y,,,,Y,,N,60,0,1,0,0,1,0,0,0,0,"- ","- ",,,"SAN DIEGO","SAN DIEGO",,
8028488,2016,2016-05-20,3711,2016-05-11,1702,6532,,3,5,7,3711,0,0,0,,0,621,"ULRIC CT","E JEWELL ST",109.00,E,N,A,-,N,,,,,,,,,,N,3,0,1,2,A,-,11,21954,A,N,G,B,D,A,H,-,A,D,0,Y,,,,Y,,N,60,0,1,0,0,1,0,0,0,0,"- ","- ",,,"SAN DIEGO","SAN DIEGO",-117.17140852999999,32.787327140000002
8028489,2016,2016-05-20,3711,2016-05-07,2225,6289,SD,6,5,7,3711,0,0,0,,0,122,"GARNET AV","FANUEL ST",6.00,E,N,A,-,N,,,,,,,,,,N,4,0,1,2,A,-,10,21950,A,N,G,B,B,A,H,-,C,A,0,Y,,,,Y,Y,-,,0,0,1,0,1,0,0,0,0,"- ","- ",,,"SAN DIEGO","SAN DIEGO",-117.24633119000001,32.798534220000001
8031054,2016,2016-05-06,3711,2016-04-20,1822,4495,,3,5,7,3711,0,0,0,,0,524,"4TH AV","MARKET ST",0.00,,Y,A,-,N,,,,,,,,,,N,3,0,1,2,D,-,00,,,N,G,B,B,A,H,-,A,A,0,Y,,,,Y,Y,-,"- ",0,1,0,0,1,0,0,0,0,"- ","- ",,,"SAN DIEGO","SAN DIEGO",-117.16106003,32.711470079999998
8031963,2016,2016-05-12,3711,2016-05-01,2137,7048,,7,5,7,3711,0,0,0,,0,122,"MISSION BL",FELSPAR,93.00,S,N,A,-,N,,,,,,,,,,N,4,0,1,2,A,-,11,21955,,N,G,B,D,A,H,-,C,D,0,Y,,,,Y,,N,60,0,0,1,0,1,0,0,0,0,"- ","- ",,,"SAN DIEGO","SAN DIEGO",-117.2556859,32.797233009999999
8032809,2016,2016-05-11,3711,2016-04-22,1448,6880,,5,5,7,3711,0,0,0,,0,441,"S 37TH ST","GILMORE ST",30.00,S,N,A,-,N,,,,,,,,,,N,3,0,1,2,A,I,"- ",,,N,A,G,A,A,H,-,A,D,0,,Y,,,Y,,L,04,0,1,0,0,0,0,1,0,0,"- ","- ",,,"SAN DIEGO","SAN DIEGO",-117.11466901999999,32.702997830000001
8032849,2016,2016-05-04,3711,2016-03-15,1338,5496,,2,5,7,3711,0,0,0,,0,124,"NORTH TORREY PINES RD","NORTH TORREY PINES RD 10975",0.00,,Y,A,-,N,,,,,,,,,,N,3,0,1,2,A,-,03,22350,,N,C,G,A,A,H,-,A,D,0,,Y,,,Y,,-,,0,1,0,0,0,0,1,0,0,"- ","- ",,,"SAN DIEGO","SAN DIEGO",-117.2430861,32.903701249999997
8034572,2016,2016-05-05,3711,2016-04-21,0921,5929,,4,5,7,3711,0,0,0,,0,126,"JOHN JAY HOPKINS DR","NORTH TORREY PINES RD",0.00,W,N,A,-,N,,,,,,,,,,N,3,0,1,2,A,-,03,22350,,N,D,G,A,A,-,-,A,A,0,,Y,,,Y,,L,04,0,1,0,0,0,0,1,0,0,"- ","- ",,,"SAN DIEGO","SAN DIEGO",-117.2420801,32.898150110000003
8035294,2016,2016-05-27,3711,2016-05-17,1755,5679,,2,5,7,3711,0,0,0,,0,232,"HIGHLAND RANCH RD","WORLD TRADE DR",8.00,S,N,B,-,N,,,,,,,,,,N,3,0,1,2,A,-,10,21950,A,N,G,B,B,A,H,-,A,A,0,Y,,,,Y,,-,,0,1,0,0,1,0,0,0,0,"- ","- ",,,"SAN DIEGO","SAN DIEGO",-117.07409699999999,32.982139779999997
8037559,2016,2016-05-11,3711,2016-04-26,2153,4310,,2,5,7,3711,0,0,0,,0,115,"ARRIBA ST","REGENTS RD",0.00,,Y,A,-,N,,,,,,,,,,Y,2,0,2,2,A,-,08,22107,,N,G,B,B,A,H,-,C,A,0,Y,,,,Y,,A,01,1,0,1,0,1,0,0,0,0,"- ","- ",,,"SAN DIEGO","SAN DIEGO",-117.22280012,32.861350020000003
8037571,2016,2016-08-29,3711,2016-04-29,1230,7413,MIDCI,5,5,7,3711,0,0,0,,0,,"54TH ST","LEA ST",50.00,S,N,A,-,N,,,,,,,,,,N,3,0,1,2,A,-,08,22107,,M,B,G,A,A,H,-,A,A,0,,Y,,,Y,,-,,0,1,0,0,0,0,1,0,0,"- ","- ",,,"SAN DIEGO","SAN DIEGO",-117.07952698,32.745703069999998
8037581,2016,2016-05-11,3711,2016-04-29,1525,7324,,5,5,7,3711,0,0,0,,0,524,"C ST","10TH AV",6.00,E,N,A,-,N,,,,,,,,,,N,3,0,1,2,A,-,08,22107,,N,D,G,A,A,H,-,A,A,0,,Y,,,Y,,A,01,0,1,0,0,0,0,1,0,0,"- ","- ",,,"SAN DIEGO","SAN DIEGO",-117.15562056,32.716799790000003
8037610,2016,2016-05-11,3711,2016-04-30,0150,5762,,6,5,7,3711,0,0,0,,0,327,"COLLEGE AV","MONTEZUMA RD",0.00,,Y,A,-,N,,,,,,,,,,N,3,0,1,2,A,-,12,21453,A,M,-,B,B,A,H,-,C,A,0,Y,,,,Y,,-,,0,1,0,0,1,0,0,0,0,"- ","- ",,,"SAN DIEGO","SAN DIEGO",-117.06981001,32.770710080000001
8037649,2016,2016-05-11,3711,2016-04-26,1710,4495,,2,5,7,3711,0,0,0,,0,828,"LANDIS ST","CHAMOUNE AV",0.00,,Y,A,-,N,,,,,,,,,,N,4,0,1,2,A,-,10,21950,A,M,G,B,B,A,H,-,A,A,0,Y,,,,Y,,-,99,0,0,1,0,1,0,0,0,0,"- ","- ",,,"SAN DIEGO","SAN DIEGO",-117.09660001,32.74586008
8046658,2016,2016-05-17,3711,2016-05-04,1529,7402,,3,5,7,3711,0,0,0,,0,822,UNIVERSITY,"UNIVERSITY  5550",57.00,N,N,A,-,N,,,,,,,,,,N,4,0,1,2,A,-,11,21950,B,N,G,G,A,A,H,-,A,D,0,,Y,,,Y,,L,04,0,0,1,0,0,0,1,0,0,"- ","- ",,,"SAN DIEGO","SAN DIEGO",,
8046678,2016,2016-05-17,3711,2016-05-06,1830,6811,SD,5,5,7,3711,0,0,0,,0,827,"50TH ST","WIGHTMAN ST",300.00,N,N,A,-,N,,,,,,,,,,N,3,0,1,2,A,-,09,21804,,N,G,G,A,A,H,-,A,D,0,,Y,,,Y,,L,04,0,1,0,0,0,0,1,0,0,"- ","- ",,,"SAN DIEGO","SAN DIEGO",-117.08699082,32.748071699999997
8046710,2016,2016-05-17,3711,2016-05-07,1050,6999,SD,6,5,7,3711,0,0,0,,0,934,"CARMEL CANYON RD","CARMEL COUNTRY RD",0.00,,Y,B,-,N,,,,,,,,,,N,3,0,1,2,A,-,03,22350,,N,D,G,A,A,H,-,A,A,0,,Y,,,Y,,L,04,0,1,0,0,0,0,1,0,0,"- ","- ",,,"SAN DIEGO","SAN DIEGO",-117.21706002000001,32.94531001
8047623,2016,2016-05-23,3711,2016-05-15,0209,6167,SD,7,5,7,3711,0,0,0,,0,122,"GARNET AV",DAWES,210.00,W,N,B,-,N,,,,,,,,,,N,4,0,1,2,A,-,11,21950,B,N,G,B,D,A,H,-,E,D,0,Y,,,,Y,Y,N,60,0,0,1,0,1,0,0,0,0,"- ","- ",,,"SAN DIEGO","SAN DIEGO",-117.25067027999999,32.797588509999997
8049290,2016,2016-06-02,3711,2016-05-21,1035,6621,SD,6,5,7,3711,0,0,0,,0,123,"MISSION BAY DR","FIESTA ISLAND RD",8.00,S,N,A,-,N,,,,,,,,,,N,4,0,1,2,A,-,08,22107,,N,D,G,A,A,H,-,A,A,0,,Y,,,Y,,-,,0,0,1,0,0,0,1,0,0,"- ","- ",,,"SAN DIEGO","SAN DIEGO",-117.2092134,32.768821240000001
8049307,2016,2016-06-02,3711,2016-05-14,1130,26625,USD,6,5,7,3711,0,0,0,,0,622,"LINDA VISTA RD","TORERO WAY",0.00,,N,A,-,N,,,,,,,,,,N,4,0,1,2,B,-,22,,,N,G,B,E,A,G,-,A,A,0,Y,,,,Y,,-,,0,0,1,0,1,0,0,0,0,"- ","- ",,,"SAN DIEGO","SAN DIEGO",,
8049322,2016,2016-08-29,3711,2016-05-18,0632,7030,,3,5,7,3711,0,0,0,,0,625,"PACIFIC HWY","TAYLOR ST",0.00,,Y,B,-,N,,,,,,,,,,N,4,0,1,2,A,-,09,21453,B,N,B,G,A,A,H,-,A,A,0,,Y,,,Y,,L,04,0,0,1,0,0,0,1,0,0,"- ","- ",,,"SAN DIEGO","SAN DIEGO",-117.20110006,32.75539011
8049325,2016,2016-06-02,3711,2016-05-22,1910,7201,,7,5,7,3711,0,0,0,,0,816,"MEADE AV","30TH ST",31.00,W,N,A,-,N,,,,,,,,,,N,3,0,1,2,A,-,08,22107,,N,G,B,B,A,H,-,A,A,0,Y,,,,Y,,A,01,0,1,0,0,1,0,0,0,0,"- ","- ",,,"SAN DIEGO","SAN DIEGO",-117.13027049,32.757279199999999
8049339,2016,2016-06-02,3711,2016-05-18,1740,4653,,3,5,7,3711,0,0,0,,0,311,"ALTRIDGE ST","GLENHAVEN ST",0.00,,Y,B,-,N,,,,,,,,,,N,3,0,1,2,A,-,10,21950,A,M,G,B,B,A,H,-,A,D,0,Y,,,,Y,,-,99,0,1,0,0,1,0,0,0,0,"- ","- ",,,"SAN DIEGO","SAN DIEGO",-117.13921003999999,32.805580120000002
8049353,2016,2016-06-02,3711,2016-05-19,2210,5611,,4,5,7,3711,0,0,0,,0,242,"WESTVIEW PKWY","MIRA MESA BL",600.00,S,N,B,-,N,,,,,,,,,,N,3,0,1,2,A,-,11,21955,,N,G,B,D,A,H,-,C,D,0,Y,,,,Y,,N,60,0,1,0,0,1,0,0,0,0,"- ","- ",,,"SAN DIEGO","SAN DIEGO",-117.12049408,32.915677270000003
8049961,2016,2016-08-29,3711,2016-05-25,2031,5985,,3,5,7,3711,0,0,0,,0,627,"7TH AV","ROBINSON AV",0.00,,Y,A,-,N,,,,,,,,,,N,4,0,1,2,A,-,09,21801,A,N,D,G,A,A,H,-,C,A,0,,Y,,,Y,,A,01,0,0,1,0,0,0,1,0,0,"- ","- ",,,"SAN DIEGO","SAN DIEGO",-117.15838006,32.746940070000001
8053123,2016,2016-06-13,3711,2016-05-28,1250,6956,,6,5,7,3711,0,0,0,,0,834,"42ND ST",UNIVERSITY,250.00,S,N,B,-,N,,,,,,,,,,N,3,0,1,2,A,-,21,22106,,M,D,G,A,A,H,-,A,D,0,,Y,,,Y,Y,-,,0,1,0,0,0,0,1,0,0,"- ","- ",,,"SAN DIEGO","SAN DIEGO",-117.10448359,32.748985210000001
8053139,2016,2016-06-13,3711,2016-05-28,2015,7336,SD,6,5,7,3711,0,0,0,,0,813,"MONROE AV","TEXAS ST",0.00,,Y,A,-,N,,,,,,,,,,N,4,0,1,2,A,-,12,22450,A,M,G,B,D,A,H,-,B,A,0,Y,,,,Y,,-,,0,0,1,0,1,0,0,0,0,"- ","- ",,,"SAN DIEGO","SAN DIEGO",-117.13884003,32.759120070000002
8055261,2016,2016-06-09,3711,2016-05-31,1710,6063,,2,5,7,3711,0,0,0,,0,122,"GARNET AV",GRESHAM,59.00,E,N,B,-,N,,,,,,,,,,N,3,0,1,2,A,-,08,22107,,N,B,G,A,A,H,-,A,D,0,,Y,,,Y,,-,,0,1,0,0,0,0,1,0,0,"- ","- ",,,"SAN DIEGO","SAN DIEGO",-117.24433639999999,32.798985649999999
8057985,2016,2016-07-21,3711,2016-07-10,1345,6871,,7,5,7,3711,0,0,0,,0,816,"EL CAJON BL","ILLINOIS AV",4.00,W,N,A,-,N,,,,,,,,,,N,4,0,1,2,A,-,08,22107,,N,D,G,A,A,H,-,A,A,0,,Y,,,Y,,L,04,0,0,1,0,0,0,1,0,0,"- ","- ",,,"SAN DIEGO","SAN DIEGO",-117.12771297,32.755409890000003
8059314,2016,2016-06-15,3711,2016-05-22,2500,6774,,7,5,7,3711,0,0,0,,0,512,"IMPERIAL AV","24TH ST",189.00,W,N,B,-,N,,,,,,,,,,N,3,0,1,2,D,-,00,,,F,G,B,E,A,H,-,A,D,0,Y,,,,Y,Y,-,"- ",0,1,0,0,1,0,0,0,0,"- ","- ",,,"SAN DIEGO","SAN DIEGO",-117.14304229,32.706302000000001
8059358,2016,2016-06-14,3711,2016-05-30,1504,7416,,1,5,7,3711,0,0,0,,0,611,"SPORTS ARENA BL","OLLIE ST",6.00,N,N,A,-,N,,,,,,,,,,,4,0,1,2,A,-,05,21650,1,N,H,G,A,A,H,-,A,A,0,,Y,,,Y,,-,"- ",0,0,1,0,0,0,1,0,0,"- ","- ",,,"SAN DIEGO","SAN DIEGO",-117.22193618999999,32.756269109999998
8064982,2016,2016-06-17,3711,2016-06-07,0300,6976,SD,2,5,7,3711,0,0,0,,0,613,MIDWAY,"DUKE ST",100.00,S,N,A,-,N,,,,,,,,,,N,4,0,1,2,A,-,11,21955,,N,B,B,C,A,H,-,C,D,0,Y,,,,Y,Y,N,60,0,0,1,0,1,0,0,0,0,"- ","- ",,,"SAN DIEGO","SAN DIEGO",-117.21762347000001,32.753662470000002
8067117,2016,2016-06-27,3711,2016-06-13,0819,6963,SD,1,5,7,3711,0,0,0,,0,834,"WIGHTMAN ST","CENTRAL AV",140.00,E,N,B,-,N,,,,,,,,,,N,3,0,1,2,A,-,09,21804,A,N,D,G,A,A,H,-,A,D,0,,Y,,,Y,,-,"- ",0,1,0,0,0,0,1,0,0,"- ","- ",,,"SAN DIEGO","SAN DIEGO",-117.10771629,32.74777744
8068117,2016,2016-06-22,3711,2016-06-09,2105,4965,"SAN D",4,5,7,3711,0,0,0,,0,523,BROADWAY,"16TH ST",12.00,E,N,B,-,N,,,,,,,,,,N,3,0,1,2,A,-,12,21453,A,N,D,G,A,A,H,-,C,A,0,,Y,,,Y,,-,,0,1,0,0,0,0,1,0,0,"- ","- ",,,"SAN DIEGO","SAN DIEGO",-117.14943112,32.71575
8068948,2016,2016-06-29,3711,2016-06-04,2233,6146,,6,5,7,3711,0,0,0,,0,441,"SOUTH 43RD ST","LOGAN AV",4.00,S,N,A,-,N,,,,,,,,,,Y,2,0,1,2,A,-,09,21453,B,F,G,B,B,A,H,-,C,A,0,Y,,,,Y,,N,60,1,0,0,0,1,0,0,0,0,"- ","- ",,,"SAN DIEGO","SAN DIEGO",-117.10257529,32.696439789999999
8069044,2016,2016-06-29,3711,2016-06-05,1917,5755,,7,5,7,3711,0,0,0,,0,242,"WESTMORE RD","WESTMORE RD 8700",4.00,S,N,A,-,N,,,,,,,,,,N,4,0,1,2,A,-,11,21950,B,N,G,B,B,A,H,-,A,D,0,Y,,,,Y,,N,60,0,0,1,0,1,0,0,0,0,"- ","- ",,,"SAN DIEGO","SAN DIEGO",,
8069091,2016,2016-06-29,3711,2016-06-16,1817,6532,,4,5,7,3711,0,0,0,,0,623,"FRIARS RD","ULRIC ST",75.00,W,N,A,-,N,,,,,,,,,,N,3,0,1,2,A,-,11,21954,A,N,G,B,D,A,H,-,A,A,0,Y,,,,Y,,N,60,0,1,0,0,1,0,0,0,0,"- ","- ",,,"SAN DIEGO","SAN DIEGO",-117.16309801,32.770687709999997
8069122,2016,2016-06-28,3711,2016-06-15,1600,5812,SANDI,3,5,7,3711,0,0,0,,0,243,"DOWDY DR","MIRAMAR RD",20.00,N,N,A,-,N,,,,,,,,,,N,3,0,1,2,A,-,10,21950,A,N,G,B,B,A,H,-,A,A,0,Y,,,,Y,,A,01,0,1,0,0,1,0,0,0,0,"- ","- ",,,"SAN DIEGO","SAN DIEGO",-117.14552227999999,32.888267540000001
8069149,2016,2016-06-29,3711,2016-06-15,1658,7463,,3,5,7,3711,0,0,0,,0,124,"CAMINO DEL ORO",VALLECITOS,0.00,,Y,A,-,N,,,,,,,,,,N,4,0,1,2,A,-,03,22350,,M,A,B,B,A,H,-,A,A,0,Y,,,,Y,,-,,0,0,1,0,1,0,0,0,0,"- ","- ",,,"SAN DIEGO","SAN DIEGO",-117.25733013,32.855300069999998
8072099,2016,2016-06-29,3711,2016-06-19,1925,6812,,7,5,7,3711,0,0,0,,0,121,"MISSION BL","REDONDO CT",6.00,S,N,A,-,N,,,,,,,,,,N,4,0,1,2,A,-,09,21800,A,N,D,G,A,A,H,-,B,D,0,,Y,,,Y,,L,04,0,0,1,0,0,0,1,0,0,"- ","- ",,,"SAN DIEGO","SAN DIEGO",-117.25275657,32.784023820000002
8072154,2016,2016-06-28,3711,2016-06-09,2034,6366,,4,5,7,3711,0,0,0,,0,821,"EL CAJON BL","62ND ST",53.00,W,N,A,-,N,,,,,,,,,,N,4,0,1,2,A,-,11,21950,B,N,G,B,B,A,H,-,C,A,0,Y,,,,Y,Y,N,60,0,0,1,0,1,0,0,0,0,"- ","- ",,,"SAN DIEGO","SAN DIEGO",-117.06473444,32.762849600000003
8074886,2016,2016-07-12,3711,2016-06-23,1808,7334,,4,5,7,3711,0,0,0,,0,124,"NEPTUNE PL","BONAIR ST",70.00,S,N,A,-,N,,,,,,,,,,N,3,0,1,2,A,-,"- ",,I,N,G,B,E,A,-,-,A,D,0,Y,,,,Y,,N,60,0,1,0,0,1,0,0,0,0,"- ","- ",,,"SAN DIEGO","SAN DIEGO",-117.28053848,32.829877119999999
8074887,2016,2016-07-06,3711,2016-06-23,1837,6621,SD,4,5,7,3711,0,0,0,,0,122,"MISSION BAY DR","BUNKER HILL ST",5.00,N,N,A,-,N,,,,,,,,,,N,3,0,1,2,A,-,10,21950,A,N,D,G,A,A,H,-,A,A,0,,Y,,,Y,,-,,0,1,0,0,0,0,1,0,0,"- ","- ",,,"SAN DIEGO","SAN DIEGO",-117.21644134,32.802879799999999
8074893,2016,2016-07-05,3711,2016-06-22,2050,4840,,3,5,7,3711,0,0,0,,0,123,"FIESTA ISLAND RD","FIESTA ISLAND RD 1000",0.00,,-,-,-,N,,,,,,,,,,,4,0,1,2,A,-,08,22107,,M,G,B,E,A,-,-,D,D,0,Y,,,,Y,,-,99,0,0,1,0,1,0,0,0,0,"- ","- ",,,"SAN DIEGO","SAN DIEGO",-117.22198247999999,32.780135229999999
8075668,2016,2016-08-03,3711,2016-06-24,1620,7288,,5,5,7,3711,0,0,0,,0,725,"CRYSTAL COVE","CRYSTAL COVE 1143",0.00,,-,A,-,N,,,,,,,,,,,3,0,1,2,A,-,17,21663,,F,G,B,F,A,H,-,A,D,0,Y,,,,Y,,-,,0,1,0,0,1,0,0,0,0,"- ","- ",32.578150000000001,-117.02027,"SAN DIEGO","SAN DIEGO",-117.02075154000001,32.578083049999996
8075680,2016,2016-08-30,3711,2016-06-25,2234,7415,,6,5,7,3711,0,0,0,,0,451,"EUCLID AV","LYONS ST",7.00,S,N,A,-,N,,,,,,,,,,N,4,0,2,3,A,-,10,21950,A,N,G,B,B,A,H,-,C,D,0,Y,,Y,,Y,,-,"- ",0,0,2,0,2,0,0,0,0,"- ","- ",,,"SAN DIEGO","SAN DIEGO",-117.0849597,32.720180829999997
8075749,2016,2016-07-12,3711,2016-06-25,2353,7340,SD,6,5,7,3711,0,0,0,,0,813,"EL CAJON BL","TEXAS ST",0.00,,Y,A,-,N,,,,,,,,,,N,4,0,1,2,A,-,12,21453,A,N,D,G,A,A,H,-,C,A,0,,Y,,,Y,,L,04,0,0,1,0,0,0,1,0,0,"- ","- ",,,"SAN DIEGO","SAN DIEGO",-117.13885012,32.755380010000003
8076134,2016,2016-08-11,3711,2016-06-23,1537,7000,,4,5,7,3711,0,0,0,,0,713,"LA MEDIA RD","SIEMPRE VIVA RD",4.00,N,N,A,-,N,,,,,,,,,,N,3,0,1,2,A,-,03,22350,,N,-,G,A,A,H,-,A,D,0,,Y,,,Y,,L,04,0,1,0,0,0,0,1,0,0,"- ","- ",,,"SAN DIEGO","SAN DIEGO",-116.96249027,32.553340949999999
8077193,2016,2016-07-15,3711,2016-04-18,0710,5727,,1,5,7,3711,0,0,0,,0,437,"PARADISE VALLEY RD","DEEP DELL RD",0.00,,Y,A,-,N,,,,,,,,,,N,4,0,1,2,A,-,10,21950,A,N,G,B,B,A,H,-,A,A,0,Y,,,,Y,,-,,0,0,1,0,1,0,0,0,0,"- ","- ",,,"SAN DIEGO","SAN DIEGO",-117.02935013,32.695420050000003
8080898,2016,2016-08-02,3711,2016-07-13,1050,5647,,3,5,7,3711,0,0,0,,0,232,"CAMINO DEL NORTE","CARMEL MOUNTAIN RD",60.00,E,N,A,-,N,,,,,,,,,,N,3,0,1,2,A,-,10,21950,A,N,-,G,A,A,H,-,A,A,0,,Y,,,Y,,-,,0,1,0,0,0,0,1,0,0,"- ","- ",,,"SAN DIEGO","SAN DIEGO",-117.07212336000001,32.990772100000001
8080922,2016,2016-08-02,3711,2016-07-14,0801,7451,,4,5,7,3711,0,0,0,,0,311,"MURPHY CANYON RD","STONECREST BL",300.00,N,N,A,-,N,,,,,,,,,,N,3,0,1,2,A,-,08,22107,,N,D,G,A,A,H,-,A,D,0,,Y,,,Y,,A,07,0,1,0,0,0,0,1,0,0,"- ","- ",,,"SAN DIEGO","SAN DIEGO",-117.11406384999999,32.80516274
8080930,2016,2016-08-02,3711,2016-07-15,0849,6252,,5,5,7,3711,0,0,0,,0,611,"TRUXTUN RD","ROOSEVELT RD",0.00,,Y,A,-,N,,,,,,,,,,N,2,0,1,2,A,-,10,21950,A,N,G,B,B,A,H,-,A,D,0,Y,,,,Y,,A,01,1,0,0,0,1,0,0,0,0,"- ","- ",,,"SAN DIEGO","SAN DIEGO",-117.21544012,32.738160010000001
8083004,2016,2016-07-15,3711,2016-07-02,1651,6947,,6,5,7,3711,0,0,0,,0,714,"EAST SAN YSIDRO BL","SAN YSIDRO BL 700",12.00,W,N,A,-,N,,,,,,,,,,N,3,0,1,2,A,-,02,22526,A,N,G,B,B,A,H,-,A,A,0,Y,,,,Y,,-,,0,1,0,0,1,0,0,0,0,"- ","- ",,,"SAN DIEGO","SAN DIEGO",,