CASE_ID,ACCIDENT_YEAR,PROC_DATE,JURIS,COLLISION_DATE,COLLISION_TIME,OFFICER_ID,REPORTING_DISTRICT,DAY_OF_WEEK,CHP_SHIFT,POPULATION,CNTY_CITY_LOC,SPECIAL_COND,BEAT_TYPE,CHP_BEAT_TYPE,CITY_DIVISION_LAPD,CHP_BEAT_CLASS,BEAT_NUMBER,PRIMARY_RD,SECONDARY_RD,DISTANCE,DIRECTION,INTERSECTION,WEATHER_1,WEATHER_2,STATE_HWY_IND,CALTRANS_COUNTY,CALTRANS_DISTRICT,STATE_ROUTE,ROUTE_SUFFIX,POSTMILE_PREFIX,POSTMILE,LOCATION_TYPE,RAMP_INTERSECTION,SIDE_OF_HWY,TOW_AWAY,COLLISION_SEVERITY,NUMBER_KILLED,NUMBER_INJURED,PARTY_COUNT,PRIMARY_COLL_FACTOR,PCF_CODE_OF_VIOL,PCF_VIOL_CATEGORY,PCF_VIOLATION,PCF_VIOL_SUBSECTION,HIT_AND_RUN,TYPE_OF_COLLISION,MVIW,PED_ACTION,ROAD_SURFACE,ROAD_COND_1,ROAD_COND_2,LIGHTING,CONTROL_DEVICE,CHP_ROAD_TYPE,PEDESTRIAN_ACCIDENT,BICYCLE_ACCIDENT,MOTORCYCLE_ACCIDENT,TRUCK_ACCIDENT,NOT_PRIVATE_PROPERTY,ALCOHOL_INVOLVED,STWD_VEHTYPE_AT_FAULT,CHP_VEHTYPE_AT_FAULT,COUNT_SEVERE_INJ,COUNT_VISIBLE_INJ,COUNT_COMPLAINT_PAIN,COUNT_PED_KILLED,COUNT_PED_INJURED,COUNT_BICYCLIST_KILLED,COUNT_BICYCLIST_INJURED,COUNT_MC_KILLED,COUNT_MC_INJURED,PRIMARY_RAMP,SECONDARY_RAMP,LATITUDE,LONGITUDE,COUNTY,CITY,POINT_X,POINT_Y
8083049,2016,2016-07-14,3711,2016-06-30,1242,7285,,4,5,7,3711,0,0,0,,0,723,"IRIS AV","HOWARD AV",0.00,,Y,A,-,N,,,,,,,,,,N,4,0,1,2,A,-,10,21950,A,N,B,B,B,A,H,-,A,A,0,Y,,,,Y,,-,"- ",0,0,1,0,1,0,0,0,0,"- ","- ",,,"SAN DIEGO","SAN DIEGO",-117.06677010999999,32.569100079999998
8083085,2016,2016-07-14,3711,2016-06-30,1924,7086,,4,5,7,3711,0,0,0,,0,833,"DWIGHT ST","CHAMOUNE AV",0.00,,Y,A,-,N,,,,,,,,,,N,3,0,1,2,A,-,21,22106,,N,D,G,A,A,H,-,A,A,0,,Y,,,Y,,-,,0,1,0,0,0,0,1,0,0,"- ","- ",,,"SAN DIEGO","SAN DIEGO",-117.09662002,32.743970079999997
8083356,2016,2016-07-19,3711,2016-06-18,1018,6774,,6,5,7,3711,0,0,0,,0,615,"CATALINA BL","POINT LOMA BL",0.00,,Y,B,-,N,,,,,,,,,,N,2,0,1,2,A,-,09,21801,A,N,D,G,A,A,H,-,A,A,0,,Y,,,Y,,A,07,1,0,0,0,0,0,1,0,0,"- ","- ",,,"SAN DIEGO","SAN DIEGO",-117.24365001,32.729570019999997
8083371,2016,2016-07-14,3711,2016-07-06,0855,5627,,3,5,7,3711,0,0,0,,0,122,"OLNEY ST","GARNET AV",28.00,S,N,A,-,N,,,,,,,,,,N,3,0,1,2,A,-,10,21950,A,N,G,B,B,A,H,-,A,A,0,Y,,,,Y,,-,,0,1,0,0,1,0,0,0,0,"- ","- ",,,"SAN DIEGO","SAN DIEGO",-117.22983421000001,32.802136449999999
8087365,2016,2016-07-20,3711,2016-07-04,2201,7495,,1,5,7,3711,0,0,0,,0,451,"REDWOOD ST","CHOLLAS STATION RD",60.00,N,N,A,-,N,,,,,,,,,,N,4,0,1,2,A,-,11,21954,A,M,G,B,D,A,H,-,C,A,0,Y,,,,Y,Y,N,60,0,0,1,0,1,0,0,0,0,"- ","- ",,,"SAN DIEGO","SAN DIEGO",-117.07711629000001,32.738574
8087377,2016,2016-07-20,3711,2016-07-10,1910,7048,,7,5,7,3711,0,0,0,,0,122,"CASS ST","DIAMOND ST",0.00,,Y,A,-,N,,,,,,,,,,N,4,0,1,2,A,-,10,21952,,N,G,B,D,A,H,-,A,A,0,Y,,,,Y,,-,,0,0,1,0,1,0,0,0,0,"- ","- ",,,"SAN DIEGO","SAN DIEGO",-117.25268013,32.800120069999998
8087379,2016,2016-07-20,3711,2016-07-09,1210,7050,,6,5,7,3711,0,0,0,,0,124,"LA JOLLA BL","MIDWAY ST",0.00,,Y,A,-,N,,,,,,,,,,N,4,0,1,2,A,-,09,21803,A,N,D,G,A,A,H,-,A,D,0,,Y,,,Y,,L,04,0,0,1,0,0,0,1,0,0,"- ","- ",,,"SAN DIEGO","SAN DIEGO",-117.26814330000001,32.812302629999998
8089948,2016,2016-10-20,3711,2016-08-30,1640,7435,,2,5,7,3711,0,0,0,,0,312,"TIERRA SANTA BL","RUEDA DR",0.00,,Y,A,-,N,,,,,,,,,,N,4,0,1,2,A,-,12,21453,A,M,C,G,A,A,H,-,A,A,0,,Y,,,Y,,-,,0,0,1,0,0,0,1,0,0,"- ","- ",,,"SAN DIEGO","SAN DIEGO",-117.09382008,32.817820070000003
8090362,2016,2016-07-28,3711,2016-07-15,1830,7368,,5,5,7,3711,0,0,0,,0,838,"36TH ST","ORANGE AV",0.00,,Y,A,-,N,,,,,,,,,,N,3,0,1,2,A,-,08,22107,,N,G,B,B,A,H,-,A,D,0,Y,,,,Y,,A,01,0,1,0,0,1,0,0,0,0,"- ","- ",,,"SAN DIEGO","SAN DIEGO",-117.11579999999999,32.753280099999998
8090926,2016,2016-07-28,3711,2016-07-16,1725,5755,"SAN D",6,5,7,3711,0,0,0,,0,242,"CAMINO RUIZ","TERESA DR",8.00,E,N,A,-,N,,,,,,,,,,,4,0,1,2,A,-,03,22350,,M,G,B,B,A,H,-,A,A,0,Y,,,,Y,Y,-,,0,0,1,0,1,0,0,0,0,"- ","- ",,,"SAN DIEGO","SAN DIEGO",-117.14407,32.925049999999999
8091370,2016,2016-07-29,3711,2016-07-20,2050,4653,,3,5,7,3711,0,0,0,,0,311,"MURPHY CANYON RD","STONECREST BL",528.00,N,N,A,-,N,,,,,,,,,,N,3,0,1,2,A,-,08,21717,,N,B,G,A,A,H,-,C,D,0,,Y,,,Y,,A,01,0,1,0,0,0,0,1,0,0,"- ","- ",,,"SAN DIEGO","SAN DIEGO",-117.11417837,32.805779649999998
8094266,2016,2017-01-23,3711,2016-07-23,1600,6887,,6,5,7,3711,0,0,0,,0,313,"BALBOA AV","RT 163",118.00,E,N,A,-,Y,SD,11,163,-,-,7.865,R,4,S,N,4,0,1,2,A,-,08,22107,,N,B,G,A,A,H,-,A,D,0,,Y,,,Y,,L,04,0,0,1,0,0,0,1,0,0,"- ",SO,,,"SAN DIEGO","SAN DIEGO",-117.14789155,32.819953630000001
8094301,2016,2016-08-03,3711,2016-07-23,2044,7233,,6,5,7,3711,0,0,0,,0,324,"COWLES MOUNTAIN BL","JACKSON DR",0.00,,Y,A,-,N,,,,,,,,,,N,3,0,1,2,A,-,10,21950,A,N,G,B,B,A,H,-,C,A,0,Y,,,,Y,,A,01,0,1,0,0,1,0,0,0,0,"- ","- ",,,"SAN DIEGO","SAN DIEGO",-117.0281701,32.795310120000003
8095408,2016,2016-08-02,3711,2016-07-25,2159,6876,,1,5,7,3711,0,0,0,,0,813,"EL CAJON BL","KANSAS ST",5.00,W,N,A,-,N,,,,,,,,,,N,3,0,1,2,A,-,11,21461,5,N,G,B,D,A,H,-,C,D,0,Y,,,,Y,Y,N,60,0,1,0,0,1,0,0,0,0,"- ","- ",,,"SAN DIEGO","SAN DIEGO",-117.13143621,32.755400000000002
8095418,2016,2016-08-02,3711,2016-07-26,1252,7314,,2,5,7,3711,0,0,0,,0,122,"RIVIERA DR","LA CIMA DR",10.00,W,N,A,-,N,,,,,,,,,,N,3,0,1,2,A,-,07,21658,A,N,B,G,A,A,H,-,A,D,0,,Y,,,Y,,-,"- ",0,1,0,0,0,0,1,0,0,"- ","- ",,,"SAN DIEGO","SAN DIEGO",-117.23908727,32.7822867
8095556,2016,2016-08-02,3711,2016-07-23,1754,6434,SD,6,5,7,3711,0,0,0,,0,623,"FRIARS RD","AVENIDA DE LA TIENDA",10.00,E,N,A,-,N,,,,,,,,,,N,3,0,1,2,A,-,02,22526,B,N,D,G,A,A,H,-,A,A,0,,Y,,,Y,,A,01,0,1,0,0,0,0,1,0,0,"- ","- ",,,"SAN DIEGO","SAN DIEGO",-117.16538821,32.770015399999998
8096583,2016,2016-08-11,3711,2016-07-30,0913,7319,,6,5,7,3711,0,0,0,,0,721,"SATURN BL","PALM AV",528.00,N,N,A,-,N,,,,,,,,,,N,3,0,1,2,A,-,10,21950,A,N,G,B,D,A,H,-,A,D,0,Y,,,,Y,,-,,0,1,0,0,1,0,0,0,0,"- ","- ",,,"SAN DIEGO","SAN DIEGO",-117.09262,32.585183999999998
8096605,2016,2017-04-03,3711,2016-07-10,0100,4310,,7,5,7,3711,0,0,0,,0,525,BROADWAY,"BROADWAY CIR",14.00,W,N,A,-,N,,,,,,,,,,N,1,1,0,2,A,-,11,21456,B,N,G,B,D,A,H,-,C,A,0,Y,,,,Y,Y,N,60,0,0,0,1,0,0,0,0,0,"- ","- ",,,"SAN DIEGO","SAN DIEGO",-117.16292536,32.715779509999997
8096669,2016,2016-08-11,3711,2016-07-20,1955,6242,,3,5,7,3711,0,0,0,,0,834,"VAN DYKE AV","UNIVERSITY AV",115.00,N,N,A,-,N,,,,,,,,,,N,3,0,1,2,A,-,03,22350,,M,A,G,A,A,H,-,C,A,0,,Y,,,Y,,-,,0,1,0,0,0,0,1,0,0,"- ","- ",,,"SAN DIEGO","SAN DIEGO",-117.10320179999999,32.749974999999999
8097205,2016,2016-08-15,3711,2016-08-02,1551,5955,,2,5,7,3711,0,0,0,,0,512,"SAMPSON ST","IRVING AV",148.00,S,N,A,-,N,,,,,,,,,,N,3,0,1,2,A,-,11,21950,B,N,G,B,D,A,H,-,A,D,0,Y,,,,Y,,N,60,0,1,0,0,1,0,0,0,0,"- ","- ",,,"SAN DIEGO","SAN DIEGO",-117.13724512,32.700147260000001
8097229,2016,2016-08-15,3711,2016-08-03,1730,7345,,3,5,7,3711,0,0,0,,0,114,"CLAIREMONT MESA BL","CLAIREMONT MESA BL 3766",0.00,,Y,A,-,N,,,,,,,,,,N,3,0,1,2,A,-,21,22106,,F,G,B,-,A,H,-,A,D,0,Y,,,,Y,,-,,0,1,0,0,1,0,0,0,0,"- ","- ",,,"SAN DIEGO","SAN DIEGO",-117.20656157000001,32.827715189999999
8097245,2016,2016-08-15,3711,2016-08-03,0140,6382,,3,5,7,3711,0,0,0,,0,622,"PACIFIC RIDGE DRWY","LINDA VISTA RD",246.00,S,N,A,-,N,,,,,,,,,,N,4,0,1,2,A,-,11,21950,B,N,G,B,D,A,H,-,C,A,0,Y,,,,Y,,N,60,0,0,1,0,1,0,0,0,0,"- ","- ",,,"SAN DIEGO","SAN DIEGO",-117.18556737999999,32.770728679999998
8097486,2016,2016-08-16,3711,2016-07-22,2147,6366,,5,5,7,3711,0,0,0,,0,511,"MAIN ST","CESAR E CHAVEZ PKWY",358.00,W,N,A,-,N,,,,,,,,,,N,3,0,1,2,A,-,03,22350,,N,B,G,A,A,H,-,C,D,0,,Y,,,Y,,L,04,0,1,0,0,0,0,1,0,0,"- ","- ",,,"SAN DIEGO","SAN DIEGO",-117.14750285,32.699635989999997
8097587,2016,2016-08-15,3711,2016-07-27,1748,6402,,3,5,7,3711,0,0,0,,0,523,"MARKET ST","4TH AV",3.00,E,N,A,-,N,,,,,,,,,,N,4,0,1,2,D,-,00,,,N,G,B,B,A,H,-,A,A,0,Y,,,,Y,,-,"- ",0,0,1,0,1,0,0,0,0,"- ","- ",,,"SAN DIEGO","SAN DIEGO",-117.16105029000001,32.711470319999997
8101485,2016,2016-08-17,3711,2016-08-07,0114,7119,,7,5,7,3711,0,0,0,,0,517,"BROADWAY AV","25TH ST",3.00,S,N,A,-,N,,,,,,,,,,N,4,0,1,2,A,-,11,21456,B,N,G,B,B,A,H,-,C,A,0,Y,,,,Y,,N,60,0,0,1,0,1,0,0,0,0,"- ","- ",,,"SAN DIEGO","SAN DIEGO",-117.14028,32.715820000000001
8101528,2016,2016-08-18,3711,2016-08-07,0959,5133,,7,5,7,3711,0,0,0,,0,451,"54TH ST","REDWOOD ST",68.00,S,N,A,-,N,,,,,,,,,,N,3,0,1,1,A,-,03,22350,,N,H,G,A,A,H,-,A,D,0,,Y,,,Y,,L,04,0,1,0,0,0,0,1,0,0,"- ","- ",,,"SAN DIEGO","SAN DIEGO",-117.07982155000001,32.737493749999999
8101539,2016,2016-08-18,3711,2016-08-07,0159,6366,,7,5,7,3711,0,0,0,,0,122,"GRAND AV","GRAND AV 1400",0.00,,N,A,-,N,,,,,,,,,,N,3,0,1,2,A,-,11,21950,B,M,G,B,D,A,H,-,C,D,0,Y,,,,Y,Y,N,60,0,1,0,0,1,0,0,0,0,"- ","- ",,,"SAN DIEGO","SAN DIEGO",-117.24397033,32.79712112
8101547,2016,2016-08-18,3711,2016-08-04,0512,6857,,4,5,7,3711,0,0,0,,0,831,"POLK AV","HIGHLAND AV",15.00,W,N,A,-,N,,,,,,,,,,N,4,0,1,2,A,-,00,21050,A,N,G,B,D,A,H,-,B,D,0,Y,,,,Y,,-,99,0,0,1,0,1,0,0,0,0,"- ","- ",,,"SAN DIEGO","SAN DIEGO",-117.09875862,32.751400449999998
8104688,2016,2016-08-26,3711,2016-08-11,2155,6203,,4,5,7,3711,0,0,0,,0,833,"DWIGHT ST","FAIRMOUNT AV",0.00,,Y,A,-,N,,,,,,,,,,N,4,0,1,2,A,-,12,21453,A,M,G,B,B,A,H,-,C,A,0,Y,,,,Y,,-,,0,0,1,0,1,0,0,0,0,"- ","- ",,,"SAN DIEGO","SAN DIEGO",-117.10098004,32.74401005
8105383,2016,2016-08-24,3711,2016-08-15,1825,6925,,1,5,7,3711,0,0,0,,0,312,"GURNARD ST","SANTO RD",7.00,W,N,A,-,N,,,,,,,,,,N,4,0,1,2,A,-,10,21950,A,N,G,B,D,A,H,-,A,D,0,Y,,,,Y,,-,"- ",0,0,1,0,1,0,0,0,0,"- ","- ",,,"SAN DIEGO","SAN DIEGO",-117.10524270000001,32.80785032
8105416,2016,2016-08-26,3711,2016-08-16,1720,6213,,2,5,7,3711,0,0,0,,0,442,"VESTA ST","BIRCH ST",3.00,N,N,A,-,N,,,,,,,,,,N,4,0,1,2,A,-,09,21800,A,N,D,G,A,A,H,-,A,D,0,,Y,,,Y,,L,04,0,0,1,0,0,0,1,0,0,"- ","- ",,,"SAN DIEGO","SAN DIEGO",-117.11295396,32.687956440000001
8105435,2016,2016-08-26,3711,2016-08-12,1820,7479,,5,5,7,3711,0,0,0,,0,625,"TAYLOR ST","JUAN ST",0.00,,Y,A,-,N,,,,,,,,,,N,4,0,2,3,A,-,10,21950,A,N,G,B,B,A,H,-,A,D,0,Y,,,,Y,,-,,0,0,2,0,2,0,0,0,0,"- ","- ",,,"SAN DIEGO","SAN DIEGO",-117.19860002999999,32.756780069999998
8105440,2016,2016-08-26,3711,2016-08-15,1135,5498,,1,5,7,3711,0,0,0,,0,517,"F ST","25TH ST",131.00,W,N,A,-,N,,,,,,,,,,N,3,0,1,1,A,-,13,22515,A,N,E,B,A,A,H,-,A,D,0,,,,,Y,,A,08,0,1,0,0,0,0,0,0,0,"- ","- ",,,"SAN DIEGO","SAN DIEGO",-117.14070445,32.713714119999999
8107512,2016,2016-08-22,3711,2016-08-10,1148,6857,SANDI,3,5,7,3711,0,0,0,,0,826,"EUCLID AV","EUCLID AV 4000",10.00,W,N,A,-,N,,,,,,,,,,N,4,0,1,2,A,-,11,21950,B,N,G,B,D,A,H,-,A,D,0,Y,,,,Y,,N,60,0,0,1,0,1,0,0,0,0,"- ","- ",,,"SAN DIEGO","SAN DIEGO",,
8108814,2016,2016-09-13,3711,2016-08-29,1443,6808,,1,5,7,3711,0,0,0,,0,445,"MARKET ST","47TH ST",3.00,E,N,A,-,N,,,,,,,,,,N,4,0,2,3,A,-,10,21950,A,M,G,B,B,A,H,-,A,A,0,Y,,,,Y,,-,99,0,0,2,0,2,0,0,0,0,"- ","- ",,,"SAN DIEGO","SAN DIEGO",-117.09359032,32.711429279999997
8108822,2016,2016-09-13,3711,2016-08-30,2352,4759,SANDI,2,5,7,3711,0,0,0,,0,122,"MISSION BL","EMERALD ST",5.00,S,N,B,-,N,,,,,,,,,,N,4,0,1,2,A,-,10,21950,A,M,B,B,D,A,H,-,D,D,0,Y,,,,Y,Y,-,99,0,0,1,0,1,0,0,0,0,"- ","- ",,,"SAN DIEGO","SAN DIEGO",-117.2560556,32.79839681
8108858,2016,2016-09-13,3711,2016-08-30,1640,5985,,2,5,7,3711,0,0,0,,0,524,"KETTNER BL","WEST BROADWAY",198.00,N,N,A,-,N,,,,,,,,,,N,3,0,1,2,A,-,11,21954,A,N,G,B,D,A,H,-,A,D,0,Y,,,,Y,,N,60,0,1,0,0,1,0,0,0,0,"- ","- ",,,"SAN DIEGO","SAN DIEGO",-117.16919417,32.716312379999998
8110258,2016,2016-08-31,3711,2016-08-16,2011,5972,,2,5,7,3711,0,0,0,,0,723,"KOSTNER DR","DEL SOL BL",0.00,,Y,A,-,N,,,,,,,,,,N,4,0,1,2,A,-,10,21950,A,N,G,B,B,A,H,-,C,D,0,Y,,,,Y,,D,22,0,0,1,0,1,0,0,0,0,"- ","- ",,,"SAN DIEGO","SAN DIEGO",-117.04351,32.573560030000003
8110941,2016,2016-08-30,3711,2016-08-22,0022,7448,SD,1,5,7,3711,0,0,0,,0,934,"VALLEY CENTRE DR","EL CAMINIO REAL",225.00,W,N,A,-,N,,,,,,,,,,N,4,0,1,2,A,-,21,22106,,N,G,B,D,A,H,-,C,D,0,Y,,,,Y,Y,-,,0,0,1,0,1,0,0,0,0,"- ","- ",,,"SAN DIEGO","SAN DIEGO",-117.23860304,32.935547370000002
8110944,2016,2016-08-30,3711,2016-08-16,0821,6989,WESTE,2,5,7,3711,0,0,0,,0,621,"LINDA VISTA RD","ULRIC ST",120.00,S,N,A,-,N,,,,,,,,,,N,3,0,1,2,A,-,10,21952,,N,G,B,F,A,H,-,A,D,0,Y,,,,Y,,A,08,0,1,0,0,1,0,0,0,0,"- ","- ",,,"SAN DIEGO","SAN DIEGO",-117.17043135999999,32.78619372
8112064,2016,2016-08-31,3711,2016-08-20,0051,7119,,6,5,7,3711,0,0,0,,0,514,"25TH ST","ISLAND AV",12.00,E,N,A,-,N,,,,,,,,,,N,3,0,1,2,A,-,08,22107,,M,D,G,A,A,H,-,C,D,0,,Y,,,Y,,-,,0,1,0,0,0,0,1,0,0,"- ","- ",,,"SAN DIEGO","SAN DIEGO",-117.14019999999999,32.710529999999999
8112072,2016,2016-08-31,3711,2016-08-19,1404,7289,,5,5,7,3711,0,0,0,,0,627,"UNIVERSITY AV","UNIVERSITY AV 1010",0.00,,N,A,-,N,,,,,,,,,,N,4,0,1,2,A,-,21,22106,,M,G,B,F,A,H,-,A,D,0,Y,,,,Y,,-,,0,0,1,0,1,0,0,0,0,"- ","- ",,,"SAN DIEGO","SAN DIEGO",-117.15493351000001,32.748487840000003
8112136,2016,2016-08-31,3711,2016-08-23,1655,6242,,2,5,7,3711,0,0,0,,0,833,"LANDIS ST","44TH ST",0.00,,Y,A,-,N,,,,,,,,,,N,3,0,1,2,A,-,10,21950,A,N,G,B,B,A,H,-,A,A,0,Y,,,,Y,,-,,0,1,0,0,1,0,0,0,0,"- ","- ",,,"SAN DIEGO","SAN DIEGO",-117.09980001,32.745860100000002
8115091,2016,2016-09-01,3711,2016-08-23,1746,6532,,2,5,7,3711,0,0,0,,0,615,"ROSECRANS ST",INGELOW,48.00,S,N,A,-,N,,,,,,,,,,N,4,0,1,2,A,-,11,21954,A,N,G,B,D,A,H,-,A,D,0,Y,,,,Y,,N,60,0,0,1,0,1,0,0,0,0,"- ","- ",,,"SAN DIEGO","SAN DIEGO",-117.22746832,32.72669174
8117089,2016,2017-02-18,3711,2016-08-26,1658,7485,,5,5,7,3711,0,0,0,,0,931,"MIRA MESA BL","RT 805",50.00,W,N,A,-,Y,SD,11,805,-,-,27.215,R,3,S,N,2,0,1,2,A,-,08,22101,D,N,G,G,A,A,H,-,A,A,0,,Y,,,Y,,L,04,1,0,0,0,0,0,1,0,0,"- ","- ",,,"SAN DIEGO","SAN DIEGO",-117.20814492,32.891606780000004
8117095,2016,2016-09-08,3711,2016-08-25,1905,6621,SD,4,5,7,3711,0,0,0,,0,122,"GRAND AV","MISSION BL",350.00,E,N,A,-,N,,,,,,,,,,N,4,0,1,2,B,-,22,,,N,G,G,A,A,H,-,A,A,0,,Y,,,Y,,L,04,0,0,1,0,0,0,1,0,0,"- ","- ",,,"SAN DIEGO","SAN DIEGO",-117.2538237,32.794959149999997
8122125,2016,2016-09-15,3711,2016-08-29,2212,6146,,1,5,7,3711,0,0,0,,0,521,"11TH AV","MARKET ST",9.00,N,N,A,-,N,,,,,,,,,,Y,3,0,1,2,A,-,09,21804,A,N,D,G,A,A,H,-,C,A,0,,Y,,,Y,,L,04,0,1,0,0,0,0,1,0,0,"- ","- ",,,"SAN DIEGO","SAN DIEGO",-117.15466047,32.71154465
8122353,2016,2016-09-15,3711,2016-08-27,1106,7301,,6,5,7,3711,0,0,0,,0,614,"NIMITZ BL","WEST POINT LOMA",250.00,N,N,A,-,N,,,,,,,,,,N,4,0,1,2,A,-,04,21703,,N,C,G,A,A,H,-,A,D,0,,Y,,,Y,,L,04,0,0,1,0,0,0,1,0,0,"- ","- ",,,"SAN DIEGO","SAN DIEGO",-117.23641451,32.751878099999999
8124977,2016,2016-09-21,3711,2016-09-07,1615,5972,,3,5,7,3711,0,0,0,,0,713,"OCEAN VIEW HILLS PKWY","OTAY MESA RD",0.00,,Y,A,-,N,,,,,,,,,,N,3,0,1,2,A,-,12,21453,A,N,G,G,A,A,H,-,A,A,0,,Y,,,Y,,L,04,0,1,0,0,0,0,1,0,0,"- ","- ",,,"SAN DIEGO","SAN DIEGO",-117.01430013,32.568520069999998
8125001,2016,2016-09-21,3711,2016-09-01,1514,5985,,4,5,7,3711,0,0,0,,0,445,"HILLTOP DR","46TH ST",141.00,W,N,A,-,N,,,,,,,,,,N,2,0,1,2,A,-,11,21954,A,N,G,B,D,A,H,-,A,D,0,Y,,,,Y,,N,60,1,0,0,0,1,0,0,0,0,"- ","- ",,,"SAN DIEGO","SAN DIEGO",-117.09615685,32.715062160000002
8125018,2016,2017-02-06,3711,2016-09-11,1824,7413,MIDCI,7,5,7,3711,0,0,0,,0,837,"BEECH ST","HOME AV",100.00,W,N,A,-,N,,,,,,,,,,N,4,0,1,3,A,-,11,21950,B,N,G,B,E,A,H,-,A,D,0,Y,,Y,,Y,,N,60,0,0,1,0,1,0,0,0,0,"- ","- ",,,"SAN DIEGO","SAN DIEGO",-117.11005172,32.720770260000002
8125038,2016,2016-09-21,3711,2016-09-09,2320,7478,,5,5,7,3711,0,0,0,,0,614,"CABLE ST","SARATOGA  AV",0.00,,Y,A,-,N,,,,,,,,,,N,3,0,2,3,A,-,11,21950,B,N,G,B,B,A,H,-,C,D,0,Y,,,,Y,Y,-,,0,1,1,0,2,0,0,0,0,"- ","- ",,,"SAN DIEGO","SAN DIEGO",-117.24787009000001,32.747490120000002
8126533,2016,2017-01-19,3711,2016-09-02,0619,7347,SD,5,5,7,3711,0,0,0,,0,512,"OCEAN VIEW BL","33RD ST",4.00,W,N,B,-,N,,,,,,,,,,N,4,0,1,2,A,-,11,21456,B,N,G,B,B,A,H,-,A,A,0,Y,,,,Y,,N,60,0,0,1,0,1,0,0,0,0,"- ","- ",,,"SAN DIEGO","SAN DIEGO",-117.12259295,32.701219590000001
8128619,2016,2016-09-26,3711,2016-09-15,1815,6641,,4,5,7,3711,0,0,0,,0,934,"DEL MAR HEIGHTS RD","ASHLEY FALLS DR",0.00,,Y,A,-,N,,,,,,,,,,N,3,0,1,2,A,-,21,22106,,N,D,G,A,A,H,-,A,A,0,,Y,,,Y,,-,,0,1,0,0,0,0,1,0,0,"- ","- ",,,"SAN DIEGO","SAN DIEGO",-117.20933008,32.959040010000002
8131207,2016,2016-09-29,3711,2016-09-16,1747,7161,,5,5,7,3711,0,0,0,,0,712,"BORDER VILLAGE RD","10TH AV",47520.00,S,N,A,-,N,,,,,,,,,,N,4,0,1,2,A,-,05,21202,A,N,G,G,A,A,H,-,B,A,0,,Y,,,Y,,L,04,0,0,1,0,0,0,1,0,0,"- ","- ",,,"SAN DIEGO","SAN DIEGO",,
8131211,2016,2016-09-29,3711,2016-09-18,1924,4759,,7,5,7,3711,0,0,0,,0,,"MISSION BL","THOMAS AV",10.00,N,N,B,-,N,,,,,,,,,,N,4,0,1,2,A,-,10,21950,A,M,D,B,B,A,H,-,C,D,0,Y,,,,Y,Y,-,,0,0,1,0,1,0,0,0,0,"- ","- ",,,"SAN DIEGO","SAN DIEGO",-117.25459824000001,32.793656499999997
8131267,2016,2016-09-28,3711,2016-09-11,1830,7283,,7,5,7,3711,0,0,0,,0,441,IMPERIAL,"REDWOOD DR",70.00,E,N,A,-,N,,,,,,,,,,N,4,0,1,2,A,-,02,22526,A,N,G,B,B,A,H,-,A,A,0,Y,,,,Y,,D,22,0,0,1,0,1,0,0,0,0,"- ","- ",,,"SAN DIEGO","SAN DIEGO",-117.10141808,32.704122429999998
8131272,2016,2016-09-29,3711,2016-09-18,1930,7111,,7,5,7,3711,0,0,0,,0,512,"28TH ST",NATIONAL,120.00,S,N,A,-,N,,,,,,,,,,N,4,0,1,2,A,-,11,21954,A,N,G,B,D,A,H,-,A,D,0,Y,,,,Y,,-,"- ",0,0,1,0,1,0,0,0,0,"- ","- ",,,"SAN DIEGO","SAN DIEGO",-117.13379999999999,32.695611280000001
8132335,2016,2016-10-04,3711,2016-09-20,1500,7484,,2,5,7,3711,0,0,0,,0,813,"FLORIDA ST","FLORIDA ST 3700",1.00,W,N,C,-,N,,,,,,,,,,N,4,0,1,2,A,-,08,22107,,N,B,B,-,B,H,-,A,D,0,Y,,,,Y,,-,"- ",0,0,1,0,1,0,0,0,0,"- ","- ",,,"SAN DIEGO","SAN DIEGO",-117.14371992,32.745040039999999
8132363,2016,2016-10-04,3711,2016-09-24,0750,7413,MIDCI,6,5,7,3711,0,0,0,,0,008,"MONROE AV","WILSON AV",0.00,,Y,A,-,N,,,,,,,,,,N,3,0,1,2,A,-,12,21453,A,N,D,G,A,A,H,-,A,-,0,,Y,Y,,Y,,L,04,0,1,0,0,0,0,1,0,0,"- ","- ",,,"SAN DIEGO","SAN DIEGO",-117.11627006000001,32.759010109999998
8132396,2016,2016-10-04,3711,2016-09-20,1345,8192,,2,5,7,3711,0,0,0,,0,833,"FAIRMOUNT AV","DWIGHT ST",20.00,N,N,C,-,N,,,,,,,,,,N,3,0,1,2,A,-,08,22107,,N,A,B,B,-,H,-,A,A,0,Y,,,,Y,,-,,0,1,0,0,1,0,0,0,0,"- ","- ",,,"SAN DIEGO","SAN DIEGO",-117.10097881999999,32.744064770000001
8134561,2016,2016-10-05,3711,2016-09-21,0600,7427,,3,5,7,3711,0,0,0,,0,931,"LUSK BL","LUSK BL 5925",20.00,E,N,B,C,N,,,,,,,,,,N,3,0,1,2,A,-,00,21954,,N,G,B,D,B,H,-,B,A,0,Y,,,,Y,,N,60,0,1,0,0,1,0,0,0,0,"- ","- ",,,"SAN DIEGO","SAN DIEGO",,