CASE_ID,ACCIDENT_YEAR,PROC_DATE,JURIS,COLLISION_DATE,COLLISION_TIME,OFFICER_ID,REPORTING_DISTRICT,DAY_OF_WEEK,CHP_SHIFT,POPULATION,CNTY_CITY_LOC,SPECIAL_COND,BEAT_TYPE,CHP_BEAT_TYPE,CITY_DIVISION_LAPD,CHP_BEAT_CLASS,BEAT_NUMBER,PRIMARY_RD,SECONDARY_RD,DISTANCE,DIRECTION,INTERSECTION,WEATHER_1,WEATHER_2,STATE_HWY_IND,CALTRANS_COUNTY,CALTRANS_DISTRICT,STATE_ROUTE,ROUTE_SUFFIX,POSTMILE_PREFIX,POSTMILE,LOCATION_TYPE,RAMP_INTERSECTION,SIDE_OF_HWY,TOW_AWAY,COLLISION_SEVERITY,NUMBER_KILLED,NUMBER_INJURED,PARTY_COUNT,PRIMARY_COLL_FACTOR,PCF_CODE_OF_VIOL,PCF_VIOL_CATEGORY,PCF_VIOLATION,PCF_VIOL_SUBSECTION,HIT_AND_RUN,TYPE_OF_COLLISION,MVIW,PED_ACTION,ROAD_SURFACE,ROAD_COND_1,ROAD_COND_2,LIGHTING,CONTROL_DEVICE,CHP_ROAD_TYPE,PEDESTRIAN_ACCIDENT,BICYCLE_ACCIDENT,MOTORCYCLE_ACCIDENT,TRUCK_ACCIDENT,NOT_PRIVATE_PROPERTY,ALCOHOL_INVOLVED,STWD_VEHTYPE_AT_FAULT,CHP_VEHTYPE_AT_FAULT,COUNT_SEVERE_INJ,COUNT_VISIBLE_INJ,COUNT_COMPLAINT_PAIN,COUNT_PED_KILLED,COUNT_PED_INJURED,COUNT_BICYCLIST_KILLED,COUNT_BICYCLIST_INJURED,COUNT_MC_KILLED,COUNT_MC_INJURED,PRIMARY_RAMP,SECONDARY_RAMP,LATITUDE,LONGITUDE,COUNTY,CITY,POINT_X,POINT_Y
8134573,2016,2016-10-05,3711,2016-09-27,1723,7378,,2,5,7,3711,0,0,0,,0,712,"DAIRY MART RD","SERVANDO  AV",10.00,S,N,B,-,N,,,,,,,,,,N,3,0,1,2,A,-,09,21800,C,N,H,G,A,A,H,-,B,A,0,,Y,,,Y,,-,,0,1,0,0,0,0,1,0,0,"- ","- ",,,"SAN DIEGO","SAN DIEGO",-117.0624105,32.556722610000001
8134585,2016,2016-10-05,3711,2016-09-27,2123,4310,,2,5,7,3711,0,0,0,,0,514,"MARKET ST","20TH ST",92.00,E,N,A,-,N,,,,,,,,,,Y,3,0,1,2,A,-,03,22350,,N,G,B,D,A,H,-,C,D,0,Y,,,,Y,,A,01,0,1,0,0,1,0,0,0,0,"- ","- ",,,"SAN DIEGO","SAN DIEGO",-117.1455419,32.711550000000003
8134597,2016,2016-10-04,3711,2016-09-26,0715,4957,"SAN D",1,5,7,3711,0,0,0,,0,233,"PASEO MONTALBAN","VIA CIMA BELLA",9.00,N,N,A,-,N,,,,,,,,,,N,3,0,1,2,A,-,05,21650,1,N,D,G,A,A,H,-,A,D,0,,Y,,,Y,,L,04,0,1,0,0,0,0,1,0,0,"- ","- ",,,"SAN DIEGO","SAN DIEGO",-117.12116527000001,32.961003150000003
8134629,2016,2016-10-04,3711,2016-09-26,1000,6344,,1,5,7,3711,0,0,0,,0,315,"CAMINO DE LA REINA","WESTFIELD DRIVEWAY",0.00,,Y,A,-,N,,,,,,,,,,N,4,0,1,2,D,-,00,,,N,G,B,B,A,H,-,A,A,0,Y,,,,Y,,-,"- ",0,0,1,0,1,0,0,0,0,"- ","- ",,,"SAN DIEGO","SAN DIEGO",-117.15009212,32.769899590000001
8135439,2016,2016-10-07,3711,2016-09-04,0746,6252,,7,5,7,3711,0,0,0,,0,622,"LAURETTA ST","AZUSA ST",0.00,,Y,B,-,N,,,,,,,,,,N,3,0,1,2,A,-,12,22450,A,N,D,G,A,A,H,-,A,A,0,,Y,,,Y,,L,04,0,1,0,0,0,0,1,0,0,"- ","- ",,,"SAN DIEGO","SAN DIEGO",-117.19350012,32.767060049999998
8135552,2016,2016-10-06,3711,2016-09-21,0606,7310,SDPD,3,5,7,3711,0,0,0,,0,721,"SATURN BL","PALM AV",390.00,N,N,B,C,N,,,,,,,,,,N,4,0,1,2,A,-,11,21954,A,N,G,B,A,B,-,-,B,D,0,,,,,Y,,-,,0,0,1,0,0,0,0,0,0,"- ","- ",,,"SAN DIEGO","SAN DIEGO",-117.09260617,32.58480634
8139717,2016,2016-10-06,3711,2016-09-14,1846,6366,,3,5,7,3711,0,0,0,,0,811,"ADAMS AV","BANCROFT ST",6.00,W,N,A,-,N,,,,,,,,,,N,4,0,1,2,A,-,11,21950,B,N,G,B,B,A,H,-,B,D,0,Y,,,,Y,Y,N,60,0,0,1,0,1,0,0,0,0,"- ","- ",,,"SAN DIEGO","SAN DIEGO",-117.12392945000001,32.763360179999999
8141811,2016,2016-10-13,3711,2016-09-30,0804,6252,,5,5,7,3711,0,0,0,,0,627,"UNIVERSITY AV","4TH AV",47.00,E,N,A,-,N,,,,,,,,,,N,3,0,1,2,A,-,11,21950,B,N,G,B,D,A,H,-,A,D,0,Y,,,,Y,Y,N,60,0,1,0,0,1,0,0,0,0,"- ","- ",,,"SAN DIEGO","SAN DIEGO",-117.16146766999999,32.748277459999997
8141816,2016,2016-12-07,3711,2016-09-23,0925,6818,,5,5,7,3711,0,0,0,,0,441,"OCEANVIEW BL","SOUTH 39TH ST",0.00,,Y,A,-,N,,,,,,,,,,N,3,0,1,2,A,-,08,22107,,N,G,B,E,A,H,-,A,D,0,Y,,,,Y,,A,01,0,1,0,0,1,0,0,0,0,"- ","- ",,,"SAN DIEGO","SAN DIEGO",-117.11034002,32.701280060000002
8141820,2016,2016-12-07,3711,2016-09-27,0825,7057,,2,5,7,3711,0,0,0,,0,437,"PARADISE VALLEY RD","WOODMAN VILLAGE",15.00,W,N,A,-,N,,,,,,,,,,N,3,0,1,2,A,-,08,22107,,N,B,G,A,A,H,-,A,A,0,,Y,,,Y,,L,04,0,1,0,0,0,0,1,0,0,"- ","- ",,,"SAN DIEGO","SAN DIEGO",-117.0439398,32.690066440000003
8141936,2016,2016-10-13,3711,2016-10-02,1640,7077,SANDI,7,5,7,3711,0,0,0,,0,315,"FRAZEE RD","HAZARD CENTER DR",0.00,N,N,A,-,N,,,,,,,,,,N,4,0,1,2,A,-,11,21456,B,N,G,B,B,A,H,-,A,A,0,Y,,,,Y,,-,"- ",0,0,1,0,1,0,0,0,0,"- ","- ",,,"SAN DIEGO","SAN DIEGO",-117.15635013000001,32.770790079999998
8141943,2016,2017-03-04,3711,2016-10-04,0857,7083,,2,5,7,3711,0,0,0,,0,327,"COLLEGE AV","RT 8",0.00,,Y,A,-,Y,SD,11,8,-,-,8.176,R,4,E,N,3,0,1,2,A,-,12,21453,A,N,C,G,A,A,H,-,A,A,0,,Y,,,Y,,-,"- ",0,1,0,0,0,0,1,0,0,"- ",EF,,,"SAN DIEGO","SAN DIEGO",-117.06913642000001,32.779209299999998
8141987,2016,2016-10-13,3711,2016-10-03,1540,3696,,1,5,7,3711,0,0,0,,0,122,"GARNET AV","OLNEY ST",179.00,W,N,A,-,N,,,,,,,,,,N,4,0,1,2,A,-,05,21651,B,N,D,G,A,A,H,-,A,D,0,,Y,,,Y,,L,04,0,0,1,0,0,0,1,0,0,"- ","- ",,,"SAN DIEGO","SAN DIEGO",-117.23042212999999,32.802087129999997
8143209,2016,2016-10-27,3711,2016-10-06,1157,6810,,4,5,7,3711,0,0,0,,0,934,"RUETTE DE MER","CAMINITO RADIANTE",0.00,,Y,A,-,N,,,,,,,,,,N,4,0,1,2,A,-,09,21800,,N,A,G,A,A,H,-,A,A,0,,Y,,,Y,,-,,0,0,1,0,0,0,1,0,0,"- ","- ",,,"SAN DIEGO","SAN DIEGO",-117.20488003,32.946770049999998
8143271,2016,2016-10-28,3711,2016-10-18,0730,7376,,2,5,7,3711,0,0,0,,0,111,"LIMERICK AV","TRIANA ST",0.00,,Y,A,-,N,,,,,,,,,,N,4,0,1,2,A,-,10,21950,A,N,G,G,A,A,H,-,B,A,0,,Y,,,Y,,A,01,0,0,1,0,0,0,1,0,0,"- ","- ",,,"SAN DIEGO","SAN DIEGO",-117.17888006,32.829430109999997
8143659,2016,2017-01-19,3711,2016-10-26,1343,6104,,3,5,7,3711,0,0,0,,0,614,"VOLTAIRE ST","EBERS ST",0.00,,Y,A,-,N,,,,,,,,,,N,3,0,1,2,A,-,05,21202,A,N,B,G,A,A,H,-,A,A,0,,Y,,,Y,,L,04,0,1,0,0,0,0,1,0,0,"- ","- ",,,"SAN DIEGO","SAN DIEGO",-117.24139012000001,32.748830069999997
8144737,2016,2016-12-19,3711,2016-11-28,1150,7438,,1,5,7,3711,0,0,0,,0,529,"1ST AV","1ST AVE 1700",7.00,W,N,A,-,N,,,,,,,,,,N,4,0,1,2,A,-,11,21461,5,N,G,B,D,A,H,-,A,A,0,Y,,,,Y,,N,60,0,0,1,0,1,0,0,0,0,"- ","- ",,,"SAN DIEGO","SAN DIEGO",,
8146108,2016,2016-10-18,3711,2016-10-05,0754,7288,,3,5,7,3711,0,0,0,,0,723,"DEL SOL BL","OCEAN VIEW HILLS",9.00,N,N,A,-,N,,,,,,,,,,N,4,0,1,2,A,-,10,21950,A,N,G,B,B,A,H,-,A,A,0,Y,,,,Y,,-,,0,0,1,0,1,0,0,0,0,"- ","- ",,,"SAN DIEGO","SAN DIEGO",-117.02173999999999,32.574379999999998
8146647,2016,2016-10-19,3711,2016-10-06,0707,7288,,4,5,7,3711,0,0,0,,0,723,"PICADOR BL","PICADOR BL 800",27.00,W,N,A,-,N,,,,,,,,,,N,4,0,1,2,A,-,09,21801,A,N,G,B,-,A,H,-,A,A,0,Y,,,,Y,,-,,0,0,1,0,1,0,0,0,0,"- ","- ",,,"SAN DIEGO","SAN DIEGO",,
8146671,2016,2016-10-19,3711,2016-10-07,0810,7339,SANDI,5,5,7,3711,0,0,0,,0,437,"PARADISE VALLEY RD","DEEP DELL RD",0.00,,Y,A,-,N,,,,,,,,,,N,3,0,2,3,A,-,10,21950,A,N,G,B,B,A,H,-,A,A,0,Y,,,,Y,,A,01,0,1,1,0,2,0,0,0,0,"- ","- ",,,"SAN DIEGO","SAN DIEGO",-117.02935013,32.695420050000003
8146675,2016,2016-10-19,3711,2016-10-06,0751,6737,,4,5,7,3711,0,0,0,,0,827,"UNIVERSITY AV","49TH ST",0.00,,Y,A,-,N,,,,,,,,,,N,3,0,1,2,A,-,05,21650,1,N,D,G,A,A,H,-,A,D,0,,Y,,,Y,,-,"- ",0,1,0,0,0,0,1,0,0,"- ","- ",,,"SAN DIEGO","SAN DIEGO",-117.08906008,32.749530110000002
8146694,2016,2016-10-19,3711,2016-10-07,2003,6734,,5,5,7,3711,0,0,0,,0,627,"RICHMOND ST","RICHMOND ST 3900",0.00,,Y,A,-,N,,,,,,,,,,N,4,0,1,2,A,-,10,21950,A,N,G,B,B,A,H,-,C,D,0,Y,,,,Y,,-,,0,0,1,0,1,0,0,0,0,"- ","- ",,,"SAN DIEGO","SAN DIEGO",-117.15124994999999,32.748614170000003
8146715,2016,2016-10-19,3711,2016-10-06,1801,6603,,4,5,7,3711,0,0,0,,0,441,"OCEAN VIEW BL","OLIVEWOOD TER",0.00,,Y,A,-,N,,,,,,,,,,N,3,0,1,2,A,-,11,21950,B,N,G,B,D,A,H,-,A,D,0,Y,,,,Y,,N,60,0,1,0,0,1,0,0,0,0,"- ","- ",,,"SAN DIEGO","SAN DIEGO",-117.11546998999999,32.701260089999998
8151855,2016,2016-10-26,3711,2016-10-05,1151,7350,SD,3,5,7,3711,0,0,0,,0,529,"ELM ST","4TH AV",5.00,W,N,A,-,N,,,,,,,,,,N,4,0,1,2,A,-,10,21950,A,N,G,B,B,A,H,-,A,A,0,Y,,,,Y,,-,,0,0,1,0,1,0,0,0,0,"- ","- ",,,"SAN DIEGO","SAN DIEGO",-117.1611462,32.724080000000001
8151921,2016,2016-10-31,3711,2016-10-07,2135,6372,,5,5,7,3711,0,0,0,,0,121,"WEST MISSION BAY DR","MARINERS WY",157.00,W,N,A,-,N,,,,,,,,,,N,2,0,1,2,A,-,11,21954,A,N,G,B,D,A,H,-,C,D,0,Y,,,,Y,Y,N,60,1,0,0,0,1,0,0,0,0,"- ","- ",,,"SAN DIEGO","SAN DIEGO",-117.24731422000001,32.771452150000002
8151923,2016,2016-10-28,3711,2016-10-10,0546,7495,,1,5,7,3711,0,0,0,,0,524,"ASH ST","3RD AV",39.00,W,N,A,-,N,,,,,,,,,,N,3,0,1,2,A,-,11,21955,,N,G,B,D,A,H,-,C,A,0,Y,,,,Y,,N,60,0,1,0,0,1,0,0,0,0,"- ","- ",,,"SAN DIEGO","SAN DIEGO",-117.16212638,32.719880000000003
8151953,2016,2016-10-27,3711,2016-10-12,1640,6334,,3,5,7,3711,0,0,0,,0,441,"S 36TH ST","LOGAN AV",89.00,S,N,A,-,N,,,,,,,,,,N,4,0,1,2,A,-,21,22106,,M,G,B,D,A,H,-,A,D,0,Y,,,,Y,Y,-,99,0,0,1,0,1,0,0,0,0,"- ","- ",,,"SAN DIEGO","SAN DIEGO",-117.11675769999999,32.696826209999998
8151962,2016,2016-10-28,3711,2016-10-17,1135,6989,,1,5,7,3711,0,0,0,,0,242,"MIRA MESA BL","WESTMORE RD",150.00,E,N,B,-,N,,,,,,,,,,N,3,0,1,2,A,-,08,22107,,N,B,G,A,A,H,-,A,D,0,,Y,,,Y,,L,04,0,1,0,0,0,0,1,0,0,"- ","- ",,,"SAN DIEGO","SAN DIEGO",-117.12960313000001,32.916480129999997
8151989,2016,2016-10-27,3711,2016-10-12,0841,7083,,3,5,7,3711,0,0,0,,0,326,"MONTEZUMA RD","COLLWOOD BL",549.00,W,N,B,-,N,,,,,,,,,,N,3,0,1,2,A,-,03,22350,,N,C,G,A,A,H,-,A,A,0,,Y,,,Y,,A,01,0,1,0,0,0,0,1,0,0,"- ","- ",,,"SAN DIEGO","SAN DIEGO",-117.08770892,32.769630159999998
8151990,2016,2016-10-28,3711,2016-10-18,1147,7201,"SAN D",2,5,7,3711,0,0,0,,0,813,"UNIVERSITY AV","ARNOLD AV",13.00,W,N,A,-,N,,,,,,,,,,N,3,0,1,2,A,-,10,21950,A,N,G,B,C,A,H,-,A,D,0,Y,,,,Y,,A,01,0,1,0,0,1,0,0,0,0,"- ","- ",,,"SAN DIEGO","SAN DIEGO",-117.13682214000001,32.748449999999998
8154886,2016,2016-11-02,3711,2016-10-19,1510,7513,,3,5,7,3711,0,0,0,,0,821,"ART ST","SEMINOLE DR",24.00,N,N,A,-,N,,,,,,,,,,N,4,0,1,2,A,-,"- ",,,N,A,B,E,A,H,-,A,D,0,Y,,,,Y,,N,60,0,0,1,0,1,0,0,0,0,"- ","- ",,,"SAN DIEGO","SAN DIEGO",-117.06024785,32.763551839999998
8154942,2016,2016-11-02,3711,2016-10-20,1805,4490,,4,5,7,3711,0,0,0,,0,312,"REPECHO DR","CLAIREMONT MESA BL",203.00,S,N,A,-,N,,,,,,,,,,N,3,0,1,2,A,-,09,21801,A,N,D,G,A,A,H,-,B,D,0,,Y,,,Y,,-,,0,1,0,0,0,0,1,0,0,"- ","- ",,,"SAN DIEGO","SAN DIEGO",-117.11208859,32.831775069999999
8156970,2016,2016-11-02,3711,2016-10-22,1709,7428,"SAN D",6,5,7,3711,0,0,0,,0,121,"MISSION BL","SANTA CLARA PL",0.00,,Y,A,-,N,,,,,,,,,,N,3,0,1,2,A,-,08,22107,,N,G,B,A,A,H,-,A,A,0,,Y,,,Y,,-,,0,1,0,0,0,0,1,0,0,"- ","- ",,,"SAN DIEGO","SAN DIEGO",-117.25256003,32.782540050000001
8156998,2016,2016-11-02,3711,2016-10-21,1645,6646,"SAN D",5,5,7,3711,0,0,0,,0,823,"UNIVERSITY AV","58TH ST",900.00,E,N,A,-,N,,,,,,,,,,N,3,0,1,2,A,-,10,21950,A,N,G,B,D,A,H,-,A,D,0,Y,,,,Y,,-,,0,1,0,0,1,0,0,0,0,"- ","- ",,,"SAN DIEGO","SAN DIEGO",-117.07051730000001,32.750590369999998
8157010,2016,2016-11-02,3711,2016-10-20,1301,7523,"SAN D",4,5,7,3711,0,0,0,,0,242,"WESTVIEW PKWY","MARKETCENTER DR",279.00,S,N,A,-,N,,,,,,,,,,N,4,0,1,2,A,-,08,22107,,N,D,G,A,A,H,-,A,D,0,,Y,,,Y,,-,,0,0,1,0,0,0,1,0,0,"- ","- ",,,"SAN DIEGO","SAN DIEGO",-117.1204412,32.914226200000002
8157013,2016,2016-11-02,3711,2016-10-24,1647,7496,,1,5,7,3711,0,0,0,,0,722,"WARDLOW AV","WARDLOW CT",42.00,N,N,B,-,N,,,,,,,,,,N,3,0,1,2,A,-,05,21650,1,N,B,B,A,A,H,-,A,D,0,,Y,Y,,Y,,L,04,0,1,0,0,0,0,1,0,0,"- ","- ",,,"SAN DIEGO","SAN DIEGO",-117.07394758,32.561149530000002
8157552,2016,2016-11-03,3711,2016-09-28,0935,HB4566,,3,5,7,3711,0,0,0,,0,504,"NORTH HARBOR DR",BROADWAY,301.00,S,N,A,-,N,,,,,,,,,,N,4,0,1,2,A,-,03,22350,,N,G,G,A,A,H,-,A,D,0,,Y,,,Y,,A,01,0,0,1,0,0,0,1,0,0,"- ","- ",,,"SAN DIEGO","SAN DIEGO",-117.17313874,32.714875579999998
8157798,2016,2016-12-22,3711,2016-10-25,0741,7299,SD,2,5,7,3711,0,0,0,,0,621,"KRAMER ST","COOLIDGE ST",0.00,,Y,A,-,N,,,,,,,,,,N,4,0,1,2,A,-,10,21950,A,N,G,B,B,A,H,-,A,A,0,Y,,,,Y,,-,,0,0,1,0,1,0,0,0,0,"- ","- ",,,"SAN DIEGO","SAN DIEGO",-117.17025006,32.776960080000002
8157802,2016,2016-11-04,3711,2016-10-19,1320,5365,3711,3,5,7,3711,0,0,0,,0,115,"NOBEL DR","REGENTS RD",0.00,,Y,A,-,N,,,,,,,,,,N,4,0,1,2,A,-,04,21703,,N,C,G,A,A,H,-,A,A,0,,Y,,,Y,,A,01,0,0,1,0,0,0,1,0,0,"- ","- ",,,"SAN DIEGO","SAN DIEGO",-117.21913003,32.867490109999999
8157810,2016,2016-11-04,3711,2016-10-25,0014,5762,,2,5,7,3711,0,0,0,,0,327,"COLLEGE AV","COLLEGE PL",39.00,S,N,B,-,N,,,,,,,,,,N,3,0,1,2,A,-,08,22100,B,N,B,G,A,A,H,-,C,D,0,,Y,,,Y,,-,,0,1,0,0,0,0,1,0,0,"- ","- ",,,"SAN DIEGO","SAN DIEGO",-117.06945795,32.770016920000003
8160803,2016,2016-11-09,3711,2016-10-30,1713,6176,,7,5,7,3711,0,0,0,,0,447,"FEDERAL BL","47TH ST",400.00,W,N,B,-,N,,,,,,,,,,N,3,0,1,2,A,-,11,21954,A,N,G,B,E,A,H,-,A,D,0,Y,,,,Y,,N,60,0,1,0,0,1,0,0,0,0,"- ","- ",,,"SAN DIEGO","SAN DIEGO",-117.09483615000001,32.721449999999997
8160831,2016,2016-11-09,3711,2016-10-31,1746,7515,SDPD,1,5,7,3711,0,0,0,,0,824,"NORMA DR","CONSTANCE DR",500.00,S,N,A,-,N,,,,,,,,,,N,4,0,1,2,A,-,03,22350,,N,D,G,A,A,H,-,A,D,0,,Y,,,Y,,L,04,0,0,1,0,0,0,1,0,0,"- ","- ",,,"SAN DIEGO","SAN DIEGO",-117.09526184000001,32.763883389999997
8160880,2016,2016-11-09,3711,2016-10-29,2142,7412,SD,6,5,7,3711,0,0,0,,0,234,"CALLE SAUCILLO","PASEO LUCIDO",20.00,E,N,A,-,N,,,,,,,,,,N,3,0,1,2,A,-,12,21453,A,F,G,B,B,A,H,-,C,A,0,Y,,,,Y,Y,A,08,0,1,0,0,1,0,0,0,0,"- ","- ",,,"SAN DIEGO","SAN DIEGO",-117.06782894,32.996871210000002
8164088,2016,2016-11-07,3711,2016-10-25,1730,7534,NORTH,2,5,7,3711,0,0,0,,0,122,"CASS ST","THOMAS AV",6.00,N,N,A,-,N,,,,,,,,,,N,4,0,1,2,A,-,09,21802,A,N,D,G,A,A,H,-,A,-,0,,Y,,,Y,,-,,0,0,1,0,0,0,1,0,0,"- ","- ",,,"SAN DIEGO","SAN DIEGO",-117.25096463,32.794495959999999
8164407,2016,2016-11-08,3711,2016-10-28,1529,7159,,5,5,7,3711,0,0,0,,0,124,"TORREY PINES RD",HERSHEL,0.00,N,N,A,-,N,,,,,,,,,,N,2,0,1,2,A,-,11,21950,B,N,G,B,D,A,H,-,A,D,0,Y,,,,Y,Y,N,60,1,0,0,0,1,0,0,0,0,"- ","- ",,,"SAN DIEGO","SAN DIEGO",-117.27194000999999,32.84289003
8164422,2016,2016-11-08,3711,2016-10-28,0740,7488,,5,5,7,3711,0,0,0,,0,,"SAN YSIDRO BL","EL PORVENIR WY",72.00,N,N,A,-,N,,,,,,,,,,N,4,0,1,2,A,-,11,21954,A,N,A,B,-,A,H,-,A,D,0,Y,,,,Y,,-,"- ",0,0,1,0,1,0,0,0,0,"- ","- ",,,"SAN DIEGO","SAN DIEGO",-117.0663095,32.562485649999999
8164474,2016,2016-11-09,3711,2016-10-29,1605,4759,"SAN D",6,5,7,3711,0,0,0,,0,123,"INGRAHAM ST","INGRAHAM ST 3000",0.00,,Y,A,-,N,,,,,,,,,,N,3,0,1,2,A,-,09,21802,A,N,D,G,A,A,H,-,A,A,0,,Y,,,Y,,L,04,0,1,0,0,0,0,1,0,0,"- ","- ",,,"SAN DIEGO","SAN DIEGO",-117.23446727,32.771327960000001
8166643,2016,2017-01-31,3711,2016-12-08,1802,6034,,4,5,7,3711,0,0,0,,0,233,"RANCHO PENASQUITOS BL","CALLE DE LAS ROSAS",14.00,N,N,A,-,N,,,,,,,,,,Y,1,1,0,2,A,-,11,21456,B,N,G,B,B,A,H,-,C,A,0,Y,,,,Y,,N,60,0,0,0,1,0,0,0,0,0,"- ","- ",,,"SAN DIEGO","SAN DIEGO",-117.11005168,32.956327520000002
8166883,2016,2017-04-07,3711,2016-11-26,0545,5061,,6,5,7,3711,0,0,0,,0,324,"BLUE LAKE DR","JACKSON DR",7.00,E,N,B,-,N,,,,,,,,,,N,1,1,0,2,A,-,05,21650,,F,G,B,B,A,H,-,C,A,0,Y,,,,Y,,-,99,0,0,0,1,0,0,0,0,0,"- ","- ",,,"SAN DIEGO","SAN DIEGO",-117.0178373,32.791739999999997
8169460,2016,2016-11-16,3711,2016-10-11,1518,5611,,2,5,7,3711,0,0,0,,0,243,"STROMESA CT","STROMESA CT 7900",7.00,N,N,B,-,N,,,,,,,,,,N,3,0,1,2,-,-,"- ",,,N,G,B,E,A,H,-,A,D,0,Y,,,,Y,,-,"- ",0,1,0,0,1,0,0,0,0,"- ","- ",,,"SAN DIEGO","SAN DIEGO",,
8169468,2016,2016-11-16,3711,2016-10-31,0853,7524,,1,5,7,3711,0,0,0,,0,234,"PASEO LUCIDO","CORTE SABIO",5.00,N,N,A,-,N,,,,,,,,,,N,4,0,1,2,A,-,10,21950,A,N,G,B,B,A,H,-,A,D,0,Y,,,,Y,,-,,0,0,1,0,1,0,0,0,0,"- ","- ",,,"SAN DIEGO","SAN DIEGO",-117.06678608999999,32.999903289999999
8169703,2016,2016-11-16,3711,2016-11-05,1627,7507,,6,5,7,3711,0,0,0,,0,522,"PACIFIC HWY","W HARBOR DR",6.00,S,N,A,-,N,,,,,,,,,,N,3,0,1,2,A,-,10,21950,A,N,G,G,A,A,H,-,A,A,0,,Y,,,Y,,A,01,0,1,0,0,0,0,1,0,0,"- ","- ",,,"SAN DIEGO","SAN DIEGO",-117.17106,32.711453560000002
8169725,2016,2017-01-04,3711,2016-11-02,1600,4386,,3,5,7,3711,0,0,0,,0,626,"TAYLOR ST","CONGRESS ST",0.00,,Y,A,-,N,,,,,,,,,,N,3,0,1,2,A,-,17,21461,A,N,D,G,A,A,H,-,A,A,0,,Y,,,Y,,-,"- ",0,1,0,0,0,0,1,0,0,"- ","- ",,,"SAN DIEGO","SAN DIEGO",-117.19958004999999,32.755630109999998
8169727,2016,2016-11-16,3711,2016-11-04,0728,7132,"SAN D",5,5,7,3711,0,0,0,,0,233,"SUNDANCE  AV","TWIN TRAILS DR",0.00,S,N,A,-,N,,,,,,,,,,N,3,0,1,2,A,-,12,22450,A,N,D,G,A,A,H,-,A,A,0,,Y,,,Y,,L,04,0,1,0,0,0,0,1,0,0,"- ","- ",,,"SAN DIEGO","SAN DIEGO",-117.13177007,32.958610040000003
8169747,2016,2016-11-16,3711,2016-11-07,1301,6461,,1,5,7,3711,0,0,0,,0,122,"GARNET AV",FANUEL,100.00,W,N,A,-,N,,,,,,,,,,N,3,0,1,2,A,-,09,21800,A,N,D,G,A,A,H,-,A,D,0,,Y,,,Y,,A,01,0,1,0,0,0,0,1,0,0,"- ","- ",,,"SAN DIEGO","SAN DIEGO",-117.24666442,32.798462630000003
8171604,2016,2016-11-22,3711,2016-11-08,1054,4643,,2,5,7,3711,0,0,0,,0,813,"UTAH ST","HOWARD AV",0.00,,Y,A,-,N,,,,,,,,,,N,4,0,1,2,A,-,11,21966,,N,G,B,D,A,H,-,A,A,0,Y,,,,Y,,N,60,0,0,1,0,1,0,0,0,0,"- ","- ",,,"SAN DIEGO","SAN DIEGO",-117.13265013,32.754040080000003
8171639,2016,2017-01-07,3711,2016-11-08,1710,6485,,2,5,7,3711,0,0,0,,0,821,"MONTEZUMA RD","EL CAJON BL",20.00,N,N,A,-,N,,,,,,,,,,N,3,0,1,2,A,-,11,21456,,M,D,B,B,A,H,-,B,A,0,Y,,,,Y,Y,N,60,0,1,0,0,1,0,0,0,0,"- ","- ",,,"SAN DIEGO","SAN DIEGO",-117.05429631,32.768405389999998
8172088,2016,2016-12-01,3711,2016-11-12,1120,6999,SDPD,6,5,7,3711,0,0,0,,0,932,"NORTH TORREY PINES RD","CARMEL VALLEY RD",7920.00,S,N,A,-,N,,,,,,,,,,N,3,0,3,3,A,-,09,21802,A,N,D,G,A,A,H,-,A,D,0,,Y,,,Y,,-,,0,2,1,0,0,0,2,0,0,"- ","- ",,,"SAN DIEGO","SAN DIEGO",-117.26123,32.938180000000003
8172327,2016,2017-02-28,3711,2016-11-12,1040,7073,,6,5,7,3711,0,0,0,,0,013,"NIMITZ BL","OLIPHANT ST",10.00,S,N,A,-,N,,,,,,,,,,,3,0,1,2,A,-,06,21754,,M,C,G,A,A,H,-,A,D,0,,Y,,,Y,Y,-,,0,1,0,0,0,0,1,0,0,"- ","- ",,,"SAN DIEGO","SAN DIEGO",-117.22847007,32.732803920000002
8172360,2016,2016-12-01,3711,2016-11-09,1745,7274,,3,5,7,3711,0,0,0,,0,,"UNIVERSITY AV","CENTRE ST",0.00,,Y,A,-,N,,,,,,,,,,N,4,0,1,2,A,-,"- ",,A,N,A,B,B,A,H,-,D,D,0,Y,,,,Y,,-,,0,0,1,0,1,0,0,0,0,"- ","- ",,,"SAN DIEGO","SAN DIEGO",-117.14838005,32.748410069999998
8172371,2016,2016-11-30,3711,2016-11-10,1430,7152,"SAN D",4,5,7,3711,0,0,0,,0,123,"MISSION BAY DR","CITY POLE # 57",55.00,E,N,A,-,N,,,,,,,,,,Y,3,0,1,2,A,-,08,22107,,N,B,G,A,A,-,-,A,D,0,,Y,,,Y,,-,,0,1,0,0,0,0,1,0,0,"- ","- ",,,"SAN DIEGO","SAN DIEGO",,
8172376,2016,2016-11-30,3711,2016-11-09,1612,6976,SANDI,3,5,7,3711,0,0,0,,0,611,"ROOSEVELT RD","TRUXTUN RD",0.00,,Y,A,-,N,,,,,,,,,,N,3,0,1,2,A,-,11,21950,B,N,G,B,D,-,H,-,A,A,0,Y,,,,Y,,N,60,0,1,0,0,1,0,0,0,0,"- ","- ",,,"SAN DIEGO","SAN DIEGO",-117.21544012,32.738160010000001