CASE_ID,ACCIDENT_YEAR,PROC_DATE,JURIS,COLLISION_DATE,COLLISION_TIME,OFFICER_ID,REPORTING_DISTRICT,DAY_OF_WEEK,CHP_SHIFT,POPULATION,CNTY_CITY_LOC,SPECIAL_COND,BEAT_TYPE,CHP_BEAT_TYPE,CITY_DIVISION_LAPD,CHP_BEAT_CLASS,BEAT_NUMBER,PRIMARY_RD,SECONDARY_RD,DISTANCE,DIRECTION,INTERSECTION,WEATHER_1,WEATHER_2,STATE_HWY_IND,CALTRANS_COUNTY,CALTRANS_DISTRICT,STATE_ROUTE,ROUTE_SUFFIX,POSTMILE_PREFIX,POSTMILE,LOCATION_TYPE,RAMP_INTERSECTION,SIDE_OF_HWY,TOW_AWAY,COLLISION_SEVERITY,NUMBER_KILLED,NUMBER_INJURED,PARTY_COUNT,PRIMARY_COLL_FACTOR,PCF_CODE_OF_VIOL,PCF_VIOL_CATEGORY,PCF_VIOLATION,PCF_VIOL_SUBSECTION,HIT_AND_RUN,TYPE_OF_COLLISION,MVIW,PED_ACTION,ROAD_SURFACE,ROAD_COND_1,ROAD_COND_2,LIGHTING,CONTROL_DEVICE,CHP_ROAD_TYPE,PEDESTRIAN_ACCIDENT,BICYCLE_ACCIDENT,MOTORCYCLE_ACCIDENT,TRUCK_ACCIDENT,NOT_PRIVATE_PROPERTY,ALCOHOL_INVOLVED,STWD_VEHTYPE_AT_FAULT,CHP_VEHTYPE_AT_FAULT,COUNT_SEVERE_INJ,COUNT_VISIBLE_INJ,COUNT_COMPLAINT_PAIN,COUNT_PED_KILLED,COUNT_PED_INJURED,COUNT_BICYCLIST_KILLED,COUNT_BICYCLIST_INJURED,COUNT_MC_KILLED,COUNT_MC_INJURED,PRIMARY_RAMP,SECONDARY_RAMP,LATITUDE,LONGITUDE,COUNTY,CITY,POINT_X,POINT_Y
8172386,2016,2016-11-30,3711,2016-11-15,1521,6945,,2,5,7,3711,0,0,0,,0,721,HALO,THERMAL,20.00,E,N,A,-,N,,,,,,,,,,N,3,0,1,2,A,-,11,21950,B,N,G,B,B,A,H,-,A,A,0,Y,,,,Y,,N,60,0,1,0,0,1,0,0,0,0,"- ","- ",,,"SAN DIEGO","SAN DIEGO",-117.0970253,32.572830000000003
8172389,2016,2016-12-01,3711,2016-11-10,1805,7119,,4,5,7,3711,0,0,0,,0,517,"30TH ST","B ST",5.00,W,N,A,-,N,,,,,,,,,,N,4,0,1,2,A,-,21,22106,,N,G,B,B,A,H,-,A,D,0,Y,,,,Y,,-,,0,0,1,0,1,0,0,0,0,"- ","- ",,,"SAN DIEGO","SAN DIEGO",-117.12963000000001,32.717939999999999
8172393,2016,2016-11-23,3711,2016-11-09,0740,5485,,3,5,7,3711,0,0,0,,0,723,"PALM AV","PICADOR BL",17.00,W,N,A,-,N,,,,,,,,,,N,3,0,1,2,A,-,11,21456,B,N,G,B,B,A,D,E,A,A,0,Y,,,,Y,,N,60,0,1,0,0,1,0,0,0,0,"- ","- ",,,"SAN DIEGO","SAN DIEGO",-117.06206403,32.583761289999998
8172396,2016,2016-12-01,3711,2016-11-11,1747,7255,SD,5,5,7,3711,0,0,0,,0,064,"MIDWAY DR","KENYON ST",526.00,W,N,A,-,N,,,,,,,,,,N,3,0,1,2,A,-,05,21650,1,N,-,G,A,A,H,-,A,D,0,,Y,,,Y,,L,04,0,1,0,0,0,0,1,0,0,"- ","- ",,,"SAN DIEGO","SAN DIEGO",,
8172449,2016,2016-11-23,3711,2016-10-13,2152,6082,,4,5,7,3711,0,0,0,,0,115,"LEBON DR","LA JOLLA VILLAGE DR",9.00,S,N,A,-,N,,,,,,,,,,N,2,0,1,2,D,-,00,,,N,G,B,B,A,H,-,C,A,0,Y,,,,Y,,-,"- ",1,0,0,0,1,0,0,0,0,"- ","- ",,,"SAN DIEGO","SAN DIEGO",-117.2236358,32.870839259999997
8176874,2016,2016-12-02,3711,2016-11-14,1554,6950,,1,5,7,3711,0,0,0,,0,116,"COWLEY WY","FIELD ST",15.00,S,N,A,-,N,,,,,,,,,,N,4,0,1,2,A,-,09,21802,A,N,D,G,A,A,H,-,A,D,0,,Y,,,Y,,L,04,0,0,1,0,0,0,1,0,0,"- ","- ",,,"SAN DIEGO","SAN DIEGO",-117.19168141999999,32.79340955
8176913,2016,2016-12-02,3711,2016-11-15,1900,7536,,2,5,7,3711,0,0,0,,0,611,"CAMINO DEL RIO W","MOORE ST",0.00,,Y,A,-,N,,,,,,,,,,N,4,0,1,2,A,-,10,21950,A,N,G,B,D,A,-,-,C,D,0,Y,,,,Y,Y,A,01,0,0,1,0,1,0,0,0,0,"- ","- ",,,"SAN DIEGO","SAN DIEGO",-117.20497,32.755370040000003
8178645,2016,2016-12-06,3711,2016-11-18,1300,7238,,5,5,7,3711,0,0,0,,0,835,"THORN ST","MARLBOROUGH AV",0.00,,Y,A,-,N,,,,,,,,,,N,4,0,1,2,A,-,08,22107,,M,B,G,A,A,H,-,A,D,0,,Y,,,Y,,-,,0,0,1,0,0,0,1,0,0,"- ","- ",,,"SAN DIEGO","SAN DIEGO",-117.10579011,32.740300060000003
8178666,2016,2016-12-06,3711,2016-11-19,1906,7410,,6,5,7,3711,0,0,0,,0,813,"GRIM AV","MYRTLE AV",0.00,,Y,A,-,N,,,,,,,,,,N,4,0,1,2,A,-,09,21802,A,N,G,B,B,A,H,-,C,D,0,Y,,,,Y,,-,,0,0,1,0,1,0,0,0,0,"- ","- ",,,"SAN DIEGO","SAN DIEGO",-117.12821013,32.741970049999999
8178680,2016,2017-02-28,3711,2016-11-19,1756,5515,,6,5,7,3711,0,0,0,,0,625,"PACIFIC HWY","ROSECRANS ST",30.00,S,N,B,-,N,,,,,,,,,,N,4,0,1,2,A,-,"- ",,,N,G,B,B,A,H,-,C,-,0,Y,,,,Y,,N,60,0,0,1,0,1,0,0,0,0,"- ","- ",,,"SAN DIEGO","SAN DIEGO",-117.20110631,32.755307989999999
8178694,2016,2016-12-06,3711,2016-11-09,1000,7388,,3,5,7,3711,0,0,0,,0,517,BROADWAY,"21ST ST",9.00,W,N,A,-,N,,,,,,,,,,,4,0,1,2,A,-,04,21703,,N,D,G,A,A,G,-,A,D,0,,Y,,,Y,,L,04,0,0,1,0,0,0,1,0,0,"- ","- ",,,"SAN DIEGO","SAN DIEGO",-117.14495916,32.715779689999998
8178696,2016,2016-12-06,3711,2016-11-16,0926,6785,,3,5,7,3711,0,0,0,,0,242,"CAPRICORN WY","GANESTA RD",3.00,W,N,A,-,N,,,,,,,,,,N,4,0,1,2,A,-,12,22450,A,N,D,G,A,A,H,-,A,D,0,,Y,,,Y,,A,01,0,0,1,0,0,0,1,0,0,"- ","- ",,,"SAN DIEGO","SAN DIEGO",-117.13913974,32.924099830000003
8178711,2016,2016-12-06,3711,2016-11-05,2110,5555,,6,5,7,3711,0,0,0,,0,521,"MARKET ST","11TH AV",100.00,W,N,A,-,N,,,,,,,,,,N,4,0,2,3,A,-,10,21950,A,N,A,B,B,A,H,-,C,A,0,Y,,,,Y,,-,,0,0,2,0,2,0,0,0,0,"- ","- ",,,"SAN DIEGO","SAN DIEGO",-117.15498402999999,32.71152
8178718,2016,2016-12-06,3711,2016-11-07,2049,6553,,1,5,7,3711,0,0,0,,0,833,"UNIVERSITY AV","47TH ST",0.00,,Y,A,-,N,,,,,,,,,,Y,2,0,1,2,A,-,12,22450,A,N,D,G,A,A,H,-,C,A,0,,Y,,,Y,,L,04,1,0,0,0,0,0,1,0,0,"- ","- ",,,"SAN DIEGO","SAN DIEGO",-117.09333006,32.749570079999998
8179224,2016,2016-12-09,3711,2016-10-12,2025,4203,,3,5,7,3711,0,0,0,,0,242,"BLACK MOUNTAIN","GEMINI AV",23.00,N,N,A,-,N,,,,,,,,,,N,3,0,1,2,A,-,10,21950,A,N,G,B,B,A,H,-,C,A,0,Y,,,,Y,,-,,0,1,0,0,1,0,0,0,0,"- ","- ",,,"SAN DIEGO","SAN DIEGO",-117.12513103000001,32.919373
8179442,2016,2016-12-12,3711,2016-11-26,1313,5623,,6,5,7,3711,0,0,0,,0,714,"VIRGINIA AV","VIRGINIA AV  495",0.00,,N,B,-,N,,,,,,,,,,Y,3,0,1,2,A,-,21,22106,,N,-,B,E,A,H,-,A,D,0,Y,,,,Y,,A,01,0,1,0,0,1,0,0,0,0,"- ","- ",,,"SAN DIEGO","SAN DIEGO",-117.03654616999999,32.542342359999999
8179513,2016,2016-12-12,3711,2016-11-17,0933,6810,,4,5,7,3711,0,0,0,,0,932,"TORREY PINES RD","TORREY PINES RD  12660",0.00,N,N,A,-,N,,,,,,,,,,N,3,0,1,2,A,-,09,21804,A,N,D,G,A,A,G,-,A,D,0,,Y,,,Y,,-,,0,1,0,0,0,0,1,0,0,"- ","- ",,,"SAN DIEGO","SAN DIEGO",-117.27294802999999,32.841908189999998
8188613,2016,2017-01-10,3711,2016-12-02,1500,6998,,5,5,7,3711,0,0,0,,0,518,"FERN ST","GRAPE ST",22.00,S,N,A,-,N,,,,,,,,,,N,3,0,1,2,D,-,00,,,N,G,B,B,A,H,-,A,A,0,Y,,,,Y,,-,"- ",0,1,0,0,1,0,0,0,0,"- ","- ",,,"SAN DIEGO","SAN DIEGO",-117.12961,32.72654
8188789,2016,2017-03-30,3711,2016-12-01,1724,7542,,4,5,7,3711,0,0,0,,0,,"CHAMOUNE AV","POLK AV",10.00,S,N,A,-,N,,,,,,,,,,N,3,0,1,2,A,-,09,21800,A,F,B,G,A,A,H,-,C,A,0,,Y,,,Y,,-,,0,1,0,0,0,0,1,0,0,"- ","- ",,,"SAN DIEGO","SAN DIEGO",-117.09654062,32.751352609999998
8188798,2016,2017-04-07,3711,2016-12-04,0205,7469,SD,7,5,7,3711,0,0,0,,0,521,"11TH AV",BROADWAY,30.00,N,N,A,-,N,,,,,,,,,,N,2,0,1,2,A,-,11,21456,B,N,G,B,B,A,H,-,C,A,0,Y,,,,Y,Y,N,60,1,0,0,0,1,0,0,0,0,"- ","- ",,,"SAN DIEGO","SAN DIEGO",-117.15472836000001,32.715822170000003
8188846,2016,2016-12-14,3711,2016-11-29,0725,5133,,2,5,7,3711,0,0,0,,0,437,"S MEADOWBROOK DR","BROOKHAVEN RD",0.00,,Y,A,-,N,,,,,,,,,,N,4,0,1,2,A,-,09,21802,A,N,G,B,B,A,H,-,A,D,0,Y,,,,Y,,-,,0,0,1,0,1,0,0,0,0,"- ","- ",,,"SAN DIEGO","SAN DIEGO",-117.02970003,32.699880100000001
8189884,2016,2016-12-19,3711,2016-12-02,0715,7044,,5,5,7,3711,0,0,0,,0,626,"GOLDFINCH ST","WASHINGTON ST",0.00,,Y,A,-,N,,,,,,,,,,N,4,0,1,2,A,-,10,21950,A,N,A,B,B,A,H,-,A,A,0,Y,,,,Y,,-,,0,0,1,0,1,0,0,0,0,"- ","- ",,,"SAN DIEGO","SAN DIEGO",-117.17138011999999,32.749910059999998
8189908,2016,2016-12-19,3711,2016-12-05,1951,6372,,1,5,7,3711,0,0,0,,0,811,"CHEROKEE AV","ADAMS AV",160.00,N,N,A,-,N,,,,,,,,,,N,3,0,1,2,A,-,03,22350,,N,G,B,D,A,H,-,C,D,0,Y,,,,Y,,A,01,0,1,0,0,1,0,0,0,0,"- ","- ",,,"SAN DIEGO","SAN DIEGO",-117.11412,32.763758279999998
8190837,2016,2016-12-20,3711,2016-11-30,1407,7350,,3,5,7,3711,0,0,0,,0,524,"4TH AV","B ST",12.00,S,N,A,-,N,,,,,,,,,,N,3,0,1,2,A,-,11,21954,A,N,G,B,D,A,H,-,A,A,0,Y,,,,Y,,N,60,0,1,0,0,1,0,0,0,0,"- ","- ",,,"SAN DIEGO","SAN DIEGO",-117.16107968,32.717757130000003
8190977,2016,2016-12-21,3711,2016-12-08,1723,7119,,4,5,7,3711,0,0,0,,0,518,"FERN ST","GRAPE ST",6.00,W,N,A,-,N,,,,,,,,,,N,4,0,1,2,A,-,21,22106,,N,G,B,B,A,H,-,C,D,0,Y,,,,Y,Y,A,01,0,0,1,0,1,0,0,0,0,"- ","- ",,,"SAN DIEGO","SAN DIEGO",-117.12961,32.72654
8190989,2016,2016-12-20,3711,2016-12-08,1813,7410,,4,5,7,3711,0,0,0,,0,822,"ANDROS CT","ANDROS CT 5800",0.00,,-,A,-,N,,,,,,,,,,N,4,0,1,2,A,-,12,22450,A,N,B,G,A,A,H,-,C,D,0,,Y,,,Y,,L,04,0,0,1,0,0,0,1,0,0,"- ","- ",,,"SAN DIEGO","SAN DIEGO",-117.07299292,32.750550449999999
8192334,2016,2016-12-30,3711,2016-12-09,1430,7335,SD,5,5,7,3711,0,0,0,,0,811,"EL CAJON BL","37TH ST",0.00,,Y,A,-,N,,,,,,,,,,N,3,0,1,2,A,-,03,22350,,M,G,B,B,A,H,-,A,A,0,Y,,,,Y,,-,99,0,1,0,0,1,0,0,0,0,"- ","- ",,,"SAN DIEGO","SAN DIEGO",-117.11365001,32.755270009999997
8192342,2016,2016-12-30,3711,2016-12-09,1630,7447,SANDI,5,5,7,3711,0,0,0,,0,521,"6TH AV","J ST",0.00,,Y,A,-,N,,,,,,,,,,N,4,0,1,2,A,-,10,21950,A,M,G,B,B,A,H,-,B,D,0,Y,,,,Y,,-,99,0,0,1,0,1,0,0,0,0,"- ","- ",,,"SAN DIEGO","SAN DIEGO",-117.15920004,32.70940006
8192397,2016,2016-12-30,3711,2016-12-10,2317,6973,,6,5,7,3711,0,0,0,,0,433,"65TH ST","IMPERIAL AV",0.00,,Y,A,-,N,,,,,,,,,,N,4,0,1,2,A,-,08,22107,,N,D,G,A,A,H,-,C,A,0,,Y,,,Y,,-,,0,0,1,0,0,0,1,0,0,"- ","- ",,,"SAN DIEGO","SAN DIEGO",-117.05802008000001,32.710550019999999
8193724,2016,2017-01-14,3711,2016-12-12,1720,6902,SD,1,5,7,3711,0,0,0,,0,826,"48TH ST","ORANGE AV",48.00,N,N,A,-,N,,,,,,,,,,N,4,0,1,2,A,-,03,22350,,M,G,B,E,A,H,-,B,D,0,Y,,,,Y,,-,,0,0,1,0,1,0,0,0,0,"- ","- ",,,"SAN DIEGO","SAN DIEGO",-117.09115,32.753211479999997
8193760,2016,2017-01-14,3711,2016-12-14,2230,7436,,3,5,7,3711,0,0,0,,0,723,"CORONADO AV","DEARBORN DR",1.00,W,N,A,-,N,,,,,,,,,,N,4,0,1,2,A,I,17,21200,,N,B,G,A,A,-,-,C,D,0,,Y,,,Y,Y,L,04,0,0,1,0,0,0,1,0,0,"- ","- ",,,"SAN DIEGO","SAN DIEGO",-117.07377323,32.576479999999997
8194868,2016,2017-03-24,3711,2016-12-27,1820,6825,,2,5,7,3711,0,0,0,,0,243,"KEARNY VILLA RD","RT 163",275.00,N,N,A,-,N,,,,,,,,,,Y,3,0,1,2,A,-,08,22107,,N,C,G,A,A,H,-,C,D,0,,Y,,,Y,,-,,0,1,0,0,0,0,1,0,0,"- ","- ",,,"SAN DIEGO","SAN DIEGO",-117.11909,32.855069999999998
8197986,2016,2017-01-11,3711,2016-12-24,0000,6146,,6,5,7,3711,0,0,0,,0,313,"CLAIREMONT MESA BL","MERCURY ST",63.00,E,N,B,-,N,,,,,,,,,,N,4,0,1,2,A,-,11,21954,A,N,G,B,D,B,H,-,C,A,0,Y,,,,Y,Y,N,60,0,0,1,0,1,0,0,0,0,"- ","- ",,,"SAN DIEGO","SAN DIEGO",-117.1486957,32.832865679999998
8198183,2016,2017-01-06,3711,2016-12-26,2152,7502,,1,5,7,3711,0,0,0,,0,528,"STATE ST","W BEECH ST",5.00,N,N,A,-,N,,,,,,,,,,N,4,0,1,2,A,-,10,21950,A,N,G,B,B,A,H,-,C,-,0,Y,,,,Y,,-,"- ",0,0,1,0,1,0,0,0,0,"- ","- ",,,"SAN DIEGO","SAN DIEGO",-117.16651974,32.720893699999998
8198219,2016,2017-01-06,3711,2016-12-22,0613,7322,,4,5,7,3711,0,0,0,,0,724,"PALM AV","HOLLISTER AV",30.00,E,N,B,C,N,,,,,,,,,,,4,0,1,2,A,-,11,21955,,N,G,B,B,B,H,-,B,A,0,Y,,,,Y,,-,"- ",0,0,1,0,1,0,0,0,0,"- ","- ",,,"SAN DIEGO","SAN DIEGO",-117.08397328,32.583786910000001
8198236,2016,2017-01-06,3711,2016-12-27,1552,6200,,2,5,7,3711,0,0,0,,0,312,"ANTIGUA BL","TORTUGA CT",0.00,,Y,A,-,N,,,,,,,,,,N,3,0,1,2,A,-,08,22107,,N,D,G,A,A,H,-,A,D,0,,Y,,,Y,,-,,0,1,0,0,0,0,1,0,0,"- ","- ",,,"SAN DIEGO","SAN DIEGO",-117.10192008999999,32.833920059999997
8199204,2016,2017-01-04,3711,2016-12-14,2024,4310,,3,5,7,3711,0,0,0,,0,826,"EL CAJON BL","50TH ST",20.00,E,N,A,-,N,,,,,,,,,,N,2,0,1,2,A,-,10,21954,B,F,G,B,E,A,H,-,C,D,0,Y,,,,Y,,A,01,1,0,0,0,1,0,0,0,0,"- ","- ",,,"SAN DIEGO","SAN DIEGO",-117.08676613999999,32.756799460000003
8199219,2016,2017-01-26,3711,2016-12-18,1614,7255,SD,7,5,7,3711,0,0,0,,0,614,"ABBOTT ST","CAPE MAY AV",100.00,N,N,A,-,N,,,,,,,,,,N,3,0,1,2,A,-,11,21954,A,F,G,B,D,A,H,-,A,D,0,Y,,,,Y,Y,N,60,0,1,0,0,1,0,0,0,0,"- ","- ",,,"SAN DIEGO","SAN DIEGO",-117.2503761,32.750719570000001
8199326,2016,2017-01-03,3711,2016-12-15,1810,6412,,4,5,7,3711,0,0,0,,0,834,"UNIVERSITY AV","41ST ST",48.00,W,N,C,-,N,,,,,,,,,,N,4,0,1,2,A,-,08,22107,,N,D,G,A,B,H,-,C,D,0,,Y,,,Y,,L,04,0,0,1,0,0,0,1,0,0,"- ","- ",,,"SAN DIEGO","SAN DIEGO",-117.10709559,32.749690000000001
8199357,2016,2017-01-03,3711,2016-12-14,1236,8192,,3,5,7,3711,0,0,0,,0,834,"42ND ST","DWIGHT ST",10.00,S,N,A,-,N,,,,,,,,,,N,3,0,1,2,A,-,03,22350,,M,A,B,D,A,H,-,A,A,0,Y,,,,Y,,-,,0,1,0,0,1,0,0,0,0,"- ","- ",,,"SAN DIEGO","SAN DIEGO",-117.10452029,32.744012609999999
8200371,2017,2017-03-20,3711,2017-02-09,0831,6774,,4,5,7,3711,0,0,0,,0,246,"SCRIPPS POWAY PKWY","ANGELIQUE ST",12.00,W,N,A,-,N,,,,,,,,,,N,2,0,1,2,A,-,12,21453,A,N,G,B,-,A,H,-,A,A,0,Y,,,,Y,,A,01,1,0,0,0,1,0,0,0,0,"- ","- ",,,"SAN DIEGO","SAN DIEGO",-117.0730781,32.934423070000001
8200375,2017,2017-03-15,3711,2017-02-27,1843,5812,"SAN D",1,5,7,3711,0,0,0,,0,126,"NORTH TORREY PINES RD","SCRIPPS WY",0.00,,Y,A,-,N,,,,,,,,,,N,4,0,1,2,A,-,10,21950,A,N,G,B,-,A,H,-,A,A,0,Y,,,,Y,,A,01,0,0,1,0,1,0,0,0,0,"- ","- ",,,"SAN DIEGO","SAN DIEGO",-117.24145621,32.895012080000001
8200519,2017,2017-03-23,3711,2017-02-07,1749,5985,,2,5,7,3711,0,0,0,,0,451,"REDWOOD ST","SUE ST",0.00,,Y,B,-,N,,,,,,,,,,N,2,0,2,3,A,-,11,21954,A,N,G,B,D,A,H,-,C,D,0,Y,,,,Y,,N,60,1,0,1,0,2,0,0,0,0,"- ","- ",,,"SAN DIEGO","SAN DIEGO",-117.07359001,32.740720119999999
8201610,2017,2017-03-30,3711,2017-03-13,0859,7033,NORTH,1,5,7,3711,0,0,0,,0,116,"CLAIREMONT DR","BURGENER BL",90.00,N,N,E,-,N,,,,,,,,,,N,3,0,1,2,A,-,11,21955,,N,G,B,D,A,H,-,A,A,0,Y,,,,Y,,N,60,0,1,0,0,1,0,0,0,0,"- ","- ",,,"SAN DIEGO","SAN DIEGO",-117.19400337,32.794575399999999
8201645,2017,2017-03-29,3711,2017-03-07,0913,7416,,2,5,7,3711,0,0,0,,0,531,"PERSHING DR","FLORIDA DR",1.00,S,N,A,-,N,,,,,,,,,,N,3,0,1,2,A,-,06,21755,,N,B,G,A,A,H,-,A,A,0,,Y,,,Y,,L,04,0,1,0,0,0,0,1,0,0,"- ","- ",,,"SAN DIEGO","SAN DIEGO",-117.14262248,32.722718229999998
8202968,2016,2017-01-13,3711,2016-12-21,1552,6886,SD,3,5,7,3711,0,0,0,,0,831,"EL CAJON BL","MENLO AV",12.00,E,N,B,-,N,,,,,,,,,,N,4,0,1,2,A,-,11,21456,B,N,G,B,B,A,H,-,A,A,0,Y,,,,Y,,N,60,0,0,1,0,1,0,0,0,0,"- ","- ",,,"SAN DIEGO","SAN DIEGO",-117.0943017,32.755755729999997
8202984,2016,2017-01-13,3711,2016-12-22,1743,5700,,4,5,7,3711,0,0,0,,0,518,"FERN ST","CEDAR ST",0.00,,Y,C,-,N,,,,,,,,,,N,3,0,1,2,A,-,21,22106,,N,G,B,B,B,H,-,C,A,0,Y,,,,Y,Y,-,,0,1,0,0,1,0,0,0,0,"- ","- ",,,"SAN DIEGO","SAN DIEGO",-117.12932003,32.722340070000001
8202988,2016,2017-01-14,3711,2016-12-21,1531,6425,SD,3,5,7,3711,0,0,0,,0,521,"11TH ST",BROADWAY,0.00,,Y,B,-,N,,,,,,,,,,N,4,0,1,2,A,-,17,21451,A,N,D,G,A,A,H,-,A,A,0,,Y,,,Y,,-,,0,0,1,0,0,0,1,0,0,"- ","- ",,,"SAN DIEGO","SAN DIEGO",-117.15473013,32.715740029999999
8203024,2016,2017-01-13,3711,2016-12-17,1855,5555,,6,5,7,3711,0,0,0,,0,511,"SOUTH 32ND ST","BOSTON AV",75.00,S,N,A,-,N,,,,,,,,,,N,3,0,1,2,A,-,10,21950,C,N,A,B,D,A,H,-,C,D,0,Y,,,,Y,,-,,0,1,0,0,1,0,0,0,0,"- ","- ",,,"SAN DIEGO","SAN DIEGO",-117.12530537000001,32.693694600000001
8205661,2016,2017-01-13,3711,2016-12-13,0922,HB5831,,2,5,7,3711,0,0,0,,0,720,"HARBOR DR","HARBOR DR 3835",0.00,,Y,A,-,N,,,,,,,,,,N,3,0,1,2,A,-,"- ",,,N,B,B,D,A,H,-,A,D,0,Y,,,,Y,,A,01,0,1,0,0,1,0,0,0,0,"- ","- ",,,"SAN DIEGO","SAN DIEGO",-117.20441221999999,32.729473249999998
8207690,2016,2017-01-13,3711,2016-12-28,1518,6817,"SAN D",3,5,7,3711,0,0,0,,0,123,"MISSION BAY DR","SEA WORLD DR",363.00,W,N,A,-,N,,,,,,,,,,N,3,0,1,2,A,-,08,22107,,N,B,G,A,A,H,-,A,D,0,,Y,,,Y,,L,04,0,1,0,0,0,0,1,0,0,"- ","- ",,,"SAN DIEGO","SAN DIEGO",-117.23117959,32.762037329999998
8207708,2016,2017-04-04,3711,2016-12-25,1956,6372,,7,5,7,3711,0,0,0,,0,123,"SEA WORLD DR","FRIARS RD",0.00,,Y,A,-,N,,,,,,,,,,Y,1,1,0,2,A,-,12,21453,A,N,D,G,A,A,H,-,C,A,0,,Y,,,Y,Y,L,04,0,0,0,0,0,1,0,0,0,"- ","- ",,,"SAN DIEGO","SAN DIEGO",-117.20969011,32.763540050000003
8207722,2016,2017-01-13,3711,2016-12-24,1840,5972,,6,5,7,3711,0,0,0,,0,446,"47TH ST","IMPERIAL AV",0.00,,Y,B,-,N,,,,,,,,,,N,2,0,1,2,A,-,12,21453,A,N,H,G,A,A,H,-,C,A,0,,Y,,,Y,Y,L,04,1,0,0,0,0,0,1,0,0,"- ","- ",,,"SAN DIEGO","SAN DIEGO",-117.09370011999999,32.704150040000002
8207747,2016,2017-01-13,3711,2016-12-31,0005,7549,,6,5,7,3711,0,0,0,,0,524,"7TH AV","7TH ST",25.00,W,N,B,C,N,,,,,,,,,,N,4,0,2,3,A,-,10,21950,A,N,G,B,B,B,H,-,C,A,0,Y,,,,Y,,A,01,0,0,2,0,2,0,0,0,0,"- ","- ",,,"SAN DIEGO","SAN DIEGO",-117.15837999999999,32.749490000000002
8207755,2016,2017-01-13,3711,2016-12-31,2150,7510,,6,5,7,3711,0,0,0,,0,515,"25TH ST","IMPERIAL AV",15.00,N,N,C,-,N,,,,,,,,,,N,3,0,1,2,A,-,10,21950,A,N,G,B,B,B,H,-,C,A,0,Y,,,,Y,,-,,0,1,0,0,1,0,0,0,0,"- ","- ",,,"SAN DIEGO","SAN DIEGO",-117.1401912,32.706391080000003
8207997,2017,2017-01-18,3711,2017-01-01,1530,7077,"SAN D",7,5,7,3711,0,0,0,,0,315,"MISSION CENTER RD","MISSION CENTER RD 5100",0.00,,Y,A,-,N,,,,,,,,,,N,4,0,1,2,A,-,17,21461,A,N,D,G,A,A,H,-,A,A,0,,Y,,,Y,,A,01,0,0,1,0,0,0,1,0,0,"- ","- ",32.769500000000001,-117.15430000000001,"SAN DIEGO","SAN DIEGO",-117.15435416,32.769480100000003
8282745,2017,2017-01-18,3711,2017-01-05,1540,7341,,4,5,7,3711,0,0,0,,0,623,"BACHMAN PL","HOTEL CIRCLE SOUTH",200.00,S,N,C,-,N,,,,,,,,,,N,3,0,1,2,A,-,08,22107,,N,D,G,A,B,H,-,A,D,0,,Y,,,Y,,-,,0,1,0,0,0,0,1,0,0,"- ","- ",,,"SAN DIEGO","SAN DIEGO",-117.16756909,32.760013229999998
8282789,2017,2017-01-18,3711,2017-01-07,1747,7410,,6,5,7,3711,0,0,0,,0,813,"GRANADA AV","NORTH PARK WY",0.00,,Y,A,-,N,,,,,,,,,,N,3,0,1,2,A,-,10,21950,A,N,G,B,B,A,H,-,C,D,0,Y,,,,Y,,-,,0,1,0,0,1,0,0,0,0,"- ","- ",,,"SAN DIEGO","SAN DIEGO",-117.13190001,32.74733002
8282832,2017,2017-01-27,3711,2017-01-07,1406,6841,SD,6,5,7,3711,0,0,0,,0,113,"MORAGA ST","GEDDES ST",300.00,N,N,A,-,N,,,,,,,,,,N,3,0,1,2,A,-,17,22517,,N,H,G,A,A,H,-,A,D,0,,Y,,,Y,,-,,0,1,0,0,0,0,1,0,0,"- ","- ",,,"SAN DIEGO","SAN DIEGO",-117.21466653,32.824661069999998
8282856,2017,2017-01-27,3711,2017-01-07,1302,7298,SD,6,5,7,3711,0,0,0,,0,242,"CAMINO RUIZ","GOLD COAST DR",300.00,N,N,A,-,N,,,,,,,,,,N,4,0,1,2,A,-,08,22107,,N,B,G,A,A,H,-,A,D,0,,Y,,,Y,,A,01,0,0,1,0,0,0,1,0,0,"- ","- ",,,"SAN DIEGO","SAN DIEGO",-117.14612888000001,32.906148440000003
8286908,2017,2017-01-25,3711,2017-01-10,1925,5672,,2,5,7,3711,0,0,0,,0,111,"CLAREMONT MESA BL","RT 805",0.00,,Y,A,-,N,,,,,,,,,,N,4,0,1,2,A,-,08,22107,,N,H,G,A,A,H,-,D,D,0,,Y,,,Y,,A,01,0,0,1,0,0,0,1,0,0,"- ","- ",,,"SAN DIEGO","SAN DIEGO",-117.16965008,32.833450089999999
8286916,2017,2017-01-25,3711,2017-01-08,2130,7532,,7,5,7,3711,0,0,0,,0,834,"UNIVERSITY AV","43RD ST",3.00,E,N,A,-,N,,,,,,,,,,N,4,0,1,2,A,-,12,21453,A,M,G,B,B,A,H,-,A,A,0,Y,,,,Y,,A,01,0,0,1,0,1,0,0,0,0,"- ","- ",,,"SAN DIEGO","SAN DIEGO",-117.10201028,32.74961983