CASE_ID,ACCIDENT_YEAR,PROC_DATE,JURIS,COLLISION_DATE,COLLISION_TIME,OFFICER_ID,REPORTING_DISTRICT,DAY_OF_WEEK,CHP_SHIFT,POPULATION,CNTY_CITY_LOC,SPECIAL_COND,BEAT_TYPE,CHP_BEAT_TYPE,CITY_DIVISION_LAPD,CHP_BEAT_CLASS,BEAT_NUMBER,PRIMARY_RD,SECONDARY_RD,DISTANCE,DIRECTION,INTERSECTION,WEATHER_1,WEATHER_2,STATE_HWY_IND,CALTRANS_COUNTY,CALTRANS_DISTRICT,STATE_ROUTE,ROUTE_SUFFIX,POSTMILE_PREFIX,POSTMILE,LOCATION_TYPE,RAMP_INTERSECTION,SIDE_OF_HWY,TOW_AWAY,COLLISION_SEVERITY,NUMBER_KILLED,NUMBER_INJURED,PARTY_COUNT,PRIMARY_COLL_FACTOR,PCF_CODE_OF_VIOL,PCF_VIOL_CATEGORY,PCF_VIOLATION,PCF_VIOL_SUBSECTION,HIT_AND_RUN,TYPE_OF_COLLISION,MVIW,PED_ACTION,ROAD_SURFACE,ROAD_COND_1,ROAD_COND_2,LIGHTING,CONTROL_DEVICE,CHP_ROAD_TYPE,PEDESTRIAN_ACCIDENT,BICYCLE_ACCIDENT,MOTORCYCLE_ACCIDENT,TRUCK_ACCIDENT,NOT_PRIVATE_PROPERTY,ALCOHOL_INVOLVED,STWD_VEHTYPE_AT_FAULT,CHP_VEHTYPE_AT_FAULT,COUNT_SEVERE_INJ,COUNT_VISIBLE_INJ,COUNT_COMPLAINT_PAIN,COUNT_PED_KILLED,COUNT_PED_INJURED,COUNT_BICYCLIST_KILLED,COUNT_BICYCLIST_INJURED,COUNT_MC_KILLED,COUNT_MC_INJURED,PRIMARY_RAMP,SECONDARY_RAMP,LATITUDE,LONGITUDE,COUNTY,CITY,POINT_X,POINT_Y
8286919,2017,2017-01-25,3711,2017-01-11,0757,7546,,3,5,7,3711,0,0,0,,0,531,"6TH AV","SPRUCE ST",22.00,S,N,A,-,N,,,,,,,,,,N,3,0,1,2,A,-,"- ",,,N,C,G,A,B,H,-,A,D,0,,Y,,,Y,,A,01,0,1,0,0,0,0,1,0,0,"- ","- ",,,"SAN DIEGO","SAN DIEGO",-117.15942,32.738649729999999
8286944,2017,2017-01-25,3711,2017-01-10,1851,4759,"SAN D",2,5,7,3711,0,0,0,,0,126,"SCIENCE CENTER DR","GENESEE AV",59.00,N,N,B,-,N,,,,,,,,,,N,4,0,1,2,A,-,10,21952,,N,D,B,F,A,H,-,D,D,0,Y,,,,Y,,A,01,0,0,1,0,1,0,0,0,0,"- ","- ",,,"SAN DIEGO","SAN DIEGO",-117.23342297000001,32.889397969999997
8289403,2017,2017-01-27,3711,2017-01-14,1200,7052,SD,6,5,7,3711,0,0,0,,0,517,BROADWAY,"22ND ST",0.00,,Y,A,-,N,,,,,,,,,,N,4,0,1,2,A,-,10,21950,A,N,G,B,B,A,H,-,A,D,0,Y,,,,Y,,-,,0,0,1,0,1,0,0,0,0,"- ","- ",,,"SAN DIEGO","SAN DIEGO",-117.14403005,32.715810079999997
8289427,2017,2017-01-27,3711,2017-01-17,0752,6774,,2,5,7,3711,0,0,0,,0,,"CLAIREMONT MESA BL","LA CUENTA DR",16.00,E,N,A,-,N,,,,,,,,,,N,4,0,1,2,A,-,10,21950,A,N,G,B,B,A,H,-,A,A,0,Y,,,,Y,,A,07,0,0,1,0,1,0,0,0,0,"- ","- ",,,"SAN DIEGO","SAN DIEGO",-117.09579812,32.8270415
8290619,2017,2017-02-23,3711,2017-01-16,0523,7485,,1,5,7,3711,0,0,0,,0,521,IMPERIAL,"16TH AV",0.00,,Y,A,-,N,,,,,,,,,,N,3,0,1,2,A,-,11,21456,B,N,G,B,B,A,H,-,C,A,0,Y,,,,Y,,N,60,0,1,0,0,1,0,0,0,0,"- ","- ",,,"SAN DIEGO","SAN DIEGO",-117.14945001,32.706280049999997
8290972,2017,2017-02-03,3711,2017-01-20,1824,6854,,5,5,7,3711,0,0,0,,0,811,"ADAMS AV","CHEROKEE AV",0.00,,Y,B,C,N,,,,,,,,,,N,4,0,1,2,A,-,10,21950,A,N,G,B,B,B,H,-,C,A,0,Y,,,,Y,,-,,0,0,1,0,1,0,0,0,0,"- ","- ",,,"SAN DIEGO","SAN DIEGO",-117.11412008000001,32.763320039999996
8290998,2017,2017-02-02,3711,2017-01-14,0906,6532,,6,5,7,3711,0,0,0,,0,836,"FAIRMONT AV","THORN ST",0.00,,Y,A,-,N,,,,,,,,,,N,2,0,1,2,A,-,12,21453,A,M,G,B,B,A,H,-,A,A,0,Y,,,,Y,,-,99,1,0,0,0,1,0,0,0,0,"- ","- ",,,"SAN DIEGO","SAN DIEGO",-117.10097008,32.740230009999998
8291012,2017,2017-02-03,3711,2017-01-22,2200,5672,,7,5,7,3711,0,0,0,,0,313,"TOPAZ WY","KEARNY VILLA RD",200.00,E,N,C,-,N,,,,,,,,,,N,4,0,1,2,A,-,03,22350,,M,G,B,D,B,H,-,C,D,0,Y,,,,Y,,-,,0,0,1,0,1,0,0,0,0,"- ","- ",,,"SAN DIEGO","SAN DIEGO",-117.13654472,32.835486969999998
8295287,2017,2017-02-10,3711,2017-01-20,0516,7345,,5,5,7,3711,0,0,0,,0,111,"MOUNT ABERNATHY AV","BALBOA AV",2.00,N,N,C,-,N,,,,,,,,,,N,3,0,1,2,A,-,11,21456,B,N,G,B,B,B,H,-,C,A,0,Y,,,,Y,,-,"- ",0,1,0,0,1,0,0,0,0,"- ","- ",,,"SAN DIEGO","SAN DIEGO",-117.17613965,32.820395470000001
8295295,2017,2017-02-10,3711,2017-01-21,1542,7314,,6,5,7,3711,0,0,0,,0,122,"CASS ST","FELSPAR ST",6.00,S,N,A,-,N,,,,,,,,,,,3,0,1,2,A,-,09,21801,A,N,B,G,A,A,H,-,A,A,0,,Y,,,Y,Y,-,,0,1,0,0,0,0,1,0,0,"- ","- ",,,"SAN DIEGO","SAN DIEGO",-117.25211504000001,32.798254100000001
8295311,2017,2017-02-06,3711,2017-01-09,1720,5046,,1,5,7,3711,0,0,0,,0,321,"5900 RANCHO MISSION RD","5800 RANCHO MISSION RD",0.00,,Y,A,-,N,,,,,,,,,,N,2,0,2,3,A,-,10,21954,B,N,G,B,D,A,H,-,C,D,0,Y,,,,Y,,A,01,2,0,0,0,2,0,0,0,0,"- ","- ",,,"SAN DIEGO","SAN DIEGO",,
8304004,2016,2017-09-08,3711,2016-11-10,2220,6815,SANDI,4,5,7,3711,0,0,0,,0,614,"SUNSET CLIFFS BL","CAPE MAY AV",0.00,,Y,A,-,N,,,,,,,,,,N,2,0,1,2,A,-,09,21801,A,N,D,G,A,A,H,-,C,D,0,,Y,,,Y,,A,01,1,0,0,0,0,0,1,0,0,"- ","- ",,,"SAN DIEGO","SAN DIEGO",-117.24545003,32.747260050000001
8304016,2017,2017-03-23,3711,2017-01-30,0826,6817,SANDI,1,5,7,3711,0,0,0,,0,124,"OLIVETAS AV","COAST BL",15.00,N,N,A,-,N,,,,,,,,,,N,3,0,1,2,A,-,03,22350,,N,D,G,A,A,H,-,A,D,0,,Y,,,Y,,-,,0,1,0,0,0,0,1,0,0,"- ","- ",,,"SAN DIEGO","SAN DIEGO",-117.28012741000001,32.839338400000003
8304040,2017,2017-03-22,3711,2017-01-25,0856,6702,,3,5,7,3711,0,0,0,,0,446,"IMPERIAL AV","49TH ST",0.00,,Y,A,-,N,,,,,,,,,,N,3,0,1,2,A,-,10,21950,A,N,G,B,B,A,H,-,A,A,0,Y,,,,Y,,A,01,0,1,0,0,1,0,0,0,0,"- ","- ",,,"SAN DIEGO","SAN DIEGO",-117.0893701,32.704140100000004
8304063,2017,2017-03-23,3711,2017-01-30,1825,7341,,1,5,7,3711,0,0,0,,0,114,"CLAIREMONT MESA BL","LIMERICK AV",490.00,W,N,A,-,N,,,,,,,,,,N,3,0,1,2,A,-,08,22107,,M,G,B,E,A,H,-,C,D,0,Y,,,,Y,,-,99,0,1,0,0,1,0,0,0,0,"- ","- ",,,"SAN DIEGO","SAN DIEGO",-117.18033757000001,32.834359110000001
8304075,2017,2017-03-23,3711,2017-01-28,1830,7171,,6,5,7,3711,0,0,0,,0,614,"NEWPORT AV",CABLE,200.00,W,N,A,-,N,,,,,,,,,,N,3,0,3,2,A,-,11,21954,A,N,G,B,D,A,H,-,C,D,0,Y,,,,Y,Y,N,60,0,1,2,0,1,0,0,0,0,"- ","- ",,,"SAN DIEGO","SAN DIEGO",-117.24983466,32.746121950000003
8304095,2017,2017-02-08,3711,2017-01-29,0810,6329,,7,5,7,3711,0,0,0,,0,838,"UNIVERSITY AV","39TH ST",0.00,,Y,A,-,N,,,,,,,,,,N,4,0,1,2,A,-,10,21950,A,M,-,B,B,A,H,-,A,A,0,Y,,,,Y,,-,,0,0,1,0,1,0,0,0,0,"- ","- ",,,"SAN DIEGO","SAN DIEGO",-117.11065003,32.749690049999998
8304151,2017,2017-02-08,3711,2017-01-17,2300,7511,,2,5,7,3711,0,0,0,,0,524,"6TH AV",BROADWAY,4.00,S,N,A,-,N,,,,,,,,,,N,4,0,1,2,A,-,10,21950,A,M,D,G,A,A,H,-,C,A,0,,Y,,,Y,,-,,0,0,1,0,0,0,1,0,0,"- ","- ",,,"SAN DIEGO","SAN DIEGO",-117.15924990000001,32.715699039999997
8304599,2017,2017-02-14,3711,2017-01-31,1530,7503,,2,5,7,3711,0,0,0,,0,529,"6TH AV","THORN ST",9.00,S,N,A,-,N,,,,,,,,,,N,4,0,1,2,A,-,09,21801,A,N,D,G,A,A,H,-,A,D,0,,Y,,,Y,,A,01,0,0,1,0,0,0,1,0,0,"- ","- ",,,"SAN DIEGO","SAN DIEGO",-117.15942973,32.739725350000001
8305129,2017,2017-03-15,3711,2017-02-01,1738,6799,,3,5,7,3711,0,0,0,,0,111,"BALBOA AV","SHOPPING CENTER DRWY",0.00,,Y,A,-,N,,,,,,,,,,N,4,0,1,2,A,-,10,21950,A,N,G,B,B,A,H,-,B,D,0,Y,,,,Y,,-,,0,0,1,0,1,0,0,0,0,"- ","- ",,,"SAN DIEGO","SAN DIEGO",-117.18003362,32.82003667
8305133,2017,2017-03-15,3711,2017-02-01,1537,5985,,3,5,7,3711,0,0,0,,0,518,"GRAPE ST","FERN ST",0.00,,Y,A,-,N,,,,,,,,,,N,4,0,1,2,A,-,10,21950,A,N,G,B,B,A,H,-,A,A,0,Y,,,,Y,,A,01,0,0,1,0,1,0,0,0,0,"- ","- ",,,"SAN DIEGO","SAN DIEGO",-117.12961002,32.726540079999999
8305137,2017,2017-03-30,3711,2017-02-01,0614,7111,SD,3,5,7,3711,0,0,0,,0,521,"17TH ST","IMPERIAL AV",0.00,,Y,A,-,N,,,,,,,,,,N,4,0,2,3,A,-,11,21456,B,N,A,B,B,A,H,-,B,A,0,Y,,,,Y,,N,60,0,0,2,0,2,0,0,0,0,"- ","- ",,,"SAN DIEGO","SAN DIEGO",-117.14851006000001,32.70627004
8305141,2017,2017-03-16,3711,2017-02-01,1645,6499,,3,5,7,3711,0,0,0,,0,438,"ROANOKE ST","MORNINGSIDE ST",5.00,W,N,A,-,N,,,,,,,,,,N,3,0,1,2,A,-,11,21950,B,N,G,B,D,A,H,-,A,A,0,Y,,,,Y,,N,60,0,1,0,0,1,0,0,0,0,"- ","- ",,,"SAN DIEGO","SAN DIEGO",-117.06325269,32.672571490000003
8305246,2017,2017-02-15,3711,2017-01-28,1943,6146,,6,5,7,3711,0,0,0,,0,114,"CLAIREMONT DR","HIAWATHA WY",274.00,N,N,A,-,N,,,,,,,,,,N,2,0,1,2,A,-,11,21954,A,N,G,B,E,A,H,-,C,D,0,Y,,,,Y,,N,60,1,0,0,0,1,0,0,0,0,"- ","- ",,,"SAN DIEGO","SAN DIEGO",-117.20450889,32.820720590000001
8305483,2017,2017-02-27,3711,2017-01-30,2104,7265,,1,5,7,3711,0,0,0,,0,625,"AMPUDIA ST","JEFFERSON ST",21.00,W,N,A,-,N,,,,,,,,,,N,4,0,1,2,A,-,11,21954,A,N,G,B,B,A,H,-,C,-,0,Y,,,,Y,Y,N,60,0,0,1,0,1,0,0,0,0,"- ","- ",,,"SAN DIEGO","SAN DIEGO",-117.19353966,32.749453240000001
8305691,2017,2017-02-16,3711,2017-02-01,1453,6391,,3,5,7,3711,0,0,0,,0,242,"MARAUDER WY","HILLERY DR",6.00,S,N,A,-,N,,,,,,,,,,N,3,0,1,2,A,-,11,21950,B,N,G,B,D,A,H,-,A,D,0,Y,,,,Y,,N,60,0,1,0,0,1,0,0,0,0,"- ","- ",,,"SAN DIEGO","SAN DIEGO",-117.13867217000001,32.911290719999997
8305724,2017,2017-02-16,3711,2017-02-04,1920,131,SANDI,6,5,7,3711,0,0,0,,0,124,"PEARL ST","DRAPER AV",0.00,,Y,B,-,N,,,,,,,,,,N,4,0,1,2,A,-,10,21950,A,M,G,B,B,A,H,-,C,A,0,Y,,,,Y,Y,A,01,0,0,1,0,1,0,0,0,0,"- ","- ",,,"SAN DIEGO","SAN DIEGO",-117.27611003,32.839670089999998
8305747,2017,2017-02-16,3711,2017-02-05,1801,7200,,7,5,7,3711,0,0,0,,0,122,"GARNET AV","EVERTS ST",4.00,W,N,B,-,N,,,,,,,,,,N,4,0,1,2,A,-,03,22350,,N,C,G,A,A,H,-,C,A,0,,Y,,,Y,,-,,0,0,1,0,0,0,1,0,0,"- ","- ",,,"SAN DIEGO","SAN DIEGO",-117.24818255,32.79813721
8305800,2017,2017-02-24,3711,2017-02-01,1852,7080,,3,5,7,3711,0,0,0,,0,451,"REDWOOD ST","54TH ST",30.00,N,N,A,-,N,,,,,,,,,,N,3,0,1,2,A,-,12,21453,A,N,G,B,B,A,H,-,C,A,0,Y,,,,Y,,-,,0,1,0,0,1,0,0,0,0,"- ","- ",,,"SAN DIEGO","SAN DIEGO",-117.07982,32.737679999999997
8305819,2017,2017-02-24,3711,2017-02-07,1041,6156,SD,2,5,7,3711,0,0,0,,0,122,"MISSION BAY DR","MISSION BAY DR 4600",0.00,,N,B,-,N,,,,,,,,,,N,4,0,1,2,A,-,11,21950,B,N,G,B,B,A,H,-,A,A,0,Y,,,,Y,,-,,0,0,1,0,1,0,0,0,0,"- ","- ",,,"SAN DIEGO","SAN DIEGO",-117.21814870999999,32.804649070000004
8305823,2017,2017-02-24,3711,2017-02-01,1414,5498,,3,5,7,3711,0,0,0,,0,521,"14TH ST",BROADWAY,17.00,S,N,A,-,N,,,,,,,,,,N,4,0,1,2,A,-,10,21950,A,N,G,B,B,A,H,-,A,A,0,Y,,,,Y,Y,A,01,0,0,1,0,1,0,0,0,0,"- ","- ",,,"SAN DIEGO","SAN DIEGO",-117.15194044,32.715713430000001
8305958,2017,2017-12-26,3711,2017-02-06,1816,7372,,1,5,7,3711,0,0,0,,0,441,"S 45TH ST","S 45TH ST 900",0.00,,-,B,C,N,,,,,,,,,,N,3,0,1,2,A,-,11,21950,B,N,G,B,D,B,H,-,C,A,0,Y,,,,Y,Y,N,60,0,1,0,0,1,0,0,0,0,"- ","- ",,,"SAN DIEGO","SAN DIEGO",-117.09804475,32.696820719999998
8306239,2017,2017-02-27,3711,2017-02-08,1629,5522,,3,5,7,3711,0,0,0,,0,327,"MONTEZUMA RD","COLLEGE AV",3.00,W,N,A,-,N,,,,,,,,,,N,4,0,1,2,A,-,"- ",,,N,G,B,B,A,H,-,A,A,0,Y,,,,Y,,-,,0,0,1,0,1,0,0,0,0,"- ","- ",,,"SAN DIEGO","SAN DIEGO",-117.06981972,32.77071016
8311890,2017,2017-03-01,3711,2017-02-04,1512,5918,,6,5,7,3711,0,0,0,,0,442,"BOSTON AV","S 40TH ST",100.00,W,N,A,-,N,,,,,,,,,,N,3,0,1,2,A,-,11,21954,A,N,G,B,D,A,H,-,A,A,0,Y,,,,Y,,N,60,0,1,0,0,1,0,0,0,0,"- ","- ",,,"SAN DIEGO","SAN DIEGO",-117.10845393,32.693927909999999
8313389,2017,2017-02-27,3711,2017-02-13,1000,6976,"SAN D",1,5,7,3711,0,0,0,,0,611,ROSECRANS,KURTZ,0.00,,Y,A,-,N,,,,,,,,,,N,3,0,1,2,A,-,06,21750,,N,D,G,A,A,H,-,A,A,0,,Y,,,Y,,-,,0,1,0,0,0,0,1,0,0,"- ","- ",,,"SAN DIEGO","SAN DIEGO",-117.20388007,32.752310110000003
8313390,2017,2017-02-27,3711,2017-02-06,1844,4653,,1,5,7,3711,0,0,0,,0,242,"CARROLL CANYON RD","CAMINITO JOVIAL",199.00,E,N,B,C,N,,,,,,,,,,Y,2,0,1,2,A,-,11,21954,A,N,G,B,D,B,H,-,D,D,0,Y,,,,Y,,N,60,1,0,0,0,1,0,0,0,0,"- ","- ",,,"SAN DIEGO","SAN DIEGO",-117.11941919,32.903270159999998
8313394,2017,2017-02-27,3711,2017-02-09,0739,5600,,4,5,7,3711,0,0,0,,0,813,"MYRTLE AV","ARNOLD AV",0.00,,Y,A,-,N,,,,,,,,,,N,2,0,1,2,A,-,12,22450,A,N,D,G,A,A,H,-,A,A,0,,Y,,,Y,,L,04,1,0,0,0,0,0,1,0,0,"- ","- ",,,"SAN DIEGO","SAN DIEGO",-117.13680004,32.742110080000003
8313429,2017,2017-02-27,3711,2017-02-12,1221,7470,,7,5,7,3711,0,0,0,,0,122,"GARNET AV","HAINES ST",0.00,,Y,A,-,N,,,,,,,,,,N,3,0,1,2,A,-,10,21950,A,N,G,B,B,A,H,-,A,A,0,Y,,,,Y,,-,,0,1,0,0,1,0,0,0,0,"- ","- ",,,"SAN DIEGO","SAN DIEGO",-117.24271001,32.799390039999999
8314862,2016,2017-05-04,3711,2016-12-06,1215,1564,,2,5,7,3711,0,0,0,,0,521,"C ST","PARK BL",0.00,,Y,A,-,N,,,,,,,,,,N,3,0,1,2,A,-,08,22107,,N,G,B,B,A,H,-,A,A,0,Y,,,,Y,,A,01,0,1,0,0,1,0,0,0,0,"- ","- ",32.716799999999999,-117.15371,"SAN DIEGO","SAN DIEGO",-117.15374007,32.71680001
8316131,2017,2017-02-23,3711,2017-02-09,1545,7347,SD,4,5,7,3711,0,0,0,,0,512,"CESAR E CHAVEZ PKWY","JULIAN AV",12.00,S,N,A,-,N,,,,,,,,,,N,3,0,2,3,A,-,11,21950,B,N,G,B,C,A,H,-,A,D,0,Y,,,,Y,,-,"- ",0,1,1,0,2,0,0,0,0,"- ","- ",,,"SAN DIEGO","SAN DIEGO",-117.14272618,32.703065690000003
8323461,2017,2017-03-16,3711,2017-02-26,1213,6194,,7,5,7,3711,0,0,0,,0,517,BROADWAY,"26TH ST",150.00,W,N,B,-,N,,,,,,,,,,N,4,0,1,2,A,-,21,22106,,N,G,B,E,A,H,-,A,D,0,Y,,,,Y,Y,-,,0,0,1,0,1,0,0,0,0,"- ","- ",,,"SAN DIEGO","SAN DIEGO",-117.13867309,32.715774709999998
8323485,2017,2017-03-16,3711,2017-02-27,1800,7017,SD,1,5,7,3711,0,0,0,,0,611,"WOMBLE ST","WOMBLE ST  2800",0.00,,N,C,-,N,,,,,,,,,,N,3,0,1,2,A,-,10,21950,,N,A,B,B,B,H,-,D,D,0,Y,,,,Y,,-,,0,1,0,0,1,0,0,0,0,"- ","- ",,,"SAN DIEGO","SAN DIEGO",-117.21623719,32.73484474
8326124,2017,2017-05-30,3711,2017-02-17,1147,7381,,5,5,7,3711,0,0,0,,0,524,"WEST ASH ST","STATE ST",40.00,E,N,A,-,N,,,,,,,,,,N,3,0,1,2,A,-,08,22107,,N,B,G,A,A,H,-,A,A,0,,Y,,,Y,,A,01,0,1,0,0,0,0,1,0,0,"- ","- ",,,"SAN DIEGO","SAN DIEGO",-117.16637039,32.719858530000003
8326132,2017,2017-05-24,3711,2017-02-25,0911,5046,,6,5,7,3711,0,0,0,,0,521,BROADWAY,"14TH ST",0.00,,Y,A,-,N,,,,,,,,,,N,3,0,1,2,A,-,08,22107,,N,B,G,A,A,A,-,A,D,0,,Y,,,Y,,L,04,0,1,0,0,0,0,1,0,0,"- ","- ",,,"SAN DIEGO","SAN DIEGO",-117.15194001,32.715760099999997
8326739,2017,2017-04-05,3711,2017-03-03,2150,4310,,5,5,7,3711,0,0,0,,0,521,"11TH AV","MARKET ST",10.00,N,N,A,-,N,,,,,,,,,,N,4,0,1,2,A,-,10,21950,A,N,G,B,B,A,H,-,C,A,0,Y,,,,Y,,A,01,0,0,1,0,1,0,0,0,0,"- ","- ",,,"SAN DIEGO","SAN DIEGO",-117.15466051999999,32.71154739
8326743,2017,2017-12-26,3711,2017-03-01,0700,7491,,3,5,7,3711,0,0,0,,0,433,"GOODE ST","TOOMA ST",10.00,E,N,A,-,N,,,,,,,,,,N,4,0,1,2,A,-,10,21950,A,N,G,B,B,A,-,-,A,A,0,Y,,,,Y,,A,08,0,0,1,0,1,0,0,0,0,"- ","- ",,,"SAN DIEGO","SAN DIEGO",-117.03460234000001,32.682742959999999
8326798,2017,2017-04-01,3711,2017-03-01,1300,4759,,3,5,7,3711,0,0,0,,0,122,"GARNET AV","FOGG ST",15.00,E,N,A,-,N,,,,,,,,,,N,4,0,1,2,A,-,09,21801,A,N,D,G,A,A,H,-,A,D,0,,Y,,,Y,,-,,0,0,1,0,0,0,1,0,0,"- ","- ",,,"SAN DIEGO","SAN DIEGO",-117.2260641,32.803267740000003
8329728,2017,2017-03-29,3711,2017-03-09,2039,7183,SDCE,4,5,7,3711,0,0,0,,0,521,"IMPERIAL AV","17TH ST",0.00,,Y,A,-,N,,,,,,,,,,N,3,0,1,2,A,-,11,21456,B,N,G,B,B,A,H,-,C,A,0,Y,,,,Y,,N,60,0,1,0,0,1,0,0,0,0,"- ","- ",,,"SAN DIEGO","SAN DIEGO",-117.14851006000001,32.70627004
8330082,2017,2017-03-29,3711,2017-03-17,0855,4491,,5,5,7,3711,0,0,0,,0,432,GROVELAND,"SAN JACINTO",0.00,,Y,A,-,N,,,,,,,,,,Y,3,0,1,2,A,-,12,22450,A,N,D,G,A,A,H,-,A,A,0,,Y,,,Y,,L,04,0,1,0,0,0,0,1,0,0,"- ","- ",,,"SAN DIEGO","SAN DIEGO",-117.08314009,32.707700060000001
8330086,2017,2017-03-29,3711,2017-03-17,2022,7183,CE2,5,5,7,3711,0,0,0,,0,521,"11TH AV","F ST",6.00,N,N,A,-,N,,,,,,,,,,N,3,0,1,2,A,-,10,21950,A,N,G,B,B,A,H,-,C,A,0,Y,,,,Y,,-,,0,1,0,0,1,0,0,0,0,"- ","- ",,,"SAN DIEGO","SAN DIEGO",-117.15469,32.713656440000001
8330978,2017,2017-04-04,3711,2017-03-23,1710,7538,,4,5,7,3711,0,0,0,,0,824,"FAIRMOUNT AV","ALDINE DR",4224.00,N,N,A,-,N,,,,,,,,,,N,3,0,1,2,A,-,08,22107,,N,B,G,A,A,H,-,A,D,0,,Y,,,Y,,L,04,0,1,0,0,0,0,1,0,0,"- ","- ",,,"SAN DIEGO","SAN DIEGO",-117.09788743999999,32.774172800000002
8330990,2017,2017-04-04,3711,2017-03-23,0641,7629,,4,5,7,3711,0,0,0,,0,437,"PARADISE VALLEY RD","BRIARWOOD RD",15.00,W,N,A,-,N,,,,,,,,,,N,3,0,1,2,A,-,10,21950,A,N,G,B,B,A,H,-,A,A,0,Y,,,,Y,,A,07,0,1,0,0,1,0,0,0,0,"- ","- ",,,"SAN DIEGO","SAN DIEGO",-117.03683739,32.691750939999999
8335149,2017,2017-04-05,3711,2017-02-19,0837,6532,,7,5,7,3711,0,0,0,,0,615,"KEATS ST","KEATS ST 3100",0.00,,N,B,-,N,,,,,,,,,,N,3,0,1,2,A,-,03,22350,,M,C,G,A,B,H,-,A,D,0,,Y,,,Y,,-,99,0,1,0,0,0,0,1,0,0,"- ","- ",,,"SAN DIEGO","SAN DIEGO",-117.22737193,32.728618840000003
8335242,2017,2017-04-05,3711,2017-03-18,1230,6976,,6,5,7,3711,0,0,0,,0,611,"ROSECRANS ST","ROSECRANS ST 3853",0.00,,-,A,-,N,,,,,,,,,,N,4,0,1,2,A,-,11,21950,B,N,G,B,C,A,H,-,A,D,0,Y,,,,Y,,N,60,0,0,1,0,1,0,0,0,0,"- ","- ",32.753999999999998,-117.20229999999999,"SAN DIEGO","SAN DIEGO",-117.20235586,32.754035629999997
8335461,2017,2017-04-08,3711,2017-03-17,0555,7396,SANDI,5,5,7,3711,0,0,0,,0,521,"J ST","J ST 1700",1.00,N,N,A,-,N,,,,,,,,,,N,3,0,1,2,A,-,12,21453,A,N,D,G,A,A,H,-,B,A,0,,Y,,,Y,,L,04,0,1,0,0,0,0,1,0,0,"- ","- ",,,"SAN DIEGO","SAN DIEGO",-117.14854269999999,32.709388619999999
8336308,2017,2017-04-19,3711,2017-04-05,1543,6328,,3,5,7,3711,0,0,0,,0,627,"UNIVERSITY AV","UNIVERSITY AV 700",3.00,N,N,A,-,N,,,,,,,,,,N,3,0,1,2,A,-,03,22350,,N,D,G,A,A,C,E,A,A,0,,Y,,,Y,Y,L,04,0,1,0,0,0,0,1,0,0,"- ","- ",,,"SAN DIEGO","SAN DIEGO",,
8336553,2017,2017-04-25,3711,2017-03-28,1505,4643,,2,5,7,3711,0,0,0,,0,813,"30TH ST","POLK AV",75.00,S,N,A,-,N,,,,,,,,,,N,4,0,1,2,A,-,17,22517,,N,B,G,A,A,H,-,A,D,0,,Y,,,Y,,J,48,0,0,1,0,0,0,1,0,0,"- ","- ",,,"SAN DIEGO","SAN DIEGO",-117.13019568,32.752024589999998
8336948,2017,2017-05-13,3711,2017-04-29,2040,7321,,6,5,7,3711,0,0,0,,0,838,"EL CAJON BL","36TH ST",8.00,W,N,A,-,N,,,,,,,,,,N,3,0,1,2,A,-,10,21950,A,N,G,B,C,A,H,-,C,D,0,Y,,,,Y,,-,,0,1,0,0,1,0,0,0,0,"- ","- ",,,"SAN DIEGO","SAN DIEGO",-117.11580592999999,32.755290250000002
8337042,2017,2017-06-17,3711,2017-05-05,2001,7626,,5,5,7,3711,0,0,0,,0,614,"SUNSET CLIFFS BL","WEST POINT LOMA BL",207.00,N,N,A,-,N,,,,,,,,,,N,3,0,1,2,A,-,11,21955,,N,B,B,D,A,H,-,C,A,0,Y,,,,Y,,N,60,0,1,0,0,1,0,0,0,0,"- ","- ",,,"SAN DIEGO","SAN DIEGO",-117.24186951999999,32.751395049999999
8338670,2017,2017-04-10,3711,2017-03-11,1841,6372,,6,5,7,3711,0,0,0,,0,,"KNOXVILLE ST","MORENA BL",237.00,N,N,A,-,N,,,,,,,,,,N,2,0,1,2,A,-,09,21804,A,F,G,B,D,A,H,-,D,D,0,Y,,,,Y,,A,01,1,0,0,0,1,0,0,0,0,"- ","- ",,,"SAN DIEGO","SAN DIEGO",-117.20335265999999,32.773787949999999
8339273,2017,2017-04-13,3711,2017-04-02,0200,7376,,7,5,7,3711,0,0,0,,0,122,"MISSION BL","PACIFIC BEACH DR",500.00,S,N,A,-,N,,,,,,,,,,N,3,0,1,2,A,-,21,22106,,M,G,B,F,A,H,-,C,D,0,Y,,,,Y,Y,-,,0,1,0,0,1,0,0,0,0,"- ","- ",,,"SAN DIEGO","SAN DIEGO",-117.25341174,32.789611530000002
8343683,2017,2017-04-14,3711,2017-03-29,1957,5985,,3,5,7,3711,0,0,0,,0,512,"SOUTH 30TH ST","OCEAN VIEW BL",148.00,S,N,A,-,N,,,,,,,,,,N,3,0,1,2,A,-,11,21950,B,N,G,B,D,A,H,-,C,D,0,Y,,,,Y,Y,N,60,0,1,0,0,1,0,0,0,0,"- ","- ",,,"SAN DIEGO","SAN DIEGO",-117.12951056999999,32.700764659999997
8343743,2017,2017-04-14,3711,2017-03-29,1343,7464,SDPD,3,5,7,3711,0,0,0,,0,839,"UNIVERSITY AV","SWIFT AV",0.00,,Y,A,-,N,,,,,,,,,,N,4,0,1,2,A,-,03,22350,,N,D,G,A,A,H,-,A,A,0,,Y,,,Y,,L,04,0,0,1,0,0,0,1,0,0,"- ","- ",,,"SAN DIEGO","SAN DIEGO",-117.11928004000001,32.749770030000001