CASE_ID,ACCIDENT_YEAR,PROC_DATE,JURIS,COLLISION_DATE,COLLISION_TIME,OFFICER_ID,REPORTING_DISTRICT,DAY_OF_WEEK,CHP_SHIFT,POPULATION,CNTY_CITY_LOC,SPECIAL_COND,BEAT_TYPE,CHP_BEAT_TYPE,CITY_DIVISION_LAPD,CHP_BEAT_CLASS,BEAT_NUMBER,PRIMARY_RD,SECONDARY_RD,DISTANCE,DIRECTION,INTERSECTION,WEATHER_1,WEATHER_2,STATE_HWY_IND,CALTRANS_COUNTY,CALTRANS_DISTRICT,STATE_ROUTE,ROUTE_SUFFIX,POSTMILE_PREFIX,POSTMILE,LOCATION_TYPE,RAMP_INTERSECTION,SIDE_OF_HWY,TOW_AWAY,COLLISION_SEVERITY,NUMBER_KILLED,NUMBER_INJURED,PARTY_COUNT,PRIMARY_COLL_FACTOR,PCF_CODE_OF_VIOL,PCF_VIOL_CATEGORY,PCF_VIOLATION,PCF_VIOL_SUBSECTION,HIT_AND_RUN,TYPE_OF_COLLISION,MVIW,PED_ACTION,ROAD_SURFACE,ROAD_COND_1,ROAD_COND_2,LIGHTING,CONTROL_DEVICE,CHP_ROAD_TYPE,PEDESTRIAN_ACCIDENT,BICYCLE_ACCIDENT,MOTORCYCLE_ACCIDENT,TRUCK_ACCIDENT,NOT_PRIVATE_PROPERTY,ALCOHOL_INVOLVED,STWD_VEHTYPE_AT_FAULT,CHP_VEHTYPE_AT_FAULT,COUNT_SEVERE_INJ,COUNT_VISIBLE_INJ,COUNT_COMPLAINT_PAIN,COUNT_PED_KILLED,COUNT_PED_INJURED,COUNT_BICYCLIST_KILLED,COUNT_BICYCLIST_INJURED,COUNT_MC_KILLED,COUNT_MC_INJURED,PRIMARY_RAMP,SECONDARY_RAMP,LATITUDE,LONGITUDE,COUNTY,CITY,POINT_X,POINT_Y
8344077,2017,2017-04-18,3711,2017-03-23,1440,4656,SANDI,4,5,7,3711,0,0,0,,0,242,"WESTVIEW PKWY","MIRA MESA BL",3.00,S,N,A,-,N,,,,,,,,,,N,2,0,1,2,A,-,10,21950,A,N,G,B,B,A,H,-,A,A,0,Y,,,,Y,,D,22,1,0,0,0,1,0,0,0,0,"- ","- ",,,"SAN DIEGO","SAN DIEGO",-117.12051914,32.917311810000001
8345274,2017,2017-04-25,3711,2017-04-02,1835,7278,"SAN D",7,5,7,3711,0,0,0,,0,442,"GOODYEAR ST","BOSTON AV",15.00,S,N,A,-,N,,,,,,,,,,N,3,0,1,2,A,-,17,21663,,N,A,B,F,A,H,-,A,D,0,Y,,,,Y,,-,,0,1,0,0,1,0,0,0,0,"- ","- ",,,"SAN DIEGO","SAN DIEGO",-117.11559,32.693930000000002
8346104,2017,2017-04-18,3711,2017-04-10,0710,7526,,1,5,7,3711,0,0,0,,0,723,"PALM AV","BEYER BL",0.00,,Y,A,-,N,,,,,,,,,,N,4,0,1,2,A,-,12,21453,A,N,B,G,A,A,H,-,A,A,0,,Y,,,Y,,L,04,0,0,1,0,0,0,1,0,0,"- ","- ",32.583750000000002,-117.0711,"SAN DIEGO","SAN DIEGO",-117.07124005,32.583880069999999
8346237,2017,2017-04-19,3711,2017-04-08,1645,7556,,6,5,7,3711,0,0,0,,0,521,"PARK BL","J ST",18.00,E,N,A,-,N,,,,,,,,,,N,4,0,1,2,B,-,22,,,N,G,B,B,A,H,-,A,A,0,Y,,,,Y,,A,01,0,0,1,0,1,0,0,0,0,"- ","- ",,,"SAN DIEGO","SAN DIEGO",-117.15374,32.709409999999998
8347208,2017,2017-04-17,3711,2017-04-05,1719,6052,,3,5,7,3711,0,0,0,,0,521,"IMPERIAL AV","12TH AV",35.00,W,N,A,-,N,,,,,,,,,,N,4,0,1,2,A,-,05,21202,A,N,H,G,A,A,G,-,A,D,0,,Y,,,Y,,L,04,0,0,1,0,0,0,1,0,0,"- ","- ",,,"SAN DIEGO","SAN DIEGO",-117.15392339,32.706278599999997
8347232,2017,2017-04-17,3711,2017-04-03,1500,7006,,1,5,7,3711,0,0,0,,0,825,"KENSINGTON DR","ADAMS AV",0.00,,Y,B,-,N,,,,,,,,,,N,4,0,1,2,A,-,10,21950,A,M,G,B,B,A,H,-,A,D,0,Y,,,,Y,,-,,0,0,1,0,1,0,0,0,0,"- ","- ",,,"SAN DIEGO","SAN DIEGO",-117.10736,32.763260109999997
8349598,2017,2017-04-27,3711,2017-04-06,2215,6542,,4,5,7,3711,0,0,0,,0,451,"EUCLID AV","FEDERAL BL",200.00,S,N,A,-,N,,,,,,,,,,N,4,0,1,2,A,-,21,22106,,N,G,B,F,A,H,-,C,D,0,Y,,,,Y,,-,,0,0,1,0,1,0,0,0,0,"- ","- ",,,"SAN DIEGO","SAN DIEGO",-117.08495449,32.720872190000001
8351811,2017,2017-12-26,3711,2017-03-29,1804,7123,,3,5,7,3711,0,0,0,,0,438,"POTOMAC ST","POTOMAC ST 15955",0.00,,Y,A,-,N,,,,,,,,,,N,4,0,1,2,A,-,11,21954,A,N,G,B,D,A,H,-,A,D,0,Y,,,,Y,,N,60,0,0,1,0,1,0,0,0,0,"- ","- ",,,"SAN DIEGO","SAN DIEGO",-117.05897123,32.679722390000002
8352040,2017,2017-12-26,3711,2017-04-16,1656,7340,SD,7,5,7,3711,0,0,0,,0,824,"MONROE AV","DAWSON AV",0.00,E,Y,A,-,N,,,,,,,,,,N,3,0,1,2,A,-,10,21950,A,N,A,B,C,A,H,-,A,D,0,Y,,,,Y,,A,01,0,1,0,0,1,0,0,0,0,"- ","- ",,,"SAN DIEGO","SAN DIEGO",-117.08252005999999,32.758950069999997
8352044,2017,2017-05-03,3711,2017-04-13,1114,5624,,4,5,7,3711,0,0,0,,0,451,"COLLEGE GROVE DR","54TH ST",0.00,,Y,A,-,N,,,,,,,,,,Y,3,0,1,2,A,-,12,21453,A,N,D,G,A,A,H,-,A,A,0,,Y,,,Y,,L,04,0,1,0,0,0,0,1,0,0,"- ","- ",,,"SAN DIEGO","SAN DIEGO",-117.07965009999999,32.73586006
8352067,2017,2017-05-03,3711,2017-04-18,1546,6070,,2,5,7,3711,0,0,0,,0,124,"FAY AV","PROSPECT ST",0.00,,N,A,-,N,,,,,,,,,,N,4,0,1,2,A,-,21,22106,,N,C,B,E,A,H,-,A,D,0,Y,,,,Y,,-,,0,0,1,0,1,0,0,0,0,"- ","- ",,,"SAN DIEGO","SAN DIEGO",-117.27574001000001,32.846400019999997
8352242,2017,2017-06-10,3711,2017-04-20,1900,7194,,4,5,7,3711,0,0,0,,0,326,"53RD ST","AZTEC WALK",0.00,,Y,A,-,N,,,,,,,,,,N,3,0,1,2,A,-,11,21456,B,N,G,B,D,A,H,-,B,A,0,Y,,,,Y,,N,60,0,1,0,0,1,0,0,0,0,"- ","- ",,,"SAN DIEGO","SAN DIEGO",,
8356082,2017,2017-05-02,3711,2017-04-20,2210,8861,,4,5,7,3711,0,0,0,,0,611,"ROSECRANS ST","LYTTON ST",4.00,S,N,A,-,N,,,,,,,,,,N,3,0,1,2,A,-,05,21650,1,N,B,G,A,A,H,-,C,A,0,,Y,,,Y,,L,04,0,1,0,0,0,0,1,0,0,"- ","- ",,,"SAN DIEGO","SAN DIEGO",-117.21260666000001,32.744310599999999
8357895,2017,2017-05-11,3711,2017-04-29,1900,6854,,6,5,7,3711,0,0,0,,0,814,"ADAMS AV","HAWLEY BL",0.00,,N,A,-,N,,,,,,,,,,N,4,0,2,3,A,-,11,21950,B,N,G,B,B,A,H,-,A,A,0,Y,,,,Y,,N,60,0,0,2,0,2,0,0,0,0,"- ","- ",,,"SAN DIEGO","SAN DIEGO",-117.11945007,32.763350109999998
8359438,2017,2017-05-09,3711,2017-04-30,2355,6104,,7,5,7,3711,0,0,0,,0,613,"ETIWANDA ST","VALETA ST",0.00,,Y,A,-,N,,,,,,,,,,N,3,0,1,4,A,-,08,22107,,M,A,B,E,A,H,-,C,D,0,Y,,,,Y,,-,,0,1,0,0,1,0,0,0,0,"- ","- ",,,"SAN DIEGO","SAN DIEGO",-117.23496003,32.751060039999999
8359690,2017,2017-05-09,3711,2017-04-28,0730,6915,,5,5,7,3711,0,0,0,,0,511,"NEWTON AV","SAMPSON ST",98.00,W,N,A,-,N,,,,,,,,,,N,4,0,1,2,A,-,11,21950,B,N,G,B,E,A,E,-,A,D,0,Y,,,,Y,,N,60,0,0,1,0,1,0,0,0,0,"- ","- ",,,"SAN DIEGO","SAN DIEGO",-117.14111618,32.696569529999998
8359757,2017,2017-05-16,3711,2017-04-26,1644,7473,,3,5,7,3711,0,0,0,,0,451,"EUCLID AV","FEDERAL BL",12.00,N,N,A,-,N,,,,,,,,,,N,4,0,1,2,A,-,12,21453,A,M,D,G,A,A,H,-,A,A,0,,Y,,,Y,,A,01,0,0,1,0,0,0,1,0,0,"- ","- ",,,"SAN DIEGO","SAN DIEGO",-117.08494888,32.721452859999999
8361444,2017,2017-05-16,3711,2017-04-30,1057,7042,,7,5,7,3711,0,0,0,,0,621,"LINDA VISTA RD","GENESEE AV",90.00,S,N,A,-,N,,,,,,,,,,N,3,0,1,2,A,-,00,21453,,N,B,G,A,A,H,-,A,A,0,,Y,,,Y,,L,04,0,1,0,0,0,0,1,0,0,"- ","- ",,,"SAN DIEGO","SAN DIEGO",-117.16616569,32.791369779999997
8361577,2017,2017-05-22,3711,2017-05-05,0531,8447,,5,5,7,3711,0,0,0,,0,713,"SIEMPRE VIVA RD","ROLL DR",9.00,E,N,A,-,N,,,,,,,,,,N,4,0,2,3,A,-,11,21954,A,M,G,B,D,A,H,-,B,D,0,Y,,,,Y,,N,60,0,0,2,0,2,0,0,0,0,"- ","- ",,,"SAN DIEGO","SAN DIEGO",-116.93762339,32.556519979999997
8361581,2017,2017-05-17,3711,2017-05-06,2130,4849,,6,5,7,3711,0,0,0,,0,528,"W HAWTHORNE ST","INDIA ST",0.00,,Y,B,-,N,,,,,,,,,,N,4,0,1,2,A,-,11,21950,B,M,B,B,B,B,H,-,C,A,0,Y,,,,Y,,A,,0,0,1,0,1,0,0,0,0,"- ","- ",,,"SAN DIEGO","SAN DIEGO",-117.16945,32.726420099999999
8361593,2017,2017-05-17,3711,2017-05-06,0040,7581,,6,5,7,3711,0,0,0,,0,441,"T ST","38TH ST",130.00,W,N,A,-,N,,,,,,,,,,N,3,0,1,3,A,-,08,22107,,M,B,B,E,A,H,-,-,D,0,Y,,,,Y,Y,-,,0,1,0,0,1,0,0,0,0,"- ","- ",,,"SAN DIEGO","SAN DIEGO",-117.11290115,32.698949999999996
8362661,2017,2017-05-12,3711,2017-05-01,0700,7283,,1,5,7,3711,0,0,0,,0,446,IMPERIAL,"47TH ST",5.00,W,N,A,-,N,,,,,,,,,,N,4,0,1,2,A,-,10,21950,A,N,G,B,B,A,H,-,A,A,0,Y,,,,Y,,-,,0,0,1,0,1,0,0,0,0,"- ","- ",,,"SAN DIEGO","SAN DIEGO",-117.0937162,32.704149999999998
8370009,2017,2017-05-22,3711,2017-05-04,1815,7123,,4,5,7,3711,0,0,0,,0,433,"65TH ST","BROOKLYN AV",0.00,N,Y,A,-,N,,,,,,,,,,N,4,0,1,2,A,-,03,22350,,M,C,G,A,A,H,-,A,D,0,,Y,,,Y,,-,"- ",0,0,1,0,0,0,1,0,0,"- ","- ",,,"SAN DIEGO","SAN DIEGO",-117.05804010999999,32.713130030000002
8370041,2017,2017-05-17,3711,2017-05-04,1657,7576,,4,5,7,3711,0,0,0,,0,822,"UNIVERSITY AV","54TH ST",100.00,W,N,B,-,N,,,,,,,,,,N,3,0,1,2,A,-,11,21950,B,N,G,B,D,A,H,-,B,A,0,Y,,,,Y,,N,60,0,1,0,0,1,0,0,0,0,"- ","- ",,,"SAN DIEGO","SAN DIEGO",-117.07979170999999,32.748865109999997
8370045,2017,2017-05-17,3711,2017-05-05,1430,7453,,5,5,7,3711,0,0,0,,0,831,"ORANGE AV","CENTRAL AV",0.00,,Y,A,-,N,,,,,,,,,,N,3,0,1,2,A,-,08,22107,,N,D,G,A,A,H,-,A,D,0,,Y,,,Y,,A,01,0,1,0,0,0,0,1,0,0,"- ","- ",,,"SAN DIEGO","SAN DIEGO",-117.10824006999999,32.753210029999998
8370502,2017,2017-05-19,3711,2017-05-09,1442,7176,SANDI,2,5,7,3711,0,0,0,,0,517,"28TH ST","TREAT ST",0.00,,Y,B,-,N,,,,,,,,,,N,3,0,1,2,A,-,08,22107,,N,B,G,A,A,H,-,A,D,0,,Y,,,Y,,A,01,0,1,0,0,0,0,1,0,0,"- ","- ",,,"SAN DIEGO","SAN DIEGO",-117.13377001000001,32.714350039999999
8370530,2017,2017-05-19,3711,2017-05-10,1441,6979,3711,3,5,7,3711,0,0,0,,0,114,"CLAIREMONT DR","CLAIREMONT MESA BL",0.00,,Y,B,-,N,,,,,,,,,,N,4,0,1,2,A,-,05,21650,1,N,B,G,A,A,H,-,A,A,0,,Y,,,Y,,L,04,0,0,1,0,0,0,1,0,0,"- ","- ",,,"SAN DIEGO","SAN DIEGO",-117.20615013,32.827710089999997
8372018,2017,2017-06-08,3711,2017-05-03,1351,7423,,3,5,7,3711,0,0,0,,0,627,"WEST WASHINGTON ST","W WASHINGTON ST 900",0.00,,N,A,-,N,,,,,,,,,,N,4,0,1,2,A,-,10,21950,A,N,D,B,B,A,H,-,A,A,0,Y,,,,Y,,-,"- ",0,0,1,0,1,0,0,0,0,"- ","- ",,,"SAN DIEGO","SAN DIEGO",-117.17137903,32.74990528
8372046,2017,2017-06-08,3711,2017-05-14,2225,7575,,7,5,7,3711,0,0,0,,0,521,"15TH ST","ISLAND AV",84.00,N,N,A,-,N,,,,,,,,,,N,4,0,1,2,A,I,"- ",,,N,G,B,E,A,H,-,C,D,0,Y,,,,Y,,N,60,0,0,1,0,1,0,0,0,0,"- ","- ",,,"SAN DIEGO","SAN DIEGO",-117.15035645,32.710690040000003
8372054,2017,2017-05-23,3711,2017-05-09,1344,8192,,2,5,7,3711,0,0,0,,0,824,"EL CAJON BL","HIGHLAND AV",5.00,W,N,B,-,N,,,,,,,,,,N,4,0,1,2,A,-,10,21950,A,N,A,B,B,A,H,-,A,A,0,Y,,,,Y,,A,07,0,0,1,0,1,0,0,0,0,"- ","- ",,,"SAN DIEGO","SAN DIEGO",-117.09921605,32.755098109999999
8372341,2017,2017-05-25,3711,2017-05-16,1735,5840,,2,5,7,3711,0,0,0,,0,625,"TAYLOR ST","PACIFIC HWY",40.00,E,N,A,-,N,,,,,,,,,,N,3,0,1,2,A,-,12,21453,A,M,-,G,A,A,H,-,A,-,0,,Y,,,Y,,L,04,0,1,0,0,0,0,1,0,0,"- ","- ",,,"SAN DIEGO","SAN DIEGO",-117.20097147,32.755404609999999
8375240,2017,2018-07-20,3711,2017-05-22,0730,7129,,1,5,7,3711,0,0,0,,0,437,"S MEADOWBROOK DR","BROOKHAVEN RD",0.00,,Y,A,-,N,,,,,,,,,,N,3,0,1,2,A,-,12,22450,A,N,G,B,B,A,H,-,A,D,0,Y,,,,Y,,-,,0,1,0,0,1,0,0,0,0,"- ","- ",,,"SAN DIEGO","SAN DIEGO",-117.02970003,32.699880100000001
8375273,2017,2017-06-06,3711,2017-05-23,1632,6443,,2,5,7,3711,0,0,0,,0,813,"KANSAS ST","COLLIER AV",0.00,,Y,A,-,N,,,,,,,,,,N,3,0,1,2,A,-,12,22450,A,N,-,G,A,A,H,-,A,A,0,,Y,,,Y,,L,04,0,1,0,0,0,0,1,0,0,"- ","- ",,,"SAN DIEGO","SAN DIEGO",-117.13144013,32.764730030000003
8375501,2017,2017-06-07,3711,2017-05-26,0925,6252,,5,5,7,3711,0,0,0,,0,826,"EL CAJON BL","ALTADENA AV",0.00,,Y,B,-,N,,,,,,,,,,N,3,0,2,2,A,-,10,21950,A,N,G,B,B,A,H,-,A,A,0,Y,,,,Y,,A,01,0,1,1,0,1,0,0,0,0,"- ","- ",,,"SAN DIEGO","SAN DIEGO",-117.08575001,32.756950089999997
8376392,2016,2018-02-14,3711,2016-07-23,1709,7288,2,6,5,7,3711,0,0,0,,0,001,"PALM AV","RT 5",15.00,E,-,A,-,Y,SD,11,5,-,-,4.464,R,4,N,N,4,0,1,2,A,-,12,21453,A,N,H,G,A,-,H,-,A,A,0,,Y,,,Y,,A,01,0,0,1,0,0,0,1,0,0,"- ",NF,,,"SAN DIEGO","SAN DIEGO",-117.08652386999999,32.581397989999999
8382082,2017,2017-06-14,3711,2017-05-27,1920,7118,,6,5,7,3711,0,0,0,,0,,"MARKET ST","11TH AV",0.00,,Y,A,-,N,,,,,,,,,,N,3,0,1,2,A,-,11,21456,B,N,G,B,B,A,H,-,A,A,0,Y,,,,Y,,N,60,0,1,0,0,1,0,0,0,0,"- ","- ",,,"SAN DIEGO","SAN DIEGO",-117.15466008999999,32.711520030000003
8382102,2017,2017-06-29,3711,2017-05-25,1415,7320,SE,4,5,7,3711,0,0,0,,0,437,"CASEY ST","ATTLEBOROUGH CT",300.00,S,N,A,-,N,,,,,,,,,,N,4,0,1,2,A,-,11,21954,A,N,G,B,D,A,H,-,A,A,0,Y,,,,Y,,N,60,0,0,1,0,1,0,0,0,0,"- ","- ",,,"SAN DIEGO","SAN DIEGO",-117.03867706,32.68052161
8382299,2017,2017-06-13,3711,2017-05-08,1020,4507,SDSU,1,5,7,3711,0,0,0,,0,00C,"AZTEC CIRCLE DR",ASU,0.00,,-,A,-,N,,,,,,,,,,N,4,0,1,2,-,-,"- ",,,N,D,G,A,A,H,-,A,D,0,,Y,,,Y,,-,"- ",0,0,1,0,0,0,1,0,0,"- ","- ",32.773739999999997,-117.06892000000001,"SAN DIEGO","SAN DIEGO",,
8384347,2017,2017-06-27,3711,2017-06-18,0708,7460,SANDI,7,5,7,3711,0,0,0,,0,627,"NORMAL ST","LINCOLN AV",0.00,,-,B,-,N,,,,,,,,,,N,3,0,1,2,A,-,21,22106,,N,G,B,E,A,H,-,A,D,0,Y,,,,Y,,A,01,0,1,0,0,1,0,0,0,0,"- ","- ",32.7502,-117.1491,"SAN DIEGO","SAN DIEGO",-117.14857010999999,32.751100100000002
8384394,2017,2017-07-03,3711,2017-06-06,2127,6621,SD,2,5,7,3711,0,0,0,,0,122,"GRAND AV","CASS ST",6.00,E,N,A,-,N,,,,,,,,,,N,4,0,1,3,A,-,09,21801,A,N,G,G,A,A,H,-,C,A,0,,Y,,,Y,Y,A,01,0,0,1,0,0,0,1,0,0,"- ","- ",,,"SAN DIEGO","SAN DIEGO",-117.25124112,32.795533990000003
8384433,2017,2017-07-03,3711,2017-06-15,0420,7104,,4,5,7,3711,0,0,0,,0,233,"CARMEL MOUNTAIN RD","PASEO CARDIEL",12.00,E,N,A,-,N,,,,,,,,,,N,4,0,1,2,A,-,10,21950,A,N,G,B,B,A,H,-,C,A,0,Y,,,,Y,,A,08,0,0,1,0,1,0,0,0,0,"- ","- ",,,"SAN DIEGO","SAN DIEGO",-117.11354143,32.960834820000002
8384793,2017,2017-06-28,3711,2017-06-21,0155,6282,,3,5,7,3711,0,0,0,,0,813,"30TH ST","EL CAJON BL",0.00,,Y,A,-,N,,,,,,,,,,N,3,0,1,2,A,-,11,21954,A,N,G,B,D,A,H,-,C,A,0,Y,,,,Y,Y,N,60,0,1,0,0,1,0,0,0,0,"- ","- ",,,"SAN DIEGO","SAN DIEGO",-117.13017010999999,32.755400080000001
8387210,2017,2018-04-20,3711,2017-06-15,0758,6218,,4,5,7,3711,0,0,0,,0,934,"CARMEL COUNTRY RD","RT 56",0.00,,Y,A,-,Y,SD,11,56,-,-,1.612,R,4,E,N,3,0,1,2,A,-,05,21650,1,N,D,G,A,A,H,-,A,A,0,,Y,,,Y,,L,04,0,1,0,0,0,0,1,0,0,"- ",EF,,,"SAN DIEGO","SAN DIEGO",-117.21678801,32.941902669999997
8388404,2017,2017-06-15,3711,2017-06-02,1826,7322,,5,5,7,3711,0,0,0,,0,432,"IMPERIAL AV","SAN JACINTO",3.00,S,N,A,-,N,,,,,,,,,,N,3,0,1,2,A,-,09,21801,A,N,D,G,A,A,H,-,-,D,0,,Y,,,Y,,-,,0,1,0,0,0,0,1,0,0,"- ","- ",,,"SAN DIEGO","SAN DIEGO",-117.08265784,32.705635149999999
8388848,2017,2017-06-29,3711,2017-05-27,2337,7423,,6,5,7,3711,0,0,0,,0,627,"4TH AV",UNIVERSITY,12.00,N,N,A,-,N,,,,,,,,,,N,4,0,1,4,A,-,10,21950,A,N,A,B,B,A,H,-,C,A,0,Y,,,,Y,,-,,0,0,1,0,1,0,0,0,0,"- ","- ",,,"SAN DIEGO","SAN DIEGO",-117.16161958000001,32.748312869999999
8388905,2017,2018-04-19,3711,2017-06-02,1440,7425,,5,5,7,3711,0,0,0,,0,,"NOBEL DR","RT 5",0.00,,Y,A,-,Y,SD,11,5,-,R,28.000,R,1,N,N,4,0,2,3,A,-,"- ",,,M,A,B,B,A,H,-,A,A,0,Y,,,,Y,,-,,0,0,2,0,2,0,0,0,0,"- ",NF,,,"SAN DIEGO","SAN DIEGO",-117.22967593,32.865897769999997
8390640,2017,2017-06-20,3711,2017-06-09,1540,7550,"SAN D",5,5,7,3711,0,0,0,,0,314,"CARDINAL RD","MOCKING BIRD DR",0.00,,Y,A,-,N,,,,,,,,,,N,3,0,1,2,A,-,04,21703,,M,C,G,A,A,H,-,A,D,0,,Y,,,Y,,L,04,0,1,0,0,0,0,1,0,0,"- ","- ",,,"SAN DIEGO","SAN DIEGO",-117.15751003,32.790550060000001
8399710,2017,2017-08-15,3711,2017-06-22,1111,7214,,4,5,7,3711,0,0,0,,0,511,"LOGAN AV","17TH ST",15.00,W,N,A,-,N,,,,,,,,,,N,3,0,1,2,A,-,09,21804,A,N,D,G,A,A,H,-,A,D,0,,Y,,,Y,,L,04,0,1,0,0,0,0,1,0,0,"- ","- ",,,"SAN DIEGO","SAN DIEGO",-117.14858731,32.704466330000002
8399726,2017,2018-03-20,3711,2017-06-21,1845,7293,,3,5,7,3711,0,0,0,,0,115,"JUDICIAL DR","LA JOLLA VILLAGE DR",200.00,S,N,A,-,N,,,,,,,,,,N,4,0,1,2,A,-,09,21804,A,N,B,G,A,A,H,-,A,D,0,,Y,,,Y,,-,,0,0,1,0,0,0,1,0,0,"- ","- ",,,"SAN DIEGO","SAN DIEGO",-117.20535615,32.873818679999999
8401080,2017,2017-07-31,3711,2017-06-26,1405,7597,,1,5,7,3711,0,0,0,,0,314,"HEALTH CENTER DR","FROST ST",15.00,S,N,A,-,N,,,,,,,,,,Y,3,0,2,3,A,-,10,21950,A,N,G,B,C,A,H,-,A,A,0,Y,,Y,,Y,,C,06,0,1,1,0,2,0,0,0,0,"- ","- ",,,"SAN DIEGO","SAN DIEGO",-117.15533919000001,32.800252239999999
8401459,2017,2017-07-21,3711,2017-06-26,0625,7390,,1,5,7,3711,0,0,0,,0,122,"GRAND AV","MISSION BAY DR",0.00,,Y,A,-,N,,,,,,,,,,Y,3,0,2,2,A,-,09,21800,,N,D,G,A,A,H,-,A,D,0,,Y,,,Y,,L,04,0,2,0,0,0,0,1,0,0,"- ","- ",,,"SAN DIEGO","SAN DIEGO",-117.21520009,32.801850100000003
8401869,2017,2017-08-09,3711,2017-06-23,1030,6686,,5,5,7,3711,0,0,0,,0,813,"UPAS ST","33RD ST",8.00,E,N,A,-,N,,,,,,,,,,N,3,0,1,2,A,-,12,22450,A,N,D,G,A,A,H,-,A,A,0,,Y,,,Y,,L,04,0,1,0,0,0,0,1,0,0,"- ","- ",,,"SAN DIEGO","SAN DIEGO",-117.12286407000001,32.74101975
8403377,2017,2017-07-10,3711,2017-06-23,2210,7570,,5,5,7,3711,0,0,0,,0,621,"ULRICH ST","MORLEY ST",0.00,,Y,A,-,N,,,,,,,,,,N,3,0,1,2,A,-,17,21461,A,M,D,B,A,A,H,-,C,A,0,,,,,Y,,-,,0,1,0,0,0,0,0,0,0,"- ","- ",,,"SAN DIEGO","SAN DIEGO",-117.17074988,32.786650029999997
8403535,2017,2017-07-11,3711,2017-06-27,2144,6891,,2,5,7,3711,0,0,0,,0,124,"VILLA LA JOLLA DR","NOBEL DR",9.00,E,N,A,-,N,,,,,,,,,,N,3,0,2,2,A,-,12,21453,A,N,G,B,B,A,H,-,C,A,0,Y,,,,Y,,-,,0,2,0,0,1,0,0,0,0,"- ","- ",,,"SAN DIEGO","SAN DIEGO",-117.23331818,32.867565390000003
8403543,2017,2017-07-11,3711,2017-06-27,1312,7364,,2,5,7,3711,0,0,0,,0,827,"UNIVERSITY AV","WINONA AV",21.00,N,N,A,-,N,,,,,,,,,,N,4,0,1,2,A,-,11,21950,B,N,G,B,B,A,H,-,A,A,0,Y,,,,Y,,N,60,0,0,1,0,1,0,0,0,0,"- ","- ",,,"SAN DIEGO","SAN DIEGO",-117.08797,32.749510000000001
8404389,2017,2019-04-09,3711,2017-06-30,2241,6146,,5,5,7,3711,0,0,0,,0,723,"PALM AV","FIRETHORN ST",220.00,E,N,A,-,N,,,,,,,,,,N,1,1,0,2,A,-,11,21955,,N,G,B,D,A,H,-,D,D,0,Y,,,,Y,Y,N,60,0,0,0,1,0,0,0,0,0,"- ","- ",,,"SAN DIEGO","SAN DIEGO",-117.03958849,32.583740949999999
8404852,2018,2018-06-22,3711,2018-01-31,1818,6000,,3,5,7,3711,0,0,0,,0,832,"UNIVERSITY AV","44TH ST",0.00,,Y,A,-,N,,,,,,,,,,N,1,1,0,2,A,-,10,21950,A,N,G,B,B,A,H,-,C,D,0,Y,,,,Y,,A,01,0,0,0,1,0,0,0,0,0,"- ","- ",,,"SAN DIEGO","SAN DIEGO",-117.09980773925781,32.749610900878906
8404900,2018,2020-05-22,3711,2018-05-15,1910,5600,,2,5,7,3711,0,0,0,,0,832,"EL CAJON BL","41ST ST",0.00,,Y,A,-,N,,,,,,,,,,N,1,1,0,2,A,-,11,21954,A,N,G,B,D,A,H,-,A,A,0,Y,,,,Y,,N,60,0,0,0,1,0,0,0,0,0,"- ","- ",,,"SAN DIEGO","SAN DIEGO",-117.10720062255859,32.755241394042969
8405945,2017,2017-08-10,3711,2017-07-04,0916,7528,,2,5,7,3711,0,0,0,,0,813,"30TH ST","GUNN ST",6.00,S,N,A,-,N,,,,,,,,,,N,3,0,1,2,A,-,08,22107,,N,B,G,A,A,H,-,A,A,0,,Y,,,Y,,-,"- ",0,1,0,0,0,0,1,0,0,"- ","- ",,,"SAN DIEGO","SAN DIEGO",-117.13008000000001,32.746303560000001
8405953,2017,2017-07-19,3711,2017-07-04,1512,6176,,2,5,7,3711,0,0,0,,0,445,"47TH ST","C ST",70.00,N,N,A,-,N,,,,,,,,,,N,3,0,1,2,A,-,11,21950,B,N,A,B,D,A,H,-,A,D,0,Y,,,,Y,,N,60,0,1,0,0,1,0,0,0,0,"- ","- ",,,"SAN DIEGO","SAN DIEGO",-117.0935681,32.716941730000002
8405958,2017,2017-08-23,3711,2017-07-01,0220,6167,SD,6,5,7,3711,0,0,0,,0,122,"GARNET AV","DAWES ST",0.00,,Y,A,-,N,,,,,,,,,,N,3,0,1,2,A,-,10,21950,A,N,-,B,B,A,H,-,C,A,0,Y,,,,Y,Y,A,01,0,1,0,0,1,0,0,0,0,"- ","- ",,,"SAN DIEGO","SAN DIEGO",-117.25001003,32.797730010000002
8405959,2017,2017-07-20,3711,2017-07-04,2352,6976,"SAN D",2,5,7,3711,0,0,0,,0,614,"BRIGHTON AV","BRIGHTON AV 4955",0.00,,-,B,-,N,,,,,,,,,,N,4,0,1,1,A,-,05,21651,B,M,B,B,A,A,H,-,D,D,0,,,,,Y,,-,,0,0,1,0,0,0,0,0,0,"- ","- ",32.7498,-117.2475,"SAN DIEGO","SAN DIEGO",-117.2475,32.7498