CASE_ID,ACCIDENT_YEAR,PROC_DATE,JURIS,COLLISION_DATE,COLLISION_TIME,OFFICER_ID,REPORTING_DISTRICT,DAY_OF_WEEK,CHP_SHIFT,POPULATION,CNTY_CITY_LOC,SPECIAL_COND,BEAT_TYPE,CHP_BEAT_TYPE,CITY_DIVISION_LAPD,CHP_BEAT_CLASS,BEAT_NUMBER,PRIMARY_RD,SECONDARY_RD,DISTANCE,DIRECTION,INTERSECTION,WEATHER_1,WEATHER_2,STATE_HWY_IND,CALTRANS_COUNTY,CALTRANS_DISTRICT,STATE_ROUTE,ROUTE_SUFFIX,POSTMILE_PREFIX,POSTMILE,LOCATION_TYPE,RAMP_INTERSECTION,SIDE_OF_HWY,TOW_AWAY,COLLISION_SEVERITY,NUMBER_KILLED,NUMBER_INJURED,PARTY_COUNT,PRIMARY_COLL_FACTOR,PCF_CODE_OF_VIOL,PCF_VIOL_CATEGORY,PCF_VIOLATION,PCF_VIOL_SUBSECTION,HIT_AND_RUN,TYPE_OF_COLLISION,MVIW,PED_ACTION,ROAD_SURFACE,ROAD_COND_1,ROAD_COND_2,LIGHTING,CONTROL_DEVICE,CHP_ROAD_TYPE,PEDESTRIAN_ACCIDENT,BICYCLE_ACCIDENT,MOTORCYCLE_ACCIDENT,TRUCK_ACCIDENT,NOT_PRIVATE_PROPERTY,ALCOHOL_INVOLVED,STWD_VEHTYPE_AT_FAULT,CHP_VEHTYPE_AT_FAULT,COUNT_SEVERE_INJ,COUNT_VISIBLE_INJ,COUNT_COMPLAINT_PAIN,COUNT_PED_KILLED,COUNT_PED_INJURED,COUNT_BICYCLIST_KILLED,COUNT_BICYCLIST_INJURED,COUNT_MC_KILLED,COUNT_MC_INJURED,PRIMARY_RAMP,SECONDARY_RAMP,LATITUDE,LONGITUDE,COUNTY,CITY,POINT_X,POINT_Y
8406050,2017,2017-07-20,3711,2017-06-12,1927,6553,,1,5,7,3711,0,0,0,,0,611,"KEMPER ST","MIDWAY DR",0.00,,Y,A,-,N,,,,,,,,,,N,2,0,1,2,A,-,12,21453,A,N,D,G,A,A,H,-,B,A,0,,Y,,,Y,,L,04,1,0,0,0,0,0,1,0,0,"- ","- ",,,"SAN DIEGO","SAN DIEGO",-117.21516004999999,32.752130100000002
8406097,2017,2017-07-20,3711,2017-06-28,0857,6394,,3,5,7,3711,0,0,0,,0,326,"55TH ST","AZTEC WALK",31.00,S,N,A,-,N,,,,,,,,,,N,3,0,1,2,A,-,08,22107,,N,G,G,A,A,H,-,A,A,0,,Y,,,Y,,L,04,0,1,0,0,0,0,1,0,0,"- ","- ",,,"SAN DIEGO","SAN DIEGO",-117.07614339,32.773085139999999
8406514,2017,2017-07-26,3711,2017-07-05,1615,6981,,3,5,7,3711,0,0,0,,0,433,"STORK ST","BROOKLYN AV",200.00,S,N,A,-,N,,,,,,,,,,N,4,0,1,2,A,-,"- ",,,N,G,B,A,A,H,-,A,D,0,,,,,Y,,-,,0,0,1,0,0,0,0,0,0,"- ","- ",,,"SAN DIEGO","SAN DIEGO",-117.06116,32.712582189999999
8408569,2017,2017-08-17,3711,2017-07-16,1019,7390,,7,5,7,3711,0,0,0,,0,122,"CASS ST","WILBUR AV",40.00,S,N,A,-,N,,,,,,,,,,N,4,0,1,2,A,-,17,22517,,N,D,G,A,A,H,-,A,D,0,,Y,,,Y,,-,,0,0,1,0,0,0,1,0,0,"- ","- ",,,"SAN DIEGO","SAN DIEGO",-117.25405988,32.804723410000001
8409021,2017,2017-08-17,3711,2017-07-07,1138,7122,,5,5,7,3711,0,0,0,,0,613,"MIDWAY DR","MIDWAY DR 3800",100.00,S,N,A,-,N,,,,,,,,,,N,4,0,1,2,A,-,21,22106,,N,G,B,F,A,H,-,A,D,0,Y,,,,Y,,-,,0,0,1,0,1,0,0,0,0,"- ","- ",,,"SAN DIEGO","SAN DIEGO",,
8409373,2017,2017-10-13,3711,2017-07-12,2040,6726,,3,5,7,3711,0,0,0,,0,826,"53RD ST","TROJAN AV",21.00,S,N,A,-,N,,,,,,,,,,N,4,0,1,2,A,-,12,22450,A,N,B,G,A,A,H,-,D,A,0,,Y,,,Y,,L,04,0,0,1,0,0,0,1,0,0,"- ","- ",,,"SAN DIEGO","SAN DIEGO",-117.08141999999999,32.754869999999997
8409487,2017,2017-07-24,3711,2017-07-11,1855,6986,,2,5,7,3711,0,0,0,,0,835,"SNOWDROP ST","POPLAR ST",61.00,N,N,A,-,N,,,,,,,,,,,3,0,1,2,A,-,09,21804,A,N,G,B,D,A,H,-,A,D,0,Y,,,,Y,,-,,0,1,0,0,1,0,0,0,0,"- ","- ",,,"SAN DIEGO","SAN DIEGO",-117.10544283,32.734875529999997
8409624,2017,2017-08-03,3711,2017-07-06,2246,6772,SANDI,4,5,7,3711,0,0,0,,0,931,"CARROLL RD","RECHO RD",300.00,E,N,A,-,N,,,,,,,,,,N,3,0,1,2,A,-,08,22107,,F,A,B,F,A,A,-,C,-,0,Y,,,,Y,Y,-,"- ",0,1,0,0,1,0,0,0,0,"- ","- ",,,"SAN DIEGO","SAN DIEGO",-117.17006385000001,32.885216880000002
8409628,2017,2017-08-04,3711,2017-07-09,2307,6876,,7,5,7,3711,0,0,0,,0,834,"UNIVERSITY AV","41ST ST",178.00,W,N,A,-,N,,,,,,,,,,,3,0,1,2,A,-,00,21760,C,M,B,G,A,A,H,-,C,D,0,,Y,,,Y,Y,-,"- ",0,1,0,0,0,0,1,0,0,"- ","- ",,,"SAN DIEGO","SAN DIEGO",-117.10751698,32.749690000000001
8409648,2017,2017-08-03,3711,2017-07-08,1826,6415,,6,5,7,3711,0,0,0,,0,311,"MURPHY CANYON RD","MURPHY CANYON RD 3400",0.00,,Y,A,-,N,,,,,,,,,,N,3,0,1,2,A,-,"- ",,,N,-,G,A,A,H,-,A,A,0,,Y,,,Y,,L,04,0,1,0,0,0,0,1,0,0,"- ","- ",,,"SAN DIEGO","SAN DIEGO",-117.11433828,32.806559329999999
8409652,2017,2017-08-03,3711,2017-07-10,1510,7467,SD,1,5,7,3711,0,0,0,,0,521,"16TH ST","MARKET ST",108.00,N,N,A,-,N,,,,,,,,,,Y,4,0,1,3,A,-,03,22350,,N,C,B,E,A,H,-,A,D,0,Y,,Y,,Y,Y,C,06,0,0,1,0,1,0,0,0,0,"- ","- ",,,"SAN DIEGO","SAN DIEGO",-117.14946095000001,32.711825709999999
8409659,2017,2017-08-02,3711,2017-07-01,2141,7066,,6,5,7,3711,0,0,0,,0,442,"SOUTH 38TH ST","NATIONAL AV",0.00,,Y,A,-,N,,,,,,,,,,N,3,0,1,2,A,-,10,21950,A,N,G,B,B,A,H,-,C,A,0,Y,,,,Y,,A,01,0,1,0,0,1,0,0,0,0,"- ","- ",,,"SAN DIEGO","SAN DIEGO",-117.11247011,32.696030110000002
8409671,2017,2017-10-04,3711,2017-07-01,2334,4759,SANDI,6,5,7,3711,0,0,0,,0,122,"GARNET AV","EVERTS ST",7.00,E,N,B,-,N,,,,,,,,,,N,4,0,1,2,A,-,10,21950,A,N,D,B,E,A,H,-,C,D,0,Y,,,,Y,Y,A,01,0,0,1,0,1,0,0,0,0,"- ","- ",,,"SAN DIEGO","SAN DIEGO",-117.24814791,32.79814442
8410547,2017,2017-07-27,3711,2017-07-10,0816,5600,,1,5,7,3711,0,0,0,,0,523,"MARKET ST","6TH AV",90.00,W,N,A,-,N,,,,,,,,,,N,3,0,1,3,A,-,21,22106,,N,G,B,E,A,H,-,A,D,0,Y,,,,Y,,A,01,0,1,0,0,1,0,0,0,0,"- ","- ",,,"SAN DIEGO","SAN DIEGO",-117.1595616,32.71150669
8410614,2017,2017-07-27,3711,2017-07-13,1632,6104,,4,5,7,3711,0,0,0,,0,612,"CHATSWORTH BL","ELLIOTT ST",0.00,,Y,A,-,N,,,,,,,,,,N,4,0,1,2,A,-,05,21650,,N,D,G,A,A,H,-,A,D,0,,Y,,,Y,,L,04,0,0,1,0,0,0,1,0,0,"- ","- ",,,"SAN DIEGO","SAN DIEGO",-117.22194999,32.74359011
8411047,2017,2017-07-25,3711,2017-07-09,1540,7345,,7,5,7,3711,0,0,0,,0,111,"GENESEE AV","BALBOA AV",5.00,S,N,A,-,N,,,,,,,,,,N,4,0,1,2,A,-,00,29150,B,N,D,G,A,A,H,-,A,A,0,,Y,,,Y,,L,04,0,0,1,0,0,0,1,0,0,"- ","- ",,,"SAN DIEGO","SAN DIEGO",-117.18201232,32.819357940000003
8411306,2017,2017-07-26,3711,2017-07-13,0711,7265,,4,5,7,3711,0,0,0,,0,623,"2200 HOTEL CIRCLE NORTH","HOTEL CIRCLE NORTH",0.00,,Y,B,-,N,,,,,,,,,,,4,0,1,2,A,-,21,22106,,N,G,B,F,A,H,-,A,-,0,Y,,,,Y,,-,,0,0,1,0,1,0,0,0,0,"- ","- ",32.759880000000003,-117.18491,"SAN DIEGO","SAN DIEGO",-117.18490808999999,32.759821420000002
8411381,2017,2017-07-28,3711,2017-07-06,1635,7536,,4,5,7,3711,0,0,0,,0,526,"BEECH ST","4TH AV",0.00,,Y,A,-,N,,,,,,,,,,N,4,0,1,2,A,-,05,21650,1,N,D,G,A,A,H,-,A,A,0,,Y,,,Y,Y,L,04,0,0,1,0,0,0,1,0,0,"- ","- ",,,"SAN DIEGO","SAN DIEGO",-117.16116004,32.720910080000003
8412509,2017,2017-08-31,3711,2017-08-03,2036,6513,,4,5,7,3711,0,0,0,,0,627,"UNIVERSITY AV","RICHMOND ST",100.00,W,N,A,-,N,,,,,,,,,,N,2,0,1,2,A,-,11,21954,A,F,G,B,D,A,H,-,C,D,0,Y,,,,Y,,N,60,1,0,0,0,1,0,0,0,0,"- ","- ",,,"SAN DIEGO","SAN DIEGO",-117.15156414,32.748557060000003
8412592,2017,2017-09-06,3711,2017-08-13,0920,7460,,7,5,7,3711,0,0,0,,0,623,"HOTEL CIRCLE PL","HOTEL CIRCLE 2508",0.00,,Y,A,-,N,,,,,,,,,,N,4,0,1,2,A,-,21,22106,,M,C,B,-,A,H,-,A,D,0,Y,,,,Y,,A,01,0,0,1,0,1,0,0,0,0,"- ","- ",32.762,-117.19289999999999,"SAN DIEGO","SAN DIEGO",-117.18964845000001,32.760658239999998
8412596,2017,2017-09-06,3711,2017-08-16,1533,6798,,3,5,7,3711,0,0,0,,0,437,"PARADISE VALLEY RD","DEEP DELL RD",3.00,N,N,A,-,N,,,,,,,,,,N,3,0,1,2,A,-,11,21456,B,M,-,B,-,A,H,-,A,A,0,Y,,,,Y,,N,60,0,1,0,0,1,0,0,0,0,"- ","- ",,,"SAN DIEGO","SAN DIEGO",-117.02934205,32.695424729999999
8412661,2017,2017-08-31,3711,2017-08-18,1540,4849,,5,5,7,3711,0,0,0,,0,524,"WEST ASH ST","FRONT ST",0.00,,Y,A,-,N,,,,,,,,,,N,3,0,1,2,A,-,11,21950,B,N,B,B,B,A,H,-,A,A,0,Y,,,,Y,,-,,0,1,0,0,1,0,0,0,0,"- ","- ",,,"SAN DIEGO","SAN DIEGO",-117.16475011,32.719860019999999
8413108,2017,2017-08-09,3711,2017-07-05,0746,7474,N1,3,5,7,3711,0,0,0,,0,116,"BALBOA AV","MORAGA AV",0.00,,Y,A,-,N,,,,,,,,,,N,4,0,1,2,A,-,17,21462,,N,D,G,A,A,H,-,A,B,0,,Y,,,Y,,L,04,0,0,1,0,0,0,1,0,0,"- ","- ",,,"SAN DIEGO","SAN DIEGO",-117.21061003,32.808000110000002
8413982,2017,2017-08-09,3711,2017-07-19,2105,6146,,3,5,7,3711,0,0,0,,0,327,"ALVARADO RD","STERLING VERDE DR",521.00,W,N,A,-,N,,,,,,,,,,Y,2,0,1,3,A,-,11,21954,A,F,G,B,E,A,H,-,D,D,0,Y,,,,Y,,N,60,1,0,0,0,1,0,0,0,0,"- ","- ",,,"SAN DIEGO","SAN DIEGO",-117.06043839,32.778050010000001
8414054,2017,2017-08-11,3711,2017-07-28,2157,6469,,5,5,7,3711,0,0,0,,0,813,"31ST ST","THORN ST",9.00,N,N,A,-,N,,,,,,,,,,N,3,0,1,2,A,-,09,21801,A,N,D,G,A,A,H,-,C,A,0,,Y,,,Y,,A,01,0,1,0,0,0,0,1,0,0,"- ","- ",,,"SAN DIEGO","SAN DIEGO",-117.12715986000001,32.739264650000003
8414058,2017,2017-08-11,3711,2017-07-28,2218,7410,,5,5,7,3711,0,0,0,,0,832,"EL CAJON BL","RT 15",0.00,,Y,A,-,N,,,,,,,,,,N,4,0,1,2,-,-,"- ",,,N,G,G,A,A,H,-,C,A,0,,Y,,,Y,,-,"- ",0,0,1,0,0,0,1,0,0,"- ","- ",,,"SAN DIEGO","SAN DIEGO",-117.10899012,32.755260120000003
8414074,2017,2017-08-17,3711,2017-07-19,1638,7514,,3,5,7,3711,0,0,0,,0,712,"SAN YSIDRO BL","SAN YSIDRO BL 549",0.00,,Y,A,-,N,,,,,,,,,,N,4,0,2,2,-,-,"- ",,,N,G,B,-,A,H,-,A,D,0,Y,,,,Y,,-,"- ",0,0,2,0,1,0,0,0,0,"- ","- ",,,"SAN DIEGO","SAN DIEGO",-117.035574,32.549576999999999
8416403,2017,2017-08-03,3711,2017-07-16,1046,7017,SD,7,5,7,3711,0,0,0,,0,611,"SPORTS ARENA","SPORTS ARENA 3146",0.00,,N,A,-,N,,,,,,,,,,N,4,0,1,2,A,-,05,21650,,N,B,G,A,A,H,-,A,D,0,,Y,,,Y,,L,04,0,0,1,0,0,0,1,0,0,"- ","- ",,,"SAN DIEGO","SAN DIEGO",-117.20642209,32.752204710000001
8417901,2017,2017-08-01,3711,2017-07-18,0930,6753,SANDI,2,5,7,3711,0,0,0,,0,315,"TEXAS ST","CAMINO DEL RIO S",36.00,S,N,A,-,N,,,,,,,,,,,3,0,1,1,A,-,03,22350,,N,-,G,A,A,-,-,A,A,0,,Y,,,Y,,L,04,0,1,0,0,0,0,1,0,0,"- ","- ",,,"SAN DIEGO","SAN DIEGO",-117.13923529,32.767205879999999
8418062,2017,2018-05-08,3711,2017-07-15,1554,7171,,6,5,7,3711,0,0,0,,0,625,"PACIFIC HWY","TAYLOR ST",500.00,N,N,A,-,N,,,,,,,,,,Y,2,0,2,2,A,-,08,22107,,N,D,G,A,A,H,-,A,D,0,,Y,,,Y,,L,04,1,1,0,0,0,0,1,0,0,"- ","- ",,,"SAN DIEGO","SAN DIEGO",-117.20140256000001,32.756733160000003
8420734,2017,2018-05-08,3711,2017-07-24,0845,7510,,1,5,7,3711,0,0,0,,0,931,"MIRAMAR RD","MIRACREST PL",250.00,W,N,C,-,N,,,,,,,,,,N,3,0,1,2,A,-,08,22107,,N,D,G,A,B,H,-,A,D,0,,Y,,,Y,,-,,0,1,0,0,0,0,1,0,0,"- ","- ",,,"SAN DIEGO","SAN DIEGO",-117.17017540000001,32.877913849999999
8421247,2017,2017-08-03,3711,2017-07-19,1210,5498,,3,5,7,3711,0,0,0,,0,511,"NATIONAL AV","16TH ST",215.00,W,N,A,-,N,,,,,,,,,,N,4,0,1,2,A,-,11,21950,B,N,G,B,E,A,H,-,A,D,0,Y,,,,Y,,N,60,0,0,1,0,1,0,0,0,0,"- ","- ",,,"SAN DIEGO","SAN DIEGO",-117.15061519,32.704506989999999
8423391,2017,2018-07-09,3711,2017-07-17,1935,7503,,1,5,7,3711,0,0,0,,0,712,"SAN YSIDRO BL","RT 805",0.00,,Y,A,-,Y,SD,11,805,-,-,0.872,R,3,N,N,4,0,1,2,A,-,10,21950,A,M,G,B,B,A,H,-,B,A,0,Y,,,,Y,,-,,0,0,1,0,1,0,0,0,0,"- ",NO,,,"SAN DIEGO","SAN DIEGO",-117.04167858,32.554725019999999
8424929,2017,2017-08-16,3711,2017-08-02,2159,7150,,3,5,7,3711,0,0,0,,0,G25,"TAYLOR ST","CALHOUN ST",0.00,,N,A,-,N,,,,,,,,,,N,3,0,1,2,A,-,00,20002,,M,G,B,E,A,H,-,C,D,0,Y,,,,Y,,N,60,0,1,0,0,1,0,0,0,0,"- ","- ",32.756100000000004,-117.1992,"SAN DIEGO","SAN DIEGO",-117.19917006999999,32.75611001
8427912,2017,2017-08-16,3711,2017-07-26,1203,7364,"SAN D",3,5,7,3711,0,0,0,,0,841,"COLLEGE AV","UNIVERSITY AV",12.00,N,N,A,-,N,,,,,,,,,,N,4,0,1,2,A,-,10,21950,A,M,G,B,B,A,H,-,A,A,0,Y,,,,Y,,-,,0,0,1,0,1,0,0,0,0,"- ","- ",,,"SAN DIEGO","SAN DIEGO",-117.06449481999999,32.752890389999997
8434670,2017,2017-08-24,3711,2017-08-04,1325,6753,SANDI,5,5,7,3711,0,0,0,,0,627,"5TH AV",WALNUT,33.00,N,N,A,-,N,,,,,,,,,,N,4,0,1,2,A,-,"- ",,,N,G,B,D,A,H,-,A,D,0,Y,,,,Y,,N,60,0,0,1,0,1,0,0,0,0,"- ","- ",,,"SAN DIEGO","SAN DIEGO",-117.16038,32.741570400000001
8434710,2017,2017-08-24,3711,2017-08-10,1830,6798,,4,5,7,3711,0,0,0,,0,451,"COLLEGE GROVE DR","COLLEGE AV",4.00,S,N,A,-,N,,,,,,,,,,N,3,0,1,2,A,-,05,21651,B,N,D,G,A,A,H,-,A,A,0,,Y,,,Y,,-,,0,1,0,0,0,0,1,0,0,"- ","- ",,,"SAN DIEGO","SAN DIEGO",-117.05365116,32.744354420000001
8434718,2017,2017-08-24,3711,2017-08-09,1432,8192,,3,5,7,3711,0,0,0,,0,825,"ADAMS AV","TERRACE DR",0.00,,Y,A,-,N,,,,,,,,,,N,4,0,1,2,A,-,08,22107,,N,C,G,A,A,H,-,A,D,0,,Y,,,Y,,L,04,0,0,1,0,0,0,1,0,0,"- ","- ",,,"SAN DIEGO","SAN DIEGO",-117.10835003,32.76327002
8438331,2017,2017-09-09,3711,2017-07-02,1840,7344,,7,5,7,3711,0,0,0,,0,124,"TORREY PINES RD","ROSELAND DR",0.00,,Y,A,-,N,,,,,,,,,,N,4,0,1,2,A,-,08,22107,,N,B,G,A,A,H,-,A,D,0,,Y,,,Y,,-,,0,0,1,0,0,0,1,0,0,"- ","- ",,,"SAN DIEGO","SAN DIEGO",-117.25695,32.849870109999998
8438489,2017,2017-08-29,3711,2017-08-08,1353,7344,,2,5,7,3711,0,0,0,,0,824,"EL CAJON BL","50TH ST",100.00,W,N,A,-,N,,,,,,,,,,N,4,0,1,2,A,-,08,22107,,N,A,B,D,A,H,-,A,D,0,Y,,,,Y,,-,,0,0,1,0,1,0,0,0,0,"- ","- ",,,"SAN DIEGO","SAN DIEGO",-117.08715027,32.756747699999998
8438493,2017,2017-08-29,3711,2017-08-17,1700,7227,,4,5,7,3711,0,0,0,,0,841,"ARAGON DR","UNIVERSITY AV",10.00,N,N,A,-,N,,,,,,,,,,N,3,0,1,2,A,-,12,21453,A,N,D,G,A,A,H,-,A,A,0,,Y,,,Y,,L,04,0,1,0,0,0,0,1,0,0,"- ","- ",,,"SAN DIEGO","SAN DIEGO",-117.05474,32.755407390000002
8438509,2017,2017-08-29,3711,2017-08-15,2228,6891,,2,5,7,3711,0,0,0,,0,122,"GRAND AV","CASS ST",27.00,N,N,A,-,N,,,,,,,,,,N,4,0,1,2,A,-,10,21950,A,N,B,B,B,A,H,-,C,A,0,Y,,,,Y,,-,,0,0,1,0,1,0,0,0,0,"- ","- ",,,"SAN DIEGO","SAN DIEGO",-117.25117504000001,32.795547970000001
8438553,2017,2017-08-29,3711,2017-08-17,1744,7527,,4,5,7,3711,0,0,0,,0,827,"50TH ST","UNIVERSITY AV",50.00,S,N,A,-,N,,,,,,,,,,Y,3,0,1,2,A,-,10,21950,A,M,G,B,D,A,H,-,A,D,0,Y,,,,Y,,A,01,0,1,0,0,1,0,0,0,0,"- ","- ",,,"SAN DIEGO","SAN DIEGO",-117.08698,32.749213040000001
8438557,2017,2017-08-29,3711,2017-08-09,2107,7178,CEN,3,5,7,3711,0,0,0,,0,531,"PERSHING DR","FLORIDA ST",0.00,,Y,A,-,N,,,,,,,,,,N,4,0,1,1,A,-,05,21650,1,N,G,G,A,A,H,-,C,A,0,,Y,,,Y,,L,04,0,0,1,0,0,0,1,0,0,"- ","- ",,,"SAN DIEGO","SAN DIEGO",-117.14262005,32.722720080000002
8441868,2017,2017-10-03,3711,2017-08-02,1600,6726,,3,5,7,3711,0,0,0,,0,627,UNIVERSITY,"UNIVERSITY 500",0.00,,-,A,-,N,,,,,,,,,,N,4,0,1,2,A,-,12,21453,A,N,G,B,B,A,H,-,A,A,0,Y,,,,Y,,-,,0,0,1,0,1,0,0,0,0,"- ","- ",,,"SAN DIEGO","SAN DIEGO",-117.16043472,32.74826376
8443775,2017,2017-09-12,3711,2017-08-25,2026,7536,CENTR,5,5,7,3711,0,0,0,,0,,"PRESIDENTS WY","PARK BL",0.00,,Y,A,-,N,,,,,,,,,,N,4,0,1,2,A,-,11,21461,5,N,G,B,B,A,H,-,C,A,0,Y,,,,Y,Y,N,60,0,0,1,0,1,0,0,0,0,"- ","- ",,,"SAN DIEGO","SAN DIEGO",-117.15059004,32.725590080000003
8443827,2017,2017-09-12,3711,2017-08-28,1949,7238,,1,5,7,3711,0,0,0,,0,833,"UNIVERSITY AV","HIGHLAND AV",350.00,W,N,A,-,N,,,,,,,,,,N,3,0,1,2,A,-,05,21650,1,N,D,G,A,A,H,-,C,D,0,,Y,,,Y,,L,04,0,1,0,0,0,0,1,0,0,"- ","- ",,,"SAN DIEGO","SAN DIEGO",-117.0998645,32.749609999999997
8444398,2017,2017-09-22,3711,2017-07-23,1354,6621,SD,7,5,7,3711,0,0,0,,0,116,"COWLEY WY","DAKOTA DR",190.00,S,N,A,-,N,,,,,,,,,,N,4,0,1,2,A,-,08,22107,,N,G,B,F,A,H,-,A,D,0,Y,,,,Y,,A,01,0,0,1,0,1,0,0,0,0,"- ","- ",,,"SAN DIEGO","SAN DIEGO",-117.19518401000001,32.803968920000003
8445034,2017,2017-09-12,3711,2017-08-24,1930,7496,,4,5,7,3711,0,0,0,,0,528,"KETTNER BL","W BEECH",200.00,S,N,A,-,N,,,,,,,,,,N,4,0,1,2,D,-,00,,,M,G,B,E,A,H,-,C,D,0,Y,,,,Y,,-,"- ",0,0,1,0,1,0,0,0,0,"- ","- ",,,"SAN DIEGO","SAN DIEGO",-117.16921000000001,32.720352120000001
8445835,2017,2018-05-08,3711,2017-08-24,1730,7532,,4,5,7,3711,0,0,0,,0,122,"GARNET AV","EVERTS ST",0.00,,Y,B,-,N,,,,,,,,,,N,4,0,1,2,A,-,08,22107,,N,D,G,A,A,H,-,A,A,0,,Y,,,Y,,-,,0,0,1,0,0,0,1,0,0,"- ","- ",,,"SAN DIEGO","SAN DIEGO",-117.24817011,32.798140099999998
8446464,2017,2017-09-14,3711,2017-09-01,2208,7132,SDPD,5,5,7,3711,0,0,0,,0,242,"MIRA MESA BL","MIRA MESA BL 9400",0.00,,N,A,-,N,,,,,,,,,,N,4,0,1,2,A,-,10,21950,A,N,G,B,B,A,H,-,C,A,0,Y,,,,Y,,A,01,0,0,1,0,1,0,0,0,0,"- ","- ",32.917400000000001,-117.1208,"SAN DIEGO","SAN DIEGO",-117.12271929000001,32.917255400000002
8450152,2017,2017-09-21,3711,2017-09-10,1045,7626,,7,5,7,3711,0,0,0,,0,512,"31ST ST","MARTIN AV",18.00,N,N,A,-,N,,,,,,,,,,N,3,0,1,2,A,-,12,22450,,N,D,G,A,A,H,-,A,D,0,,Y,,,Y,,L,04,0,1,0,0,0,0,1,0,0,"- ","- ",,,"SAN DIEGO","SAN DIEGO",-117.12733095,32.699139299999999
8450165,2017,2017-09-21,3711,2017-09-09,2001,4849,,6,5,7,3711,0,0,0,,0,531,"6TH AV","KALMIA ST",0.00,,Y,B,-,N,,,,,,,,,,N,4,0,2,3,A,-,11,21954,A,N,B,B,D,A,H,-,C,D,0,Y,,,,Y,,N,60,0,0,2,0,2,0,0,0,0,"- ","- ",,,"SAN DIEGO","SAN DIEGO",-117.15941008,32.73034002
8450205,2017,2018-05-08,3711,2017-09-08,1416,7532,,5,5,7,3711,0,0,0,,0,124,"TORREY PINES","TORREY PINES 3900",0.00,,-,A,-,N,,,,,,,,,,N,3,0,1,2,A,-,10,21950,A,N,-,B,B,A,H,-,A,A,0,Y,,,,Y,,A,07,0,1,0,0,1,0,0,0,0,"- ","- ",32.519849999999998,-117.14579000000001,"SAN DIEGO","SAN DIEGO",-117.24285275,32.867702649999998
8450213,2017,2017-09-26,3711,2017-09-08,1445,7604,,5,5,7,3711,0,0,0,,0,931,"SCRANTON RD","MIRA SORRENTO PL",120.00,S,N,A,-,N,,,,,,,,,,N,3,0,1,2,A,-,10,21950,A,N,G,B,C,A,H,-,A,A,0,Y,,,,Y,,-,,0,1,0,0,1,0,0,0,0,"- ","- ",,,"SAN DIEGO","SAN DIEGO",-117.20228278,32.894608980000001
8450225,2017,2017-09-26,3711,2017-09-05,1115,158,,2,5,7,3711,0,0,0,,0,111,"MESA COLLEGE CIR","ARMSTRONG PL",260.00,N,N,A,-,N,,,,,,,,,,N,3,0,2,3,A,-,06,21755,A,N,G,B,D,A,H,-,A,D,0,Y,,Y,,Y,,C,02,0,1,1,0,1,0,0,0,1,"- ","- ",32.805280000000003,-117.16334000000001,"SAN DIEGO","SAN DIEGO",-117.16474108,32.804413410000002
8450603,2017,2017-10-12,3711,2017-09-09,1528,7462,SD,6,5,7,3711,0,0,0,,0,524,"E ST","E ST 600",0.00,,N,A,-,N,,,,,,,,,,N,3,0,1,2,A,-,11,21453,D,N,A,B,B,A,H,-,A,A,0,Y,,,,Y,,N,60,0,1,0,0,1,0,0,0,0,"- ","- ",,,"SAN DIEGO","SAN DIEGO",-117.15924561,32.714643209999998
8451840,2017,2017-09-18,3711,2017-08-26,0034,6366,,6,5,7,3711,0,0,0,,0,512,"IMPERIAL AV","S 24TH ST",60.00,W,N,B,-,N,,,,,,,,,,Y,2,0,1,2,A,-,11,21954,A,N,G,B,D,A,H,-,C,D,0,Y,,,,Y,Y,N,60,1,0,0,0,1,0,0,0,0,"- ","- ",,,"SAN DIEGO","SAN DIEGO",-117.14262438,32.706307459999998
8452005,2017,2017-09-18,3711,2017-09-07,1835,7236,,4,5,7,3711,0,0,0,,0,311,"MURPHY CANYON RD","STONECREST BL",730.00,N,N,A,-,N,,,,,,,,,,N,3,0,1,2,A,-,00,21760,C,N,B,G,A,A,H,-,A,D,0,,Y,,,Y,,A,07,0,1,0,0,0,0,1,0,0,"- ","- ",,,"SAN DIEGO","SAN DIEGO",-117.11425939,32.80632859
8452049,2017,2017-09-18,3711,2017-09-06,0737,7265,,3,5,7,3711,0,0,0,,0,621,"LINDA VISTA RD","FULTON ST",12.00,N,N,A,-,N,,,,,,,,,,N,4,0,1,2,A,-,10,21950,A,N,G,B,B,A,H,-,A,A,0,Y,,,,Y,,-,,0,0,1,0,1,0,0,0,0,"- ","- ",,,"SAN DIEGO","SAN DIEGO",-117.1675352,32.789965330000001
8452057,2017,2017-09-18,3711,2017-09-04,2042,7289,,1,5,7,3711,0,0,0,,0,625,"CONGRESS ST","CONDE ST",0.00,,Y,A,-,N,,,,,,,,,,N,4,0,1,2,A,-,10,21950,A,N,G,B,B,A,H,-,C,D,0,Y,,,,Y,,-,,0,0,1,0,1,0,0,0,0,"- ","- ",,,"SAN DIEGO","SAN DIEGO",-117.19466,32.751410049999997