CASE_ID,ACCIDENT_YEAR,PROC_DATE,JURIS,COLLISION_DATE,COLLISION_TIME,OFFICER_ID,REPORTING_DISTRICT,DAY_OF_WEEK,CHP_SHIFT,POPULATION,CNTY_CITY_LOC,SPECIAL_COND,BEAT_TYPE,CHP_BEAT_TYPE,CITY_DIVISION_LAPD,CHP_BEAT_CLASS,BEAT_NUMBER,PRIMARY_RD,SECONDARY_RD,DISTANCE,DIRECTION,INTERSECTION,WEATHER_1,WEATHER_2,STATE_HWY_IND,CALTRANS_COUNTY,CALTRANS_DISTRICT,STATE_ROUTE,ROUTE_SUFFIX,POSTMILE_PREFIX,POSTMILE,LOCATION_TYPE,RAMP_INTERSECTION,SIDE_OF_HWY,TOW_AWAY,COLLISION_SEVERITY,NUMBER_KILLED,NUMBER_INJURED,PARTY_COUNT,PRIMARY_COLL_FACTOR,PCF_CODE_OF_VIOL,PCF_VIOL_CATEGORY,PCF_VIOLATION,PCF_VIOL_SUBSECTION,HIT_AND_RUN,TYPE_OF_COLLISION,MVIW,PED_ACTION,ROAD_SURFACE,ROAD_COND_1,ROAD_COND_2,LIGHTING,CONTROL_DEVICE,CHP_ROAD_TYPE,PEDESTRIAN_ACCIDENT,BICYCLE_ACCIDENT,MOTORCYCLE_ACCIDENT,TRUCK_ACCIDENT,NOT_PRIVATE_PROPERTY,ALCOHOL_INVOLVED,STWD_VEHTYPE_AT_FAULT,CHP_VEHTYPE_AT_FAULT,COUNT_SEVERE_INJ,COUNT_VISIBLE_INJ,COUNT_COMPLAINT_PAIN,COUNT_PED_KILLED,COUNT_PED_INJURED,COUNT_BICYCLIST_KILLED,COUNT_BICYCLIST_INJURED,COUNT_MC_KILLED,COUNT_MC_INJURED,PRIMARY_RAMP,SECONDARY_RAMP,LATITUDE,LONGITUDE,COUNTY,CITY,POINT_X,POINT_Y
8452478,2017,2017-09-25,3711,2017-09-04,1220,7341,,1,5,7,3711,0,0,0,,0,122,"CORONA ORIENTE RD","CROWN POINT DR",350.00,S,N,B,-,N,,,,,,,,,,N,3,0,1,2,A,-,00,21760,A,N,B,G,A,A,H,-,A,D,0,,Y,,,Y,,-,,0,1,0,0,0,0,1,0,0,"- ","- ",,,"SAN DIEGO","SAN DIEGO",-117.23437,32.782420000000002
8455208,2017,2017-09-25,3711,2017-09-11,0730,5300,,1,5,7,3711,0,0,0,,0,111,"ECKSTROM AV","MUSTANG ST",9.00,W,N,A,-,N,,,,,,,,,,N,3,0,1,2,A,-,11,21954,A,N,G,B,E,A,H,-,A,D,0,Y,,,,Y,,N,60,0,1,0,0,1,0,0,0,0,"- ","- ",,,"SAN DIEGO","SAN DIEGO",-117.16431919999999,32.820210000000003
8455756,2017,2017-09-27,3711,2017-09-16,2215,7263,,6,5,7,3711,0,0,0,,0,122,"GRAND AV","INGRAHAM ST",10.00,W,N,A,-,N,,,,,,,,,,N,4,0,1,2,A,-,21,22106,,N,G,B,-,A,H,-,C,A,0,Y,,,,Y,,A,01,0,0,1,0,1,0,0,0,0,"- ","- ",,,"SAN DIEGO","SAN DIEGO",-117.24031135,32.797922970000002
8455763,2017,2017-09-20,3711,2017-08-19,1957,6553,,6,5,7,3711,0,0,0,,0,242,"NEW SALEM ST","CAMINO RUIZ",150.00,W,N,A,-,N,,,,,,,,,,N,2,0,1,2,A,-,10,21954,B,F,G,B,D,A,H,-,C,D,0,Y,,,,Y,Y,-,99,1,0,0,0,1,0,0,0,0,"- ","- ",,,"SAN DIEGO","SAN DIEGO",-117.1444769,32.91567672
8455945,2017,2017-11-09,3711,2017-09-15,2303,5985,,5,5,7,3711,0,0,0,,0,521,BROADWAY,"14TH ST",20.00,W,N,B,-,N,,,,,,,,,,N,4,0,1,2,C,-,18,,,N,H,B,E,A,H,-,C,A,0,Y,,,,Y,,-,"- ",0,0,1,0,1,0,0,0,0,"- ","- ",,,"SAN DIEGO","SAN DIEGO",-117.1520048,32.715759300000002
8456238,2017,2017-09-22,3711,2017-09-09,1110,6986,,6,5,7,3711,0,0,0,,0,839,"WIGHTMAN ST","36TH ST",0.00,,Y,A,-,N,,,,,,,,,,N,3,0,2,3,A,-,10,21950,A,N,G,B,B,A,H,-,A,D,0,Y,,,,Y,,-,,0,1,1,0,2,0,0,0,0,"- ","- ",,,"SAN DIEGO","SAN DIEGO",-117.11561001,32.747880049999999
8456249,2017,2017-10-19,3711,2017-09-08,1518,7411,,5,5,7,3711,0,0,0,,0,514,"ISLAND AV","22ND ST",0.00,,Y,A,-,N,,,,,,,,,,N,3,0,1,2,A,-,11,21950,B,N,A,B,D,A,H,-,A,D,0,Y,,,,Y,,-,"- ",0,1,0,0,1,0,0,0,0,"- ","- ",,,"SAN DIEGO","SAN DIEGO",-117.14396005,32.710480079999996
8456292,2017,2017-09-27,3711,2017-09-12,0944,7080,,2,5,7,3711,0,0,0,,0,431,"EUCLID AV","HILLTOP ST",258.00,N,N,A,-,N,,,,,,,,,,N,2,0,1,2,A,-,11,21954,A,N,G,B,E,A,H,-,A,A,0,Y,,,,Y,,N,60,1,0,0,0,1,0,0,0,0,"- ","- ",,,"SAN DIEGO","SAN DIEGO",-117.08499356999999,32.715706560000001
8456308,2017,2017-09-27,3711,2017-09-07,1320,8192,,4,5,7,3711,0,0,0,,0,827,"UNIVERSITY AV","52ND ST",0.00,,Y,A,-,N,,,,,,,,,,N,4,0,1,2,A,-,10,21950,A,M,B,B,B,A,H,-,A,A,0,Y,,,,Y,,-,,0,0,1,0,1,0,0,0,0,"- ","- ",,,"SAN DIEGO","SAN DIEGO",-117.08359003,32.749100030000001
8456829,2017,2017-09-27,3711,2017-09-18,1430,7555,,1,5,7,3711,0,0,0,,0,112,"GENESEE AV","GENESEE AV 3888",20.00,N,N,A,-,N,,,,,,,,,,N,3,0,1,2,A,-,11,21950,B,N,G,B,D,A,H,-,A,A,0,Y,,,,Y,,N,60,0,1,0,0,1,0,0,0,0,"- ","- ",,,"SAN DIEGO","SAN DIEGO",,
8456849,2017,2017-09-27,3711,2017-09-18,1929,7635,,1,5,7,3711,0,0,0,,0,511,"CESAR CHAVEZ","LOGAN AV",9.00,S,N,A,-,N,,,,,,,,,,N,4,0,1,2,A,-,10,21952,,N,G,B,F,A,H,-,C,D,0,Y,,,,Y,,-,,0,0,1,0,1,0,0,0,0,"- ","- ",,,"SAN DIEGO","SAN DIEGO",-117.14429945000001,32.701430539999997
8462562,2017,2017-10-23,3711,2017-09-22,1118,7536,,5,5,7,3711,0,0,0,,0,521,"11TH AV","ISLAND AV",0.00,,Y,A,-,N,,,,,,,,,,N,4,0,1,2,D,-,00,,,N,G,B,D,A,-,-,A,A,0,Y,,,,Y,,-,"- ",0,0,1,0,1,0,0,0,0,"- ","- ",,,"SAN DIEGO","SAN DIEGO",-117.15464009999999,32.710440030000001
8462759,2017,2017-11-08,3711,2017-10-03,1457,6469,,2,5,7,3711,0,0,0,,0,811,"BANCROFT ST","BANCROFT ST 4600",0.00,,Y,A,-,N,,,,,,,,,,N,3,0,1,2,A,-,04,21703,,M,C,G,A,A,H,-,A,D,0,,Y,,,Y,,L,04,0,1,0,0,0,0,1,0,0,"- ","- ",,,"SAN DIEGO","SAN DIEGO",-117.12394774000001,32.76098004
8462795,2017,2017-12-06,3711,2017-10-02,0120,ANGULO,,1,5,7,3711,0,0,0,,0,813,"UNIVERSITY AV","FLORIDA ST",42.00,W,N,A,-,N,,,,,,,,,,,3,0,1,2,A,-,17,21228,A,N,G,B,E,A,D,-,C,D,0,Y,,,,Y,Y,N,60,0,1,0,0,1,0,0,0,0,"- ","- ",,,"SAN DIEGO","SAN DIEGO",-117.14385612,32.7484422
8464700,2017,2017-10-26,3711,2017-09-28,0659,8447,,4,5,7,3711,0,0,0,,0,723,"PALM AV","PICADOR BL",12.00,E,N,A,-,N,,,,,,,,,,N,4,0,1,2,A,-,08,22107,,N,G,B,B,A,H,-,A,A,0,Y,,,,Y,,-,,0,0,1,0,1,0,0,0,0,"- ","- ",,,"SAN DIEGO","SAN DIEGO",-117.06197121,32.58376861
8464716,2017,2017-10-26,3711,2017-09-29,1936,7552,SANDI,5,5,7,3711,0,0,0,,0,524,"ASH ST","3RD AV",15.00,W,N,A,-,N,,,,,,,,,,N,3,0,1,2,A,-,11,21950,B,N,G,B,E,A,H,-,C,A,0,Y,,,,Y,Y,N,60,0,1,0,0,1,0,0,0,0,"- ","- ",,,"SAN DIEGO","SAN DIEGO",-117.16204861,32.719880000000003
8465263,2017,2017-12-04,3711,2017-10-04,1428,7412,"SAN D",3,5,7,3711,0,0,0,,0,232,"EASTBOURNE RD","WAVERLY DOWNS WY",0.00,,-,A,-,N,,,,,,,,,,N,3,0,1,2,A,-,11,21950,B,N,D,G,A,A,H,-,A,D,0,,Y,,,Y,,L,04,0,1,0,0,0,0,1,0,0,"- ","- ",32.983040000000003,-117.07059,"SAN DIEGO","SAN DIEGO",-117.07046008,32.983000050000001
8465491,2018,2019-06-24,3711,2018-10-15,1759,6366,,1,5,7,3711,0,0,0,,0,234,"BERNARDO HEIGHTS PKWY","CALLE PUEBLITO",18.00,E,N,A,-,N,,,,,,,,,,N,1,1,0,2,A,-,11,21950,B,N,G,B,B,A,H,-,A,D,0,Y,,,,Y,,N,60,0,0,0,1,0,0,0,0,0,"- ","- ",,,"SAN DIEGO","SAN DIEGO",-117.06175994873047,33.000370025634766
8466231,2017,2017-10-05,3711,2017-09-11,0704,7490,,1,5,7,3711,0,0,0,,0,116,"COWLEY WY","MOUNT ACADIA BL",0.00,,Y,A,-,N,,,,,,,,,,N,3,0,1,2,A,-,10,21950,A,N,G,B,B,A,H,-,A,D,0,Y,,,,Y,,-,,0,1,0,0,1,0,0,0,0,"- ","- ",,,"SAN DIEGO","SAN DIEGO",-117.19169004,32.793450059999998
8466405,2017,2017-10-10,3711,2017-09-24,2335,7265,,7,5,7,3711,0,0,0,,0,621,"VIA LAS CUMBRES","CAMINITO LISTO",200.00,N,N,A,-,N,,,,,,,,,,N,4,0,1,2,A,-,10,21950,A,N,G,B,D,A,-,-,C,-,0,Y,,,,Y,,-,,0,0,1,0,1,0,0,0,0,"- ","- ",,,"SAN DIEGO","SAN DIEGO",-117.17927166,32.779259690000004
8468582,2017,2017-11-13,3711,2017-10-08,1045,4957,SANDI,7,5,7,3711,0,0,0,,0,242,"MIRA MESA BL",MARBURY,528.00,W,N,A,-,N,,,,,,,,,,N,4,0,1,2,A,-,09,21801,A,N,-,G,A,A,H,-,A,D,0,,Y,,,Y,,-,"- ",0,0,1,0,0,0,1,0,0,"- ","- ",,,"SAN DIEGO","SAN DIEGO",-117.13111781000001,32.915127040000002
8471027,2017,2017-10-27,3711,2017-10-05,1438,5313,,4,5,7,3711,0,0,0,,0,511,"29TH ST","BOSTON AV",0.00,,Y,A,-,N,,,,,,,,,,N,3,0,1,2,A,-,11,21950,B,N,G,B,D,A,H,-,A,D,0,Y,,,,Y,,N,60,0,1,0,0,1,0,0,0,0,"- ","- ",,,"SAN DIEGO","SAN DIEGO",-117.13163,32.693850070000003
8474149,2017,2017-10-21,3711,2017-10-08,1540,6915,,7,5,7,3711,0,0,0,,0,531,"200 DR","PARK BL",6.00,N,N,A,-,N,,,,,,,,,,N,4,0,1,2,A,-,09,21801,A,N,D,G,A,A,H,-,A,A,0,,Y,,,Y,,A,01,0,0,1,0,0,0,1,0,0,"- ","- ",,,"SAN DIEGO","SAN DIEGO",,
8475846,2017,2017-11-30,3711,2017-10-30,0955,5495,,1,5,7,3711,0,0,0,,0,725,"DENNERY RD","DENNERY RD 640",0.00,,-,B,-,N,,,,,,,,,,N,3,0,1,2,A,-,05,21650,1,N,D,G,A,A,H,-,A,A,0,,Y,,,Y,,L,04,0,1,0,0,0,0,1,0,0,"- ","- ",,,"SAN DIEGO","SAN DIEGO",-117.03260422,32.58181527
8475955,2017,2017-10-26,3711,2017-10-11,0915,7490,,3,5,7,3711,0,0,0,,0,005,"TOWNE CENTRE DR","LA JOLLA VILLAGE DR",0.00,,-,A,-,N,,,,,,,,,,N,3,0,1,2,A,-,11,21954,A,N,D,G,A,A,H,-,A,D,0,,Y,,,Y,,L,04,0,1,0,0,0,0,1,0,0,"- ","- ",,,"SAN DIEGO","SAN DIEGO",-117.20742011,32.874100040000002
8476421,2017,2018-06-26,3711,2017-10-14,1705,7428,"SAN D",6,5,7,3711,0,0,0,,0,,"SEA WORLD DR","RT 5",0.00,,Y,A,-,Y,SD,11,5,-,R,20.965,R,4,S,N,3,0,1,2,A,-,08,22107,,N,D,G,A,A,H,-,A,A,0,,Y,,,Y,,-,,0,1,0,0,0,0,1,0,0,"- ",SF,,,"SAN DIEGO","SAN DIEGO",-117.20729350000001,32.772008679999999
8478084,2017,2017-11-01,3711,2017-09-29,0830,6193,,5,5,7,3711,0,0,0,,0,712,"EAST SAN YSIDRO BL","CAMINO DE LA PLAZA",171.00,N,N,A,-,N,,,,,,,,,,N,2,0,1,2,A,-,11,21950,B,N,G,B,D,A,H,-,A,D,0,Y,,,,Y,,N,60,1,0,0,0,1,0,0,0,0,"- ","- ",,,"SAN DIEGO","SAN DIEGO",-117.03171648,32.546373240000001
8478456,2017,2017-11-16,3711,2017-10-13,1456,7618,,5,5,7,3711,0,0,0,,0,521,"B ST","PARK BL",15.00,W,N,A,-,N,,,,,,,,,,N,3,0,1,2,A,-,11,21950,B,N,G,B,D,A,H,-,A,A,0,Y,,,,Y,,N,60,0,1,0,0,1,0,0,0,0,"- ","- ",,,"SAN DIEGO","SAN DIEGO",-117.1538686,32.717820529999997
8478480,2017,2017-11-16,3711,2017-10-16,1833,4849,,1,5,7,3711,0,0,0,,0,529,"2ND AV","GRAPE ST",0.00,,Y,A,-,N,,,,,,,,,,N,3,0,1,2,A,-,12,22450,A,N,A,G,A,A,H,-,C,A,0,,Y,,,Y,,L,04,0,1,0,0,0,0,1,0,0,"- ","- ",,,"SAN DIEGO","SAN DIEGO",-117.16300012000001,32.726130040000001
8478493,2017,2017-11-09,3711,2017-10-11,0903,8192,,3,5,7,3711,0,0,0,,0,813,"BANCROFT ST","UNIVERSITY AV",0.00,,Y,A,-,N,,,,,,,,,,,4,0,1,2,A,-,08,22107,,N,A,B,B,A,H,-,A,A,0,Y,,,,Y,,A,07,0,0,1,0,1,0,0,0,0,"- ","- ",,,"SAN DIEGO","SAN DIEGO",-117.12394008,32.74850009
8479333,2017,2017-11-13,3711,2017-10-15,2115,7673,SDPD,7,5,7,3711,0,0,0,,0,723,"PALM AV","BEYER WAY",0.00,,Y,A,-,N,,,,,,,,,,N,3,0,1,2,A,-,10,21950,A,M,G,B,B,A,H,-,C,A,0,Y,,,,Y,,-,,0,1,0,0,1,0,0,0,0,"- ","- ",,,"SAN DIEGO","SAN DIEGO",-117.06201,32.583770059999999
8480203,2017,2017-11-03,3711,2017-10-22,1131,7452,,7,5,7,3711,0,0,0,,0,839,"WIGHTMAN ST","40TH ST",5.00,W,N,A,-,N,,,,,,,,,,N,4,0,1,2,A,-,12,21453,A,N,D,G,A,A,H,-,A,A,0,,Y,,,Y,,L,04,0,0,1,0,0,0,1,0,0,"- ","- ",,,"SAN DIEGO","SAN DIEGO",-117.10949619,32.74776069
8481268,2017,2017-11-28,3711,2017-10-25,0755,7203,,3,5,7,3711,0,0,0,,0,432,"IMPERIAL AV","IMPERIAL AV 5193",0.00,,Y,A,-,N,,,,,,,,,,N,4,0,1,2,A,-,03,22350,,N,G,B,E,A,H,-,A,D,0,Y,,,,Y,,-,,0,0,1,0,1,0,0,0,0,"- ","- ",,,"SAN DIEGO","SAN DIEGO",-117.08293945,32.705469100000002
8481352,2017,2017-11-09,3711,2017-09-18,2241,6513,,1,5,7,3711,0,0,0,,0,813,"UNIVERSITY AV","LOUISIANA ST",0.00,,Y,A,-,N,,,,,,,,,,N,2,0,1,2,A,-,10,21954,B,N,G,B,D,A,H,-,C,D,0,Y,,,,Y,,A,01,1,0,0,0,1,0,0,0,0,"- ","- ",,,"SAN DIEGO","SAN DIEGO",-117.14003008,32.748450079999998
8481547,2017,2017-11-14,3711,2017-10-07,0930,6398,,6,5,7,3711,0,0,0,,0,443,"SOUTH 43RD ST","DIVISION ST",10.00,N,N,A,-,N,,,,,,,,,,N,3,0,1,2,A,-,11,21956,A,N,C,B,E,A,H,-,A,D,0,Y,,,,Y,,N,60,0,1,0,0,1,0,0,0,0,"- ","- ",,,"SAN DIEGO","SAN DIEGO",-117.10141879,32.685036359999998
8487059,2017,2017-11-30,3711,2017-10-26,1702,7442,,4,5,7,3711,0,0,0,,0,800,"UNIVERSITY AV","69TH ST",16.00,E,N,A,-,N,,,,,,,,,,,4,0,1,2,A,-,09,21804,A,N,D,G,A,A,H,-,A,-,0,,Y,,,Y,,L,04,0,0,1,0,0,0,1,0,0,"- ","- ",,,"SAN DIEGO","SAN DIEGO",-117.04908829999999,32.755143490000002
8487062,2017,2017-11-28,3711,2017-10-24,2008,6176,,2,5,7,3711,0,0,0,,0,437,"S MEADOWBROOK DR","SHADYGLADE LN",0.00,,Y,A,-,N,,,,,,,,,,N,3,0,1,2,A,-,"- ",,,N,A,G,A,A,H,-,C,D,0,,Y,,,Y,,L,04,0,1,0,0,0,0,1,0,0,"- ","- ",,,"SAN DIEGO","SAN DIEGO",-117.03050001,32.701120080000003
8487105,2017,2017-11-17,3711,2017-10-28,1126,7233,,6,5,7,3711,0,0,0,,0,321,"FRIARS RD","RIVERDALE ST",0.00,,Y,A,-,N,,,,,,,,,,N,3,0,1,2,A,-,09,21801,A,N,D,G,A,A,H,-,A,A,0,,Y,,,Y,,A,01,0,1,0,0,0,0,1,0,0,"- ","- ",,,"SAN DIEGO","SAN DIEGO",-117.09961011,32.79059007
8487107,2017,2017-12-01,3711,2017-10-23,2245,7657,,1,5,7,3711,0,0,0,,0,512,"NATIONAL AV","SOUTH 33RD ST",36.00,W,N,A,-,N,,,,,,,,,,Y,4,0,1,2,A,-,03,22350,,N,C,G,A,A,H,-,C,D,0,,Y,,,Y,,-,,0,0,1,0,0,0,0,0,0,"- ","- ",,,"SAN DIEGO","SAN DIEGO",-117.12331662,32.695989449999999
8487119,2017,2018-03-05,3711,2017-10-22,1336,7484,"SAN D",7,5,7,3711,0,0,0,,0,523,"300 6TH AV","6TH AV",9.00,W,N,A,-,N,,,,,,,,,,N,3,0,1,2,A,-,10,21950,A,N,G,B,B,A,H,-,A,D,0,Y,,,,Y,,-,,0,1,0,0,1,0,0,0,0,"- ","- ",,,"SAN DIEGO","SAN DIEGO",-117.15918571,32.708439970000001
8488506,2017,2017-12-05,3711,2017-10-12,1749,SD6764,,4,5,7,3711,0,0,0,,0,124,"LA JOLLA SHORES DR","DOWNWIND WY",15.00,S,N,A,-,N,,,,,,,,,,N,2,0,1,2,A,-,10,21950,A,N,G,B,B,A,H,-,B,A,0,Y,,,,Y,,A,01,1,0,0,0,1,0,0,0,0,"- ","- ",,,"SAN DIEGO","SAN DIEGO",-117.25200069,32.867889910000002
8488576,2017,2017-12-13,3711,2017-11-04,1456,6045,,6,5,7,3711,0,0,0,,0,321,"MISSION GORGE RD","RAINIER AV",0.00,,Y,A,-,N,,,,,,,,,,N,4,0,2,3,A,-,08,22107,,N,G,B,B,A,H,-,A,A,0,Y,,,,Y,,-,,0,0,2,0,2,0,0,0,0,"- ","- ",,,"SAN DIEGO","SAN DIEGO",-117.09770005999999,32.789820089999999
8488580,2017,2017-12-13,3711,2017-11-04,0808,7605,SD,6,5,7,3711,0,0,0,,0,613,"WEST POINT LOMA BL","GROTON ST",0.00,,Y,A,-,N,,,,,,,,,,N,4,0,1,2,A,-,10,21950,A,N,G,B,B,A,H,-,A,A,0,Y,,,,Y,,-,,0,0,1,0,1,0,0,0,0,"- ","- ",,,"SAN DIEGO","SAN DIEGO",-117.22194003,32.754340089999999
8488616,2017,2017-12-13,3711,2017-11-05,1111,6629,SD,7,5,7,3711,0,0,0,,0,442,"ALPHA ST","ALPHA ST  4000",15.00,S,N,A,-,N,,,,,,,,,,N,4,0,1,2,A,-,05,21651,,N,D,G,A,A,H,-,A,A,0,,Y,,,Y,,L,04,0,0,1,0,0,0,1,0,0,"- ","- ",,,"SAN DIEGO","SAN DIEGO",,
8490228,2017,2017-12-11,3711,2017-11-01,0635,4274,,3,5,7,3711,0,0,0,,0,315,"CAMINO DEL RIO N","MISSION CENTER PKWY",3.00,W,N,A,-,N,,,,,,,,,,N,3,0,1,2,A,-,09,21804,A,N,D,G,A,A,H,-,D,D,0,,Y,,,Y,,-,,0,1,0,0,0,0,1,0,0,"- ","- ",,,"SAN DIEGO","SAN DIEGO",-117.15334933,32.76685767
8491052,2017,2017-12-12,3711,2017-11-06,1909,7525,,1,5,7,3711,0,0,0,,0,126,"VILLA LA JOLLA DR","VISTA NORTE",150.00,N,N,A,-,N,,,,,,,,,,,3,0,1,2,B,-,22,,,N,D,G,A,A,H,-,C,A,0,,Y,,,Y,,A,01,0,1,0,0,0,0,1,0,0,"- ","- ",,,"SAN DIEGO","SAN DIEGO",-117.23385125,32.87071392
8491060,2017,2017-12-12,3711,2017-11-07,1520,7672,,2,5,7,3711,0,0,0,,0,,"UNIVERSITY AV","58TH ST",246.00,W,N,A,-,N,,,,,,,,,,N,3,0,1,2,A,-,08,22107,,N,D,G,A,A,H,-,A,A,0,,Y,,,Y,Y,A,01,0,1,0,0,0,0,1,0,0,"- ","- ",,,"SAN DIEGO","SAN DIEGO",-117.07286999999999,32.749139999999997
8493227,2017,2018-06-08,3711,2017-11-10,1005,7663,,5,5,7,3711,0,0,0,,0,811,"33RD ST","MADISON AV",0.00,,N,A,-,N,,,,,,,,,,N,3,0,1,2,A,-,11,21950,B,N,G,B,D,A,H,-,A,D,0,Y,,,,Y,,N,60,0,1,0,0,1,0,0,0,0,"- ","- ",,,"SAN DIEGO","SAN DIEGO",-117.12287010999999,32.760990020000001
8494299,2017,2018-03-03,3711,2017-11-02,0614,5747,,4,5,7,3711,0,0,0,,0,614,"SUNSET CLIFFS BL","NIAGARA AV",104.00,S,N,A,-,N,,,,,,,,,,N,4,0,1,2,A,-,17,22517,,N,B,G,A,A,H,-,C,D,0,,Y,,,Y,,-,,0,0,1,0,0,0,1,0,0,"- ","- ",,,"SAN DIEGO","SAN DIEGO",-117.24853625,32.743678320000001
8494315,2017,2017-12-14,3711,2017-11-02,0633,7619,,4,5,7,3711,0,0,0,,0,521,"BROADWAY AV","15TH ST",0.00,,Y,A,-,N,,,,,,,,,,N,4,0,1,2,A,-,08,22107,,N,C,G,A,A,H,-,B,A,0,,Y,,,Y,,A,01,0,0,1,0,0,0,1,0,0,"- ","- ",,,"SAN DIEGO","SAN DIEGO",-117.15039011,32.715740019999998
8494847,2017,2017-12-06,3711,2017-11-12,1850,7607,,7,5,7,3711,0,0,0,,0,835,"SYCAMORE DR","SYCAMORE DR  4220",8.00,N,N,A,-,N,,,,,,,,,,N,4,0,2,3,A,-,03,22350,,M,G,B,D,A,H,-,C,D,0,Y,,,,Y,Y,A,01,0,0,2,0,2,0,0,0,0,"- ","- ",,,"SAN DIEGO","SAN DIEGO",,
8496745,2017,2018-06-26,3711,2017-10-21,1742,7575,,6,5,7,3711,0,0,0,,0,233,"RANCHO PENASQUITOS BL","AZUAGA ST",21.00,S,N,A,-,Y,SD,11,56,-,-,8.333,R,4,E,N,2,0,1,2,A,-,09,21804,A,N,B,G,A,A,H,-,A,A,0,,Y,,,Y,,L,04,1,0,0,0,0,0,1,0,0,"- ","- ",,,"SAN DIEGO","SAN DIEGO",-117.11727901,32.957117519999997
8496749,2017,2018-02-16,3711,2017-10-21,0924,7652,,6,5,7,3711,0,0,0,,0,313,KIRKCALDY,"KIRKCALDY 4100",0.00,,-,A,-,N,,,,,,,,,,N,3,0,1,2,A,-,17,22517,,N,H,G,A,A,H,-,A,D,0,,Y,,,Y,,A,01,0,1,0,0,0,0,1,0,0,"- ","- ",,,"SAN DIEGO","SAN DIEGO",-117.15854824,32.81709506
8496886,2017,2018-02-17,3711,2017-11-14,1120,7467,SD,2,5,7,3711,0,0,0,,0,525,"W G ST","W G ST 100",20.00,S,N,A,-,N,,,,,,,,,,N,4,0,1,2,A,-,10,21950,A,N,G,B,B,A,H,-,A,A,0,Y,,,,Y,,-,,0,0,1,0,1,0,0,0,0,"- ","- ",,,"SAN DIEGO","SAN DIEGO",,
8496949,2017,2018-02-17,3711,2017-11-18,1646,5923,SANDI,6,5,7,3711,0,0,0,,0,611,"MIDWAY DR","MIDWAY DR 2800",8.00,E,N,A,-,N,,,,,,,,,,N,4,0,1,2,A,I,"- ",,,N,D,G,A,A,H,-,B,D,0,,Y,,,Y,,L,04,0,0,1,0,0,0,1,0,0,"- ","- ",,,"SAN DIEGO","SAN DIEGO",,
8498673,2017,2017-12-28,3711,2017-11-25,1722,7553,,6,5,7,3711,0,0,0,,0,813,"UNIVERSITY AV","UNIVERSITY AV 3152",0.00,,N,B,-,N,,,,,,,,,,N,3,0,1,2,A,I,10,21950,A,N,G,B,C,A,H,-,C,D,0,Y,,,,Y,,A,07,0,1,0,0,1,0,0,0,0,"- ","- ",,,"SAN DIEGO","SAN DIEGO",-117.12622583,32.748490850000003
8498881,2017,2017-12-06,3711,2017-10-27,0830,1521,E,5,5,7,3711,0,0,0,,0,SDSU,"EAST CAMPUS DR","ZURA WY",202.00,N,N,A,-,N,,,,,,,,,,N,3,0,1,2,A,-,12,22450,,N,B,B,C,A,H,-,A,A,0,Y,,,,Y,Y,A,01,0,1,0,0,1,0,0,0,0,"- ","- ",32.773800000000001,-117.06704999999999,"SAN DIEGO","SAN DIEGO",-117.06701755,32.77364171
8499540,2017,2017-12-19,3711,2017-11-09,1523,7541,,4,5,7,3711,0,0,0,,0,615,"TALBOT ST","EVERGREEN ST",182.00,E,N,A,-,N,,,,,,,,,,Y,2,0,2,5,A,-,08,22107,,N,B,B,E,A,H,-,A,D,0,Y,,,,Y,Y,A,07,1,0,1,0,1,0,0,0,0,"- ","- ",,,"SAN DIEGO","SAN DIEGO",-117.23390706000001,32.720401459999998
8499697,2017,2017-12-06,3711,2017-11-19,1607,8192,,7,5,7,3711,0,0,0,,0,834,"43RD ST","WIGHTMAN ST",10.00,S,N,A,-,N,,,,,,,,,,N,3,0,1,2,A,-,10,21950,A,N,B,B,B,A,H,-,B,A,0,Y,,,,Y,,A,01,0,1,0,0,1,0,0,0,0,"- ","- ",,,"SAN DIEGO","SAN DIEGO",-117.10204028,32.747772609999998
8499708,2017,2017-12-07,3711,2017-11-17,1735,6989,,5,5,7,3711,0,0,0,,0,834,"MYRTLE AV","43RD ST",100.00,W,N,A,-,N,,,,,,,,,,N,4,0,1,2,A,-,11,21954,A,M,G,B,D,A,H,-,D,D,0,Y,,,,Y,,N,60,0,0,1,0,1,0,0,0,0,"- ","- ",,,"SAN DIEGO","SAN DIEGO",-117.1024141,32.742147320000001
8501855,2017,2017-12-20,3711,2017-11-25,1530,7525,,6,5,7,3711,0,0,0,,0,124,"KLINE ST","FAY AV",0.00,,Y,B,-,N,,,,,,,,,,N,4,0,1,2,A,-,10,21950,,N,G,B,B,A,H,-,A,A,0,Y,,,,Y,,A,01,0,0,1,0,1,0,0,0,0,"- ","- ",,,"SAN DIEGO","SAN DIEGO",-117.27473007,32.843300110000001
8503547,2017,2017-12-08,3711,2017-11-14,0749,7418,,2,5,7,3711,0,0,0,,0,124,"GILMAN DR","LA JOLLA VILLAGE DR",300.00,S,N,B,-,N,,,,,,,,,,N,3,0,1,2,A,-,10,21950,A,N,G,B,D,A,H,-,A,D,0,Y,,,,Y,,-,,0,1,0,0,1,0,0,0,0,"- ","- ",,,"SAN DIEGO","SAN DIEGO",-117.23808375999999,32.870877610000001
8506161,2017,2017-12-18,3711,2017-11-23,2317,8447,,4,5,7,3711,0,0,0,,0,714,"RAIL CT","SAN YSIDRO BL",75.00,N,N,A,-,N,,,,,,,,,,N,4,0,1,2,A,-,21,22106,,M,G,B,D,A,H,-,C,D,0,Y,,,,Y,Y,-,,0,0,1,0,1,0,0,0,0,"- ","- ",,,"SAN DIEGO","SAN DIEGO",-117.02872000000001,32.544200000000004