CASE_ID,ACCIDENT_YEAR,PROC_DATE,JURIS,COLLISION_DATE,COLLISION_TIME,OFFICER_ID,REPORTING_DISTRICT,DAY_OF_WEEK,CHP_SHIFT,POPULATION,CNTY_CITY_LOC,SPECIAL_COND,BEAT_TYPE,CHP_BEAT_TYPE,CITY_DIVISION_LAPD,CHP_BEAT_CLASS,BEAT_NUMBER,PRIMARY_RD,SECONDARY_RD,DISTANCE,DIRECTION,INTERSECTION,WEATHER_1,WEATHER_2,STATE_HWY_IND,CALTRANS_COUNTY,CALTRANS_DISTRICT,STATE_ROUTE,ROUTE_SUFFIX,POSTMILE_PREFIX,POSTMILE,LOCATION_TYPE,RAMP_INTERSECTION,SIDE_OF_HWY,TOW_AWAY,COLLISION_SEVERITY,NUMBER_KILLED,NUMBER_INJURED,PARTY_COUNT,PRIMARY_COLL_FACTOR,PCF_CODE_OF_VIOL,PCF_VIOL_CATEGORY,PCF_VIOLATION,PCF_VIOL_SUBSECTION,HIT_AND_RUN,TYPE_OF_COLLISION,MVIW,PED_ACTION,ROAD_SURFACE,ROAD_COND_1,ROAD_COND_2,LIGHTING,CONTROL_DEVICE,CHP_ROAD_TYPE,PEDESTRIAN_ACCIDENT,BICYCLE_ACCIDENT,MOTORCYCLE_ACCIDENT,TRUCK_ACCIDENT,NOT_PRIVATE_PROPERTY,ALCOHOL_INVOLVED,STWD_VEHTYPE_AT_FAULT,CHP_VEHTYPE_AT_FAULT,COUNT_SEVERE_INJ,COUNT_VISIBLE_INJ,COUNT_COMPLAINT_PAIN,COUNT_PED_KILLED,COUNT_PED_INJURED,COUNT_BICYCLIST_KILLED,COUNT_BICYCLIST_INJURED,COUNT_MC_KILLED,COUNT_MC_INJURED,PRIMARY_RAMP,SECONDARY_RAMP,LATITUDE,LONGITUDE,COUNTY,CITY,POINT_X,POINT_Y
8506177,2017,2017-12-18,3711,2017-11-20,1814,7462,,1,5,7,3711,0,0,0,,0,524,"B ST","4TH AV",0.00,,Y,A,-,N,,,,,,,,,,N,4,0,1,2,A,-,10,21950,A,N,G,B,B,A,H,-,C,A,0,Y,,,,Y,,-,,0,0,1,0,1,0,0,0,0,"- ","- ",,,"SAN DIEGO","SAN DIEGO",-117.16108001000001,32.717790059999999
8506185,2017,2017-12-18,3711,2017-11-19,1344,7082,,7,5,7,3711,0,0,0,,0,833,"UNIVERSITY AV","HIGHLAND AV",100.00,E,N,A,-,N,,,,,,,,,,N,3,0,1,2,A,-,08,22107,,N,B,G,A,A,H,-,A,D,0,,Y,,,Y,,A,01,0,1,0,0,0,0,1,0,0,"- ","- ",,,"SAN DIEGO","SAN DIEGO",-117.09840586,32.749609999999997
8506213,2017,2017-12-18,3711,2017-11-16,0850,7129,,4,5,7,3711,0,0,0,,0,436,"68TH ST","IMPERIAL AV",15.00,S,N,A,-,N,,,,,,,,,,N,4,0,1,2,A,-,00,21453,,M,D,G,A,A,H,-,A,A,0,,Y,,,Y,,-,,0,0,1,0,0,0,1,0,0,"- ","- ",,,"SAN DIEGO","SAN DIEGO",-117.05094545,32.711399100000001
8508999,2017,2017-12-19,3711,2017-11-03,1241,6774,,5,5,7,3711,0,0,0,,0,242,"WESTVIEW PKWY","MIRA MESA BL",50.00,N,N,B,-,N,,,,,,,,,,N,2,0,1,2,A,-,09,21804,A,N,D,G,A,A,H,-,A,A,0,,Y,,Y,Y,,F,56,1,0,0,0,0,0,1,0,0,"- ","- ",,,"SAN DIEGO","SAN DIEGO",-117.12052537,32.917456889999997
8509166,2017,2017-12-15,3711,2017-11-13,2349,8323,,1,5,7,3711,0,0,0,,0,122,"PACIFIC BEACH DR","MORRELL ST",90.00,E,N,A,-,N,,,,,,,,,,Y,4,0,1,3,A,-,08,22107,,M,G,B,E,A,H,-,C,D,0,Y,,,,Y,Y,A,01,0,0,1,0,1,0,0,0,0,"- ","- ",,,"SAN DIEGO","SAN DIEGO",-117.23149961999999,32.795838670000002
8510823,2017,2017-12-20,3711,2017-11-10,2038,6372,,5,5,7,3711,0,0,0,,0,622,"LINDA VISTA RD","JOSEPHINE ST",173.00,S,N,A,-,N,,,,,,,,,,N,2,0,1,1,C,-,18,,,N,F,G,A,A,C,-,C,D,0,,Y,,,Y,,-,"- ",1,0,0,0,0,0,1,0,0,"- ","- ",,,"SAN DIEGO","SAN DIEGO",-117.19222440999999,32.768686649999999
8513370,2018,2018-02-20,3711,2018-01-16,1635,7145,,2,5,7,3711,0,0,0,,0,524,"9TH AV","9TH AV 1200",8.00,E,N,A,-,N,,,,,,,,,,N,4,0,1,2,A,-,05,21650,1,N,D,G,A,A,H,-,B,D,0,,Y,,,Y,Y,L,04,0,0,1,0,0,0,1,0,0,"- ","- ",,,"SAN DIEGO","SAN DIEGO",-117.15655517578125,32.717807769775391
8514308,2017,2017-12-19,3711,2017-12-03,0824,6774,,7,5,7,3711,0,0,0,,0,311,"PHYLLIS PL","PHYLLIS PL 8404",0.00,,Y,A,-,N,,,,,,,,,,N,3,0,1,2,A,-,08,22107,,N,D,G,A,A,H,-,A,-,0,,Y,,,Y,,A,01,0,1,0,0,0,0,1,0,0,"- ","- ",,,"SAN DIEGO","SAN DIEGO",-117.14783192,32.784263439999997
8514311,2017,2017-12-20,3711,2017-12-04,1838,7403,SD,1,5,7,3711,0,0,0,,0,441,"NATIONAL AV","NATIONAL AV 3500",10.00,S,N,A,-,N,,,,,,,,,,N,3,0,1,2,A,-,10,21950,,N,A,B,-,A,H,-,C,A,0,Y,,,,Y,,A,01,0,1,0,0,1,0,0,0,0,"- ","- ",,,"SAN DIEGO","SAN DIEGO",,
8514367,2017,2017-12-19,3711,2017-11-25,1728,4897,,6,5,7,3711,0,0,0,,0,813,"UPAS ST","GRANADA AV",7.00,W,N,A,-,N,,,,,,,,,,N,3,0,1,2,A,-,10,21950,A,N,G,B,B,A,H,-,C,A,0,Y,,,,Y,,A,01,0,1,0,0,1,0,0,0,0,"- ","- ",,,"SAN DIEGO","SAN DIEGO",-117.13253269000001,32.74109
8514375,2017,2017-12-19,3711,2017-11-19,1046,7171,,7,5,7,3711,0,0,0,,0,615,"ROSECRANS ST","POE ST",0.00,,Y,A,-,N,,,,,,,,,,N,3,0,1,2,A,-,08,22107,,N,D,G,A,A,H,-,A,D,0,,Y,,,Y,,A,07,0,1,0,0,0,0,1,0,0,"- ","- ",,,"SAN DIEGO","SAN DIEGO",-117.22377005,32.731030019999999
8514379,2017,2017-12-19,3711,2017-11-20,0818,5747,,1,5,7,3711,0,0,0,,0,611,"SPORTS ARENA BL","W POINT LOMA",300.00,N,N,A,-,N,,,,,,,,,,N,3,0,1,2,A,-,11,21950,B,N,H,B,D,A,H,-,A,D,0,Y,,,,Y,,N,60,0,1,0,0,1,0,0,0,0,"- ","- ",,,"SAN DIEGO","SAN DIEGO",-117.21853858,32.75485398
8517043,2017,2017-12-27,3711,2017-12-11,1130,7570,,1,5,7,3711,0,0,0,,0,521,"15TH AV","15TH AV 100",0.00,,-,A,-,N,,,,,,,,,,N,4,0,1,2,A,-,08,22107,,M,G,B,D,A,H,-,A,D,0,Y,,,,Y,,-,99,0,0,1,0,1,0,0,0,0,"- ","- ",,,"SAN DIEGO","SAN DIEGO",-117.15035588000001,32.706287619999998
8517091,2017,2017-12-27,3711,2017-12-08,0741,6759,,5,5,7,3711,0,0,0,,0,431,"ROSWELL ST","CRESTON DR",150.00,E,N,A,-,N,,,,,,,,,,N,3,0,1,2,A,-,11,21950,B,N,-,B,D,A,H,-,A,D,0,Y,,,,Y,,N,60,0,1,0,0,1,0,0,0,0,"- ","- ",,,"SAN DIEGO","SAN DIEGO",-117.07641243,32.715480139999997
8517106,2017,2018-07-05,3711,2017-12-08,2120,7114,SD,5,5,7,3711,0,0,0,,0,832,"EL CAJON BL","RT 15",0.00,,Y,A,-,Y,SD,11,15,-,M,4.949,R,4,S,N,3,0,1,2,A,-,11,21456,B,N,G,B,B,A,H,-,C,A,0,Y,,,,Y,,N,60,0,1,0,0,1,0,0,0,0,"- ",SO,,,"SAN DIEGO","SAN DIEGO",-117.1089813,32.754036540000001
8517404,2017,2018-02-21,3711,2017-10-19,1600,7654,,4,5,7,3711,0,0,0,,0,521,"16TH ST","ISLAND AV",0.00,,N,A,-,N,,,,,,,,,,N,4,0,1,2,A,-,08,22107,,N,G,B,F,A,H,-,A,D,0,Y,,,,Y,,-,"- ",0,0,1,0,1,0,0,0,0,"- ","- ",,,"SAN DIEGO","SAN DIEGO",-117.14946008,32.710450020000003
8518128,2017,2017-12-18,3711,2017-12-04,2349,8323,,1,5,7,3711,0,0,0,,0,111,"BALBOA AV","MOUNT ABERNATHY AV",635.00,W,N,A,-,N,,,,,,,,,,Y,4,0,1,2,A,-,08,22107,,N,B,B,A,A,H,-,C,D,0,,,,,Y,,A,01,0,0,1,0,0,0,0,0,0,"- ","- ",,,"SAN DIEGO","SAN DIEGO",-117.17819823000001,32.820351070000001
8519467,2017,2018-01-03,3711,2017-12-12,2245,7341,,2,5,7,3711,0,0,0,,0,122,"MISSION BL","EMERALD ST",0.00,,Y,A,-,N,,,,,,,,,,N,3,0,1,2,A,-,11,21955,,N,G,B,D,A,H,-,C,D,0,Y,,,,Y,Y,N,60,0,1,0,0,1,0,0,0,0,"- ","- ",,,"SAN DIEGO","SAN DIEGO",-117.25606003,32.798410089999997
8519514,2017,2018-01-09,3711,2017-12-13,1836,7609,SDPD,3,5,7,3711,0,0,0,,0,521,IMPERIAL,"16TH ST",50.00,W,N,A,-,N,,,,,,,,,,N,4,0,1,2,A,-,10,21950,A,N,G,B,B,A,H,-,C,A,0,Y,,,,Y,,A,01,0,0,1,0,1,0,0,0,0,"- ","- ",,,"SAN DIEGO","SAN DIEGO",-117.14961199,32.706281799999999
8521474,2017,2018-01-08,3711,2017-12-12,1058,6823,,2,5,7,3711,0,0,0,,0,234,"BERNARDO HEIGHTS PKWY","BERNARDO HEIGHTS PKWY 15727",0.00,,Y,A,-,N,,,,,,,,,,N,4,0,1,2,A,-,10,21950,,N,G,B,-,A,H,-,A,D,0,Y,,,,Y,,-,"- ",0,0,1,0,1,0,0,0,0,"- ","- ",,,"SAN DIEGO","SAN DIEGO",-117.05868602,33.001546519999998
8521478,2017,2018-01-08,3711,2017-12-11,1850,6962,,1,5,7,3711,0,0,0,,0,722,"SATURN BL","AVENIDA DEL MEXICO",5.00,N,N,A,-,N,,,,,,,,,,N,3,0,1,2,A,-,09,21802,A,N,G,G,A,A,H,-,C,D,0,,Y,,,Y,Y,L,04,0,1,0,0,0,0,1,0,0,"- ","- ",,,"SAN DIEGO","SAN DIEGO",-117.09265980000001,32.582903700000003
8522108,2017,2018-01-11,3711,2017-12-16,1927,7664,SD,6,5,7,3711,0,0,0,,0,521,"17TH ST","17TH ST 700",0.00,,Y,B,-,N,,,,,,,,,,N,3,0,1,2,A,-,10,21950,,N,G,B,E,A,H,-,C,D,0,Y,,,,Y,Y,N,60,0,1,0,0,1,0,0,0,0,"- ","- ",32.71358,-117.14861000000001,"SAN DIEGO","SAN DIEGO",-117.14857936,32.712633179999997
8522281,2017,2018-01-03,3711,2017-12-16,0913,7438,SANDI,6,5,7,3711,0,0,0,,0,524,"4TH AV","B ST",0.00,,Y,B,-,N,,,,,,,,,,N,3,0,1,2,A,-,12,21453,A,N,D,G,A,A,H,-,A,A,0,,Y,,,Y,,A,01,0,1,0,0,0,0,1,0,0,"- ","- ",,,"SAN DIEGO","SAN DIEGO",-117.16108001000001,32.717790059999999
8522428,2017,2018-01-08,3711,2017-12-17,1715,6345,SD,7,5,7,3711,0,0,0,,0,242,"CAMINO RUIZ","CAMINO RUIZ  10700",0.00,,N,A,-,N,,,,,,,,,,N,3,0,1,2,A,-,05,21651,B,N,D,G,A,A,H,-,C,D,0,,Y,,,Y,,L,04,0,1,0,0,0,0,1,0,0,"- ","- ",,,"SAN DIEGO","SAN DIEGO",-117.14379609,32.912839150000003
8522432,2017,2018-01-08,3711,2017-12-13,1518,7640,,3,5,7,3711,0,0,0,,0,627,"RICHMOND ST","ROBINSON AV",15.00,S,N,A,-,N,,,,,,,,,,N,3,0,1,2,A,-,10,21950,A,N,-,G,A,A,H,-,A,A,0,,Y,,,Y,,A,01,0,1,0,0,0,0,1,0,0,"- ","- ",,,"SAN DIEGO","SAN DIEGO",-117.15122,32.746378909999997
8523174,2017,2018-01-11,3711,2017-12-07,1159,6439,,4,5,7,3711,0,0,0,,0,528,"STATE ST","ASH ST",0.00,,Y,A,-,N,,,,,,,,,,N,4,0,1,2,A,-,10,21950,A,N,G,B,B,A,D,-,A,A,0,Y,,,,Y,,A,01,0,0,1,0,1,0,0,0,0,"- ","- ",,,"SAN DIEGO","SAN DIEGO",-117.16650004,32.719860050000001
8526792,2017,2018-01-12,3711,2017-12-31,1416,7657,3711,7,5,7,3711,0,0,0,,0,242,"WESTVIEW PKWY","MIRA MESA BL",2.00,N,N,A,-,N,,,,,,,,,,N,4,0,1,2,A,-,10,21950,A,N,G,B,B,A,H,-,A,A,0,Y,,,,Y,,-,,0,0,1,0,1,0,0,0,0,"- ","- ",,,"SAN DIEGO","SAN DIEGO",-117.12052022,32.917325480000002
8526986,2017,2018-02-20,3711,2017-12-26,1912,7657,3711,2,5,7,3711,0,0,0,,0,242,"GOLD COAST DR","CAMINO RUIZ",12.00,W,N,A,-,N,,,,,,,,,,N,3,0,1,2,A,-,10,21950,A,N,G,B,D,A,H,-,C,A,0,Y,,,,Y,,-,,0,1,0,0,1,0,0,0,0,"- ","- ",,,"SAN DIEGO","SAN DIEGO",-117.14622896,32.905329629999997
8527841,2017,2018-01-12,3711,2017-12-29,0930,7685,SANDI,5,5,7,3711,0,0,0,,0,241,"MIRA MESA BL","HIBERT ST",0.00,,Y,A,-,N,,,,,,,,,,N,4,0,1,2,A,-,10,21950,A,N,H,G,A,A,H,-,A,A,0,,Y,,,Y,,A,01,0,0,1,0,0,0,1,0,0,"- ","- ",,,"SAN DIEGO","SAN DIEGO",-117.11313008,32.916850009999997
8529923,2017,2018-01-18,3711,2017-12-21,0557,7359,,4,5,7,3711,0,0,0,,0,314,"HARMARSH ST","ANNRAE ST",20.00,E,N,A,-,N,,,,,,,,,,N,4,0,1,2,A,-,00,21954,,N,H,B,E,A,H,-,B,D,0,Y,,,,Y,,N,60,0,0,1,0,1,0,0,0,0,"- ","- ",,,"SAN DIEGO","SAN DIEGO",-117.15326697,32.802352980000002
8534837,2017,2018-02-02,3711,2017-12-03,0900,5840,,7,5,7,3711,0,0,0,,0,628,"HAWK ST","W UNIVERSITY",20.00,E,N,B,-,N,,,,,,,,,,N,4,0,1,2,A,-,"- ",,,N,-,B,E,A,H,-,A,-,0,Y,,,,Y,,N,60,0,0,1,0,1,0,0,0,0,"- ","- ",,,"SAN DIEGO","SAN DIEGO",-117.17231,32.748950000000001
8536343,2017,2018-01-22,3711,2017-12-29,0448,7469,SD,5,5,7,3711,0,0,0,,0,523,"6TH AV","J ST",600.00,S,N,A,-,N,,,,,,,,,,N,4,0,1,2,A,-,10,21950,A,N,G,B,-,A,H,-,C,-,0,Y,,,,Y,,A,01,0,0,1,0,1,0,0,0,0,"- ","- ",,,"SAN DIEGO","SAN DIEGO",-117.15919103,32.707756590000002
8536347,2017,2018-01-22,3711,2017-12-22,0710,6686,,5,5,7,3711,0,0,0,,0,111,"CHATEAU DR","PAOLA WY",10.30,E,N,A,-,N,,,,,,,,,,N,2,0,1,2,A,-,03,22350,,N,B,B,-,A,D,-,A,D,0,Y,,,,Y,,A,01,1,0,0,0,1,0,0,0,0,"- ","- ",,,"SAN DIEGO","SAN DIEGO",-117.17833052,32.824086719999997
8536359,2017,2018-01-22,3711,2017-12-01,1916,7417,"SAN D",5,5,7,3711,0,0,0,,0,445,"HILLTOP DR","47TH ST",3.00,E,N,A,-,N,,,,,,,,,,N,4,0,1,2,A,-,10,21950,A,N,G,B,-,A,H,-,A,A,0,Y,,,,Y,Y,A,01,0,0,1,0,1,0,0,0,0,"- ","- ",,,"SAN DIEGO","SAN DIEGO",-117.09358028,32.715049999999998
8536507,2018,2018-02-13,3711,2018-01-04,0654,7181,SD,4,5,7,3711,0,0,0,,0,111,"BALBOA AV","MOUNT ABERNATHY",0.00,,Y,A,-,N,,,,,,,,,,N,3,0,1,2,A,-,12,21453,A,N,D,G,A,A,H,-,A,A,0,,Y,,,Y,,-,"- ",0,1,0,0,0,0,1,0,0,"- ","- ",,,"SAN DIEGO","SAN DIEGO",-117.17613983154297,32.820388793945312
8536535,2018,2018-01-23,3711,2018-01-07,1748,7464,SDPD,7,5,7,3711,0,0,0,,0,839,"SWIFT AV","WIGHTMAN ST",2.00,S,N,A,-,N,,,,,,,,,,N,4,0,1,2,A,-,10,21950,A,N,G,B,B,A,H,-,D,A,0,Y,,,,Y,,A,01,0,0,1,0,1,0,0,0,0,"- ","- ",,,"SAN DIEGO","SAN DIEGO",-117.11929321289062,32.747875213623047
8536540,2018,2018-01-23,3711,2018-01-08,1752,7375,,1,5,7,3711,0,0,0,,0,115,"LEBON DR","NOBEL DR",0.00,,Y,C,-,N,,,,,,,,,,N,4,0,1,2,A,-,10,21950,A,N,G,B,B,B,H,-,C,A,0,Y,,,,Y,,A,01,0,0,1,0,1,0,0,0,0,"- ","- ",,,"SAN DIEGO","SAN DIEGO",-117.22487640380859,32.868518829345703
8536543,2018,2018-01-23,3711,2018-01-05,1600,5812,"SAN D",5,5,7,3711,0,0,0,,0,124,"FAY AV","FAY AV 7600",250.00,,N,-,-,N,,,,,,,,,,N,3,0,1,2,A,-,09,21804,A,M,B,G,A,A,H,-,A,D,0,,Y,,,Y,,A,01,0,1,0,0,0,0,1,0,0,"- ","- ",,,"SAN DIEGO","SAN DIEGO",,
8537199,2018,2018-01-30,3711,2018-01-15,1157,7157,,1,5,7,3711,0,0,0,,0,441,"45TH ST","LOGAN AV",1.00,N,N,A,-,N,,,,,,,,,,N,3,0,1,2,A,-,08,22100,,N,G,G,A,A,H,-,A,A,0,,Y,,,Y,,A,01,0,1,0,0,0,0,1,0,0,"- ","- ",,,"SAN DIEGO","SAN DIEGO",-117.09803771972656,32.696823120117188
8538757,2018,2018-02-01,3711,2018-01-08,1754,7340,,1,5,7,3711,0,0,0,,0,823,"UNIVERSITY AV","58TH ST",0.00,,Y,C,-,N,,,,,,,,,,N,3,0,1,2,A,-,"- ",,,M,A,B,B,B,H,-,C,A,0,Y,,,,Y,,-,"- ",0,1,0,0,1,0,0,0,0,"- ","- ",,,"SAN DIEGO","SAN DIEGO",-117.07286834716797,32.749141693115234
8540594,2018,2018-02-07,3711,2018-01-12,0815,6795,,5,5,7,3711,0,0,0,,0,811,"MEADE AV","35TH ST",9.00,E,N,A,-,N,,,,,,,,,,N,4,0,1,2,A,-,10,21950,A,N,-,B,B,A,H,-,A,A,0,Y,,,,Y,,-,,0,0,1,0,1,0,0,0,0,"- ","- ",,,"SAN DIEGO","SAN DIEGO",-117.11785888671875,32.757171630859375
8543444,2017,2018-02-09,3711,2017-10-10,0720,7067,,2,5,7,3711,0,0,0,,0,613,"CHATSWORTH BL","TENNYSON ST",0.00,,-,B,-,N,,,,,,,,,,N,4,0,1,2,A,-,17,21208,A,N,D,G,A,A,H,-,A,D,0,,Y,,,Y,,L,04,0,0,1,0,0,0,1,0,0,"- ","- ",,,"SAN DIEGO","SAN DIEGO",-117.22973002000001,32.738250049999998
8544188,2018,2018-01-31,3711,2018-01-09,1938,4576,,2,5,7,3711,0,0,0,,0,521,"15TH ST","IMPERIAL AV",165.00,S,N,C,-,N,,,,,,,,,,N,2,0,1,2,C,-,18,,,N,G,B,E,B,H,-,C,D,0,Y,,,,Y,,-,"- ",1,0,0,0,1,0,0,0,0,"- ","- ",,,"SAN DIEGO","SAN DIEGO",-117.15033721923828,32.705837249755859
8545790,2018,2020-05-22,3711,2018-01-18,0556,6774,,4,5,7,3711,0,0,0,,0,315,"CAMINO DEL RIO N","DISCOVERY PL",369.00,E,N,A,-,N,,,,,,,,,,N,1,1,0,2,A,-,11,21954,A,N,G,B,D,A,H,-,C,D,0,Y,,,,Y,Y,N,60,0,0,0,1,0,0,0,0,0,"- ","- ",,,"SAN DIEGO","SAN DIEGO",-117.13673919,32.771919599999997
8545810,2018,2018-02-09,3711,2018-01-17,0923,7173,SDPD,3,5,7,3711,0,0,0,,0,531,"PARK BL","INSIRATION POINT RD",272.00,N,N,A,-,N,,,,,,,,,,N,3,0,1,2,A,-,17,22517,,N,E,G,A,A,H,-,A,D,0,,Y,,,Y,,A,01,0,1,0,0,0,0,1,0,0,"- ","- ",,,"SAN DIEGO","SAN DIEGO",-117.14775085449219,32.727565765380859
8545838,2018,2018-02-09,3711,2018-01-10,1635,6000,,3,5,7,3711,0,0,0,,0,511,"NATIONAL AV","CESAR E CHAVEZ PKWY",0.00,,Y,B,-,N,,,,,,,,,,N,2,0,1,2,A,-,10,21950,A,N,G,B,B,A,H,-,A,A,0,Y,,,,Y,,A,01,1,0,0,0,1,0,0,0,0,"- ","- ",,,"SAN DIEGO","SAN DIEGO",-117.14504241943359,32.700660705566406
8548669,2018,2018-02-20,3711,2018-01-25,1737,7122,,4,5,7,3711,0,0,0,,0,621,"LINDA VISTA RD","COMSTOCK ST",300.00,N,N,A,-,N,,,,,,,,,,N,4,0,1,2,A,-,08,22107,,N,G,B,F,A,H,-,B,D,0,Y,,,,Y,,-,,0,0,1,0,1,0,0,0,0,"- ","- ",,,"SAN DIEGO","SAN DIEGO",-117.17137908935547,32.784133911132812
8548799,2018,2018-02-15,3711,2018-02-05,1550,5886,,1,5,7,3711,0,0,0,,0,828,"UNIVERSITY AV","49TH ST",36.00,W,N,A,-,N,,,,,,,,,,N,3,0,1,2,A,-,03,22350,,N,B,G,A,A,H,-,A,D,0,,Y,,,Y,,L,04,0,1,0,0,0,0,1,0,0,"- ","- ",,,"SAN DIEGO","SAN DIEGO",-117.08917999267578,32.749530792236328
8549485,2018,2018-02-13,3711,2018-01-04,1733,6000,,4,5,7,3711,0,0,0,,0,433,"BROOKLYN AV","STORK ST",202.00,E,N,A,-,N,,,,,,,,,,N,2,0,1,2,A,-,03,22350,,N,G,B,E,A,H,-,C,D,0,Y,,,,Y,,D,22,1,0,0,0,1,0,0,0,0,"- ","- ",,,"SAN DIEGO","SAN DIEGO",-117.06050872802734,32.713134765625
8549627,2018,2018-03-01,3711,2018-01-21,0017,7467,SD,7,5,7,3711,0,0,0,,0,529,"JUNIPER ST","3RD AV",24.00,E,N,A,-,N,,,,,,,,,,N,4,0,1,3,A,-,03,22350,A,N,C,B,D,A,H,-,C,D,0,Y,,,,Y,,-,,0,0,1,0,1,0,0,0,0,"- ","- ",,,"SAN DIEGO","SAN DIEGO",-117.16202545166016,32.729301452636719
8549651,2018,2018-02-13,3711,2018-01-29,1600,7620,,1,5,7,3711,0,0,0,,0,442,"NATIONAL AV","35TH ST",350.00,E,N,A,-,N,,,,,,,,,,N,3,0,1,2,A,-,11,21955,,N,G,B,D,A,H,-,A,A,0,Y,,,,Y,,N,60,0,1,0,0,1,0,0,0,0,"- ","- ",,,"SAN DIEGO","SAN DIEGO",-117.11775970458984,32.696006774902344
8549659,2018,2018-02-28,3711,2018-01-29,1432,7340,SD,1,5,7,3711,0,0,0,,0,826,"EL CAJON BL",51ST,10.00,W,N,A,-,N,,,,,,,,,,N,4,0,1,2,A,-,11,21954,A,N,A,B,D,A,H,-,A,D,0,Y,,,,Y,,N,60,0,0,1,0,1,0,0,0,0,"- ","- ",,,"SAN DIEGO","SAN DIEGO",-117.08470916748047,32.757087707519531
8549667,2018,2018-02-14,3711,2018-01-28,0834,4759,,7,5,7,3711,0,0,0,,0,122,"GRAND AV","FANUEL ST",9.00,E,N,A,-,N,,,,,,,,,,N,3,0,2,3,A,-,10,21950,A,N,D,G,A,A,H,-,A,A,0,,Y,,,Y,,-,,0,2,0,0,0,0,2,0,0,"- ","- ",,,"SAN DIEGO","SAN DIEGO",-117.24577331542969,32.796726226806641
8550232,2018,2018-02-12,3711,2018-01-22,1820,5619,SDPD,1,5,7,3711,0,0,0,,0,723,"COCHRAN AV","PALM AV",0.00,,Y,A,-,N,,,,,,,,,,N,3,0,1,2,A,-,11,21950,B,N,G,B,D,A,H,-,D,A,0,Y,,,,Y,Y,N,60,0,1,0,0,1,0,0,0,0,"- ","- ",,,"SAN DIEGO","SAN DIEGO",-117.05892181396484,32.583759307861328
8550406,2018,2018-02-10,3711,2018-01-28,1430,7638,SDPD,7,5,7,3711,0,0,0,,0,934,"EL CAMINIO REAL RD","ARROYO SORRENTO RD",0.00,,Y,A,G,N,,,,,,,,,,N,2,0,2,3,A,-,17,21451,A,N,G,G,A,A,H,-,A,A,0,,Y,,,Y,,-,,1,1,0,0,0,0,2,0,0,"- ","- ",32.924999237060547,-117.23600006103516,"SAN DIEGO","SAN DIEGO",-117.23651123046875,32.925201416015625
8550711,2018,2018-02-09,3711,2018-01-11,1050,7467,SD,4,5,7,3711,0,0,0,,0,521,"G ST","14TH ST",12.00,E,N,A,-,N,,,,,,,,,,N,4,0,1,2,A,-,09,21801,A,N,H,G,A,A,H,-,A,A,0,,Y,,,Y,,-,,0,0,1,0,0,0,1,0,0,"- ","- ",,,"SAN DIEGO","SAN DIEGO",-117.15187835693359,32.712612152099609
8553667,2018,2018-02-21,3711,2018-02-08,1720,4539,,4,5,7,3711,0,0,0,,0,935,"CAMINO DEL SUR","TORREY MEADOWS",36.00,S,N,A,-,N,,,,,,,,,,N,3,0,1,2,A,-,03,22350,,N,C,G,A,A,H,-,B,A,0,,Y,,,Y,,-,,0,1,0,0,0,0,1,0,0,"- ","- ",,,"SAN DIEGO","SAN DIEGO",-117.15122985839844,32.963134765625
8559130,2018,2018-02-26,3711,2018-02-06,0800,7405,SPDP,2,5,7,3711,0,0,0,,0,437,"SKYLINE DR","SYCHAR RD",0.00,,Y,A,-,N,,,,,,,,,,N,4,0,1,2,A,-,10,21950,A,N,A,B,B,A,H,-,A,A,0,Y,,,,Y,,A,01,0,0,1,0,1,0,0,0,0,"- ","- ",,,"SAN DIEGO","SAN DIEGO",-117.04289245605469,32.703319549560547
8560779,2018,2018-03-02,3711,2018-01-22,0755,7409,,1,5,7,3711,0,0,0,,0,721,"SATURN BL","ELM AV",12.00,S,N,A,-,N,,,,,,,,,,N,3,0,1,2,A,-,00,21960,A,N,A,B,B,-,H,-,A,A,0,Y,,,,Y,,-,,0,1,0,0,1,0,0,0,0,"- ","- ",,,"SAN DIEGO","SAN DIEGO",-117.09265899658203,32.580585479736328
8560824,2018,2018-03-07,3711,2018-02-13,1426,7024,,2,5,7,3711,0,0,0,,0,528,"A ST","STATE ST",10.00,E,N,A,-,N,,,,,,,,,,N,4,0,1,2,A,-,10,21950,A,N,G,B,-,A,H,-,A,A,0,Y,,,,Y,,A,07,0,0,1,0,1,0,0,0,0,"- ","- ",,,"SAN DIEGO","SAN DIEGO",-117.16648864746094,32.718830108642578
8560860,2018,2018-03-07,3711,2018-02-12,1905,7680,"SAN D",1,5,7,3711,0,0,0,,0,115,"GENESEE AV","GOVERNOR DR",12.00,S,N,A,-,N,,,,,,,,,,N,4,0,1,2,A,-,10,21950,A,N,G,B,-,A,H,-,C,A,0,Y,,,,Y,,-,"- ",0,0,1,0,1,0,0,0,0,"- ","- ",,,"SAN DIEGO","SAN DIEGO",-117.20467376708984,32.854579925537109