CASE_ID,ACCIDENT_YEAR,PROC_DATE,JURIS,COLLISION_DATE,COLLISION_TIME,OFFICER_ID,REPORTING_DISTRICT,DAY_OF_WEEK,CHP_SHIFT,POPULATION,CNTY_CITY_LOC,SPECIAL_COND,BEAT_TYPE,CHP_BEAT_TYPE,CITY_DIVISION_LAPD,CHP_BEAT_CLASS,BEAT_NUMBER,PRIMARY_RD,SECONDARY_RD,DISTANCE,DIRECTION,INTERSECTION,WEATHER_1,WEATHER_2,STATE_HWY_IND,CALTRANS_COUNTY,CALTRANS_DISTRICT,STATE_ROUTE,ROUTE_SUFFIX,POSTMILE_PREFIX,POSTMILE,LOCATION_TYPE,RAMP_INTERSECTION,SIDE_OF_HWY,TOW_AWAY,COLLISION_SEVERITY,NUMBER_KILLED,NUMBER_INJURED,PARTY_COUNT,PRIMARY_COLL_FACTOR,PCF_CODE_OF_VIOL,PCF_VIOL_CATEGORY,PCF_VIOLATION,PCF_VIOL_SUBSECTION,HIT_AND_RUN,TYPE_OF_COLLISION,MVIW,PED_ACTION,ROAD_SURFACE,ROAD_COND_1,ROAD_COND_2,LIGHTING,CONTROL_DEVICE,CHP_ROAD_TYPE,PEDESTRIAN_ACCIDENT,BICYCLE_ACCIDENT,MOTORCYCLE_ACCIDENT,TRUCK_ACCIDENT,NOT_PRIVATE_PROPERTY,ALCOHOL_INVOLVED,STWD_VEHTYPE_AT_FAULT,CHP_VEHTYPE_AT_FAULT,COUNT_SEVERE_INJ,COUNT_VISIBLE_INJ,COUNT_COMPLAINT_PAIN,COUNT_PED_KILLED,COUNT_PED_INJURED,COUNT_BICYCLIST_KILLED,COUNT_BICYCLIST_INJURED,COUNT_MC_KILLED,COUNT_MC_INJURED,PRIMARY_RAMP,SECONDARY_RAMP,LATITUDE,LONGITUDE,COUNTY,CITY,POINT_X,POINT_Y
8561371,2018,2018-02-27,3711,2018-02-02,1555,7265,,5,5,7,3711,0,0,0,,0,621,"LINDA VISTA RD","KRAMER ST",6.00,N,N,A,-,N,,,,,,,,,,N,4,0,1,2,A,-,10,21950,A,F,G,B,B,A,H,-,A,A,0,Y,,,,Y,,-,,0,0,1,0,1,0,0,0,0,"- ","- ",,,"SAN DIEGO","SAN DIEGO",-117.17311096191406,32.7769775390625
8563119,2018,2018-03-08,3711,2018-02-17,0723,7042,,6,5,7,3711,0,0,0,,0,621,"COMSTOCK ST","ULRIC ST",9.00,W,N,A,-,N,,,,,,,,,,N,4,0,1,2,A,-,10,21950,A,N,G,B,B,A,H,-,A,A,0,Y,,,,Y,,A,01,0,0,1,0,1,0,0,0,0,"- ","- ",,,"SAN DIEGO","SAN DIEGO",-117.17453765869141,32.797828674316406
8563545,2018,2018-03-06,3711,2018-02-09,2015,6798,SD,5,5,7,3711,0,0,0,,0,441,"OCEAN VIEW BL","37TH ST",9.00,W,N,A,-,N,,,,,,,,,,N,3,0,1,2,A,-,08,22107,,M,A,B,B,A,H,-,C,D,0,Y,,,,Y,,-,99,0,1,0,0,1,0,0,0,0,"- ","- ",,,"SAN DIEGO","SAN DIEGO",-117.11466979980469,32.701259613037109
8563593,2018,2018-03-06,3711,2018-02-16,1812,6328,,5,5,7,3711,0,0,0,,0,446,"EUCLID AV","EUCLID AV  300",1.00,E,N,A,-,N,,,,,,,,,,N,4,0,1,2,A,-,10,21950,A,N,G,B,B,A,H,-,C,A,0,Y,,,,Y,,A,01,0,0,1,0,1,0,0,0,0,"- ","- ",,,"SAN DIEGO","SAN DIEGO",-117.0850575,32.707680150000002
8563598,2018,2018-05-04,3711,2018-02-18,1719,7341,,7,5,7,3711,0,0,0,,0,121,"PACIFIC BEACH DR","MISSION BL",220.00,W,N,A,-,N,,,,,,,,,,N,3,0,1,2,A,-,08,22107,,N,D,G,A,A,H,-,A,D,0,,Y,,,Y,,L,04,0,1,0,0,0,0,1,0,0,"- ","- ",,,"SAN DIEGO","SAN DIEGO",-117.25445556640625,32.790767669677734
8563624,2018,2018-03-02,3711,2018-02-13,1744,7642,,2,5,7,3711,0,0,0,,0,122,"HORNBLEND ST","LAMONT ST",153.00,E,N,A,-,N,,,,,,,,,,N,3,0,1,2,A,-,03,22350,,N,C,G,A,A,H,-,A,D,0,,Y,,,Y,Y,L,04,0,1,0,0,0,0,1,0,0,"- ","- ",,,"SAN DIEGO","SAN DIEGO",-117.23458862304688,32.800174713134766
8567367,2018,2018-03-13,3711,2018-02-09,1901,8192,,5,5,7,3711,0,0,0,,0,834,"FAIRMOUNT AV","LANDIS ST",20.00,N,N,B,-,N,,,,,,,,,,N,4,0,1,2,A,-,11,21955,,N,G,B,B,A,H,-,C,A,0,Y,,,,Y,,N,60,0,0,1,0,1,0,0,0,0,"- ","- ",,,"SAN DIEGO","SAN DIEGO",-117.10093688964844,32.745925903320312
8567379,2018,2018-03-13,3711,2018-02-21,2152,7647,,3,5,7,3711,0,0,0,,0,627,"UNIVERSITY AV","FALCON ST",25.00,W,N,B,-,N,,,,,,,,,,N,2,0,1,2,A,-,11,21954,A,N,G,B,D,A,H,-,C,D,0,Y,,,,Y,,N,60,1,0,0,0,1,0,0,0,0,"- ","- ",,,"SAN DIEGO","SAN DIEGO",-117.17053985595703,32.748970031738281
8568081,2018,2018-03-09,3711,2018-02-15,2031,HB5940,,4,5,7,3711,0,0,0,,0,503,"NORTH HARBOR DR","LINDBERGH FIELD WY",0.00,,Y,A,-,N,,,,,,,,,,N,3,0,1,2,A,-,08,22107,,N,B,G,A,A,H,-,C,A,0,,Y,,,Y,,A,01,0,1,0,0,0,0,1,0,0,"- ","- ",,,"SAN DIEGO","SAN DIEGO",-117.184304,32.728675000000003
8571323,2018,2018-03-14,3711,2018-02-13,0741,6702,,2,5,7,3711,0,0,0,,0,233,"OLD WEST AV","OLD WEST WY",0.00,,Y,A,-,N,,,,,,,,,,N,3,0,1,2,A,-,10,21950,A,N,G,B,B,A,H,-,A,D,0,Y,,,Y,Y,,F,27,0,1,0,0,1,0,0,0,0,"- ","- ",,,"SAN DIEGO","SAN DIEGO",-117.13156127929688,32.954860687255859
8571459,2018,2018-03-14,3711,2018-02-22,1818,7474,N2,4,5,7,3711,0,0,0,,0,115,"LEBON DR","CHARMANT DR",0.00,,Y,A,-,N,,,,,,,,,,N,3,0,1,2,A,-,11,21456,B,N,G,B,B,A,H,-,C,A,0,Y,,,,Y,,N,60,0,1,0,0,1,0,0,0,0,"- ","- ",,,"SAN DIEGO","SAN DIEGO",-117.22548675537109,32.864860534667969
8572422,2018,2018-03-13,3711,2018-02-26,1620,7320,5E,1,5,7,3711,0,0,0,,0,434,"SABRE ST","SAWTELLE  AV",240.00,W,N,A,-,N,,,,,,,,,,N,4,0,1,2,A,-,00,83020,B,N,G,B,E,A,H,-,A,D,0,Y,,,,Y,,N,60,0,0,1,0,1,0,0,0,0,"- ","- ",,,"SAN DIEGO","SAN DIEGO",-117.02803802490234,32.712356567382812
8574243,2018,2018-03-15,3711,2018-02-20,1315,HB4132,,2,5,7,3711,0,0,0,,0,903,"NORTH HARBOR DR","AIRPORT TERMINAL RD",0.00,,-,A,-,N,,,,,,,,,,N,4,0,1,2,A,-,15,26451,,N,G,B,E,A,H,-,A,D,0,Y,,,,Y,,A,01,0,0,1,0,1,0,0,0,0,"- ","- ",,,"SAN DIEGO","SAN DIEGO",-117.20459819,32.729477770000003
8574298,2018,2018-03-16,3711,2018-02-28,0700,7431,SANDI,3,5,7,3711,0,0,0,,0,437,"SOUTH WOODMAN ST","BULLOCK DR",0.00,,Y,A,-,N,,,,,,,,,,N,4,0,1,2,A,-,10,21950,A,N,G,B,B,A,H,-,A,A,0,Y,,,,Y,,A,01,0,0,1,0,1,0,0,0,0,"- ","- ",,,"SAN DIEGO","SAN DIEGO",-117.04962921142578,32.695308685302734
8576023,2018,2018-03-15,3711,2018-03-01,1525,7453,,4,5,7,3711,0,0,0,,0,826,"TROJAN AV","52ND ST",0.00,,Y,A,-,N,,,,,,,,,,N,4,0,1,2,A,-,11,21954,A,N,D,B,B,A,H,-,A,D,0,Y,,,,Y,,N,60,0,0,1,0,1,0,0,0,0,"- ","- ",,,"SAN DIEGO","SAN DIEGO",-117.08363342285156,32.754871368408203
8576046,2018,2018-03-19,3711,2018-03-02,0551,7490,,5,5,7,3711,0,0,0,,0,114,"LEHRER DR","DIANE AV",0.00,,Y,A,-,N,,,,,,,,,,N,4,0,1,2,A,-,10,21950,A,M,G,B,B,A,H,-,B,A,0,Y,,,,Y,,-,,0,0,1,0,1,0,0,0,0,"- ","- ",,,"SAN DIEGO","SAN DIEGO",-117.18701934814453,32.838459014892578
8576756,2018,2018-03-19,3711,2018-02-23,1020,5747,,5,5,7,3711,0,0,0,,0,611,"MIDWAY DR",ROSECRANS,18.00,W,N,A,-,N,,,,,,,,,,N,4,0,1,2,A,-,09,21453,B,N,B,G,A,A,H,-,A,D,0,,Y,,,Y,,-,,0,0,1,0,0,0,1,0,0,"- ","- ",,,"SAN DIEGO","SAN DIEGO",-117.20621490478516,32.749729156494141
8580335,2018,2018-03-21,3711,2018-02-15,1443,6034,,4,5,7,3711,0,0,0,,0,826,"EL CAJON BL","ALTADENA AV",0.00,,Y,A,-,N,,,,,,,,,,N,2,0,1,2,A,-,10,21950,A,N,G,B,B,A,H,-,A,A,0,Y,,,,Y,,A,07,1,0,0,0,1,0,0,0,0,"- ","- ",,,"SAN DIEGO","SAN DIEGO",-117.08574676513672,32.756950378417969
8580449,2018,2018-03-22,3711,2018-03-05,1815,6000,,1,5,7,3711,0,0,0,,0,321,"MISSION GORGE PL","MISSION GORGE PL 4700",0.00,,-,A,-,N,,,,,,,,,,N,3,0,1,2,D,-,00,,,F,H,G,A,A,H,-,B,D,0,,Y,,,Y,,-,"- ",0,1,0,0,0,0,1,0,0,"- ","- ",,,"SAN DIEGO","SAN DIEGO",-117.09199547999999,32.78246094
8582474,2018,2018-04-11,3711,2018-03-20,2300,7032,,2,5,7,3711,0,0,0,,0,821,"UNIVERSITY AV","ROLANDO BL",0.00,,Y,A,-,N,,,,,,,,,,N,4,0,1,2,A,-,11,21456,B,N,B,B,B,A,H,-,C,A,0,Y,,,,Y,,N,60,0,0,1,0,1,0,0,0,0,"- ","- ",,,"SAN DIEGO","SAN DIEGO",-117.05831909179688,32.754680633544922
8586985,2018,2018-04-12,3711,2018-04-01,1050,4892,,7,5,7,3711,0,0,0,,0,615,"NORTH HARBOR DR","NIMITZ BL",200.00,E,N,A,-,N,,,,,,,,,,N,3,0,1,2,A,-,08,22107,,N,C,G,A,A,H,-,A,D,0,,Y,,,Y,,-,,0,1,0,0,0,0,1,0,0,"- ","- ",,,"SAN DIEGO","SAN DIEGO",-117.2208251953125,32.725944519042969
8587275,2018,2018-04-17,3711,2018-03-24,1356,4849,,6,5,7,3711,0,0,0,,0,528,"DATE ST","COLUMBIA ST",0.00,E,N,A,-,N,,,,,,,,,,N,4,0,1,2,A,-,11,21954,A,N,G,B,E,A,H,-,A,D,0,Y,,,,Y,,N,60,0,0,1,0,1,0,0,0,0,"- ","- ",,,"SAN DIEGO","SAN DIEGO",-117.16741180419922,32.722969055175781
8588800,2017,2018-07-03,3711,2017-11-27,1011,7536,,1,5,7,3711,0,0,0,,0,529,"4TH AV","DATE ST",0.00,,Y,C,-,Y,SD,11,163,-,-,1.019,R,1,S,N,3,0,1,2,A,-,11,21950,B,N,G,B,-,B,H,-,A,A,0,Y,,,,Y,,N,60,0,1,0,0,1,0,0,0,0,"- ","- ",,,"SAN DIEGO","SAN DIEGO",-117.15604190000001,32.725934760000001
8589079,2018,2018-04-30,3711,2018-03-21,2500,8332,,3,5,7,3711,0,0,0,,0,512,"30TH ST","K ST",137.00,W,N,A,-,N,,,,,,,,,,N,3,0,1,2,A,-,10,21950,C,N,G,B,B,A,H,-,A,D,0,Y,,,,Y,Y,-,,0,1,0,0,1,0,0,0,0,"- ","- ",,,"SAN DIEGO","SAN DIEGO",-117.13021850585938,32.708488464355469
8592118,2018,2018-04-19,3711,2018-03-30,1400,6976,SANDI,5,5,7,3711,0,0,0,,0,617,"LOMALAND DR","TARENTO DR",0.00,,N,A,-,N,,,,,,,,,,N,3,0,1,2,A,-,12,22450,A,M,B,G,A,A,H,-,A,C,0,,Y,,,Y,,-,,0,1,0,0,0,0,1,0,0,"- ","- ",32.719398498535156,-117.24800109863281,"SAN DIEGO","SAN DIEGO",-117.24800872802734,32.719371795654297
8592664,2018,2018-04-09,3711,2018-03-23,1954,7251,,5,5,7,3711,0,0,0,,0,835,"POPLAR ST","FAIRMOUNT AV",10.00,S,N,A,-,N,,,,,,,,,,N,3,0,1,1,A,-,08,22107,,N,H,G,A,A,A,-,C,D,0,,Y,,,Y,,L,04,0,1,0,0,0,0,1,0,0,"- ","- ",,,"SAN DIEGO","SAN DIEGO",-117.10099029541016,32.738418579101562
8592668,2018,2018-04-06,3711,2018-03-14,1754,7435,,3,5,7,3711,0,0,0,,0,123,"EAST MISSION BAY DR","CLAIREMONT DR",4752.00,S,N,A,-,N,,,,,,,,,,N,3,0,1,2,A,-,09,21801,A,N,D,G,A,A,H,-,A,A,0,,Y,,,Y,,-,,0,1,0,0,0,0,1,0,0,"- ","- ",,,"SAN DIEGO","SAN DIEGO",-117.20964813232422,32.777854919433594
8592680,2018,2018-04-06,3711,2018-03-23,1300,7033,NORTH,5,5,7,3711,0,0,0,,0,115,"REGENTS RD","ARRIBA ST",5.00,N,N,B,-,N,,,,,,,,,,N,4,0,1,2,A,-,10,21950,A,M,G,B,B,B,H,-,A,A,0,Y,,,,Y,,-,,0,0,1,0,1,0,0,0,0,"- ","- ",,,"SAN DIEGO","SAN DIEGO",-117.22279357910156,32.861362457275391
8592691,2018,2018-04-06,3711,2018-03-20,0705,6200,,2,5,7,3711,0,0,0,,0,325,"HYDE PARK DR","EVERGLADES AV",75.00,E,N,A,-,N,,,,,,,,,,N,3,0,1,2,A,-,08,22107,,N,D,G,A,A,H,-,A,D,0,,Y,,,Y,,L,04,0,1,0,0,0,0,1,0,0,"- ","- ",,,"SAN DIEGO","SAN DIEGO",-117.0455322265625,32.802070617675781
8592700,2018,2018-04-06,3711,2018-03-15,2341,6513,,4,5,7,3711,0,0,0,,0,611,"FORDHAM ST","MIDWAY DR",0.00,,Y,A,-,N,,,,,,,,,,N,3,0,1,2,A,-,10,21950,C,F,G,B,B,A,H,-,C,A,0,Y,,,,Y,,-,99,0,1,0,0,1,0,0,0,0,"- ","- ",,,"SAN DIEGO","SAN DIEGO",-117.21343994140625,32.751091003417969
8594133,2018,2018-08-21,3711,2018-04-03,1108,7462,,2,5,7,3711,0,0,0,,0,521,"C ST","RT 5",0.00,,Y,A,-,Y,SD,11,5,-,R,15.155,R,4,S,Y,4,0,1,3,A,-,03,22350,,N,G,B,F,A,H,-,A,D,0,Y,,,,Y,,A,01,0,0,1,0,1,0,0,0,0,"- ",SO,,,"SAN DIEGO","SAN DIEGO",-117.14777374267578,32.715381622314453
8594204,2018,2018-04-19,3711,2018-04-04,1625,5555,,3,5,7,3711,0,0,0,,0,824,"MONROE AV","50TH ST",2.00,E,N,A,-,N,,,,,,,,,,N,3,0,1,2,A,-,12,22450,A,N,D,G,A,A,H,-,A,D,0,,Y,,,Y,,L,04,0,1,0,0,0,0,1,0,0,"- ","- ",,,"SAN DIEGO","SAN DIEGO",-117.08680725097656,32.758991241455078
8594222,2018,2018-04-19,3711,2018-03-23,1628,6753,SANDI,5,5,7,3711,0,0,0,,0,622,"RIVERWALK DR","FASHION VALLEY RD",400.00,E,N,A,-,N,,,,,,,,,,N,4,0,1,2,A,-,11,21950,B,N,G,B,D,A,H,-,A,-,0,Y,,,,Y,,N,60,0,0,1,0,1,0,0,0,0,"- ","- ",,,"SAN DIEGO","SAN DIEGO",-117.17044067382812,32.765190124511719
8594228,2018,2018-04-19,3711,2018-04-04,1140,7072,,3,5,7,3711,0,0,0,,0,124,"TORREY PINES RD","ARDATH LN",300.00,N,N,B,-,N,,,,,,,,,,N,3,0,1,2,A,-,09,21801,A,N,D,G,A,A,H,-,A,D,0,,Y,,,Y,,D,22,0,1,0,0,0,0,1,0,0,"- ","- ",,,"SAN DIEGO","SAN DIEGO",-117.24952697753906,32.850856781005859
8594236,2018,2018-04-19,3711,2018-04-03,1628,5395,,2,5,7,3711,0,0,0,,0,612,CHATSWORTH,BROWNING,0.00,,-,A,-,N,,,,,,,,,,N,3,0,1,2,A,-,10,21950,A,N,G,B,B,A,H,-,A,A,0,Y,,,,Y,,-,,0,1,0,0,1,0,0,0,0,"- ","- ",,,"SAN DIEGO","SAN DIEGO",-117.22367095947266,32.741901397705078
8594389,2018,2018-04-20,3711,2018-04-08,1200,7516,SANDI,7,5,7,3711,0,0,0,,0,523,"J ST","J ST 600",0.00,,N,A,-,N,,,,,,,,,,N,4,0,1,2,D,-,00,,,M,G,B,B,-,G,-,A,A,0,Y,,,,Y,,-,"- ",0,0,1,0,1,0,0,0,0,"- ","- ",,,"SAN DIEGO","SAN DIEGO",-117.15920627,32.709400649999999
8594585,2018,2018-04-20,3711,2018-03-23,1415,5342,,5,5,7,3711,0,0,0,,0,242,WESTVIEW,"MIRA MESA BL",300.00,S,N,A,-,N,,,,,,,,,,N,3,0,1,2,A,-,08,22107,,N,G,B,D,A,H,-,A,D,0,Y,,,,Y,,-,,0,1,0,0,1,0,0,0,0,"- ","- ",,,"SAN DIEGO","SAN DIEGO",-117.12049102783203,32.916500091552734
8594621,2018,2018-04-20,3711,2018-03-15,1200,7595,,4,5,7,3711,0,0,0,,0,813,"EL CAJON BL","30TH ST",5.00,,N,B,-,N,,,,,,,,,,N,4,0,1,2,A,-,08,22107,,N,D,G,A,A,B,-,A,A,0,,Y,,,Y,,-,,0,0,1,0,0,0,1,0,0,"- ","- ",,,"SAN DIEGO","SAN DIEGO",-117.13017272949219,32.755401611328125
8598053,2018,2018-08-09,3711,2018-03-19,2146,4310,,1,5,7,3711,0,0,0,,0,516,"32ND ST","RT 94",37.00,S,N,A,-,Y,SD,11,94,-,-,2.631,R,4,E,N,2,0,1,2,A,-,11,21954,A,N,G,B,D,A,H,-,C,D,0,Y,,,,Y,,N,60,1,0,0,0,1,0,0,0,0,"- ","- ",,,"SAN DIEGO","SAN DIEGO",-117.12678527832031,32.714363098144531
8598904,2018,2018-04-23,3711,2018-03-30,0707,6886,SD,5,5,7,3711,0,0,0,,0,828,"EUCLID AV","AUBURN DR",28.00,S,-,B,-,N,,,,,,,,,,N,4,0,1,2,A,-,05,21650,A,N,G,G,A,A,H,-,A,D,0,,Y,Y,,Y,,C,06,0,0,1,0,0,0,1,0,0,"- ","- ",,,"SAN DIEGO","SAN DIEGO",-117.09230041503906,32.748271942138672
8599613,2018,2018-04-24,3711,2018-04-05,0558,7514,,4,5,7,3711,0,0,0,,0,723,"BEYER BL","DEL SOL BL",8.00,N,N,A,-,N,,,,,,,,,,N,4,0,1,2,A,-,10,21950,A,N,G,B,-,A,H,-,B,A,0,Y,,,,Y,,A,01,0,0,1,0,1,0,0,0,0,"- ","- ",,,"SAN DIEGO","SAN DIEGO",-117.06657409667969,32.574016571044922
8599674,2018,2018-04-25,3711,2018-04-06,1150,5450,,5,5,7,3711,0,0,0,,0,311,"GRAMERCY DR","RUFFIN RD",0.00,,Y,A,-,N,,,,,,,,,,N,4,0,1,2,D,-,00,,,N,A,G,A,A,H,-,A,A,0,,Y,,,Y,,-,"- ",0,0,1,0,0,0,1,0,0,"- ","- ",,,"SAN DIEGO","SAN DIEGO",-117.12895202636719,32.801868438720703
8599812,2018,2018-04-25,3711,2018-03-30,0756,5589,,5,5,7,3711,0,0,0,,0,515,"30TH ST","IMPERIAL AV",7.00,N,N,A,-,N,,,,,,,,,,N,4,0,1,2,A,-,09,21801,A,N,D,G,A,A,H,-,A,A,0,,Y,,,Y,,A,01,0,0,1,0,0,0,1,0,0,"- ","- ",,,"SAN DIEGO","SAN DIEGO",-117.1295166015625,32.7064208984375
8604126,2018,2018-07-30,3711,2018-04-17,1341,7592,SD,2,5,7,3711,0,0,0,,0,115,"GENESEE AV","GENESEE AV 9800",51.00,W,N,A,-,N,,,,,,,,,,Y,4,0,2,2,A,-,12,21453,A,N,B,B,B,A,D,-,A,A,0,Y,,,,Y,,A,07,0,0,2,0,1,0,0,0,0,"- ","- ",,,"SAN DIEGO","SAN DIEGO",,
8606062,2018,2018-05-11,3711,2018-04-27,2212,7527,,5,5,7,3711,0,0,0,,0,821,"MONTEZUMA RD","RESERVOIR DR",0.00,,Y,A,-,N,,,,,,,,,,N,3,0,1,2,A,-,12,21453,A,N,G,B,B,A,H,-,C,A,0,Y,,,,Y,,A,01,0,1,0,0,1,0,0,0,0,"- ","- ",,,"SAN DIEGO","SAN DIEGO",-117.0565185546875,32.769008636474609
8606155,2018,2018-05-14,3711,2018-05-01,1741,7610,,2,5,7,3711,0,0,0,,0,827,"UNIVERSITY AV","52ND ST",500.00,W,N,B,-,N,,,,,,,,,,N,3,0,1,2,A,-,05,21650,1,N,D,G,A,A,H,-,A,D,0,,Y,,,Y,,L,04,0,1,0,0,0,0,1,0,0,"- ","- ",,,"SAN DIEGO","SAN DIEGO",-117.08521270751953,32.749107360839844
8606159,2018,2018-05-14,3711,2018-05-01,0730,7694,,2,5,7,3711,0,0,0,,0,521,"14TH ST",MARKET,9.00,N,N,A,-,N,,,,,,,,,,N,3,0,1,2,A,-,10,21950,A,M,G,B,B,A,H,-,A,A,0,Y,,,,Y,,-,,0,1,0,0,1,0,0,0,0,"- ","- ",,,"SAN DIEGO","SAN DIEGO",-117.15190887451172,32.711563110351562
8608308,2018,2019-02-15,3711,2018-04-14,1325,7374,,6,5,7,3711,0,0,0,,0,111,"MOUNT ABERNATHY AV","BALBOA ARMS DR",24.00,E,N,A,-,N,,,,,,,,,,Y,1,1,0,2,A,-,10,21950,A,N,A,B,B,A,H,-,A,A,0,Y,,,,Y,,-,,0,0,0,1,0,0,0,0,0,"- ","- ",,,"SAN DIEGO","SAN DIEGO",-117.17569732666016,32.821727752685547
8608737,2018,2018-05-09,3711,2018-04-18,1322,6392,SD,3,5,7,3711,0,0,0,,0,934,"DEL MAR HEIGHTS RD","HIGH BLUFF DR",223.00,E,N,A,-,N,,,,,,,,,,N,3,0,1,1,A,-,03,22350,,N,-,G,A,A,A,-,A,A,0,,Y,,,Y,,L,04,0,1,0,0,0,0,1,0,0,"- ","- ",,,"SAN DIEGO","SAN DIEGO",-117.23876953125,32.952011108398438
8610129,2018,2018-05-10,3711,2018-04-19,1126,8447,,4,5,7,3711,0,0,0,,0,903,"PALM AV","BEYER WAY",528.00,E,N,A,-,N,,,,,,,,,,N,4,0,1,2,A,-,03,22350,,N,G,B,D,A,H,-,A,D,0,Y,,,,Y,,A,01,0,0,1,0,1,0,0,0,0,"- ","- ",,,"SAN DIEGO","SAN DIEGO",-117.060302734375,32.583751678466797
8611030,2018,2018-05-15,3711,2018-04-20,1618,7601,"SAN D",5,5,7,3711,0,0,0,,0,627,"ROBINSON AV","VERMONT ST",0.00,,Y,A,-,N,,,,,,,,,,N,3,0,1,2,A,-,09,21801,A,N,D,G,A,A,H,-,A,D,0,,Y,,,Y,,A,01,0,1,0,0,0,0,1,0,0,"- ","- ",,,"SAN DIEGO","SAN DIEGO",-117.15342712402344,32.746410369873047
8611123,2018,2018-05-11,3711,2018-04-26,0900,7464,SANDI,4,5,7,3711,0,0,0,,0,831,"HIGHLAND AV",UNIVERSITY,28.00,N,N,A,-,N,,,,,,,,,,N,3,0,1,2,A,-,09,21804,A,N,D,G,A,A,H,-,A,A,0,,Y,,,Y,,L,04,0,1,0,0,0,0,1,0,0,"- ","- ",,,"SAN DIEGO","SAN DIEGO",-117.09873199462891,32.749687194824219
8611136,2018,2018-05-11,3711,2018-04-26,1322,7270,SD,4,5,7,3711,0,0,0,,0,446,"SOUTH EUCLID AV","LA PAZ DR",50.00,S,N,A,-,N,,,,,,,,,,N,4,0,1,2,A,-,21,22106,,N,G,B,F,A,H,-,A,A,0,Y,,,,Y,,-,,0,0,1,0,1,0,0,0,0,"- ","- ",,,"SAN DIEGO","SAN DIEGO",-117.08509063720703,32.697914123535156
8611842,2017,2018-05-01,3711,2017-12-29,0000,7469,SD,5,5,7,3711,0,0,0,,0,524,"INDIA ST","W C ST",0.00,,Y,E,-,N,,,,,,,,,,N,4,0,1,2,D,-,00,,,M,G,B,C,B,H,-,C,A,0,Y,,,,Y,,-,"- ",0,0,1,0,1,0,0,0,0,"- ","- ",,,"SAN DIEGO","SAN DIEGO",-117.16827006,32.716750070000003
8613611,2018,2018-04-20,3711,2018-04-10,1732,7247,,2,5,7,3711,0,0,0,,0,326,"MONTEZUMA RD","COLLEGE AV",0.00,,Y,A,-,N,,,,,,,,,,N,3,0,1,2,A,-,10,21950,A,N,G,B,B,A,H,-,A,A,0,Y,,,,Y,,A,01,0,1,0,0,1,0,0,0,0,"- ","- ",,,"SAN DIEGO","SAN DIEGO",-117.06980895996094,32.770709991455078
8613740,2018,2018-04-26,3711,2018-04-03,1814,7470,,2,5,7,3711,0,0,0,,0,122,"SOLEDAD MOUNTAIN RD","GARNET AV",0.00,,Y,A,F,N,,,,,,,,,,N,3,0,1,2,A,-,05,21651,B,N,H,G,A,A,H,-,A,A,0,,Y,,,Y,,L,04,0,1,0,0,0,0,1,0,0,"- ","- ",,,"SAN DIEGO","SAN DIEGO",-117.22392272949219,32.804950714111328
8614260,2018,2018-08-21,3711,2018-04-16,1245,6392,SD,1,5,7,3711,0,0,0,,0,934,"CARMEL VALLEY","RT 52",0.00,,Y,A,-,Y,SD,11,56,-,-,3.366,R,4,W,N,3,0,1,2,A,-,10,21950,A,N,B,G,A,A,H,-,A,A,0,,Y,,,Y,,-,,0,1,0,0,0,0,1,0,0,"- ",WO,,,"SAN DIEGO","SAN DIEGO",-117.19039154052734,32.953697204589844
8614287,2018,2018-04-27,3711,2018-04-12,1944,7143,,4,5,7,3711,0,0,0,,0,523,"5TH AV","G ST",30.00,S,N,A,-,N,,,,,,,,,,N,3,0,1,2,A,-,00,21235,,M,G,B,F,A,H,-,C,-,0,Y,,,,Y,Y,-,,0,1,0,0,1,0,0,0,0,"- ","- ",,,"SAN DIEGO","SAN DIEGO",-117.16014099121094,32.712486267089844
8614303,2018,2018-04-27,3711,2018-04-11,1931,5918,,3,5,7,3711,0,0,0,,0,442,"KEELER AV","43RD ST",12.00,W,N,A,-,N,,,,,,,,,,N,4,0,1,2,A,-,08,22107,,N,B,G,A,A,H,-,C,A,0,,Y,,,Y,,L,04,0,0,1,0,0,0,1,0,0,"- ","- ",,,"SAN DIEGO","SAN DIEGO",-117.10243988037109,32.694179534912109
8615528,2018,2018-05-07,3711,2018-04-20,0827,6641,,5,5,7,3711,0,0,0,,0,933,"LONG RUN DR","CANDELA PL",0.00,,Y,A,-,N,,,,,,,,,,N,3,0,1,2,A,-,05,21650,1,N,D,G,A,A,H,-,A,D,0,,Y,,,Y,,L,04,0,1,0,0,0,0,1,0,0,"- ","- ",,,"SAN DIEGO","SAN DIEGO",-117.23825073242188,32.954170227050781
8615595,2018,2018-05-10,3711,2018-04-18,1840,5918,,3,5,7,3711,0,0,0,,0,445,"EUCLID AV","NARANJA ST",45.00,N,N,A,-,N,,,,,,,,,,N,4,0,1,2,A,-,21,22106,,M,G,B,F,A,H,-,A,A,0,Y,,,,Y,,-,,0,0,1,0,1,0,0,0,0,"- ","- ",,,"SAN DIEGO","SAN DIEGO",-117.08503723144531,32.708751678466797