CASE_ID,ACCIDENT_YEAR,PROC_DATE,JURIS,COLLISION_DATE,COLLISION_TIME,OFFICER_ID,REPORTING_DISTRICT,DAY_OF_WEEK,CHP_SHIFT,POPULATION,CNTY_CITY_LOC,SPECIAL_COND,BEAT_TYPE,CHP_BEAT_TYPE,CITY_DIVISION_LAPD,CHP_BEAT_CLASS,BEAT_NUMBER,PRIMARY_RD,SECONDARY_RD,DISTANCE,DIRECTION,INTERSECTION,WEATHER_1,WEATHER_2,STATE_HWY_IND,CALTRANS_COUNTY,CALTRANS_DISTRICT,STATE_ROUTE,ROUTE_SUFFIX,POSTMILE_PREFIX,POSTMILE,LOCATION_TYPE,RAMP_INTERSECTION,SIDE_OF_HWY,TOW_AWAY,COLLISION_SEVERITY,NUMBER_KILLED,NUMBER_INJURED,PARTY_COUNT,PRIMARY_COLL_FACTOR,PCF_CODE_OF_VIOL,PCF_VIOL_CATEGORY,PCF_VIOLATION,PCF_VIOL_SUBSECTION,HIT_AND_RUN,TYPE_OF_COLLISION,MVIW,PED_ACTION,ROAD_SURFACE,ROAD_COND_1,ROAD_COND_2,LIGHTING,CONTROL_DEVICE,CHP_ROAD_TYPE,PEDESTRIAN_ACCIDENT,BICYCLE_ACCIDENT,MOTORCYCLE_ACCIDENT,TRUCK_ACCIDENT,NOT_PRIVATE_PROPERTY,ALCOHOL_INVOLVED,STWD_VEHTYPE_AT_FAULT,CHP_VEHTYPE_AT_FAULT,COUNT_SEVERE_INJ,COUNT_VISIBLE_INJ,COUNT_COMPLAINT_PAIN,COUNT_PED_KILLED,COUNT_PED_INJURED,COUNT_BICYCLIST_KILLED,COUNT_BICYCLIST_INJURED,COUNT_MC_KILLED,COUNT_MC_INJURED,PRIMARY_RAMP,SECONDARY_RAMP,LATITUDE,LONGITUDE,COUNTY,CITY,POINT_X,POINT_Y
8616053,2018,2018-05-18,3711,2018-05-03,0755,7525,,4,5,7,3711,0,0,0,,0,122,"GRAND AV","OLNEY ST",0.00,,Y,A,-,N,,,,,,,,,,N,4,0,1,2,A,-,10,21950,A,N,G,B,B,A,H,-,A,A,0,Y,,,,Y,,A,01,0,0,1,0,1,0,0,0,0,"- ","- ",,,"SAN DIEGO","SAN DIEGO",-117.22928619384766,32.800350189208984
8616061,2018,2018-05-29,3711,2018-05-02,1110,7716,SD,3,5,7,3711,0,0,0,,0,111,"BALBOA ARMS DR","LIGHTPOST #85120",22.00,W,N,B,-,N,,,,,,,,,,N,4,0,1,2,A,-,08,22107,,M,D,G,A,A,H,-,A,D,0,,Y,,,Y,,-,,0,0,1,0,0,0,1,0,0,"- ","- ",,,"SAN DIEGO","SAN DIEGO",,
8616142,2018,2018-05-16,3711,2018-04-30,2014,7204,5D,1,5,7,3711,0,0,0,,0,113,"KAMLOOP AV","MORAGA AV",0.00,,Y,C,-,N,,,,,,,,,,N,4,0,1,2,A,-,10,21950,,N,G,B,B,B,H,-,D,D,0,Y,,,,Y,Y,-,,0,0,1,0,1,0,0,0,0,"- ","- ",,,"SAN DIEGO","SAN DIEGO",-117.21347808837891,32.821941375732422
8618414,2018,2018-06-11,3711,2018-05-13,2015,6792,,7,5,7,3711,0,0,0,,0,934,"VALLEY CENTRE DR","VALLEY CENTER DR 3800",0.00,,Y,A,-,N,,,,,,,,,,N,3,0,1,2,A,-,10,21950,A,N,G,B,B,A,H,-,C,A,0,Y,,,,Y,,-,,0,1,0,0,1,0,0,0,0,"- ","- ",,,"SAN DIEGO","SAN DIEGO",-117.23329425,32.937669020000001
8618421,2018,2018-05-29,3711,2018-05-05,0028,4576,,6,5,7,3711,0,0,0,,0,611,"ROSECRANS ST","HANCOCK ST",71.00,S,N,A,-,N,,,,,,,,,,N,2,0,1,2,A,-,11,21954,A,N,G,B,D,A,H,-,C,D,0,Y,,,,Y,,N,60,1,0,0,0,1,0,0,0,0,"- ","- ",,,"SAN DIEGO","SAN DIEGO",-117.20333099365234,32.752933502197266
8619362,2018,2018-05-30,3711,2018-01-22,2108,7403,SD,1,5,7,3711,0,0,0,,0,434,"CARDIFF ST","JAMACHA RD",72.00,S,N,A,-,N,,,,,,,,,,N,4,0,1,2,A,-,11,21954,A,N,A,B,D,A,H,-,D,D,0,Y,,,,Y,Y,-,"- ",0,0,1,0,1,0,0,0,0,"- ","- ",,,"SAN DIEGO","SAN DIEGO",-117.02581024169922,32.717617034912109
8619444,2018,2018-05-23,3711,2018-05-06,1414,7163,SDPD,7,5,7,3711,0,0,0,,0,813,"33RD ST","EL CAJON BL",18.00,S,N,A,-,N,,,,,,,,,,N,4,0,1,2,A,-,10,21950,,N,D,B,B,A,H,-,A,A,0,Y,,,,Y,,-,,0,0,1,0,1,0,0,0,0,"- ","- ",,,"SAN DIEGO","SAN DIEGO",-117.12223052978516,32.755161285400391
8619585,2018,2018-05-24,3711,2018-05-06,1715,5699,,7,5,7,3711,0,0,0,,0,243,"KEARNY MESA RD","KEARNY VILLA RD",345.00,N,N,A,-,N,,,,,,,,,,N,3,0,1,2,A,-,08,22107,,N,G,B,E,A,H,-,A,D,0,Y,,,,Y,,-,,0,1,0,0,1,0,0,0,0,"- ","- ",,,"SAN DIEGO","SAN DIEGO",-117.118408203125,32.892265319824219
8621284,2018,2018-05-30,3711,2018-05-05,0107,7671,SD,6,5,7,3711,0,0,0,,0,627,"5TH AV","ROBINSON AV",10.00,W,N,A,-,N,,,,,,,,,,N,4,0,1,2,A,-,10,21950,A,N,G,B,B,A,H,-,C,A,0,Y,,,,Y,Y,A,01,0,0,1,0,1,0,0,0,0,"- ","- ",,,"SAN DIEGO","SAN DIEGO",-117.16040802001953,32.746940612792969
8621336,2018,2018-05-24,3711,2018-05-09,1320,6009,EATER,3,5,7,3711,0,0,0,,0,371,"MURPHY CANYON RD","MURPHY CANYON RD 3550",0.00,,-,A,-,N,,,,,,,,,,N,4,0,1,2,A,-,10,21950,A,M,A,B,C,A,H,-,A,D,0,Y,,,,Y,,-,,0,0,1,0,1,0,0,0,0,"- ","- ",,,"SAN DIEGO","SAN DIEGO",-117.11491227,32.807660980000001
8621355,2018,2018-05-25,3711,2018-05-09,2059,7736,,3,5,7,3711,0,0,0,,0,811,"ADAMS AV","30TH ST",0.00,,Y,A,-,N,,,,,,,,,,N,3,0,1,2,A,-,17,22517,,M,H,G,A,A,H,-,C,-,0,,Y,,,Y,,-,99,0,1,0,0,0,0,1,0,0,"- ","- ",,,"SAN DIEGO","SAN DIEGO",-117.13020324707031,32.76287841796875
8621461,2018,2018-05-29,3711,2018-05-01,1444,7628,SANDI,2,5,7,3711,0,0,0,,0,112,"BALBOA AV","GENESEE AV",4.00,W,N,A,-,N,,,,,,,,,,N,4,0,1,2,A,-,10,21950,A,N,G,B,B,A,H,-,A,A,0,Y,,,,Y,,-,,0,0,1,0,1,0,0,0,0,"- ","- ",,,"SAN DIEGO","SAN DIEGO",-117.18202972412109,32.819366455078125
8621469,2018,2018-05-29,3711,2018-05-03,1256,8192,,4,5,7,3711,0,0,0,,0,838,"ORANGE AV","38TH ST",0.00,,Y,A,-,N,,,,,,,,,,N,4,0,1,2,A,-,09,21804,A,N,A,G,A,A,H,-,A,A,0,,Y,,,Y,,L,04,0,0,1,0,0,0,1,0,0,"- ","- ",,,"SAN DIEGO","SAN DIEGO",-117.11184692382812,32.753238677978516
8621473,2018,2018-05-29,3711,2018-05-08,0623,8192,,2,5,7,3711,0,0,0,,0,824,"EL CAJON BL","MENLO AV",65.00,E,N,B,-,N,,,,,,,,,,N,3,0,1,2,A,-,08,22107,,N,D,G,A,A,H,-,A,D,0,,Y,,,Y,,A,08,0,1,0,0,0,0,1,0,0,"- ","- ",,,"SAN DIEGO","SAN DIEGO",-117.09413146972656,32.755779266357422
8621481,2018,2018-05-29,3711,2018-05-09,0722,7173,CENTR,3,5,7,3711,0,0,0,,0,524,"A ST","9TH AV",0.00,,Y,A,-,N,,,,,,,,,,N,4,0,1,2,A,-,11,21456,,M,-,B,B,A,H,-,B,A,0,Y,,,,Y,,N,60,0,0,1,0,1,0,0,0,0,"- ","- ",,,"SAN DIEGO","SAN DIEGO",-117.15656280517578,32.718860626220703
8624011,2018,2018-05-22,3711,2018-04-29,0030,8495,,7,5,7,3711,0,0,0,,0,524,"INDIA ST","W A ST",0.00,,Y,A,-,N,,,,,,,,,,N,2,0,1,2,A,-,10,21950,A,N,G,B,B,A,H,-,C,A,0,Y,,,,Y,,A,01,1,0,0,0,1,0,0,0,0,"- ","- ",,,"SAN DIEGO","SAN DIEGO",-117.16825103759766,32.718830108642578
8624973,2018,2018-07-03,3711,2018-06-01,2221,7560,SANDI,5,5,7,3711,0,0,0,,0,822,"UNIVERSITY AV","58TH ST",3.00,E,N,A,-,N,,,,,,,,,,N,3,0,1,2,A,-,10,21950,,N,G,B,B,A,H,-,C,A,0,Y,,,,Y,,-,,0,1,0,0,1,0,0,0,0,"- ","- ",,,"SAN DIEGO","SAN DIEGO",-117.07286071777344,32.7491455078125
8625527,2018,2018-05-31,3711,2018-05-12,1847,7601,SANDI,6,5,7,3711,0,0,0,,0,627,"10TH AV","UNIVERSITY AV",22.00,S,N,B,-,N,,,,,,,,,,N,3,0,1,2,A,-,08,22107,,N,B,G,A,A,H,-,A,A,0,,Y,,,Y,,L,04,0,1,0,0,0,0,1,0,0,"- ","- ",,,"SAN DIEGO","SAN DIEGO",-117.15528106689453,32.748359680175781
8625531,2018,2018-05-30,3711,2018-05-16,0848,6392,SD,3,5,7,3711,0,0,0,,0,936,"HIGHLAND VILLAGE PL","CAMINO DEL SUR",15.00,W,N,A,-,N,,,,,,,,,,N,3,0,1,2,A,-,10,21950,A,N,D,G,A,A,H,-,A,A,0,,Y,,,Y,,-,,0,1,0,0,0,0,1,0,0,"- ","- ",,,"SAN DIEGO","SAN DIEGO",-117.15278625488281,32.961799621582031
8625578,2018,2018-05-30,3711,2018-05-15,1611,6176,,2,5,7,3711,0,0,0,,0,452,"61ST ST","SKYLINE DR",0.00,,Y,A,-,N,,,,,,,,,,N,3,0,1,2,A,-,11,21453,D,N,G,B,B,A,H,-,A,A,0,Y,,,,Y,,N,60,0,1,0,0,1,0,0,0,0,"- ","- ",,,"SAN DIEGO","SAN DIEGO",-117.06681823730469,32.701408386230469
8625595,2018,2018-05-31,3711,2018-05-16,0803,6564,,3,5,7,3711,0,0,0,,0,445,"MARKET ST","COTTON ST",405.00,W,N,B,-,N,,,,,,,,,,N,3,0,1,2,A,-,03,22350,,N,A,G,A,A,H,-,A,D,0,,Y,,,Y,,L,04,0,1,0,0,0,0,1,0,0,"- ","- ",,,"SAN DIEGO","SAN DIEGO",-117.09628295898438,32.711441040039062
8626081,2018,2018-06-06,3711,2018-05-15,1644,7734,,2,5,7,3711,0,0,0,,0,024,"CAMINO RUIZ","MIRA MESA BL",0.00,,Y,A,-,N,,,,,,,,,,N,3,0,1,2,A,-,10,21950,A,N,G,G,A,A,H,-,A,A,0,,Y,,,Y,,A,01,0,1,0,0,0,0,1,0,0,"- ","- ",,,"SAN DIEGO","SAN DIEGO",-117.14399719238281,32.912818908691406
8626093,2018,2018-06-06,3711,2018-05-16,0859,6764,,3,5,7,3711,0,0,0,,0,934,"VISTA RICA","PLEASANT RIDGE",7.00,W,N,A,-,N,,,,,,,,,,N,4,0,1,2,B,-,22,,,N,G,B,E,A,D,-,A,D,0,Y,,,,Y,,A,01,0,0,1,0,1,0,0,0,0,"- ","- ",,,"SAN DIEGO","SAN DIEGO",-117.22331991999999,32.925790040000003
8626117,2018,2018-06-06,3711,2018-05-14,0947,7458,,1,5,7,3711,0,0,0,,0,122,"JEWELL ST","GARNET AV",150.00,S,N,A,-,N,,,,,,,,,,Y,3,0,1,2,A,-,09,21804,A,N,D,G,A,A,H,-,A,D,0,,Y,,,Y,Y,L,04,0,1,0,0,0,0,1,0,0,"- ","- ",,,"SAN DIEGO","SAN DIEGO",-117.23886108398438,32.799800872802734
8627009,2018,2018-06-06,3711,2018-05-17,0801,7280,,4,5,7,3711,0,0,0,,0,627,"5TH AV","PENNSYLVANIA AV",0.00,,Y,A,-,N,,,,,,,,,,N,3,0,1,2,A,-,00,20002,,M,H,G,A,A,H,-,A,A,0,,Y,,,Y,,-,99,0,1,0,0,0,0,1,0,0,"- ","- ",32.745201110839844,-117.160400390625,"SAN DIEGO","SAN DIEGO",-117.160400390625,32.745128631591797
8627905,2018,2018-06-12,3711,2018-05-17,1650,6104,,4,5,7,3711,0,0,0,,0,615,"SCOTT ST","EMERSON ST",0.00,,Y,A,-,N,,,,,,,,,,N,4,0,1,2,A,-,08,22100,A,N,D,G,A,A,H,-,A,D,0,,Y,,,Y,Y,D,22,0,0,1,0,0,0,1,0,0,"- ","- ",,,"SAN DIEGO","SAN DIEGO",-117.2283935546875,32.723751068115234
8628695,2018,2018-06-12,3711,2018-05-20,2048,7419,"SAN D",7,5,7,3711,0,0,0,,0,522,"1ST AV","ISLAND AV",36.00,N,N,A,-,N,,,,,,,,,,N,3,0,1,2,A,-,10,21950,A,N,A,B,B,A,H,-,C,A,0,Y,,,,Y,,A,01,0,1,0,0,1,0,0,0,0,"- ","- ",,,"SAN DIEGO","SAN DIEGO",-117.16377258300781,32.710517883300781
8629814,2018,2018-06-07,3711,2018-05-22,1726,7158,,2,5,7,3711,0,0,0,,0,452,"IMPERIAL AV","61ST ST",275.00,E,N,B,-,N,,,,,,,,,,N,4,0,1,2,A,-,09,21804,A,N,D,B,-,A,H,-,A,D,0,Y,,,,Y,,A,01,0,0,1,0,1,0,0,0,0,"- ","- ",,,"SAN DIEGO","SAN DIEGO",-117.06585693359375,32.709583282470703
8631652,2018,2018-06-11,3711,2018-04-26,2240,7348,,4,5,7,3711,0,0,0,,0,611,"SPORTS ARENA BL",ROSECRANS,200.00,W,N,A,-,N,,,,,,,,,,N,4,0,1,2,A,-,11,21955,,N,G,B,D,A,H,-,D,A,0,Y,,,,Y,,N,60,0,0,1,0,1,0,0,0,0,"- ","- ",,,"SAN DIEGO","SAN DIEGO",-117.20555114746094,32.751678466796875
8632647,2018,2018-06-12,3711,2018-05-24,2033,KEYES,,4,5,7,3711,0,0,0,,0,115,"REGENTS RD","MAHAILA AV",20.00,W,N,A,-,N,,,,,,,,,,N,4,0,1,2,A,-,10,21950,A,N,G,B,B,A,H,-,C,A,0,Y,,,,Y,,-,,0,0,1,0,1,0,0,0,0,"- ","- ",,,"SAN DIEGO","SAN DIEGO",-117.21839904785156,32.869621276855469
8632772,2018,2018-06-12,3711,2018-05-23,1258,7390,,3,5,7,3711,0,0,0,,0,122,"DIAMOND ST","INGRAHAM ST",50.00,W,N,B,-,N,,,,,,,,,,,3,0,1,2,A,-,00,21590,B,N,G,B,D,A,H,-,A,D,0,Y,,,,Y,,N,60,0,1,0,0,1,0,0,0,0,"- ","- ",,,"SAN DIEGO","SAN DIEGO",-117.24189758300781,32.802497863769531
8632776,2018,2018-06-18,3711,2018-05-25,1850,8495,,5,5,7,3711,0,0,0,,0,514,"K ST","K ST 2500",0.00,,Y,A,-,N,,,,,,,,,,N,4,0,1,2,-,-,"- ",,,N,D,G,A,A,H,-,A,D,0,,Y,,,Y,,-,"- ",0,0,1,0,0,0,1,0,0,"- ","- ",,,"SAN DIEGO","SAN DIEGO",-117.14013577,32.708429440000003
8633244,2018,2018-06-18,3711,2018-05-25,1504,6193,,5,5,7,3711,0,0,0,,0,122,"GARNET AV","PICO ST",397.00,E,N,B,-,N,,,,,,,,,,N,3,0,1,2,A,-,08,22107,,N,B,G,A,A,H,-,A,D,0,,Y,,,Y,,D,22,0,1,0,0,0,0,1,0,0,"- ","- ",,,"SAN DIEGO","SAN DIEGO",-117.22222137451172,32.805438995361328
8633622,2018,2018-07-16,3711,2018-05-30,1101,7579,,3,5,7,3711,0,0,0,,0,934,"CARMEL CREEK","CARMEL CREEK 12500",0.00,,-,A,-,N,,,,,,,,,,N,4,0,1,2,B,-,22,,,N,G,B,E,A,H,-,A,D,0,Y,,,,Y,,-,"- ",0,0,1,0,1,0,0,0,0,"- ","- ",,,"SAN DIEGO","SAN DIEGO",-117.23059058,32.94316748
8633645,2018,2018-06-19,3711,2018-05-24,1731,7066,,4,5,7,3711,0,0,0,,0,441,"OCEAN VIEW BL","OLIVEWOOD TER",12.00,W,N,B,-,N,,,,,,,,,,N,4,0,1,2,A,-,11,21950,B,N,G,B,D,A,H,-,A,D,0,Y,,,,Y,,N,60,0,0,1,0,1,0,0,0,0,"- ","- ",,,"SAN DIEGO","SAN DIEGO",-117.11550903320312,32.701259613037109
8633713,2018,2018-06-21,3711,2018-06-01,1858,6676,SD,5,5,7,3711,0,0,0,,0,314,"7900 FROST ST","FROST ST",0.00,,Y,A,-,N,,,,,,,,,,N,4,0,1,2,A,-,08,22107,,N,G,B,D,A,-,-,A,D,0,Y,,,,Y,,-,,0,0,1,0,1,0,0,0,0,"- ","- ",32.800251007080078,-117.15380859375,"SAN DIEGO","SAN DIEGO",-117.15381324000001,32.800231740000001
8638188,2018,2018-06-21,3711,2018-06-01,2338,6057,3711,5,5,7,3711,0,0,0,,0,446,"300 EUCLID AV","EUCLID AV",15.00,W,N,A,-,N,,,,,,,,,,,4,0,1,2,A,-,11,21456,B,N,B,B,B,A,H,-,C,A,0,Y,,,,Y,,N,60,0,0,1,0,1,0,0,0,0,"- ","- ",,,"SAN DIEGO","SAN DIEGO",-117.08505249023438,32.707664489746094
8640805,2018,2018-06-28,3711,2018-06-13,1547,6415,,3,5,7,3711,0,0,0,,0,315,"CAMINO DEL ESTE","RIO SAN DIEGO DR",5.00,S,N,A,-,N,,,,,,,,,,N,4,0,1,2,A,-,10,21950,A,N,-,B,B,A,H,-,A,A,0,Y,,,,Y,,A,01,0,0,1,0,1,0,0,0,0,"- ","- ",,,"SAN DIEGO","SAN DIEGO",-117.14535522460938,32.774528503417969
8640817,2018,2018-06-28,3711,2018-06-14,1630,5323,,4,5,7,3711,0,0,0,,0,838,"37TH ST","UNIVERSITY AV",0.00,,Y,A,-,N,,,,,,,,,,N,4,0,1,2,A,-,11,21954,A,N,D,B,B,A,H,-,A,D,0,Y,,,,Y,,N,60,0,0,1,0,1,0,0,0,0,"- ","- ",,,"SAN DIEGO","SAN DIEGO",-117.11311340332031,32.749729156494141
8640837,2018,2018-06-28,3711,2018-06-14,2249,7464,SDPD,4,5,7,3711,0,0,0,,0,834,"UNIVERSITY AV","MARLBOUGH AV",0.00,,Y,A,-,N,,,,,,,,,,N,4,0,1,2,A,-,"- ",,,M,G,B,D,A,H,-,C,A,0,Y,,,,Y,,-,,0,0,1,0,1,0,0,0,0,"- ","- ",,,"SAN DIEGO","SAN DIEGO",-117.10568988999999,32.749680050000002
8640841,2018,2018-07-10,3711,2018-06-08,2153,7609,SDPD,5,5,7,3711,0,0,0,,0,524,"C ST","B ST",51.00,S,N,A,-,N,,,,,,,,,,N,4,0,1,2,A,-,10,21950,A,M,G,B,B,A,H,-,C,A,0,Y,,,,Y,,A,01,0,0,1,0,1,0,0,0,0,"- ","- ",,,"SAN DIEGO","SAN DIEGO",-117.31784057617188,33.296340942382812
8640988,2018,2018-06-29,3711,2018-06-04,2205,7552,,1,5,7,3711,0,0,0,,0,528,"COLUMBIA ST","HAWTHORNE ST",6.00,S,N,A,-,N,,,,,,,,,,N,4,0,1,2,A,-,10,21950,A,N,G,B,B,A,H,-,D,A,0,Y,,,,Y,,A,01,0,0,1,0,1,0,0,0,0,"- ","- ",,,"SAN DIEGO","SAN DIEGO",-117.16863250732422,32.726654052734375
8641000,2018,2018-06-29,3711,2018-06-12,2030,7739,,2,5,7,3711,0,0,0,,0,627,"UNIVERSITY AV","NORMAL ST",43.00,W,N,A,-,N,,,,,,,,,,N,3,0,1,2,A,-,12,21453,A,N,G,B,A,A,H,-,C,A,0,,,,,Y,,-,,0,1,0,0,0,0,0,0,0,"- ","- ",,,"SAN DIEGO","SAN DIEGO",-117.15010070800781,32.748439788818359
8641016,2018,2018-06-29,3711,2018-06-13,2310,8816,,3,5,7,3711,0,0,0,,0,122,"CASS ST","LORING ST",0.00,,Y,A,-,N,,,,,,,,,,N,4,0,1,2,A,-,12,22450,A,N,G,G,A,A,H,-,C,A,0,,Y,,,Y,,A,01,0,0,1,0,0,0,1,0,0,"- ","- ",,,"SAN DIEGO","SAN DIEGO",-117.25440216064453,32.805801391601562
8641020,2018,2018-07-18,3711,2018-06-07,2245,7658,SANDI,4,5,7,3711,0,0,0,,0,122,"GARNET AV","EVERTS ST",15.00,W,N,A,-,N,,,,,,,,,,Y,4,0,2,3,A,-,03,22350,,N,C,B,B,A,H,-,C,D,0,Y,,,,Y,,-,,0,0,2,0,1,0,0,0,0,"- ","- ",,,"SAN DIEGO","SAN DIEGO",-117.24821472167969,32.798130035400391
8641024,2018,2018-06-29,3711,2018-06-06,1405,5072,,3,5,7,3711,0,0,0,,0,441,"SOUTH BOUNDARY ST","OCEAN VIEW BL",528.00,N,N,A,-,N,,,,,,,,,,N,3,0,1,2,A,-,11,21954,A,N,G,B,D,A,H,-,A,D,0,Y,,,,Y,,N,60,0,1,0,0,1,0,0,0,0,"- ","- ",,,"SAN DIEGO","SAN DIEGO",-117.10668182373047,32.7005615234375
8641036,2018,2018-06-29,3711,2018-06-12,0621,7347,SD,2,5,7,3711,0,0,0,,0,517,"26TH ST","B ST",18.00,S,N,B,-,N,,,,,,,,,,N,4,0,1,2,A,-,10,21950,A,N,G,B,C,A,H,-,A,D,0,Y,,,,Y,,D,22,0,0,1,0,1,0,0,0,0,"- ","- ",,,"SAN DIEGO","SAN DIEGO",-117.13822937011719,32.717872619628906
8641702,2018,2018-06-21,3711,2018-06-04,2315,7499,SD,1,5,7,3711,0,0,0,,0,712,"WEST SAN YSIDRO BL","SMYTHE AV",29.00,W,N,A,-,N,,,,,,,,,,N,3,0,1,2,A,-,10,21950,A,M,G,B,B,A,H,-,C,A,0,Y,,,,Y,,-,,0,1,0,0,1,0,0,0,0,"- ","- ",,,"SAN DIEGO","SAN DIEGO",-117.04952239990234,32.554458618164062
8643795,2018,2018-06-28,3711,2018-06-08,0200,6252,,5,5,7,3711,0,0,0,,0,724,"HOLLISTER ST","CONIFER AV",1626.00,N,N,A,-,N,,,,,,,,,,N,3,0,1,2,A,-,08,22107,,F,G,B,E,A,H,-,C,D,0,Y,,,,Y,,-,99,0,1,0,0,1,0,0,0,0,"- ","- ",,,"SAN DIEGO","SAN DIEGO",-117.08406829833984,32.590114593505859
8647065,2018,2018-07-20,3711,2018-06-20,0729,7716,50,3,5,7,3711,0,0,0,,0,515,"ISLAND AV","28TH AV",0.00,,Y,B,-,N,,,,,,,,,,N,3,0,1,2,A,-,17,21451,A,N,G,B,B,A,H,-,A,A,0,Y,,,,Y,,A,01,0,1,0,0,1,0,0,0,0,"- ","- ",,,"SAN DIEGO","SAN DIEGO",-117.13385009765625,32.710548400878906
8648299,2018,2018-10-25,3711,2018-08-21,2005,5600,,2,5,7,3711,0,0,0,,0,242,"CAMINO RUIZ","NEW SALEM ST",332.00,S,N,A,-,N,,,,,,,,,,Y,1,1,1,2,A,-,11,21954,A,N,G,B,D,A,H,-,D,D,0,Y,,Y,,Y,,N,60,1,0,0,1,0,0,0,0,1,"- ","- ",,,"SAN DIEGO","SAN DIEGO",-117.14398193359375,32.914779663085938
8648377,2018,2020-05-22,3711,2018-10-17,0446,6774,,3,5,7,3711,0,0,0,,0,451,"54TH ST","HANIMAN DR",137.00,N,N,A,-,N,,,,,,,,,,Y,1,1,0,2,A,-,11,21954,A,N,G,B,E,-,H,-,D,A,0,Y,,,,Y,,N,60,0,0,0,1,0,0,0,0,0,"- ","- ",,,"SAN DIEGO","SAN DIEGO",-117.08290100097656,32.72625732421875
8648448,2018,2019-01-11,3711,2018-11-22,1847,6252,,4,5,7,3711,0,0,0,,0,712,"CAMINO DE LA PLAZA","VIA NACIONAL",397.00,W,N,A,-,N,,,,,,,,,,N,1,1,0,2,A,-,11,21956,A,N,G,B,D,A,H,-,D,D,0,Y,,,,Y,,N,60,0,0,0,1,0,0,0,0,0,"- ","- ",,,"SAN DIEGO","SAN DIEGO",-117.04022979736328,32.545402526855469
8649761,2018,2018-09-06,3711,2018-07-19,1550,6193,,4,5,7,3711,0,0,0,,0,527,"NORTH HARBOR DR","WEST LAUREL ST",230.00,W,N,A,-,N,,,,,,,,,,N,3,0,1,2,C,-,18,,,N,B,G,A,A,C,-,A,D,0,,Y,,,Y,,-,"- ",0,1,0,0,0,0,1,0,0,"- ","- ",,,"SAN DIEGO","SAN DIEGO",-117.17816162109375,32.727783203125
8650805,2018,2018-10-11,3711,2018-08-04,0617,7331,,6,5,7,3711,0,0,0,,0,521,"14TH ST","J ST",141.00,S,N,A,-,N,,,,,,,,,,N,3,0,1,2,A,-,11,21950,B,N,G,B,A,A,H,-,A,D,0,,,,,Y,Y,-,,0,1,0,0,0,0,0,0,0,"- ","- ",,,"SAN DIEGO","SAN DIEGO",-117.15189361572266,32.70904541015625
8650926,2018,2018-10-09,3711,2018-07-24,1605,6837,,2,5,7,3711,0,0,0,,0,522,"KETTNER BL","W E ST",4.00,N,N,A,-,N,,,,,,,,,,N,4,0,1,2,A,-,12,22450,A,N,G,B,D,A,H,-,A,D,0,Y,,,,Y,,-,,0,0,1,0,1,0,0,0,0,"- ","- ",,,"SAN DIEGO","SAN DIEGO",-117.16921234130859,32.714622497558594
8653506,2018,2018-07-09,3711,2018-06-18,1703,4617,,1,5,7,3711,0,0,0,,0,233,"RANCHO PENASQUITOS BL","AZUAGA ST",112.00,E,N,A,-,N,,,,,,,,,,N,3,0,1,2,A,-,21,22106,,N,G,B,F,A,H,-,A,D,0,Y,,,,Y,,-,,0,1,0,0,1,0,0,0,0,"- ","- ",,,"SAN DIEGO","SAN DIEGO",-117.11219024658203,32.957786560058594
8653514,2018,2018-07-09,3711,2018-06-23,1257,7427,,6,5,7,3711,0,0,0,,0,933,"CARMEL VALLEY RD","MC GONIGLE RD",250.00,E,N,A,-,N,,,,,,,,,,N,4,0,1,2,A,-,02,21211,B,N,H,G,A,A,H,-,A,D,0,,Y,,,Y,,-,,0,0,1,0,0,0,1,0,0,"- ","- ",,,"SAN DIEGO","SAN DIEGO",-117.25688934326172,32.935375213623047
8654447,2018,2018-07-17,3711,2018-06-22,1659,7418,,5,5,7,3711,0,0,0,,0,111,"MOUNT ALIFAN DR","BALBOA AV",100.00,S,N,A,-,N,,,,,,,,,,N,4,0,1,2,A,-,10,21950,A,M,G,B,D,A,H,-,A,A,0,Y,,,,Y,,-,99,0,0,1,0,1,0,0,0,0,"- ","- ",,,"SAN DIEGO","SAN DIEGO",-117.17617034912109,32.819957733154297
8654459,2018,2018-07-17,3711,2018-06-20,1731,8495,,3,5,7,3711,0,0,0,,0,521,"E ST","14TH ST",0.00,,Y,A,-,N,,,,,,,,,,N,3,0,1,2,A,-,12,22450,A,N,B,G,A,A,H,-,A,D,0,,Y,,,Y,,L,04,0,1,0,0,0,0,1,0,0,"- ","- ",,,"SAN DIEGO","SAN DIEGO",-117.15194702148438,32.714698791503906
8654463,2018,2018-07-20,3711,2018-06-27,0202,7782,"SAN D",3,5,7,3711,0,0,0,,0,524,"6TH AV","A ST",69.00,S,N,A,-,N,,,,,,,,,,Y,2,0,1,2,A,-,12,21453,,N,D,G,A,A,H,-,C,A,0,,Y,,,Y,,L,04,1,0,0,0,0,0,1,0,0,"- ","- ",,,"SAN DIEGO","SAN DIEGO",-117.15927886962891,32.718650817871094