CASE_ID,ACCIDENT_YEAR,PROC_DATE,JURIS,COLLISION_DATE,COLLISION_TIME,OFFICER_ID,REPORTING_DISTRICT,DAY_OF_WEEK,CHP_SHIFT,POPULATION,CNTY_CITY_LOC,SPECIAL_COND,BEAT_TYPE,CHP_BEAT_TYPE,CITY_DIVISION_LAPD,CHP_BEAT_CLASS,BEAT_NUMBER,PRIMARY_RD,SECONDARY_RD,DISTANCE,DIRECTION,INTERSECTION,WEATHER_1,WEATHER_2,STATE_HWY_IND,CALTRANS_COUNTY,CALTRANS_DISTRICT,STATE_ROUTE,ROUTE_SUFFIX,POSTMILE_PREFIX,POSTMILE,LOCATION_TYPE,RAMP_INTERSECTION,SIDE_OF_HWY,TOW_AWAY,COLLISION_SEVERITY,NUMBER_KILLED,NUMBER_INJURED,PARTY_COUNT,PRIMARY_COLL_FACTOR,PCF_CODE_OF_VIOL,PCF_VIOL_CATEGORY,PCF_VIOLATION,PCF_VIOL_SUBSECTION,HIT_AND_RUN,TYPE_OF_COLLISION,MVIW,PED_ACTION,ROAD_SURFACE,ROAD_COND_1,ROAD_COND_2,LIGHTING,CONTROL_DEVICE,CHP_ROAD_TYPE,PEDESTRIAN_ACCIDENT,BICYCLE_ACCIDENT,MOTORCYCLE_ACCIDENT,TRUCK_ACCIDENT,NOT_PRIVATE_PROPERTY,ALCOHOL_INVOLVED,STWD_VEHTYPE_AT_FAULT,CHP_VEHTYPE_AT_FAULT,COUNT_SEVERE_INJ,COUNT_VISIBLE_INJ,COUNT_COMPLAINT_PAIN,COUNT_PED_KILLED,COUNT_PED_INJURED,COUNT_BICYCLIST_KILLED,COUNT_BICYCLIST_INJURED,COUNT_MC_KILLED,COUNT_MC_INJURED,PRIMARY_RAMP,SECONDARY_RAMP,LATITUDE,LONGITUDE,COUNTY,CITY,POINT_X,POINT_Y
8655293,2018,2018-07-09,3711,2018-06-11,0718,6686,,1,5,7,3711,0,0,0,,0,437,"ALSACIA CT","HONEY DR",3.00,E,N,B,-,N,,,,,,,,,,N,4,0,1,2,A,-,05,21202,A,N,D,G,A,A,H,-,A,D,0,,Y,,,Y,,L,04,0,0,1,0,0,0,1,0,0,"- ","- ",,,"SAN DIEGO","SAN DIEGO",-117.04158020019531,32.683300018310547
8655317,2018,2018-07-09,3711,2018-06-21,1839,7358,,4,5,7,3711,0,0,0,,0,321,"FAIRMOUNT AV","ALVARADO CANYON RD",0.00,,Y,A,-,N,,,,,,,,,,N,3,0,1,2,A,-,10,21950,A,N,D,G,A,A,H,-,A,A,0,,Y,,,Y,,A,01,0,1,0,0,0,0,1,0,0,"- ","- ",,,"SAN DIEGO","SAN DIEGO",-117.10154724121094,32.780200958251953
8658200,2018,2018-10-05,3711,2018-07-28,1306,6461,,6,5,7,3711,0,0,0,,0,116,"GARNET AV","SANTA FE",6.00,E,N,A,-,N,,,,,,,,,,N,3,0,1,2,A,-,12,22450,A,M,-,G,A,A,D,-,A,A,0,,Y,,,Y,,-,,0,1,0,0,0,0,1,0,0,"- ","- ",,,"SAN DIEGO","SAN DIEGO",-117.21515655517578,32.806980133056641
8659961,2018,2018-07-18,3711,2018-06-27,0830,6618,,3,5,7,3711,0,0,0,,0,712,"WEST SAN YSIDRO BL","ALVERSON RD",0.00,,Y,A,-,N,,,,,,,,,,N,3,0,1,1,A,-,12,22450,A,M,D,G,A,A,H,-,A,A,0,,Y,,,Y,,L,04,0,1,0,0,0,0,1,0,0,"- ","- ",,,"SAN DIEGO","SAN DIEGO",-117.05159759521484,32.555370330810547
8664564,2018,2018-08-09,3711,2018-07-11,1618,6193,,3,5,7,3711,0,0,0,,0,522,"9TH AV","B ST",0.00,,Y,A,-,N,,,,,,,,,,N,4,0,1,2,A,-,05,21650,1,N,D,G,A,A,H,-,A,A,0,,Y,,,Y,,L,04,0,0,1,0,0,0,1,0,0,"- ","- ",,,"SAN DIEGO","SAN DIEGO",-117.15654754638672,32.717811584472656
8664572,2018,2018-10-24,3711,2018-07-13,0820,7581,SD,5,5,7,3711,0,0,0,,0,072,"RT 5","PALM AV",0.00,,Y,A,-,Y,SD,11,5,-,-,4.848,R,1,S,N,3,0,1,2,A,-,10,21950,A,N,G,B,B,-,-,-,A,-,0,Y,,,,Y,,-,"- ",0,1,0,0,1,0,0,0,0,"- ","- ",,,"SAN DIEGO","SAN DIEGO",-117.08773040771484,32.586860656738281
8664738,2018,2018-10-24,3711,2018-07-10,0700,4691,,2,5,7,3711,0,0,0,,0,246,"SCRIPPS POWAY PKWY","RT 15",0.00,,Y,A,-,Y,SD,11,15,-,M,17.118,R,4,N,N,3,0,1,2,A,-,10,21950,A,N,G,B,B,A,H,-,A,A,0,Y,,,,Y,,-,,0,1,0,0,1,0,0,0,0,"- ",NF,,,"SAN DIEGO","SAN DIEGO",-117.11193084716797,32.933956146240234
8664746,2018,2018-07-30,3711,2018-07-10,0440,7120,,2,5,7,3711,0,0,0,,0,837,"HOME AV","GATEWAY DR",36.00,W,N,A,-,N,,,,,,,,,,N,3,0,1,2,A,-,09,21804,A,N,D,G,A,A,H,-,C,A,0,,Y,,,Y,,L,04,0,1,0,0,0,0,1,0,0,"- ","- ",,,"SAN DIEGO","SAN DIEGO",-117.10771179199219,32.723190307617188
8664786,2018,2018-07-30,3711,2018-07-09,2055,4310,,1,5,7,3711,0,0,0,,0,124,"PROSPECT ST","CAVE ST",0.00,,Y,A,-,N,,,,,,,,,,N,3,0,1,2,A,-,09,21802,A,N,D,G,A,A,H,-,C,A,0,,Y,,,Y,,A,08,0,1,0,0,0,0,1,0,0,"- ","- ",,,"SAN DIEGO","SAN DIEGO",-117.27040100097656,32.848461151123047
8664790,2018,2018-07-30,3711,2018-07-06,1128,5985,,5,5,7,3711,0,0,0,,0,832,"VAN DYKE AV","UNIVERSITY AV",191.00,N,N,A,-,N,,,,,,,,,,N,2,0,1,2,A,-,11,21954,A,N,G,B,D,A,H,-,A,D,0,Y,,,,Y,,N,60,1,0,0,0,1,0,0,0,0,"- ","- ",,,"SAN DIEGO","SAN DIEGO",-117.10320281982422,32.75018310546875
8668665,2018,2018-07-31,3711,2018-06-04,1340,5600,,1,5,7,3711,0,0,0,,0,521,"F ST","15TH ST",10.00,W,N,A,-,N,,,,,,,,,,N,2,0,1,2,A,-,10,21950,A,M,G,B,B,A,H,-,A,A,0,Y,,,,Y,,A,01,1,0,0,0,1,0,0,0,0,"- ","- ",,,"SAN DIEGO","SAN DIEGO",-117.15041351318359,32.713668823242188
8669289,2018,2018-08-14,3711,2018-07-13,1855,8332,,5,5,7,3711,0,0,0,,0,512,"COMMERCIAL ST","22ND ST",170.00,E,N,A,-,N,,,,,,,,,,N,4,0,1,2,A,-,05,21651,B,N,A,G,A,A,H,-,A,D,0,,Y,,,Y,Y,L,04,0,0,1,0,0,0,1,0,0,"- ","- ",,,"SAN DIEGO","SAN DIEGO",-117.14338684082031,32.705291748046875
8669297,2018,2018-08-14,3711,2018-07-20,1800,7056,,5,5,7,3711,0,0,0,,0,441,"S 36TH ST","HEMLOCK ST",24.00,S,N,A,-,N,,,,,,,,,,N,4,0,1,2,A,-,08,22107,,N,D,B,D,A,H,-,A,D,0,Y,,,,Y,,N,60,0,0,1,0,1,0,0,0,0,"- ","- ",,,"SAN DIEGO","SAN DIEGO",-117.11679077148438,32.699775695800781
8671874,2018,2018-10-10,3711,2018-07-03,1644,8495,,2,5,7,3711,0,0,0,,0,522,"PACIFIC HWY","W HARBOR DR",0.00,,Y,A,-,N,,,,,,,,,,Y,2,0,1,2,A,-,12,21453,A,F,D,G,A,A,H,-,A,A,0,,Y,,,Y,,A,01,1,0,0,0,0,0,1,0,0,"- ","- ",,,"SAN DIEGO","SAN DIEGO",-117.17105865478516,32.711471557617188
8671918,2018,2018-08-14,3711,2018-06-19,2306,6967,,2,5,7,3711,0,0,0,,0,123,"EAST MISSION BAY DR","E MISSION BAY DR 1300",785.00,N,N,A,-,N,,,,,,,,,,N,2,0,1,2,A,-,05,21202,A,N,C,G,A,A,H,-,C,D,0,,Y,,,Y,,L,04,1,0,0,0,0,0,1,0,0,"- ","- ",,,"SAN DIEGO","SAN DIEGO",-117.20844984,32.77396512
8671971,2018,2018-10-10,3711,2018-07-30,2138,7731,,1,5,7,3711,0,0,0,,0,621,"LINDA VISTA RD","ULRIC ST",264.00,S,N,A,-,N,,,,,,,,,,N,3,0,1,2,A,-,11,21955,,N,G,B,D,A,H,-,C,A,0,Y,,,,Y,,N,60,0,1,0,0,1,0,0,0,0,"- ","- ",,,"SAN DIEGO","SAN DIEGO",-117.17060089111328,32.78582763671875
8671983,2018,2018-10-10,3711,2018-07-20,1028,8192,,5,5,7,3711,0,0,0,,0,813,"GRANADA AV","NORTH PARK WY",0.00,,Y,B,-,N,,,,,,,,,,N,4,0,1,2,A,-,09,21802,A,M,D,G,A,A,H,-,A,A,0,,Y,,,Y,,L,04,0,0,1,0,0,0,1,0,0,"- ","- ",,,"SAN DIEGO","SAN DIEGO",-117.13189697265625,32.747329711914062
8672292,2018,2019-03-01,3711,2018-07-18,0415,8447,,3,5,7,3711,0,0,0,,0,723,"DEL SOL BL","BEYER WY",528.00,E,N,A,-,N,,,,,,,,,,N,1,1,0,2,A,-,11,21954,A,N,G,B,D,A,H,-,D,D,0,Y,,,,Y,,N,60,0,0,0,1,0,0,0,0,0,"- ","- ",,,"SAN DIEGO","SAN DIEGO",-117.06363677978516,32.57403564453125
8672315,2018,2018-08-21,3711,2018-07-18,1108,6156,SD,3,5,7,3711,0,0,0,,0,124,"LA JOLLA SCENIC DR","KING ARTHUR CT",2.00,S,N,A,-,N,,,,,,,,,,N,3,0,1,2,A,-,09,21801,A,N,D,G,A,A,H,-,A,D,0,,Y,,,Y,,L,04,0,1,0,0,0,0,1,0,0,"- ","- ",,,"SAN DIEGO","SAN DIEGO",-117.24897766113281,32.835964202880859
8672319,2018,2018-08-21,3711,2018-07-18,1220,6799,,3,5,7,3711,0,0,0,,0,111,"CLAIREMONT MESA BL","DOLIVA DR",0.00,,Y,A,-,N,,,,,,,,,,N,4,0,1,2,A,-,10,21950,A,N,G,B,B,A,H,-,A,A,0,Y,,,,Y,,-,,0,0,1,0,1,0,0,0,0,"- ","- ",,,"SAN DIEGO","SAN DIEGO",-117.17565155029297,32.834381103515625
8673866,2018,2018-10-11,3711,2018-07-23,1200,7373,,1,5,7,3711,0,0,0,,0,122,"INGRAHAM ST","INGRAHAM ST 3800",3.00,E,N,A,-,N,,,,,,,,,,N,3,0,1,2,A,-,08,22107,,N,C,G,A,A,H,-,A,D,0,,Y,,,Y,,L,04,0,1,0,0,0,0,1,0,0,"- ","- ",,,"SAN DIEGO","SAN DIEGO",,
8675132,2018,2018-10-08,3711,2018-08-02,1849,6437,,4,5,7,3711,0,0,0,,0,824,"MONROE AV","MONROE AV 5100",0.00,,Y,A,-,N,,,,,,,,,,N,3,0,1,2,A,-,12,22450,A,N,B,G,A,A,H,-,A,A,0,,Y,,,Y,Y,L,04,0,1,0,0,0,0,1,0,0,"- ","- ",,,"SAN DIEGO","SAN DIEGO",-117.08463728,32.758946999999999
8676128,2018,2018-10-03,3711,2018-08-11,1247,7422,SD,6,5,7,3711,0,0,0,,0,616,"SCOTT ST","FENELON ST",30.00,N,N,A,-,N,,,,,,,,,,N,4,0,1,2,A,-,10,21950,A,N,H,B,D,A,H,-,A,A,0,Y,,,,Y,,A,01,0,0,1,0,1,0,0,0,0,"- ","- ",,,"SAN DIEGO","SAN DIEGO",-117.22780609130859,32.72442626953125
8677688,2018,2018-10-09,3711,2018-08-06,1035,4691,,1,5,7,3711,0,0,0,,0,234,"BERNARDO CENTER DR","LOMICA DR",1056.00,N,N,A,-,N,,,,,,,,,,N,3,0,1,2,A,-,21,22106,,N,G,B,F,A,H,-,A,D,0,Y,,,,Y,,-,,0,1,0,0,1,0,0,0,0,"- ","- ",,,"SAN DIEGO","SAN DIEGO",-117.07510375976562,33.019805908203125
8678466,2018,2018-10-09,3711,2018-08-14,1603,7396,SANDI,2,5,7,3711,0,0,0,,0,521,"16TH ST","IMPERIAL AV",3.00,N,N,A,-,N,,,,,,,,,,N,3,0,1,2,A,-,11,21456,C,N,D,B,B,A,H,-,A,A,0,Y,,,,Y,,N,60,0,1,0,0,1,0,0,0,0,"- ","- ",,,"SAN DIEGO","SAN DIEGO",-117.14945220947266,32.706287384033203
8682752,2018,2018-09-19,3711,2018-06-15,2137,7483,,5,5,7,3711,0,0,0,,0,712,"WEST SAN YSIDRO BL","HOWARD AV",100.00,W,N,A,-,N,,,,,,,,,,N,4,0,1,2,A,-,00,23107,,N,G,B,F,A,H,-,C,D,0,Y,,,,Y,,A,01,0,0,1,0,0,0,0,0,0,"- ","- ",32.563098907470703,-117.06749725341797,"SAN DIEGO","SAN DIEGO",-117.06697845458984,32.562957763671875
8684851,2018,2018-10-04,3711,2018-07-29,1405,7143,,7,5,7,3711,0,0,0,,0,121,"OCEAN FRONT WALK","ORMOND CT",2.00,N,N,A,-,N,,,,,,,,,,N,3,0,2,2,A,-,08,22107,,N,A,B,F,A,H,-,A,D,0,Y,,,,Y,,-,,0,2,0,0,1,0,0,0,0,"- ","- ",,,"SAN DIEGO","SAN DIEGO",-117.25340270996094,32.781414031982422
8684856,2018,2018-10-05,3711,2018-08-04,1630,4310,,6,5,7,3711,0,0,0,,0,627,"9TH AV","UNIVERSITY AV",0.00,,Y,A,-,N,,,,,,,,,,N,4,0,1,2,A,-,09,21453,B,M,G,B,B,A,H,-,A,A,0,Y,,,,Y,,A,01,0,0,1,0,1,0,0,0,0,"- ","- ",,,"SAN DIEGO","SAN DIEGO",-117.15637969970703,32.748401641845703
8685948,2018,2018-10-09,3711,2018-08-15,0428,6959,,3,5,7,3711,0,0,0,,0,824,"MONROE AV","47TH ST",0.00,,Y,A,-,N,,,,,,,,,,N,3,0,1,2,A,-,10,21950,A,N,G,B,B,A,H,-,C,D,0,Y,,,,Y,,-,,0,1,0,0,1,0,0,0,0,"- ","- ",,,"SAN DIEGO","SAN DIEGO",-117.09291076660156,32.7589111328125
8688380,2018,2018-09-13,3711,2018-08-21,0540,7824,,2,5,7,3711,0,0,0,,0,713,"SIEMPRE VIVA RD","OTAY CENTER DR",0.00,,Y,A,-,N,,,,,,,,,,N,4,0,1,2,A,-,10,21950,A,N,G,B,B,A,H,-,B,A,0,Y,,,,Y,,D,22,0,0,1,0,1,0,0,0,0,"- ","- ",,,"SAN DIEGO","SAN DIEGO",-116.94242858886719,32.554061889648438
8688578,2018,2018-09-14,3711,2018-08-23,0759,7463,,4,5,7,3711,0,0,0,,0,712,"DAIRY MART RD","TEQUILA WY",6.00,N,N,B,-,N,,,,,,,,,,N,3,0,1,2,A,-,10,21950,A,N,-,B,B,A,H,-,A,A,0,Y,,,,Y,,A,01,0,1,0,0,1,0,0,0,0,"- ","- ",,,"SAN DIEGO","SAN DIEGO",-117.06240844726562,32.564388275146484
8688579,2018,2018-09-14,3711,2018-08-21,1348,5589,,2,5,7,3711,0,0,0,,0,321,"MISSION GORGE RD","MISSION GORGE PL",0.00,,Y,A,-,N,,,,,,,,,,N,3,0,1,2,A,-,05,21650,1,M,D,G,A,A,H,-,A,A,0,,Y,,,Y,Y,L,04,0,1,0,0,0,0,1,0,0,"- ","- ",,,"SAN DIEGO","SAN DIEGO",-117.098388671875,32.783168792724609
8688622,2018,2018-09-14,3711,2018-08-24,1005,5985,,5,5,7,3711,0,0,0,,0,525,"FRONT ST","W E ST",0.00,,Y,B,-,N,,,,,,,,,,N,4,0,1,2,A,-,11,21456,C,N,G,B,B,A,H,-,A,A,0,Y,,,,Y,,N,60,0,0,1,0,1,0,0,0,0,"- ","- ",,,"SAN DIEGO","SAN DIEGO",-117.16471862792969,32.714611053466797
8689691,2018,2018-09-13,3711,2018-08-21,1512,7314,,2,5,7,3711,0,0,0,,0,841,"COLLEGE GROVE DR","COLLEGE DR",18.00,W,N,A,-,N,,,,,,,,,,N,4,0,1,2,A,-,12,21453,A,N,A,G,A,A,H,-,A,A,0,,Y,,,Y,Y,L,04,0,0,1,0,0,0,1,0,0,"- ","- ",,,"SAN DIEGO","SAN DIEGO",-117.05368804931641,32.744335174560547
8693587,2018,2018-09-17,3711,2018-09-03,0050,7335,SD,1,5,7,3711,0,0,0,,0,315,"CAMINO DEL RIO N","AUTO CIR",16.00,W,N,A,-,N,,,,,,,,,,N,3,0,1,2,A,-,10,21950,A,N,G,B,B,A,H,-,C,A,0,Y,,,,Y,,A,01,0,1,0,0,1,0,0,0,0,"- ","- ",,,"SAN DIEGO","SAN DIEGO",-117.15338897705078,32.766845703125
8693947,2018,2018-09-20,3711,2018-08-15,0600,7205,,3,5,7,3711,0,0,0,,0,313,"COPLEY PARK PL","RUFFNER ST",0.00,,Y,A,-,N,,,,,,,,,,N,3,0,1,2,A,-,10,21950,A,N,G,B,B,A,H,-,-,A,0,Y,,,,Y,,-,,0,1,0,0,1,0,0,0,0,"- ","- ",,,"SAN DIEGO","SAN DIEGO",-117.15923934999999,32.835891859999997
8694753,2018,2018-09-19,3711,2018-08-30,1850,4491,,4,5,7,3711,0,0,0,,0,521,"F ST","15TH ST",74.00,E,N,A,-,N,,,,,,,,,,Y,3,0,2,3,A,-,11,21950,B,N,G,B,D,A,H,-,A,A,0,Y,,,,Y,,N,60,0,1,1,0,1,0,0,0,0,"- ","- ",,,"SAN DIEGO","SAN DIEGO",-117.15013885498047,32.713668823242188
8694761,2018,2018-09-18,3711,2018-08-30,0603,6334,,4,5,7,3711,0,0,0,,0,452,"SKYLINE DR","61ST ST",20.00,W,N,A,-,N,,,,,,,,,,N,3,0,1,2,A,-,10,21950,A,N,G,B,B,A,H,-,C,A,0,Y,,,,Y,,D,22,0,1,0,0,1,0,0,0,0,"- ","- ",,,"SAN DIEGO","SAN DIEGO",-117.06688690185547,32.701412200927734
8694822,2018,2018-09-19,3711,2018-08-14,1735,7677,,2,5,7,3711,0,0,0,,0,524,"WEST BROADWAY","UNION ST",0.00,,Y,A,-,N,,,,,,,,,,N,3,0,1,2,A,-,00,21206,,M,A,B,F,A,H,-,A,D,0,Y,Y,,,Y,,L,04,0,1,0,0,1,0,0,0,0,"- ","- ",32.715579986572266,-117.16603088378906,"SAN DIEGO","SAN DIEGO",-117.16561889648438,32.71575927734375
8694823,2018,2018-09-14,3711,2018-08-31,1404,6856,,5,5,7,3711,0,0,0,,0,627,"UNIVERSITY AV","5TH AV",0.00,,Y,A,-,N,,,,,,,,,,N,3,0,1,2,A,-,04,21703,,M,B,G,A,A,H,-,A,A,0,,,,,Y,,-,,0,1,0,0,0,0,0,0,0,"- ","- ",,,"SAN DIEGO","SAN DIEGO",-117.16043853759766,32.748271942138672
8694846,2018,2018-09-19,3711,2018-08-26,1630,7202,,7,5,7,3711,0,0,0,,0,438,"SANDY SHORE CT","SANDY SHORE ST",0.00,,Y,A,-,N,,,,,,,,,,N,3,0,1,2,B,-,22,,,N,D,G,A,A,H,-,A,A,0,,Y,,,Y,,L,04,0,1,0,0,0,0,1,0,0,"- ","- ",,,"SAN DIEGO","SAN DIEGO",-117.06276702880859,32.685840606689453
8696790,2018,2018-12-27,3711,2018-09-07,0810,7555,,5,5,7,3711,0,0,0,,0,931,"RT 5","ROSELLE ST",0.00,,Y,A,-,Y,SD,11,5,-,R,30.140,R,4,S,N,3,0,1,2,A,-,08,22107,,N,D,G,A,A,H,-,A,A,0,,Y,,,Y,,A,01,0,1,0,0,0,0,1,0,0,NO,"- ",,,"SAN DIEGO","SAN DIEGO",-117.22605133056641,32.896823883056641
8696855,2018,2018-09-19,3711,2018-08-29,1535,7368,,3,5,7,3711,0,0,0,,0,831,"46TH ST","EL CAJON BL",3.00,N,N,A,-,N,,,,,,,,,,N,4,0,1,2,A,-,08,22107,,N,G,B,A,A,H,-,A,A,0,,,,,Y,Y,-,,0,0,1,0,0,0,0,0,0,"- ","- ",,,"SAN DIEGO","SAN DIEGO",-117.09584045410156,32.755546569824219
8698908,2018,2018-09-27,3711,2018-08-19,1850,HB5961,,7,5,7,3711,0,0,0,,0,504,"MARINA PKWY","HARBOR DR",815.00,S,N,A,-,N,,,,,,,,,,N,3,0,2,2,B,-,22,,,N,G,B,F,A,H,-,A,D,0,Y,,Y,,Y,,C,03,0,2,0,0,1,0,0,0,1,"- ","- ",,,"SAN DIEGO","SAN DIEGO",,
8698920,2018,2018-09-27,3711,2018-08-08,1950,7584,,3,5,7,3711,0,0,0,,0,937,"CAMINO DEL SUR","DEL SUR CT",338.00,S,N,A,-,N,,,,,,,,,,N,2,0,1,2,A,-,17,21209,,F,C,G,A,A,H,-,C,D,0,,Y,,,Y,,A,01,1,0,0,0,0,0,1,0,0,"- ","- ",,,"SAN DIEGO","SAN DIEGO",-117.14528656005859,33.005603790283203
8698944,2018,2019-01-10,3711,2018-09-14,0734,8182,,5,5,7,3711,0,0,0,,0,833,"THORN ST","44TH ST",10.00,W,N,A,-,N,,,,,,,,,,N,4,0,2,3,A,-,03,22350,,N,A,B,B,A,A,-,A,A,0,Y,,,,Y,,A,01,0,0,2,0,2,0,0,0,0,"- ","- ",,,"SAN DIEGO","SAN DIEGO",-117.09995269775391,32.740211486816406
8699300,2018,2018-10-09,3711,2018-09-13,2240,7270,,4,5,7,3711,0,0,0,,0,441,"38TH ST","FLORENCE ST",12.00,N,N,A,-,N,,,,,,,,,,N,4,0,1,2,A,-,10,21950,A,N,G,B,D,A,H,-,C,D,0,Y,,,,Y,,-,,0,0,1,0,1,0,0,0,0,"- ","- ",,,"SAN DIEGO","SAN DIEGO",-117.11248016357422,32.698081970214844
8700959,2018,2018-11-13,3711,2018-09-13,0600,7654,SDMC,4,5,7,3711,0,0,0,,0,712,"SAN YSIDRO BL","CENTER ST",15.00,W,N,A,-,N,,,,,,,,,,N,4,0,1,2,A,-,08,22107,,N,A,B,B,A,H,-,B,D,0,Y,,,,Y,,D,22,0,0,1,0,1,0,0,0,0,"- ","- ",,,"SAN DIEGO","SAN DIEGO",-117.0399169921875,32.551658630371094
8706098,2018,2018-10-08,3711,2018-09-23,1040,7418,`,7,5,7,3711,0,0,0,,0,123,"SEA WORLD DR","SEA WORLD WY",40.00,W,N,A,-,N,,,,,,,,,,N,3,0,1,2,A,-,10,21950,A,M,G,B,B,A,H,-,A,A,0,Y,,,,Y,Y,-,99,0,1,0,0,1,0,0,0,0,"- ","- ",,,"SAN DIEGO","SAN DIEGO",-117.23095703125,32.761100769042969
8706766,2018,2018-09-27,3711,2018-09-10,0806,7755,,1,5,7,3711,0,0,0,,0,838,"WABASH AV","UNIVERSITY AV",37.00,S,N,A,-,N,,,,,,,,,,N,4,0,1,2,A,-,10,21950,A,N,G,B,B,A,H,-,A,A,0,Y,,,,Y,,A,01,0,0,1,0,1,0,0,0,0,"- ","- ",,,"SAN DIEGO","SAN DIEGO",-117.12077331542969,32.749099731445312
8706774,2018,2018-09-27,3711,2018-09-08,1120,7042,,6,5,7,3711,0,0,0,,0,621,"ULRIC ST","DUNLOP ST",5.00,N,N,A,-,N,,,,,,,,,,N,3,0,1,2,A,-,05,21650,1,M,B,G,A,A,H,-,A,D,0,,Y,,,Y,,L,04,0,1,0,0,0,0,1,0,0,"- ","- ",,,"SAN DIEGO","SAN DIEGO",-117.16887664794922,32.785614013671875
8706791,2018,2018-10-23,3711,2018-09-12,1741,7448,SD,3,5,7,3711,0,0,0,,0,514,"L ST","22ND ST",0.00,,Y,A,-,N,,,,,,,,,,N,3,0,1,2,A,-,12,22450,A,N,-,G,A,A,H,-,A,D,0,,Y,,,Y,,L,04,0,1,0,0,0,0,1,0,0,"- ","- ",,,"SAN DIEGO","SAN DIEGO",-117.14396667480469,32.707321166992188
8706929,2018,2018-10-10,3711,2018-09-19,1922,7418,,3,5,7,3711,0,0,0,,0,126,"GENESEE AV","SCIENCE CENTER DR",400.00,E,N,A,-,N,,,,,,,,,,N,4,0,1,1,A,-,03,22350,,N,H,G,A,A,H,-,A,D,0,,Y,,,Y,,L,04,0,0,1,0,0,0,1,0,0,"- ","- ",,,"SAN DIEGO","SAN DIEGO",-117.23249816894531,32.888618469238281
8706937,2018,2018-10-09,3711,2018-09-18,1535,6512,,2,5,7,3711,0,0,0,,0,233,"CARMEL MOUNTAIN RD","ENTEKEN WY",6.00,S,N,A,-,N,,,,,,,,,,N,4,0,1,2,A,-,00,20002,,M,B,G,A,A,H,-,A,A,0,,Y,,,Y,,-,,0,0,1,0,0,0,1,0,0,"- ","- ",,,"SAN DIEGO","SAN DIEGO",-117.14080047607422,32.962318420410156
8708033,2018,2019-01-07,3711,2018-09-06,0535,7310,,4,5,7,3711,0,0,0,,0,313,"KEARNY VILLA RD","RT 163",0.00,,Y,A,-,Y,SD,11,163,-,-,9.062,R,4,N,N,3,0,1,2,A,-,09,21800,A,N,D,G,A,A,H,-,C,A,0,,Y,,,Y,,A,01,0,1,0,0,0,0,1,0,0,"- ",NF,,,"SAN DIEGO","SAN DIEGO",-117.13841247558594,32.835441589355469
8708130,2018,2018-10-09,3711,2018-09-11,1630,7779,,2,5,7,3711,0,0,0,,0,432,"SANTA MARGARITA ST","54TH ST",144.00,E,N,A,-,N,,,,,,,,,,N,3,0,1,2,A,-,11,21950,B,N,G,B,D,A,H,-,A,D,0,Y,,,,Y,,N,60,0,1,0,0,1,0,0,0,0,"- ","- ",,,"SAN DIEGO","SAN DIEGO",-117.07791137695312,32.706016540527344
8710283,2018,2018-10-18,3711,2018-09-27,1604,7290,"SAN D",4,5,7,3711,0,0,0,,0,324,"NAVAJO RD","NAVAJO RD 8800",0.00,,Y,A,-,N,,,,,,,,,,N,4,0,1,2,A,-,17,21208,A,N,D,G,A,A,H,-,A,D,0,,Y,,,Y,,L,04,0,0,1,0,0,0,1,0,0,"- ","- ",,,"SAN DIEGO","SAN DIEGO",-117.00777054,32.802798899999999
8710287,2018,2018-11-13,3711,2018-09-24,1236,7652,,1,5,7,3711,0,0,0,,0,327,"COLLEGE AV","COLLEGE AV 6600",0.00,,Y,B,-,N,,,,,,,,,,N,3,0,1,2,A,-,08,22107,,N,H,G,A,A,H,-,A,A,0,,Y,,,Y,,A,01,0,1,0,0,0,0,1,0,0,"- ","- ",32.780899047851562,-117.064697265625,"SAN DIEGO","SAN DIEGO",-117.06771433,32.79365121
8710318,2018,2018-10-16,3711,2018-09-26,1700,6344,,3,5,7,3711,0,0,0,,0,311,"AERO DR","AERO CT",0.00,,Y,A,-,N,,,,,,,,,,N,4,0,1,2,A,-,08,22107,,N,B,G,A,A,H,-,A,A,0,,Y,,,Y,,-,,0,0,1,0,0,0,1,0,0,"- ","- ",,,"SAN DIEGO","SAN DIEGO",-117.14852905273438,32.8095703125
8713162,2018,2018-10-29,3711,2018-10-12,2244,7145,,5,5,7,3711,0,0,0,,0,524,"3RD AV","B ST",8.00,S,N,C,-,N,,,,,,,,,,N,4,0,1,2,A,-,10,21950,A,N,G,B,B,B,H,-,C,A,0,Y,,,,Y,,A,01,0,0,1,0,1,0,0,0,0,"- ","- ",,,"SAN DIEGO","SAN DIEGO",-117.16200256347656,32.717777252197266
8713210,2018,2018-10-26,3711,2018-10-15,1657,7574,SANDI,1,5,7,3711,0,0,0,,0,613,"WEST POINT LOMA BL","FAMOSA BL",10.00,E,N,A,-,N,,,,,,,,,,N,3,0,1,2,A,-,09,21801,A,N,D,G,A,A,H,-,A,D,0,,Y,,,Y,,A,01,0,1,0,0,0,0,1,0,0,"- ","- ",,,"SAN DIEGO","SAN DIEGO",-117.22930908203125,32.752593994140625