CASE_ID,ACCIDENT_YEAR,PROC_DATE,JURIS,COLLISION_DATE,COLLISION_TIME,OFFICER_ID,REPORTING_DISTRICT,DAY_OF_WEEK,CHP_SHIFT,POPULATION,CNTY_CITY_LOC,SPECIAL_COND,BEAT_TYPE,CHP_BEAT_TYPE,CITY_DIVISION_LAPD,CHP_BEAT_CLASS,BEAT_NUMBER,PRIMARY_RD,SECONDARY_RD,DISTANCE,DIRECTION,INTERSECTION,WEATHER_1,WEATHER_2,STATE_HWY_IND,CALTRANS_COUNTY,CALTRANS_DISTRICT,STATE_ROUTE,ROUTE_SUFFIX,POSTMILE_PREFIX,POSTMILE,LOCATION_TYPE,RAMP_INTERSECTION,SIDE_OF_HWY,TOW_AWAY,COLLISION_SEVERITY,NUMBER_KILLED,NUMBER_INJURED,PARTY_COUNT,PRIMARY_COLL_FACTOR,PCF_CODE_OF_VIOL,PCF_VIOL_CATEGORY,PCF_VIOLATION,PCF_VIOL_SUBSECTION,HIT_AND_RUN,TYPE_OF_COLLISION,MVIW,PED_ACTION,ROAD_SURFACE,ROAD_COND_1,ROAD_COND_2,LIGHTING,CONTROL_DEVICE,CHP_ROAD_TYPE,PEDESTRIAN_ACCIDENT,BICYCLE_ACCIDENT,MOTORCYCLE_ACCIDENT,TRUCK_ACCIDENT,NOT_PRIVATE_PROPERTY,ALCOHOL_INVOLVED,STWD_VEHTYPE_AT_FAULT,CHP_VEHTYPE_AT_FAULT,COUNT_SEVERE_INJ,COUNT_VISIBLE_INJ,COUNT_COMPLAINT_PAIN,COUNT_PED_KILLED,COUNT_PED_INJURED,COUNT_BICYCLIST_KILLED,COUNT_BICYCLIST_INJURED,COUNT_MC_KILLED,COUNT_MC_INJURED,PRIMARY_RAMP,SECONDARY_RAMP,LATITUDE,LONGITUDE,COUNTY,CITY,POINT_X,POINT_Y
8713235,2018,2018-10-29,3711,2018-10-15,0633,7805,,1,5,7,3711,0,0,0,,0,511,"CESAR E CHAVEZ PKWY","NATIONAL AV",4.00,N,N,A,-,N,,,,,,,,,,N,3,0,1,2,A,-,11,21456,B,M,G,B,B,A,H,-,B,A,0,Y,,,,Y,Y,N,60,0,1,0,0,1,0,0,0,0,"- ","- ",,,"SAN DIEGO","SAN DIEGO",-117.14503479003906,32.700668334960938
8713251,2018,2018-10-29,3711,2018-10-13,2233,8861,,6,5,7,3711,0,0,0,,0,627,"WEST WASHINGTON ST","FALCON ST",100.00,W,N,A,-,N,,,,,,,,,,Y,3,0,1,2,A,-,11,21955,,N,G,B,D,A,H,-,C,D,0,Y,,,,Y,Y,N,60,0,1,0,0,1,0,0,0,0,"- ","- ",,,"SAN DIEGO","SAN DIEGO",-117.17078399658203,32.749916076660156
8713634,2018,2018-10-19,3711,2018-10-03,1950,7176,,3,5,7,3711,0,0,0,,0,515,"MARKET ST","25TH ST",345.00,E,N,B,-,N,,,,,,,,,,N,3,0,1,2,A,-,08,22107,,M,B,G,A,A,H,-,C,D,0,,Y,,,Y,,L,04,0,1,0,0,0,0,1,0,0,"- ","- ",,,"SAN DIEGO","SAN DIEGO",-117.13915252685547,32.711605072021484
8713661,2018,2018-10-17,3711,2018-09-18,0757,7502,,2,5,7,3711,0,0,0,,0,613,"WEST POINT LOMA BL","LOMA RIVIERA DR",75.00,E,N,A,-,N,,,,,,,,,,N,3,0,1,2,A,-,11,21950,B,N,E,B,D,A,H,-,A,D,0,Y,,,,Y,,N,60,0,1,0,0,1,0,0,0,0,"- ","- ",,,"SAN DIEGO","SAN DIEGO",-117.2237548828125,32.753658294677734
8713816,2018,2018-10-19,3711,2018-09-27,2144,6146,,4,5,7,3711,0,0,0,,0,621,"GENESEE AV","LINDA VISTA RD",27.00,W,N,A,-,N,,,,,,,,,,N,2,0,1,2,A,-,11,21456,B,N,G,B,B,A,H,-,C,A,0,Y,,,,Y,,N,60,1,0,0,0,1,0,0,0,0,"- ","- ",,,"SAN DIEGO","SAN DIEGO",-117.16605377197266,32.791595458984375
8713964,2018,2018-10-22,3711,2018-10-06,1845,7799,SOUTH,6,5,7,3711,0,0,0,,0,444,"MARKET ST","43RD ST",9.00,E,N,A,-,N,,,,,,,,,,Y,4,0,1,2,A,-,09,21801,A,N,D,G,A,A,H,-,C,D,0,,Y,,,Y,,L,04,0,0,1,0,0,0,1,0,0,"- ","- ",,,"SAN DIEGO","SAN DIEGO",-117.10221099853516,32.711479187011719
8714129,2018,2018-10-19,3711,2018-10-07,1549,7464,,7,5,7,3711,0,0,0,,0,833,"UNIVERSITY AV","CHAMOUNE AV",0.00,,Y,A,-,N,,,,,,,,,,N,4,0,1,2,A,-,10,21950,A,N,G,B,B,A,H,-,A,A,0,Y,,,,Y,,A,07,0,0,1,0,1,0,0,0,0,"- ","- ",,,"SAN DIEGO","SAN DIEGO",-117.09658050537109,32.749599456787109
8714141,2018,2018-10-19,3711,2018-10-05,1458,7698,,5,5,7,3711,0,0,0,,0," 523","5TH AV","L ST",0.00,,Y,A,-,N,,,,,,,,,,N,3,0,1,2,A,-,10,21950,A,N,A,B,B,A,H,-,A,A,0,Y,,,,Y,,-,,0,1,0,0,1,0,0,0,0,"- ","- ",,,"SAN DIEGO","SAN DIEGO",-117.16020965576172,32.707271575927734
8714544,2018,2018-11-06,3711,2018-10-01,0815,SD6104,,1,5,7,3711,0,0,0,,0,813,"UNIVERSITY AV","30TH ST",0.00,,Y,B,-,N,,,,,,,,,,N,4,0,1,2,A,-,17,21461,A,N,G,B,A,A,H,-,A,A,0,,,Y,,Y,,C,03,0,0,1,0,0,0,0,0,1,"- ","- ",,,"SAN DIEGO","SAN DIEGO",-117.13011169433594,32.748451232910156
8719961,2018,2018-10-24,3711,2018-09-28,2052,8447,,5,5,7,3711,0,0,0,,0,712,"CAMINO DE LA PLZ","SIPES LN",30.00,E,N,A,-,N,,,,,,,,,,N,4,0,1,2,A,-,10,21950,A,N,G,B,C,A,H,-,C,D,0,Y,,,,Y,Y,A,01,0,0,1,0,1,0,0,0,0,"- ","- ",,,"SAN DIEGO","SAN DIEGO",-117.0458984375,32.544761657714844
8721638,2018,2018-11-05,3711,2018-10-10,0715,5700,,3,5,7,3711,0,0,0,,0,432,"CHURCHWARD ST","CHURCHWARD ST 5100",0.00,,Y,A,B,N,,,,,,,,,,N,3,0,1,2,A,-,10,21950,C,N,G,B,D,A,H,-,A,D,0,Y,,,,Y,,-,,0,1,0,0,1,0,0,0,0,"- ","- ",,,"SAN DIEGO","SAN DIEGO",-117.08434582,32.704111140000002
8721654,2018,2018-11-05,3711,2018-10-04,1835,7692,,4,5,7,3711,0,0,0,,0,521,"J ST","13TH ST",84.00,W,N,A,-,N,,,,,,,,,,N,4,0,1,2,A,-,00,21235,,N,D,B,A,A,H,-,B,D,0,,,,,Y,,-,,0,0,1,0,0,0,0,0,0,"- ","- ",,,"SAN DIEGO","SAN DIEGO",-117.15309143066406,32.709415435791016
8722595,2018,2018-10-31,3711,2018-10-15,0754,5448,,1,5,7,3711,0,0,0,,0,934,"CARMEL CREEK RD","VALLEY CENTER RD",18.00,N,N,A,-,N,,,,,,,,,,N,3,0,1,2,A,-,03,22350,,M,C,G,A,A,H,-,A,A,0,,Y,,,Y,,-,,0,1,0,0,0,0,1,0,0,"- ","- ",,,"SAN DIEGO","SAN DIEGO",-117.22979736328125,32.938274383544922
8722599,2018,2018-11-27,3711,2018-10-18,1436,7173,C2,4,5,7,3711,0,0,0,,0,524,"1ST AV","W B ST",183.00,S,N,A,-,N,,,,,,,,,,N,3,0,1,2,A,-,17,21235,G,N,G,B,F,A,H,-,A,D,0,Y,,,,Y,,N,60,0,1,0,0,1,0,0,0,0,"- ","- ",,,"SAN DIEGO","SAN DIEGO",-117.16383361816406,32.717277526855469
8722751,2018,2018-11-05,3711,2018-10-22,0000,7443,,1,5,7,3711,0,0,0,,0,523,"5TH AV","ISLAND AV",60.00,N,N,A,-,N,,,,,,,,,,N,3,0,1,2,A,-,11,21950,B,N,G,B,D,A,H,-,C,A,0,Y,,,,Y,,N,60,0,1,0,0,1,0,0,0,0,"- ","- ",,,"SAN DIEGO","SAN DIEGO",-117.16011810302734,32.710594177246094
8726649,2018,2018-11-08,3711,2018-10-15,0639,7731,SD,1,5,7,3711,0,0,0,,0,524,"KETTNER BL","KETTNER BL 1050",0.00,,Y,A,-,N,,,,,,,,,,N,3,0,1,2,A,-,11,21955,,N,G,B,A,A,H,-,C,D,0,,,,,Y,,-,,0,1,0,0,0,0,0,0,0,"- ","- ",,,"SAN DIEGO","SAN DIEGO",-117.1692127,32.71675098
8726702,2018,2018-11-20,3711,2018-10-15,0545,7689,,1,5,7,3711,0,0,0,,0,572,"MAIN ST","MAIN ST 2900",0.00,,Y,A,-,N,,,,,,,,,,,4,0,1,2,A,-,17,24250,,M,G,B,-,A,H,-,C,D,0,Y,,,,Y,,-,,0,0,1,0,1,0,0,0,0,"- ","- ",,,"SAN DIEGO","SAN DIEGO",-117.13159382000001,32.692807350000002
8730107,2018,2018-11-29,3711,2018-11-02,1839,7800,NORTH,5,5,7,3711,0,0,0,,0,114,"CLAIREMONT MESA BL","DOLIVA DR",36.00,E,N,A,-,N,,,,,,,,,,N,3,0,1,2,A,-,11,21955,,N,G,B,D,A,H,-,C,A,0,Y,,,,Y,,N,60,0,1,0,0,1,0,0,0,0,"- ","- ",,,"SAN DIEGO","SAN DIEGO",-117.17552947998047,32.834377288818359
8730150,2018,2018-11-21,3711,2018-11-06,1558,7163,SDPD,2,5,7,3711,0,0,0,,0,813,ILLINOIS,MEADE,0.00,,-,A,-,N,,,,,,,,,,N,3,0,1,2,A,-,10,21950,A,N,G,B,D,A,H,-,A,A,0,Y,,,,Y,,-,,0,1,0,0,1,0,0,0,0,"- ","- ",,,"SAN DIEGO","SAN DIEGO",-117.12770080566406,32.757289886474609
8731954,2018,2018-11-14,3711,2018-10-27,2244,7177,,6,5,7,3711,0,0,0,,0,321,"WARING RD","ADOBE FALLS RD",600.00,N,N,A,-,N,,,,,,,,,,Y,3,0,1,2,A,-,11,21950,B,N,B,B,E,A,H,-,C,A,0,Y,,,,Y,Y,N,60,0,1,0,0,1,0,0,0,0,"- ","- ",,,"SAN DIEGO","SAN DIEGO",-117.08472442626953,32.785972595214844
8732331,2018,2018-11-16,3711,2018-10-31,1433,4310,,3,5,7,3711,0,0,0,,0,522,"PARK BL","F ST",11.00,S,N,A,-,N,,,,,,,,,,N,4,0,1,2,A,-,10,21950,A,N,G,B,B,A,H,-,A,A,0,Y,,,,Y,,A,01,0,0,1,0,1,0,0,0,0,"- ","- ",,,"SAN DIEGO","SAN DIEGO",-117.15374755859375,32.713611602783203
8732747,2018,2018-11-19,3711,2018-10-25,1515,6252,,4,5,7,3711,0,0,0,,0,521,"PARK BL","RUSS BL",185.00,N,N,A,-,N,,,,,,,,,,N,4,0,1,2,A,-,11,21950,B,N,B,B,D,A,H,-,A,D,0,Y,,,,Y,,N,60,0,0,1,0,1,0,0,0,0,"- ","- ",,,"SAN DIEGO","SAN DIEGO",-117.15390777587891,32.719905853271484
8732751,2018,2018-11-19,3711,2018-10-24,1744,7462,,3,5,7,3711,0,0,0,,0,521,BROADWAY,"PARK BL",0.00,,Y,A,-,N,,,,,,,,,,N,3,0,1,2,A,-,00,21450,A,N,G,B,B,A,H,-,A,A,0,Y,,,,Y,,A,01,0,1,0,0,1,0,0,0,0,"- ","- ",,,"SAN DIEGO","SAN DIEGO",-117.15377044677734,32.715740203857422
8733127,2018,2018-11-20,3711,2018-10-08,2313,7216,,1,5,7,3711,0,0,0,,0,121,"WEST MISSION BAY DR","MISSION BL",250.00,E,N,A,-,N,,,,,,,,,,N,3,0,1,1,A,-,08,22107,,N,E,G,A,A,H,-,C,D,0,,Y,,,Y,Y,-,"- ",0,1,0,0,0,0,1,0,0,"- ","- ",,,"SAN DIEGO","SAN DIEGO",-117.25032043457031,32.772056579589844
8733778,2018,2018-12-05,3711,2018-10-22,1359,7814,,1,5,7,3711,0,0,0,,0,126,"GILMAN DR","EVENING WY",240.00,N,N,A,-,N,,,,,,,,,,N,3,0,1,2,A,-,04,21703,,N,C,G,A,A,H,-,A,D,0,,Y,,,Y,,L,04,0,1,0,0,0,0,1,0,0,"- ","- ",,,"SAN DIEGO","SAN DIEGO",-117.23805999755859,32.869861602783203
8733797,2018,2018-12-20,3711,2018-10-21,1614,7526,,7,5,7,3711,0,0,0,,0,124,"LA JOLLA BL","NAUTILUS ST",0.00,,Y,A,-,N,,,,,,,,,,N,4,0,1,2,A,-,10,21950,,N,G,B,B,A,H,-,A,A,0,Y,,,,Y,,A,07,0,0,1,0,1,0,0,0,0,"- ","- ",,,"SAN DIEGO","SAN DIEGO",-117.27658843994141,32.831809997558594
8734482,2018,2018-11-14,3711,2018-10-29,1551,8447,,1,5,7,3711,0,0,0,,0,821,"CAJON BL","70TH ST",289.00,W,N,A,-,N,,,,,,,,,,N,4,0,1,2,A,-,08,22107,,N,G,B,E,A,H,-,A,D,0,Y,,,,Y,,-,,0,0,1,0,1,0,0,0,0,"- ","- ",,,"SAN DIEGO","SAN DIEGO",-117.04805732,32.76867945
8734522,2018,2018-11-13,3711,2018-10-28,1715,6616,SD,7,5,7,3711,0,0,0,,0,529,"UPAS ST","UPAS ST 100",7.00,S,N,A,-,N,,,,,,,,,,N,4,0,1,2,A,-,12,22450,,N,D,G,A,A,H,-,A,D,0,,Y,,,Y,,-,,0,0,1,0,0,0,1,0,0,"- ","- ",,,"SAN DIEGO","SAN DIEGO",,
8735459,2018,2018-11-14,3711,2018-10-30,1930,7443,,2,5,7,3711,0,0,0,,0,529,"6TH AV","LAUREL ST",21.00,N,N,A,-,N,,,,,,,,,,Y,3,0,5,5,A,-,12,21453,A,M,D,B,F,A,H,-,C,A,0,Y,,,,Y,,A,01,0,4,1,0,3,0,0,0,0,"- ","- ",,,"SAN DIEGO","SAN DIEGO",-117.15943908691406,32.7314453125
8738374,2018,2018-12-31,3711,2018-11-06,1248,7663,,2,5,7,3711,0,0,0,,0,112,BALBOA,GENESEE,12.00,N,N,A,-,N,,,,,,,,,,N,3,0,1,2,A,-,10,21950,A,N,-,G,A,A,H,-,A,A,0,,Y,,,Y,,-,,0,1,0,0,0,0,1,0,0,"- ","- ",,,"SAN DIEGO","SAN DIEGO",-117.18198394775391,32.819381713867188
8741157,2018,2018-11-28,3711,2018-11-06,0829,7404,,2,5,7,3711,0,0,0,,0,611,"SPORTS ARENA BL","OLLIE ST",0.00,,Y,A,-,N,,,,,,,,,,N,3,0,1,2,A,-,05,21650,1,N,D,G,A,A,H,-,A,-,0,,Y,,,Y,,L,04,0,1,0,0,0,0,1,0,0,"- ","- ",,,"SAN DIEGO","SAN DIEGO",-117.221923828125,32.756259918212891
8741943,2018,2018-11-29,3711,2018-11-07,1629,8447,,3,5,7,3711,0,0,0,,0,712,"WEST SAN YSIDRO BL","ALVERSON RD",80.00,W,N,A,-,N,,,,,,,,,,N,4,0,1,2,A,-,10,21952,,N,G,B,F,A,H,-,A,D,0,Y,,,,Y,,-,,0,0,1,0,1,0,0,0,0,"- ","- ",,,"SAN DIEGO","SAN DIEGO",-117.05183410644531,32.555469512939453
8741967,2018,2018-11-29,3711,2018-11-03,1734,7186,3711,6,5,7,3711,0,0,0,,0,524,"KETTNER BL","KETTNER BL 1000",0.00,,-,A,-,N,,,,,,,,,,N,3,0,2,3,C,-,18,,,N,E,G,A,A,H,-,B,D,0,,Y,,,Y,,-,"- ",0,2,0,0,0,0,2,0,0,"- ","- ",32.716800689697266,-117.16919708251953,"SAN DIEGO","SAN DIEGO",-117.16919708,32.716800689999999
8744064,2018,2018-11-27,3711,2018-11-06,1715,7592,SD,2,5,7,3711,0,0,0,,0,115,"ATHENA CIR","HEALTH SCIENCES DR",0.00,,Y,A,-,N,,,,,,,,,,N,4,0,1,2,A,-,12,22450,A,N,D,G,A,A,H,-,C,D,0,,Y,,,Y,,L,04,0,0,1,0,0,0,1,0,0,"- ","- ",,,"SAN DIEGO","SAN DIEGO",-117.21990966796875,32.878631591796875
8744907,2018,2018-11-29,3711,2018-11-07,1440,7666,,3,5,7,3711,0,0,0,,0,124,"PEARL ST","GIRARD AV",15.00,E,N,A,-,N,,,,,,,,,,N,4,0,1,2,A,-,00,21450,,N,A,G,A,A,H,-,B,A,0,,Y,,,Y,,L,04,0,0,1,0,0,0,1,0,0,"- ","- ",,,"SAN DIEGO","SAN DIEGO",-117.27245330810547,32.840522766113281
8745057,2018,2018-12-10,3711,2018-10-25,1135,6620,,4,5,7,3711,0,0,0,,0,933,"N TORREY PINES","CARMEL VALLEY",3100.00,S,N,A,-,N,,,,,,,,,,N,2,0,1,2,A,-,08,22107,,N,D,G,A,A,H,-,A,D,0,,Y,,,Y,,A,01,1,0,0,0,0,0,1,0,0,"- ","- ",,,"SAN DIEGO","SAN DIEGO",-117.26123046875,32.938179016113281
8745704,2018,2018-12-31,3711,2018-11-03,1703,5972,,6,5,7,3711,0,0,0,,0,821,"COLLEGE AV","EL CAJON BL",15.00,N,N,A,-,N,,,,,,,,,,N,2,0,1,2,A,-,11,21456,A,N,G,B,B,A,H,-,A,A,0,Y,,,,Y,,N,60,1,0,0,0,1,0,0,0,0,"- ","- ",,,"SAN DIEGO","SAN DIEGO",-117.06703186035156,32.761390686035156
8747931,2018,2019-01-29,3711,2018-11-21,1315,6502,,3,5,7,3711,0,0,0,,0,524,"G ST","7TH AV",0.00,,Y,A,-,N,,,,,,,,,,N,3,0,1,2,A,-,03,22350,,N,D,G,A,A,H,-,A,A,0,,Y,Y,,Y,,C,03,0,1,0,0,0,0,1,0,0,"- ","- ",,,"SAN DIEGO","SAN DIEGO",-117.15834045410156,32.712581634521484
8747944,2018,2019-02-20,3711,2018-11-14,1700,5842,,3,5,7,3711,0,0,0,,0,931,"LUSK BL","LUSK BL 7300",0.00,,Y,A,-,N,,,,,,,,,,N,3,0,1,2,A,-,08,22107,,N,D,G,A,A,H,-,C,A,0,,Y,,,Y,,-,,0,1,0,0,0,0,1,0,0,"- ","- ",,,"SAN DIEGO","SAN DIEGO",-117.2153163,32.901097960000001
8747991,2018,2019-01-29,3711,2018-11-20,0557,7796,NORTH,2,5,7,3711,0,0,0,,0,122,"SOLEDAD MOUNTAIN RD","BERYL WY",425.00,N,N,A,-,N,,,,,,,,,,N,4,0,1,2,A,-,08,22107,,N,B,G,A,A,H,-,B,D,0,,Y,,,Y,,L,04,0,0,1,0,0,0,1,0,0,"- ","- ",,,"SAN DIEGO","SAN DIEGO",-117.22811126708984,32.808116912841797
8747999,2018,2019-01-29,3711,2018-11-26,1603,7163,,1,5,7,3711,0,0,0,,0,813,"FLORIDA CT","UNIVERSITY AV",0.00,,Y,A,-,N,,,,,,,,,,N,4,0,1,2,A,-,08,22107,,M,D,G,A,A,E,-,A,A,0,,Y,,,Y,,-,,0,0,1,0,0,0,1,0,0,"- ","- ",,,"SAN DIEGO","SAN DIEGO",-117.14372253417969,32.748439788818359
8749404,2018,2018-12-28,3711,2018-12-05,0755,7646,,3,5,7,3711,0,0,0,,0,512,"LOGAN AV","SOUTH 28TH ST",20.00,W,N,A,-,N,,,,,,,,,,N,3,0,2,3,A,-,10,21950,A,N,G,B,B,A,H,-,A,D,0,Y,,,,Y,,D,22,0,2,0,0,2,0,0,0,0,"- ","- ",,,"SAN DIEGO","SAN DIEGO",-117.13388824462891,32.69696044921875
8749408,2018,2018-12-28,3711,2018-12-09,1250,7814,SDPD,7,5,7,3711,0,0,0,,0,515,"IMPERIAL AV","IMPERIAL AV  2900",25.00,N,N,B,-,N,,,,,,,,,,Y,4,0,1,5,A,-,05,21460,C,N,D,B,E,A,H,-,A,D,0,Y,,,,Y,,A,01,0,0,1,0,0,0,0,0,0,"- ","- ",,,"SAN DIEGO","SAN DIEGO",,
8752099,2018,2019-01-25,3711,2018-11-28,2251,7453,,3,5,7,3711,0,0,0,,0,826,"EL CAJON BL","50TH ST",0.00,,Y,A,-,N,,,,,,,,,,N,4,0,1,2,A,-,11,21954,A,N,B,B,D,A,H,-,D,D,0,Y,,,,Y,,N,60,0,0,1,0,1,0,0,0,0,"- ","- ",,,"SAN DIEGO","SAN DIEGO",-117.08683013916016,32.756790161132812
8753050,2018,2019-01-28,3711,2018-12-08,0030,7862,3711,6,5,7,3711,0,0,0,,0,511,"SOUTH 32ND ST","NORMAN SCOTT RD",0.00,,Y,A,-,N,,,,,,,,,,N,2,0,1,2,A,-,10,21950,A,N,G,B,B,A,H,-,C,A,0,Y,,,,Y,Y,A,01,1,0,0,0,1,0,0,0,0,"- ","- ",,,"SAN DIEGO","SAN DIEGO",-117.12538909912109,32.687610626220703
8753066,2018,2019-01-28,3711,2018-12-05,1711,5918,,3,5,7,3711,0,0,0,,0,,"CARDIFF ST","JAMACHA RD",0.00,,Y,C,-,N,,,,,,,,,,N,3,0,1,2,A,-,10,21950,A,N,G,B,B,B,H,-,C,A,0,Y,,,,Y,,A,01,0,1,0,0,1,0,0,0,0,"- ","- ",,,"SAN DIEGO","SAN DIEGO",-117.02586364746094,32.717811584472656
8753086,2018,2019-01-28,3711,2018-12-04,0909,6403,SANDI,2,5,7,3711,0,0,0,,0,233,"BLACK MOUNTAIN RD","PARK VILLAGE RD",24.00,N,N,A,-,N,,,,,,,,,,N,3,0,1,2,A,-,08,22100,A,N,B,G,A,A,H,-,A,A,0,,Y,,,Y,,-,"- ",0,1,0,0,0,0,1,0,0,"- ","- ",,,"SAN DIEGO","SAN DIEGO",-117.13002014160156,32.946895599365234
8753109,2018,2019-01-25,3711,2018-12-03,1317,7396,SANDI,1,5,7,3711,0,0,0,,0,529,"6TH AV",ELM,9.00,E,N,A,-,N,,,,,,,,,,Y,3,0,3,3,A,-,12,21453,A,N,D,B,F,A,H,-,A,A,0,Y,,,,Y,Y,A,01,0,3,0,0,1,0,0,0,0,"- ","- ",,,"SAN DIEGO","SAN DIEGO",-117.15943145751953,32.724075317382812
8753344,2018,2019-01-28,3711,2018-12-11,1430,6200,,2,5,7,3711,0,0,0,,0,323,"MADRA AV","DEL CE RRO BL",0.00,,-,A,-,N,,,,,,,,,,N,3,0,1,2,A,-,12,22450,A,N,D,B,B,A,H,-,A,A,0,Y,,,,Y,,-,,0,1,0,0,1,0,0,0,0,"- ","- ",,,"SAN DIEGO","SAN DIEGO",-117.05931854248047,32.782798767089844
8753663,2018,2019-01-14,3711,2018-12-12,0727,6502,,3,5,7,3711,0,0,0,,0,512,"OCEAN VIEW BL","SOUTH 28TH ST",0.00,,Y,A,-,N,,,,,,,,,,N,3,0,1,2,A,-,10,21950,A,N,G,B,B,A,H,-,A,A,0,Y,,,,Y,,D,22,0,1,0,0,1,0,0,0,0,"- ","- ",,,"SAN DIEGO","SAN DIEGO",-117.13385772705078,32.701141357421875
8753682,2018,2019-02-12,3711,2018-12-13,1712,7515,,4,5,7,3711,0,0,0,,0,528,"INDIA ST","HAWTHORN ST",0.00,,Y,A,-,N,,,,,,,,,,N,3,0,1,2,A,-,10,21950,A,N,G,B,B,A,H,-,C,A,0,Y,,,,Y,,A,01,0,1,0,0,1,0,0,0,0,"- ","- ",,,"SAN DIEGO","SAN DIEGO",-117.16944885253906,32.726421356201172
8753713,2018,2019-02-12,3711,2018-12-18,0151,8861,,2,5,7,3711,0,0,0,,0,523,"5TH AV","G ST",6.00,N,N,A,-,N,,,,,,,,,,N,3,0,1,2,A,-,10,21950,A,M,G,B,B,A,H,-,C,A,0,Y,,,,Y,Y,-,99,0,1,0,0,1,0,0,0,0,"- ","- ",,,"SAN DIEGO","SAN DIEGO",-117.16014099121094,32.71258544921875
8753721,2018,2019-02-12,3711,2018-12-17,1710,7526,SANDI,1,5,7,3711,0,0,0,,0,121,"OCEAN FRONT WALK","NANTASKET CT",0.00,,Y,A,-,N,,,,,,,,,,N,3,0,1,2,A,-,21,22106,,M,G,B,F,A,H,-,B,D,0,Y,,Y,,Y,,C,03,0,1,0,0,1,0,0,0,0,"- ","- ",32.779750823974609,-117.25330352783203,"SAN DIEGO","SAN DIEGO",-117.25331115722656,32.779830932617188
8753725,2018,2019-02-12,3711,2018-12-13,1442,7487,SANDI,4,5,7,3711,0,0,0,,0,124,"CALLAN RD","NORTH TORREY PINES RD",5.00,E,N,A,-,N,,,,,,,,,,N,3,0,1,2,A,-,11,21955,,M,G,B,E,A,H,-,B,D,0,Y,,,,Y,,N,60,0,1,0,0,1,0,0,0,0,"- ","- ",,,"SAN DIEGO","SAN DIEGO",-117.24330139160156,32.904350280761719
8753733,2018,2019-02-12,3711,2018-12-17,1728,6564,,1,5,7,3711,0,0,0,,0,445,"47TH ST","HARTLEY ST",15.00,S,N,A,-,N,,,,,,,,,,N,3,0,1,2,A,-,03,22350,,M,G,B,B,A,H,-,A,A,0,Y,,,,Y,,-,99,0,1,0,0,1,0,0,0,0,"- ","- ",,,"SAN DIEGO","SAN DIEGO",-117.09364318847656,32.710048675537109
8756562,2018,2018-12-11,3711,2018-10-24,0930,6569,SANDI,3,5,7,3711,0,0,0,,0,242,"MIRA MESA BL","CAMINO SANTA FE",0.00,,Y,A,-,N,,,,,,,,,,N,4,0,1,2,A,-,10,21950,A,N,G,B,B,A,H,-,A,A,0,Y,,,,Y,,A,01,0,0,1,0,1,0,0,0,0,"- ","- ",,,"SAN DIEGO","SAN DIEGO",-117.17141723632812,32.907619476318359
8757177,2018,2018-12-19,3711,2018-11-18,1815,6000,,7,5,7,3711,0,0,0,,0,611,"KURTZ ST","ROSECRANS ST",8.00,E,N,A,-,N,,,,,,,,,,N,2,0,1,2,A,-,10,21950,A,N,G,B,B,A,H,-,C,A,0,Y,,,,Y,,D,22,1,0,0,0,1,0,0,0,0,TO,"- ",,,"SAN DIEGO","SAN DIEGO",-117.203857421875,32.752296447753906
8757579,2018,2019-01-09,3711,2018-11-29,2058,6957,,4,5,7,3711,0,0,0,,0,114,"CLAIREMONT MESA BL",LIMERICK,2.00,W,N,B,-,N,,,,,,,,,,N,3,0,1,2,A,-,10,21950,A,N,D,B,B,B,H,-,C,A,0,Y,,,,Y,,-,,0,1,0,0,1,0,0,0,0,"- ","- ",,,"SAN DIEGO","SAN DIEGO",-117.17876434326172,32.834407806396484
8757676,2018,2019-02-02,3711,2018-12-02,1514,6632,MC2,7,5,7,3711,0,0,0,,0,838,"36TH ST","UNIVERSITY AV",8.00,S,N,A,-,N,,,,,,,,,,N,3,0,1,2,A,-,10,21950,A,N,G,B,B,A,H,-,A,D,0,Y,,,,Y,,-,,0,1,0,0,1,0,0,0,0,"- ","- ",,,"SAN DIEGO","SAN DIEGO",-117.11559295654297,32.749717712402344
8758128,2018,2019-03-08,3711,2018-12-03,0830,7797,,1,5,7,3711,0,0,0,,0,441,"IMPERIAL AV","SOUTH 45TH ST",12.00,E,N,A,-,N,,,,,,,,,,,2,0,1,2,A,-,10,21950,A,N,G,B,B,A,H,-,A,A,0,Y,,,,Y,,A,01,1,0,0,0,1,0,0,0,0,"- ","- ",,,"SAN DIEGO","SAN DIEGO",-117.09793090820312,32.704151153564453
8758455,2018,2019-01-23,3711,2018-11-30,1607,7198,,5,5,7,3711,0,0,0,,0,511,"S 16TH ST","COMMERCIAL ST",0.00,,Y,A,-,N,,,,,,,,,,N,3,0,1,2,A,-,10,21950,A,N,G,B,B,A,H,-,A,A,0,Y,,,,Y,,A,01,0,1,0,0,1,0,0,0,0,"- ","- ",,,"SAN DIEGO","SAN DIEGO",-117.14943695068359,32.705230712890625