CASE_ID,ACCIDENT_YEAR,PROC_DATE,JURIS,COLLISION_DATE,COLLISION_TIME,OFFICER_ID,REPORTING_DISTRICT,DAY_OF_WEEK,CHP_SHIFT,POPULATION,CNTY_CITY_LOC,SPECIAL_COND,BEAT_TYPE,CHP_BEAT_TYPE,CITY_DIVISION_LAPD,CHP_BEAT_CLASS,BEAT_NUMBER,PRIMARY_RD,SECONDARY_RD,DISTANCE,DIRECTION,INTERSECTION,WEATHER_1,WEATHER_2,STATE_HWY_IND,CALTRANS_COUNTY,CALTRANS_DISTRICT,STATE_ROUTE,ROUTE_SUFFIX,POSTMILE_PREFIX,POSTMILE,LOCATION_TYPE,RAMP_INTERSECTION,SIDE_OF_HWY,TOW_AWAY,COLLISION_SEVERITY,NUMBER_KILLED,NUMBER_INJURED,PARTY_COUNT,PRIMARY_COLL_FACTOR,PCF_CODE_OF_VIOL,PCF_VIOL_CATEGORY,PCF_VIOLATION,PCF_VIOL_SUBSECTION,HIT_AND_RUN,TYPE_OF_COLLISION,MVIW,PED_ACTION,ROAD_SURFACE,ROAD_COND_1,ROAD_COND_2,LIGHTING,CONTROL_DEVICE,CHP_ROAD_TYPE,PEDESTRIAN_ACCIDENT,BICYCLE_ACCIDENT,MOTORCYCLE_ACCIDENT,TRUCK_ACCIDENT,NOT_PRIVATE_PROPERTY,ALCOHOL_INVOLVED,STWD_VEHTYPE_AT_FAULT,CHP_VEHTYPE_AT_FAULT,COUNT_SEVERE_INJ,COUNT_VISIBLE_INJ,COUNT_COMPLAINT_PAIN,COUNT_PED_KILLED,COUNT_PED_INJURED,COUNT_BICYCLIST_KILLED,COUNT_BICYCLIST_INJURED,COUNT_MC_KILLED,COUNT_MC_INJURED,PRIMARY_RAMP,SECONDARY_RAMP,LATITUDE,LONGITUDE,COUNTY,CITY,POINT_X,POINT_Y
8759842,2018,2019-01-26,3711,2018-12-07,0832,6512,,5,5,7,3711,0,0,0,,0,233,"CARMEL MOUNTAIN RD","SPARREN  AV",7.00,E,N,A,-,N,,,,,,,,,,N,3,0,1,2,A,-,10,21950,A,N,G,B,B,A,H,-,A,A,0,Y,,,,Y,,A,01,0,1,0,0,1,0,0,0,0,"- ","- ",,,"SAN DIEGO","SAN DIEGO",-117.13694763183594,32.963340759277344
8759866,2018,2019-01-26,3711,2018-12-06,1025,6986,,4,5,7,3711,0,0,0,,0,833,"UNIVERSITY AV","HIGHLAND AV",0.00,,Y,B,-,N,,,,,,,,,,N,4,0,1,2,A,-,10,21950,A,N,G,B,B,B,H,-,A,A,0,Y,,,,Y,,A,01,0,0,1,0,1,0,0,0,0,"- ","- ",,,"SAN DIEGO","SAN DIEGO",-117.09873199462891,32.749610900878906
8759886,2018,2019-01-26,3711,2018-12-06,2140,8447,,4,5,7,3711,0,0,0,,0,723,"PALM AV","BEYER WAY",15.00,E,N,C,-,N,,,,,,,,,,N,4,0,1,2,A,-,17,21200,A,N,D,G,A,B,H,-,C,A,0,,Y,,,Y,,L,04,0,0,1,0,0,0,1,0,0,"- ","- ",,,"SAN DIEGO","SAN DIEGO",-117.06195831298828,32.583766937255859
8759901,2018,2019-02-08,3711,2018-12-07,1500,7569,,5,5,7,3711,0,0,0,,0,824,"46TH ST","EL CAJON BL",12.00,N,N,A,-,N,,,,,,,,,,N,4,0,1,2,A,-,"- ",,,N,G,B,B,A,H,-,A,D,0,Y,,,,Y,,-,,0,0,1,0,1,0,0,0,0,"- ","- ",,,"SAN DIEGO","SAN DIEGO",-117.09584045410156,32.755573272705078
8759906,2018,2019-01-26,3711,2018-12-06,0658,7066,,4,5,7,3711,0,0,0,,0,441,"OCEAN VIEW BL","S 46TH ST",10.00,E,N,B,C,N,,,,,,,,,,N,4,0,1,2,A,-,10,21950,A,M,G,B,B,B,H,-,B,D,0,Y,,,,Y,,-,,0,0,1,0,1,0,0,0,0,"- ","- ",,,"SAN DIEGO","SAN DIEGO",-117.09580993652344,32.700450897216797
8759948,2018,2018-12-27,3711,2018-11-22,1530,7425,,4,5,7,3711,0,0,0,,0,124,"LA JOLLA BL","PEARL ST",210.00,S,N,A,-,N,,,,,,,,,,N,3,0,1,2,A,-,21,22106,,N,G,B,E,A,H,-,A,D,0,Y,,,,Y,,A,01,0,1,0,0,1,0,0,0,0,"- ","- ",,,"SAN DIEGO","SAN DIEGO",-117.27832794189453,32.83856201171875
8762261,2018,2019-01-18,3711,2018-11-09,1949,7699,,5,5,7,3711,0,0,0,,0,712,"BEYER BL","SMYTHE CROSSING",0.00,,Y,A,-,N,,,,,,,,,,N,4,0,2,3,A,-,10,21950,,N,G,B,B,A,H,-,C,D,0,Y,,,,Y,,D,22,0,0,2,0,2,0,0,0,0,"- ","- ",,,"SAN DIEGO","SAN DIEGO",-117.05024719238281,32.559600830078125
8762281,2018,2019-01-02,3711,2018-11-16,2055,8861,,5,5,7,3711,0,0,0,,0,611,"MIDWAY DR","ROSECRANS ST",223.00,E,N,A,-,N,,,,,,,,,,Y,3,0,1,2,A,-,11,21955,,N,G,B,D,A,H,-,C,D,0,Y,,,,Y,Y,N,60,0,1,0,0,1,0,0,0,0,"- ","- ",,,"SAN DIEGO","SAN DIEGO",-117.20558166503906,32.749343872070312
8762298,2018,2019-01-02,3711,2018-11-18,2110,5672,,7,5,7,3711,0,0,0,,0,313,"CONVOY ST","CLAIREMONT MESA BL",0.00,,Y,A,-,N,,,,,,,,,,N,3,0,1,2,A,-,09,21453,B,N,D,G,A,A,H,-,C,A,0,,Y,,,Y,,-,,0,1,0,0,0,0,1,0,0,"- ","- ",,,"SAN DIEGO","SAN DIEGO",-117.15328216552734,32.832748413085938
8762387,2018,2019-01-08,3711,2018-12-13,0620,7119,,4,5,7,3711,0,0,0,,0,511,"NEWTON AV","SIGSBEE ST",6.00,S,N,A,-,N,,,,,,,,,,N,4,0,1,2,A,-,"- ",,,N,G,B,E,A,H,-,A,D,0,Y,,,,Y,,N,60,0,0,1,0,1,0,0,0,0,"- ","- ",,,"SAN DIEGO","SAN DIEGO",-117.14918518066406,32.702140808105469
8762390,2018,2019-01-23,3711,2018-12-13,1746,7833,,4,5,7,3711,0,0,0,,0,829,"EUCLID AV","EUCLID AVE 3200",17.00,E,N,A,-,N,,,,,,,,,,N,4,0,1,2,A,-,11,21954,A,N,A,B,D,A,H,-,C,D,0,Y,,,,Y,Y,-,"- ",0,0,1,0,1,0,0,0,0,"- ","- ",,,"SAN DIEGO","SAN DIEGO",,
8764065,2018,2019-01-11,3711,2018-12-07,2251,6146,,5,5,7,3711,0,0,0,,0,526,"5TH AV","CEDAR ST",15.00,N,N,B,-,N,,,,,,,,,,Y,2,0,1,2,A,-,10,21954,B,N,G,B,D,A,H,-,C,A,0,Y,,,,Y,,A,01,1,0,0,0,1,0,0,0,0,"- ","- ",,,"SAN DIEGO","SAN DIEGO",-117.16021728515625,32.722011566162109
8764496,2018,2019-01-09,3711,2018-11-19,1358,7395,NORTH,1,5,7,3711,0,0,0,,0,114,"CLAIREMONT DR","CLAIREMONT DR 4700",0.00,,Y,A,-,N,,,,,,,,,,N,3,0,1,2,A,-,10,21950,A,N,G,B,C,A,H,-,A,D,0,Y,,,,Y,,-,,0,1,0,0,1,0,0,0,0,"- ","- ",,,"SAN DIEGO","SAN DIEGO",-117.20590979000001,32.830821720000003
8765220,2018,2018-12-21,3711,2018-12-03,0826,6686,,1,5,7,3711,0,0,0,,0,821,"EL CAJON BL","73RD ST",9.50,E,N,A,-,N,,,,,,,,,,N,4,0,1,2,A,-,10,21950,A,N,G,B,B,A,H,-,A,A,0,Y,,,,Y,,A,01,0,0,1,0,1,0,0,0,0,"- ","- ",,,"SAN DIEGO","SAN DIEGO",-117.04036712646484,32.768817901611328
8768494,2018,2019-01-26,3711,2018-12-23,1429,6327,SDPD,7,5,7,3711,0,0,0,,0,937,"CARMEL COUNTRY RD","TOWNSGATE DR",106.00,S,N,A,-,N,,,,,,,,,,N,3,0,1,2,A,-,11,21955,,N,G,B,D,A,H,-,A,D,0,Y,,,,Y,,N,60,0,1,0,0,1,0,0,0,0,"- ","- ",,,"SAN DIEGO","SAN DIEGO",-117.22898864746094,32.952590942382812
8769633,2018,2019-01-29,3711,2018-12-18,0630,7864,,2,5,7,3711,0,0,0,,0,324,"NAVAJO RD","BOULDER LAKE",10.00,E,N,A,-,N,,,,,,,,,,,3,0,1,2,A,-,10,21950,A,N,G,B,B,A,H,-,A,A,0,Y,,,,Y,,A,08,0,1,0,0,1,0,0,0,0,"- ","- ",,,"SAN DIEGO","SAN DIEGO",-117.01768493652344,32.803359985351562
8769649,2018,2019-02-13,3711,2018-12-16,2343,6618,,7,5,7,3711,0,0,0,,0,713,"SIEMPRE VIVA RD","SARNEN ST",36.00,N,N,A,-,N,,,,,,,,,,N,4,0,1,1,A,-,00,21950,D,M,G,B,D,A,B,-,C,D,0,Y,,,,Y,,-,"- ",0,0,1,0,1,0,0,0,0,"- ","- ",,,"SAN DIEGO","SAN DIEGO",-116.95349884033203,32.553138732910156
8769792,2018,2019-02-07,3711,2018-12-20,1416,7855,,4,5,7,3711,0,0,0,,0,313,"CHESAPEAKE CT",FARNHAM,528.00,N,N,A,-,N,,,,,,,,,,N,3,0,1,2,A,-,"- ",,,N,G,B,D,A,H,-,A,D,0,Y,,,,Y,,A,01,0,1,0,0,1,0,0,0,0,"- ","- ",,,"SAN DIEGO","SAN DIEGO",-117.12422180175781,32.834613800048828
8771614,2018,2019-02-12,3711,2018-12-15,0855,7757,,6,5,7,3711,0,0,0,,0,627,"PARK BL","UNIVERSITY AV",0.00,,Y,A,-,N,,,,,,,,,,N,4,0,1,2,A,-,"- ",,,N,G,B,B,A,H,-,A,A,0,Y,,,,Y,,-,,0,0,1,0,1,0,0,0,0,"- ","- ",,,"SAN DIEGO","SAN DIEGO",-117.14640808105469,32.748451232910156
8771758,2018,2019-01-08,3711,2018-09-30,0144,6146,,7,5,7,3711,0,0,0,,0,122,"MISSION BL","GRAND AV",11.00,N,N,A,-,N,,,,,,,,,,N,2,0,1,2,A,-,11,21456,B,F,G,B,B,A,H,-,C,A,0,Y,,,,Y,,N,60,1,0,0,0,1,0,0,0,0,"- ","- ",,,"SAN DIEGO","SAN DIEGO",-117.25492858886719,32.79473876953125
8772499,2018,2019-03-11,3711,2018-12-21,1952,7782,,5,5,7,3711,0,0,0,,0,934,"TOWNSGATE DR","TOWNSGATE DR 3888",3.00,E,N,A,-,N,,,,,,,,,,N,3,0,1,2,A,-,10,21950,A,N,G,B,B,A,H,-,C,A,0,Y,,,,Y,,A,01,0,1,0,0,1,0,0,0,0,"- ","- ",,,"SAN DIEGO","SAN DIEGO",,
8772507,2018,2019-01-16,3711,2018-12-20,1356,7666,"SAN D",4,5,7,3711,0,0,0,,0,124,"TORREY PINES RD","PROSPECT PL",0.00,,Y,A,-,N,,,,,,,,,,N,4,0,1,2,A,-,09,21801,A,N,-,G,A,A,H,-,A,A,0,,Y,,,Y,,A,01,0,0,1,0,0,0,1,0,0,"- ","- ",,,"SAN DIEGO","SAN DIEGO",-117.26740264892578,32.847209930419922
8772511,2018,2019-01-16,3711,2018-12-27,1050,6614,,4,5,7,3711,0,0,0,,0,124,"TORERY PINES RD","CALLE DE LA PLATA",40.00,W,-,A,-,N,,,,,,,,,,N,4,0,1,2,A,-,00,22360,,N,C,G,A,A,H,-,A,D,0,,Y,,,Y,,-,,0,0,1,0,0,0,1,0,0,"- ","- ",,,"SAN DIEGO","SAN DIEGO",-117.25605010986328,32.850193023681641
8772562,2018,2019-01-18,3711,2018-12-20,1608,7226,,4,5,7,3711,0,0,0,,0,813,"30TH ST","DWIGHT ST",0.00,,Y,A,-,N,,,,,,,,,,N,3,0,1,2,A,-,06,21760,,M,B,G,A,A,H,-,A,D,0,,Y,,,Y,,A,01,0,1,0,0,0,0,1,0,0,"- ","- ",,,"SAN DIEGO","SAN DIEGO",-117.13008117675781,32.744228363037109
8772633,2018,2019-01-18,3711,2018-12-29,1156,7129,,6,5,7,3711,0,0,0,,0,434,"IMPERIAL AV","RAINBOW ST",4.00,E,N,A,-,N,,,,,,,,,,N,3,0,1,2,A,-,08,22107,,N,B,G,A,A,H,-,A,D,0,,,Y,,Y,,A,01,0,1,0,0,0,0,0,0,1,"- ","- ",,,"SAN DIEGO","SAN DIEGO",-117.04862213134766,32.712539672851562
8772895,2018,2019-01-03,3711,2018-11-18,1224,7527,,7,5,7,3711,0,0,0,,0,824,"HIGHLAND AV","EL CAJON BL",0.00,,Y,A,-,N,,,,,,,,,,N,4,0,1,2,A,-,11,21950,B,N,G,B,B,A,H,-,A,D,0,Y,,,,Y,,N,60,0,0,1,0,1,0,0,0,0,"- ","- ",,,"SAN DIEGO","SAN DIEGO",-117.09919738769531,32.755100250244141
8773350,2018,2019-01-07,3711,2018-12-13,1220,5910,504A,4,5,7,3711,0,0,0,,0,503,"HARBOR ISLAND DR","LIBERATOR WY",0.00,,Y,A,-,N,,,,,,,,,,N,4,0,1,2,A,-,12,21453,A,N,D,G,A,A,H,-,A,A,0,,Y,,,Y,,L,04,0,0,1,0,0,0,1,0,0,"- ","- ",,,"SAN DIEGO","SAN DIEGO",-117.19647979736328,32.727001190185547
8775862,2018,2019-01-28,3711,2018-12-26,1835,7192,,3,5,7,3711,0,0,0,,0,511,"NEWTON AV","S EVANS ST",100.00,W,N,A,-,N,,,,,,,,,,N,3,0,1,2,A,-,21,22106,,N,G,B,D,A,H,-,C,D,0,Y,,,,Y,,-,,0,1,0,0,1,0,0,0,0,"- ","- ",,,"SAN DIEGO","SAN DIEGO",-117.14279937744141,32.697719573974609
8775875,2018,2019-02-12,3711,2018-12-26,1740,6762,SD,3,5,7,3711,0,0,0,,0,832,"UNIVERSITY AV","UNIVERSITY AV 4100",4.00,N,N,A,-,N,,,,,,,,,,N,4,0,1,2,A,-,09,21804,A,M,D,G,A,A,H,-,C,D,0,,Y,,,Y,,-,,0,0,1,0,0,0,1,0,0,"- ","- ",,,"SAN DIEGO","SAN DIEGO",,
8775895,2018,2019-01-26,3711,2018-12-25,1942,7612,SD,2,5,7,3711,0,0,0,,0,823,"COLLEGE AV","STREAMVIEW DR",12.00,S,N,B,-,N,,,,,,,,,,N,4,0,1,2,A,-,10,21950,,M,G,B,B,B,H,-,D,A,0,Y,,,,Y,,-,99,0,0,1,0,1,0,0,0,0,"- ","- ",,,"SAN DIEGO","SAN DIEGO",-117.05876922607422,32.745510101318359
8775907,2018,2019-01-26,3711,2018-12-25,2222,8861,,2,5,7,3711,0,0,0,,0,531,"MORLEY FIELD DR","FLORIDA DR",5.00,E,N,A,-,N,,,,,,,,,,N,3,0,1,2,A,-,13,22515,A,N,G,B,E,A,H,-,C,D,0,Y,,,,Y,,A,01,0,1,0,0,1,0,0,0,0,"- ","- ",,,"SAN DIEGO","SAN DIEGO",-117.14372253417969,32.739791870117188
8778711,2018,2019-01-30,3711,2018-12-18,0800,SD6104,,2,5,7,3711,0,0,0,,0,813,"UPAS ST","30TH ST",0.00,,Y,A,-,N,,,,,,,,,,N,3,0,1,2,A,-,10,21950,A,N,G,B,B,A,H,-,A,B,0,Y,,,,Y,,A,07,0,1,0,0,1,0,0,0,0,"- ","- ",,,"SAN DIEGO","SAN DIEGO",-117.13008880615234,32.741081237792969
8778714,2018,2019-01-29,3711,2018-11-27,1250,SD6104,,2,5,7,3711,0,0,0,,0,813,"ILLINOIS ST","UNIVERSITY AV",106.00,N,N,A,-,N,,,,,,,,,,N,3,0,1,2,A,-,08,22108,,N,G,B,E,A,H,-,A,D,0,Y,,,,Y,Y,A,07,0,1,0,0,1,0,0,0,0,"- ","- ",,,"SAN DIEGO","SAN DIEGO",-117.12773132324219,32.748779296875
8778719,2018,2019-01-30,3711,2018-12-26,1008,5654,,3,5,7,3711,0,0,0,,0,627,"WEST WASHINGTON ST","FRONT ST",126.00,W,N,-,-,N,,,,,,,,,,N,3,0,1,2,A,-,08,22107,,N,D,G,A,-,H,-,A,D,0,,Y,,,Y,,A,07,0,1,0,0,0,0,1,0,0,"- ","- ",,,"SAN DIEGO","SAN DIEGO",-117.1654052734375,32.749828338623047
8778927,2018,2019-02-01,3711,2018-12-30,0233,6146,,7,5,7,3711,0,0,0,,0,627,"UNIVERSITY AV","RICHMOND ST",5.00,W,N,A,-,N,,,,,,,,,,N,2,0,1,2,A,-,10,21950,A,F,G,B,B,A,H,-,C,A,0,Y,,,,Y,Y,-,99,1,0,0,0,1,0,0,0,0,"- ","- ",,,"SAN DIEGO","SAN DIEGO",-117.15125274658203,32.748558044433594
8780066,2018,2019-02-15,3711,2018-11-25,2302,6967,,7,5,7,3711,0,0,0,,0,313,"CLAIREMONT MESA BL","RT 163",341.00,W,N,A,-,N,,,,,,,,,,N,2,0,1,2,A,-,17,21209,A,N,C,G,A,A,H,-,C,D,0,,Y,,,Y,,A,01,1,0,0,0,0,0,1,0,0,"- ",NO,,,"SAN DIEGO","SAN DIEGO",-117.14176177978516,32.831638336181641
8787662,2018,2019-01-28,3711,2018-12-19,0750,SD5498,,3,5,7,3711,0,0,0,,0,512,"OCEANVIEW BL","31ST ST",0.00,,Y,A,-,N,,,,,,,,,,N,4,0,1,2,A,-,10,21950,A,N,G,B,B,A,H,-,A,A,0,Y,,,,Y,,A,01,0,0,1,0,1,0,0,0,0,"- ","- ",,,"SAN DIEGO","SAN DIEGO",-117.12734222412109,32.701190948486328
8788572,2018,2019-01-26,3711,2018-12-29,1921,SD6366,,6,5,7,3711,0,0,0,,0,529,"ELM AV","5TH AV",6.00,W,N,A,-,N,,,,,,,,,,N,3,0,1,2,A,-,17,21451,A,N,G,B,B,A,H,-,C,A,0,Y,,,,Y,,A,01,0,1,0,0,1,0,0,0,0,"- ","- ",,,"SAN DIEGO","SAN DIEGO",-117.16026306152344,32.724090576171875
8796706,2018,2019-03-05,3711,2018-12-30,1210,6949,,7,5,7,3711,0,0,0,,0,541,"L ST","TONY GWYNN DR",9.00,W,N,A,-,N,,,,,,,,,,N,3,0,1,2,A,-,10,21950,A,N,G,B,B,A,H,-,A,D,0,Y,,,,Y,,-,,0,1,0,0,1,0,0,0,0,"- ","- ",,,"SAN DIEGO","SAN DIEGO",-117.15828704833984,32.707290649414062
8807392,2018,2019-04-02,3711,2018-11-17,1158,7667,,6,5,7,3711,0,0,0,,0,124,"COAST BL","COAST WALK TRL",5280.00,N,N,A,-,N,,,,,,,,,,N,4,0,2,3,A,-,21,22106,,N,G,B,F,A,H,-,A,D,0,Y,,,,Y,,A,07,0,0,2,0,2,0,0,0,0,"- ","- ",,,"SAN DIEGO","SAN DIEGO",,
90060149,2015,2015-11-25,9645,2015-10-15,2220,015046,,4,3,7,3711,0,1,1,,2,015,"I-805 NORTHBOUND","NOBEL DRIVE",1584.00,S,N,A,-,Y,,,805,,,,,,N,Y,4,0,1,2,A,-,01,23152,A,F,G,B,E,A,H,-,D,D,0,Y,,,,Y,Y,A,01,0,0,1,0,1,0,0,0,0,"- ","- ",32.867049999999999,-117.19206,"SAN DIEGO","SAN DIEGO",-117.19212704,32.866985870000001
90069190,2015,2016-02-29,9645,2015-10-23,2239,020867,,5,3,7,3711,0,1,1,,2,009,"I-805 S/B","IMPERIAL AVE.",45.00,S,N,A,-,Y,,,805,,,,,,S,Y,2,0,1,3,A,-,11,21954,A,N,G,B,E,A,H,-,C,D,0,Y,,,,Y,,N,60,1,0,0,0,1,0,0,0,0,"- ","- ",32.703940000000003,-117.0951,"SAN DIEGO","SAN DIEGO",-117.09511079000001,32.703939200000001
90104802,2016,2016-01-28,9645,2016-01-22,2111,018871,,5,2,7,3711,0,1,3,,2,023,"SR-163 N/B TO FRIARS ROAD",SR-163,150.00,E,N,A,-,Y,,,163,,,,R,,N,N,2,0,1,2,A,-,11,21954,A,F,G,B,D,A,H,-,C,A,0,Y,,,,Y,Y,N,60,1,0,0,0,1,0,0,0,0,"- ","- ",32.771700000000003,-117.16,"SAN DIEGO","SAN DIEGO",-117.16,32.771700000000003
90109007,2016,2016-02-04,9645,2016-01-16,0445,019410,,6,3,7,3711,0,1,1,,2,021,"SR-15 N/B","I-805 O/C",1100.00,S,N,B,-,Y,,,15,,,,,,N,N,3,0,1,2,A,-,11,21954,A,N,G,B,E,B,H,-,C,D,0,Y,,,,Y,Y,N,60,0,1,0,0,1,0,0,0,0,"- ","- ",32.729649999999999,-117.1116,"SAN DIEGO","SAN DIEGO",-117.11160696,32.729650589999999
90116604,2016,2016-02-17,9645,2016-01-29,2322,019712,,5,3,7,3711,0,1,3,,2,023,"SR-163 N/B","I-8 O/C",1271.00,S,N,A,-,Y,,,163,,,,,,N,N,4,0,1,2,A,-,11,21954,A,N,G,B,E,A,H,-,D,D,0,Y,,,,Y,,N,60,0,0,1,0,1,0,0,0,0,"- ","- ",32.759650000000001,-117.16221,"SAN DIEGO","SAN DIEGO",-117.16224346,32.759617040000002
90124608,2016,2016-02-26,9645,2016-02-24,1310,013393,,3,1,7,3711,0,1,1,,2,007,"I-5 N/B TO GENESEE AVE","GENESEE AVE",100.00,S,N,A,-,Y,,,,,,,,,,N,4,0,1,2,A,-,03,22350,,F,G,B,E,A,D,-,A,A,0,Y,,,,Y,,A,07,0,0,1,0,1,0,0,0,0,"- ","- ",32.531100000000002,-117.1337,"SAN DIEGO","SAN DIEGO",-117.22757776,32.886967040000002
90127624,2015,2016-03-02,9645,2015-12-03,2157,020857,,4,2,7,3711,0,1,1,,2,003,"I-5 S/B TO SR-94 E/B","22ND STREET OVER-CROSSING (O/C)",585.00,W,N,A,-,Y,,,5,,,,R,,S,Y,1,2,0,3,A,-,11,21954,A,N,G,B,E,A,H,-,E,D,0,Y,,Y,,Y,Y,N,60,0,0,0,1,0,0,0,1,0,"- ","- ",32.713450000000002,-117.1465,"SAN DIEGO","SAN DIEGO",-117.1465,32.713450000000002
90132056,2016,2016-03-08,9645,2016-01-07,2232,018987,,4,3,7,3711,0,1,1,,2,005,"I-5 NORTHBOUND","OLD TOWN AVE O/C",948.00,N,N,A,-,Y,,,5,,,,,,N,Y,1,1,0,2,A,-,11,21954,A,N,G,B,E,B,H,-,D,D,0,Y,,,,Y,,N,60,0,0,0,1,0,0,0,0,0,"- ","- ",32.749890000000001,-117.19595,"SAN DIEGO","SAN DIEGO",-117.19592876,32.749910700000001
90134976,2015,2016-03-24,9645,2015-12-24,2130,020737,,4,2,7,3711,0,1,3,,2,023,"STATE ROUTE 163 SOUTHBOUND","INTERSTATE 8",1658.00,S,N,B,-,Y,,,163,,,,,,S,Y,1,1,0,2,A,-,11,21954,A,N,G,B,E,B,H,-,D,D,0,Y,,,,Y,,N,60,0,0,0,1,0,0,0,0,0,"- ","- ",32.758290000000002,-117.16092,"SAN DIEGO","SAN DIEGO",-117.16097668,32.758225940000003
90167208,2016,2016-04-27,9645,2016-04-12,0747,016409,,2,1,7,3711,1,4,S,,2,901,"TROJAN AVENUE","54TH STREET",0.00,,Y,A,-,N,,,,,,,,,,N,3,0,1,2,A,-,10,21950,A,N,G,B,B,A,H,-,A,A,0,Y,,,,Y,,H,13,0,1,0,0,1,0,0,0,0,"- ","- ",32.754809999999999,-117.07955,"SAN DIEGO","SAN DIEGO",-117.07940003,32.754870060000002
90171413,2016,2016-05-03,9645,2016-04-23,2119,017678,,6,2,7,3711,0,1,3,,2,031,"SR-125 N/B","OLYMPIC PKWY. U/C",500.00,N,N,A,-,Y,,,,,,,,,,N,3,0,1,2,A,-,11,21954,A,N,B,B,E,A,H,-,C,D,0,Y,,,,Y,,N,60,0,1,0,0,1,0,0,0,0,"- ","- ",32.63579,-117.97104,"SAN DIEGO","SAN DIEGO",-116.9711688,32.633318889999998
90196863,2016,2016-06-08,9645,2016-05-29,2032,020301,,7,2,7,3711,0,1,3,,2,006,"SR-94 W/B TO I-5 N/B",BROADWAY,30.00,W,N,A,-,Y,,,94,,,,R,,W,N,2,0,1,3,A,-,11,21954,A,N,G,B,D,A,H,-,C,D,0,Y,,,,Y,Y,N,60,1,0,0,0,1,0,0,0,0,"- ","- ",32.715969999999999,-117.14737,"SAN DIEGO","SAN DIEGO",-117.14737,32.715969999999999
90200902,2016,2016-06-14,9645,2016-05-30,1610,017524,,1,2,7,3711,0,1,1,,2,021,"SR-15 N/B","WIGHTMAN ST. O/C",145.00,S,N,A,-,Y,,,15,,,,,,N,N,2,0,1,2,A,-,11,21954,A,N,G,B,E,A,H,-,A,D,0,Y,,,,Y,Y,N,60,1,0,0,0,1,0,0,0,0,"- ","- ",32.746940000000002,-117.10862,"SAN DIEGO","SAN DIEGO",-117.1085937,32.746936820000002
90263460,2016,2016-09-08,9645,2016-07-24,0340,020401,,7,3,7,3711,0,1,3,,2,006,"SR-94 E/B","HOME AVE",500.00,E,N,B,-,Y,,,94,,,,,,E,N,3,0,1,2,A,-,08,22107,,F,G,B,E,A,H,-,C,D,0,Y,,,,Y,Y,-,99,0,1,0,0,1,0,0,0,0,"- ","- ",32.718110000000003,-117.10938,"SAN DIEGO","SAN DIEGO",-117.10938005,32.718103730000003
90292277,2016,2016-10-14,9645,2016-08-10,2130,017667,,3,2,7,3711,0,1,3,,2,006,"SR-94 E/B",SR-15,500.00,W,N,A,-,Y,,,94,,,,,,E,N,4,0,1,2,A,-,11,21950,B,N,G,B,E,A,H,-,C,D,0,Y,,,,Y,,N,60,0,0,1,0,1,0,0,0,0,"- ","- ",32.716000000000001,-117.12009999999999,"SAN DIEGO","SAN DIEGO",-117.12010433,32.716020960000002
90309009,2016,2016-11-01,9645,2016-10-02,0135,020500,,7,3,7,3711,0,1,1,,2,003,"I-5 S/B TO SASSAFRAS STREET","WASHINGTON STREET U/C",385.00,S,N,A,-,Y,,,5,,,,R,,S,N,1,1,0,2,A,-,11,21954,A,N,G,B,E,A,H,-,C,A,0,Y,,,,Y,,N,60,0,0,0,1,0,0,0,0,0,"- ","- ",32.741579999999999,-117.18165999999999,"SAN DIEGO","SAN DIEGO",-117.18165999999999,32.741579999999999
90321741,2016,2016-11-17,9645,2016-10-20,1855,017953,,4,2,7,3711,0,1,3,,2,023,"SR-163 N/B TO WASHINGTON AVENUE E/B","VERMONT STREET BRIDGE",155.00,S,N,A,-,Y,,,163,,,,R,,N,N,2,0,1,2,A,-,11,21954,A,N,G,B,D,A,H,-,C,D,0,Y,,,,Y,,N,60,1,0,0,0,1,0,0,0,0,"- ","- ",32.75047,-117.15406,"SAN DIEGO","SAN DIEGO",-117.15406,32.75047
90375631,2017,2017-01-24,9645,2017-01-12,2035,020541,,4,2,7,3711,0,1,1,,2,001,"I-5 S/B TO 8TH ST","E. 8TH ST",115.00,S,N,B,-,Y,,,,,,,,,,N,3,0,1,2,A,-,11,21954,A,N,G,B,E,A,H,-,C,D,0,Y,,,,Y,,N,60,0,1,0,0,1,0,0,0,0,"- ","- ",32.673949999999998,-117.11105000000001,"SAN DIEGO","SAN DIEGO",-117.20406623,32.759339599999997
90378780,2017,2017-01-26,9645,2017-01-14,2359,17723,,6,3,7,3711,0,3,5,,2,111,"720 E. SAN YSIDRO BLVD.",I-5,85.00,E,N,A,-,N,,,,,,,,,,N,4,0,1,2,A,-,01,23152,A,N,G,B,F,A,H,-,C,A,0,Y,,,,Y,Y,A,01,0,0,1,0,1,0,0,0,0,"- ","- ",32.543199999999999,-117.0304,"SAN DIEGO","SAN DIEGO",-117.03026174999999,32.543115649999997