CASE_ID,ACCIDENT_YEAR,PROC_DATE,JURIS,COLLISION_DATE,COLLISION_TIME,OFFICER_ID,REPORTING_DISTRICT,DAY_OF_WEEK,CHP_SHIFT,POPULATION,CNTY_CITY_LOC,SPECIAL_COND,BEAT_TYPE,CHP_BEAT_TYPE,CITY_DIVISION_LAPD,CHP_BEAT_CLASS,BEAT_NUMBER,PRIMARY_RD,SECONDARY_RD,DISTANCE,DIRECTION,INTERSECTION,WEATHER_1,WEATHER_2,STATE_HWY_IND,CALTRANS_COUNTY,CALTRANS_DISTRICT,STATE_ROUTE,ROUTE_SUFFIX,POSTMILE_PREFIX,POSTMILE,LOCATION_TYPE,RAMP_INTERSECTION,SIDE_OF_HWY,TOW_AWAY,COLLISION_SEVERITY,NUMBER_KILLED,NUMBER_INJURED,PARTY_COUNT,PRIMARY_COLL_FACTOR,PCF_CODE_OF_VIOL,PCF_VIOL_CATEGORY,PCF_VIOLATION,PCF_VIOL_SUBSECTION,HIT_AND_RUN,TYPE_OF_COLLISION,MVIW,PED_ACTION,ROAD_SURFACE,ROAD_COND_1,ROAD_COND_2,LIGHTING,CONTROL_DEVICE,CHP_ROAD_TYPE,PEDESTRIAN_ACCIDENT,BICYCLE_ACCIDENT,MOTORCYCLE_ACCIDENT,TRUCK_ACCIDENT,NOT_PRIVATE_PROPERTY,ALCOHOL_INVOLVED,STWD_VEHTYPE_AT_FAULT,CHP_VEHTYPE_AT_FAULT,COUNT_SEVERE_INJ,COUNT_VISIBLE_INJ,COUNT_COMPLAINT_PAIN,COUNT_PED_KILLED,COUNT_PED_INJURED,COUNT_BICYCLIST_KILLED,COUNT_BICYCLIST_INJURED,COUNT_MC_KILLED,COUNT_MC_INJURED,PRIMARY_RAMP,SECONDARY_RAMP,LATITUDE,LONGITUDE,COUNTY,CITY,POINT_X,POINT_Y
90383518,2016,2017-02-01,9645,2016-12-10,2315,020480,,6,3,7,3711,0,1,1,,2,027,"I-15 N/B TO FRIARS ROAD E/B.","SAN DIEGO MISSION RD O/C",57.00,S,N,B,-,Y,,,15,,,,R,,N,Y,1,1,1,2,A,-,11,21954,A,N,G,B,E,A,H,-,C,D,0,Y,,,,Y,Y,N,60,0,1,0,1,0,0,0,0,0,"- ","- ",32.786790000000003,-117.11448,"SAN DIEGO","SAN DIEGO",-117.11448,32.786790000000003
90383772,2016,2017-02-01,9645,2016-12-22,0550,016864,,4,3,7,3711,0,1,3,,2,002,"SR-905 E/B","BRITTANIA BLVD OVER-CROSSING",1575.00,E,N,B,C,Y,,,905,,,,,,E,N,1,1,0,2,A,-,11,21954,A,F,G,B,E,B,H,-,D,D,0,Y,,,,Y,,N,60,0,0,0,1,0,0,0,0,0,"- ","- ",32.563969999999998,-116.97490000000001,"SAN DIEGO","SAN DIEGO",-116.97489905,32.564104280000002
90390463,2016,2017-02-10,9645,2016-10-09,0319,020737,,7,3,7,3711,0,1,1,,2,010,"INTERSTATE 8 (I-8) WESTBOUND","COLLEGE AVENUE O/C",1056.00,E,N,A,-,Y,,,8,,,,,,W,N,1,1,0,2,A,-,11,21954,A,F,G,B,E,A,H,-,D,D,0,Y,,,,Y,Y,N,60,0,0,0,1,0,0,0,0,0,"- ","- ",32.779260000000001,-117.06297000000001,"SAN DIEGO","SAN DIEGO",-117.06296041,32.779303669999997
90395573,2016,2017-02-17,9645,2016-10-30,2145,020857,,7,2,7,3711,0,1,1,,2,010,"I-8 WESTBOUND","MISSION CENTER RD O/C",1584.00,E,N,A,-,Y,,,8,,,,,,W,Y,1,1,0,2,A,-,11,21954,A,N,G,B,E,A,H,-,D,D,0,Y,,,,Y,,N,60,0,0,0,1,0,0,0,0,0,"- ","- ",32.766800000000003,-117.1485,"SAN DIEGO","SAN DIEGO",-117.14849528000001,32.766780969999999
90405741,2017,2017-03-06,9645,2017-03-03,1957,020066,,5,2,7,3711,0,1,1,,2,010,"I-8 W/B","TEXAS ST O/C",550.00,W,N,A,-,Y,,,8,,,,,,W,N,2,0,1,2,A,-,11,21954,A,N,B,B,D,A,H,-,D,D,0,Y,,,,Y,,N,60,1,0,0,0,1,0,0,0,0,"- ","- ",32.768070000000002,-117.14493,"SAN DIEGO","SAN DIEGO",-117.1449353,32.768081690000002
90499794,2017,2017-07-13,9645,2017-07-10,1735,017667,,1,2,7,3711,0,1,3,,2,023,"I-805 S/B FROM SR-163 S/B","SR-163 S/B",60.00,W,N,A,-,Y,,,805,,,,R,,S,Y,4,0,1,2,A,-,08,22107,,N,B,B,A,A,H,-,A,D,0,,,Y,,Y,,C,02,0,0,1,0,0,0,0,0,1,"- ","- ",32.806930000000001,-117.15241,"SAN DIEGO","SAN DIEGO",-117.15241,32.806930000000001
90533740,2017,2017-08-25,9645,2017-08-10,2140,020737,,4,2,7,3711,0,1,3,,2,023,"SR-163 N/B",I-8,1530.00,S,N,A,-,Y,,,163,,,,,,N,N,2,0,1,2,A,-,11,21954,A,N,G,B,E,A,H,-,D,D,0,Y,,,,Y,,N,60,1,0,0,0,1,0,0,0,0,"- ","- ",32.758710000000001,-117.16105,"SAN DIEGO","SAN DIEGO",-117.16113673,32.758611930000001
90603919,2017,2017-11-28,9645,2017-09-24,0205,021097,,7,3,7,3711,0,1,3,,2,020,"STATE ROUTE 56 EASTBOUND","CARMEL VALLEY ROAD",3271.00,W,N,A,-,Y,,,56,,,,,,E,N,1,1,0,2,A,-,11,21954,A,N,G,B,E,A,H,-,D,D,0,Y,,,,Y,,N,60,0,0,0,1,0,0,0,0,0,"- ","- ",32.948329999999999,-117.20412,"SAN DIEGO","SAN DIEGO",-117.20411724,32.948325599999997
90616888,2017,2017-12-13,9645,2017-10-14,0531,017473,,6,3,7,3711,0,1,3,,2,023,"SR-163 S/B","ROBINSON AVE.",1113.00,S,N,A,-,Y,,,163,,,,,,S,N,1,1,0,4,A,-,11,21954,A,N,G,B,E,A,H,-,D,D,0,Y,,,Y,Y,Y,N,60,0,0,0,1,0,0,0,0,0,"- ","- ",32.741990000000001,-117.15655,"SAN DIEGO","SAN DIEGO",-117.15659290000001,32.741992009999997
90626463,2017,2017-12-26,9645,2017-11-08,1905,017480,,3,2,7,3711,0,1,3,,2,023,"STATE ROUTE 163 SOUTHBOUND","SR-163 S/B TO I-5 S/B",27.00,N,N,B,-,Y,,,163,,,,,,S,Y,1,1,0,2,A,-,11,21954,A,N,G,B,E,A,H,-,C,D,0,Y,,,,Y,,N,60,0,0,0,1,0,0,0,0,0,"- ","- ",32.724539999999998,-117.15586,"SAN DIEGO","SAN DIEGO",-117.15570710999999,32.72458649
90628569,2017,2017-12-28,9645,2017-12-01,2204,019712,,5,3,7,3711,0,1,1,,2,017,"I-15 N/B","MIRAMAR RD.",189.00,S,N,A,-,Y,,,15,,,,,,N,Y,1,1,1,2,A,-,11,21954,A,N,G,B,E,A,H,-,D,D,0,Y,,,,Y,,N,60,0,1,0,1,0,0,0,0,0,"- ","- ",32.89293,-117.1148,"SAN DIEGO","SAN DIEGO",-117.11479208,32.892933659999997
90641468,2017,2018-01-31,9645,2017-12-15,0010,019577,,5,3,7,3711,0,1,1,,2,010,"I-8 W/B","PRESIDIO PARK O/C",1200.00,E,N,A,-,Y,,,,,,,,,,N,1,1,0,2,A,-,11,21954,A,N,G,B,E,A,H,-,D,D,0,Y,,,,Y,Y,N,60,0,0,0,1,0,0,0,0,0,"- ","- ",,,"SAN DIEGO","SAN DIEGO",,
90689738,2018,2018-03-26,9645,2018-02-24,0243,020737,,6,3,7,3711,0,1,1,,2,005,"INTERSTATE 5 SOUTHBOUND","OLD TOWN AVENUE",371.00,N,N,A,-,Y,,,5,,,,,,S,Y,1,1,0,2,A,-,11,21954,A,F,G,B,E,A,H,-,C,D,0,Y,,,,Y,,N,60,0,0,0,1,0,0,0,0,0,"- ","- ",32.748050689697266,-117.19413757324219,"SAN DIEGO","SAN DIEGO",-117.19416046142578,32.748020172119141
90749949,2018,2018-06-18,9645,2018-04-30,2310,019867,,1,3,7,3711,0,1,3,,2,006,"SR-94 W/B","25TH ST",724.00,E,N,B,-,Y,,,94,,,,,,W,N,1,1,0,2,A,-,11,21954,A,F,G,B,E,B,H,-,C,D,0,Y,,,,Y,Y,N,60,0,0,0,1,0,0,0,0,0,"- ","- ",32.713340759277344,-117.13784027099609,"SAN DIEGO","SAN DIEGO",-117.13784027099609,32.713283538818359
90762870,2018,2018-07-05,9645,2018-05-01,0433,013784,,2,3,7,3711,0,1,1,,2,013,"I-805 NORTHBOUND TO KEARNY VILLA ROAD","KEARNY VILLA ROAD",1375.00,S,N,B,-,Y,,,805,,,,R,,N,Y,1,1,0,2,A,-,11,21954,A,N,G,B,E,A,H,-,D,D,0,Y,,,,Y,,N,60,0,0,0,1,0,0,0,0,0,"- ","- ",32.80010986328125,-117.14943695068359,"SAN DIEGO","SAN DIEGO",-117.14943695068359,32.80010986328125
90766517,2018,2018-07-10,9645,2018-06-27,2040,016864,,3,2,7,3711,0,1,1,,2,015,"I-805 N/B FROM W/B CLAIREMONT MESA BLVD","CLAIREMONT MESA BLVD",35.00,N,N,A,-,Y,,,,,,,,,,N,3,0,1,2,A,-,09,21802,A,N,D,G,A,A,H,-,C,A,0,,Y,,,Y,,L,04,0,1,0,0,0,0,1,0,0,"- ","- ",32.832901000976562,-117.16577911376953,"SAN DIEGO","SAN DIEGO",-117.16938018798828,32.833477020263672
90792232,2018,2018-08-16,9645,2018-06-16,1935,018950,,6,2,7,3711,0,3,5,,2,024,"CAMINO SAN BERNARDO W/B","4S RANCH PKWY",200.00,W,N,A,-,N,,,,,,,,,,N,3,0,1,2,D,-,00,,,F,G,B,A,A,H,-,D,D,0,,,,,Y,Y,-,"- ",0,1,0,0,0,0,0,0,0,"- ","- ",33.009708404541016,-117.11593627929688,"SAN DIEGO","SAN DIEGO",-117.11622619628906,33.009601593017578
90807687,2018,2018-09-07,9645,2018-08-14,1300,019445,,2,1,7,3711,0,1,A,,2,761,"4375 DERRICK DR (PARKING LOT)","BALBOA ARMS DR",100.00,S,N,A,-,N,,,,,,,,,,N,4,0,1,2,B,-,22,,,F,G,B,F,A,H,-,A,D,0,Y,,,,Y,,-,99,0,0,1,0,1,0,0,0,0,"- ","- ",32.823619842529297,-117.18267822265625,"SAN DIEGO","SAN DIEGO",-117.18314361572266,32.823749542236328
90811571,2018,2018-09-12,9645,2018-09-06,1110,014669,,4,1,7,3711,0,3,5,,2,024,"DOVE CANYON ROAD S/B (16100 BLOCK)","BERNARDO CENTER DRIVE",75.00,N,N,A,-,N,,,,,,,,,,N,3,0,1,2,A,-,03,22350,,N,C,G,A,A,H,-,A,A,0,,Y,,,Y,,L,04,0,1,0,0,0,0,1,0,0,"- ","- ",33.002300262451172,-117.10621643066406,"SAN DIEGO","SAN DIEGO",-117.10611724853516,33.002155303955078
90812379,2018,2018-09-13,9645,2018-09-01,1057,016409,,6,1,7,3711,0,1,1,,2,003,"I-5 S/B TO SR-163 N/B",I-5,1584.00,N,N,A,-,Y,,,,,,,,,,Y,3,0,1,2,A,-,08,22107,,N,H,G,A,A,H,-,A,D,0,,Y,,,Y,,L,04,0,1,0,0,0,0,1,0,0,"- ","- ",32.727901458740234,-117.15545654296875,"SAN DIEGO","SAN DIEGO",,
90822622,2018,2018-09-27,9645,2018-09-18,0645,015331,,2,1,7,3711,0,1,3,,2,023,"SR-163 N/B","RUSS BLVD",150.00,N,N,B,-,N,,,163,,,,,,N,N,3,0,1,2,A,-,11,21954,A,F,G,B,D,A,H,-,A,D,0,Y,,,,Y,,N,60,0,1,0,0,1,0,0,0,0,"- ","- ",32.719600677490234,-117.15470123291016,"SAN DIEGO","SAN DIEGO",-117.15474700927734,32.719600677490234
90827269,2018,2018-10-03,9645,2018-04-17,2110,017529,,2,2,7,3711,0,1,3,,2,006,"SR-94 WESTBOUND (SR-94)","25TH STREET",1584.00,E,N,A,-,Y,,,94,,,,,,W,Y,1,1,0,2,A,-,11,21954,A,N,G,B,E,A,H,-,D,D,0,Y,,,,Y,,N,60,0,0,0,1,0,0,0,0,0,"- ","- ",32.713321685791016,-117.1361083984375,"SAN DIEGO","SAN DIEGO",-117.1361083984375,32.713302612304688
90847513,2018,2018-10-29,9645,2018-10-19,0615,017139,,5,1,7,3711,0,1,1,,2,009,"I-805 S/B FROM IMPERIAL AVE","IMPERIAL AVE",3.00,S,N,A,-,Y,,,805,,,,R,,S,N,3,0,1,2,A,-,10,21950,A,N,G,B,B,A,H,-,C,A,0,Y,,,,Y,,A,07,0,1,0,0,1,0,0,0,0,"- ","- ",32.704109191894531,-117.09597778320312,"SAN DIEGO","SAN DIEGO",-117.09597778320312,32.704109191894531
90848058,2018,2018-10-29,9645,2018-10-17,1540,017104,,3,2,7,3711,0,1,1,,2,019,"I-15 N/B TO CARMEL MOUNTAIN ROAD","CARMEL MOUNTAIN ROAD",5.00,S,N,A,-,Y,,,,,,,,,,N,4,0,1,2,A,-,10,21950,A,N,G,B,B,A,H,-,A,A,0,Y,,,,Y,,A,01,0,0,1,0,1,0,0,0,0,"- ","- ",32.584300994873047,-117.05069732666016,"SAN DIEGO","SAN DIEGO",-117.08607482910156,32.978916168212891
90884134,2018,2018-12-17,9645,2018-11-30,0138,019712,,5,3,7,3711,0,1,1,,2,003,"I-5 S/B",SR-94,30.00,N,N,B,C,Y,,,5,,,,,,S,N,2,0,1,2,A,-,11,21954,A,F,G,B,D,B,H,-,D,D,0,Y,,,,Y,Y,N,60,1,0,0,0,1,0,0,0,0,"- ","- ",32.712779998779297,-117.14778900146484,"SAN DIEGO","SAN DIEGO",-117.14775848388672,32.712779998779297
90899652,2018,2019-01-08,9645,2018-12-27,1240,015331,,4,1,7,3711,0,1,3,,2,023,"SR-163 SOUTHBOUND","EL PRADO",425.00,S,N,A,-,Y,,,163,,,,,,S,N,2,0,1,2,A,-,07,21658,A,N,B,G,A,A,H,-,A,D,0,,Y,,,Y,,L,04,1,0,0,0,0,0,1,0,0,"- ","- ",32.730228424072266,-117.15483093261719,"SAN DIEGO","SAN DIEGO",-117.15480041503906,32.730224609375
90903642,2018,2019-03-28,9645,2018-05-12,0130,020992,,6,3,7,3711,0,1,1,,2,015,"I-805 S/B",SR-52,800.00,S,N,B,-,Y,,,805,,,,,,S,Y,1,1,0,3,A,-,10,21954,,N,G,B,E,A,H,-,C,D,0,Y,,,,Y,Y,N,60,0,0,0,1,0,0,0,0,0,"- ","- ",32.845100402832031,-117.17684936523438,"SAN DIEGO","SAN DIEGO",-117.17681121826172,32.845123291015625
5403085,2012,2012-02-09,3711,2012-01-03,1938,4656,SANDI,2,5,7,3711,0,0,0,,0,712,"CAMINO DE LA PLAZA","EAST SAN YSIDRO BL",742.00,W,N,A,-,Y,SD,11,5,-,R,0.394,R,4,S,N,1,1,1,3,A,-,11,21950,B,N,G,B,D,A,H,-,C,D,0,Y,,,,Y,,N,60,1,0,0,1,1,0,0,0,0,"- ","- ",,,"SAN DIEGO","SAN DIEGO",-117.03392036,32.545075990000001
5403134,2012,2012-02-09,3711,2012-01-17,0746,3661,"SAN D",2,5,7,3711,0,0,0,,0,115,"SHORELINE DR","TOSCANA DR",0.00,,Y,-,-,N,,,,,,,,,,N,1,1,0,2,A,-,03,22350,,N,G,B,B,A,H,-,A,D,0,Y,,,,Y,,A,01,0,0,0,1,0,0,0,0,0,"- ","- ",,,"SAN DIEGO","SAN DIEGO",-117.20198198999999,32.865834839999998
5403265,2012,2014-04-07,3711,2012-02-07,1958,5600,,2,5,7,3711,0,0,0,,0,115,"LA JOLLA VILLAGE DR","EXECUTIVE WY",41.80,E,N,B,-,N,,,,,,,,,,Y,1,1,0,2,A,-,11,21954,A,N,G,B,D,B,H,-,C,A,0,Y,,,,Y,,N,60,0,0,0,1,0,0,0,0,0,"- ","- ",,,"SAN DIEGO","SAN DIEGO",-117.20956119,32.873827460000001
5403355,2012,2012-03-07,3711,2012-02-25,2125,4308,,6,5,7,3711,0,0,0,,0,628,"REYNARD WY","WEST REDWOOD ST",0.00,,Y,B,-,N,,,,,,,,,,Y,1,1,0,2,A,-,10,21950,A,N,A,B,B,A,H,-,E,D,0,Y,,,,Y,,A,01,0,0,0,1,0,0,0,0,0,"- ","- ",,,"SAN DIEGO","SAN DIEGO",-117.16991203000001,32.73761477
5448260,2012,2013-06-20,3711,2012-01-01,1810,4864,,7,5,7,3711,0,0,0,,0,243,"BLACK MOUNTAIN RD","ACTIVITY RD",0.00,,Y,A,-,N,,,,,,,,,,N,4,0,1,2,A,-,10,21950,A,N,G,B,B,A,H,-,C,A,0,Y,,,,Y,,I,10,0,0,1,0,1,0,0,0,0,"- ","- ",,,"SAN DIEGO","SAN DIEGO",-117.12337198,32.897024889999997
5449347,2012,2013-06-07,3711,2012-01-20,1630,5585,,5,5,7,3711,0,0,0,,0,611,GREENWOOD,"KURTZ ST",0.00,,Y,A,-,N,,,,,,,,,,N,4,0,1,2,A,-,11,21950,B,N,G,B,E,A,H,-,A,A,0,Y,,,,Y,,N,60,0,0,1,0,1,0,0,0,0,"- ","- ",,,"SAN DIEGO","SAN DIEGO",-117.20670195,32.753974839999998
5456086,2012,2013-06-24,3711,2012-01-11,1314,6261,,3,5,7,3711,0,0,0,,0,531,"MORLEY FIELD DR",FLORIDA,2.00,S,N,A,-,N,,,,,,,,,,N,3,0,1,2,A,-,12,22450,A,N,G,G,A,A,H,-,A,A,0,,Y,,,Y,,L,04,0,1,0,0,0,0,1,0,0,"- ","- ",,,"SAN DIEGO","SAN DIEGO",-117.14373995,32.739790040000003
5456157,2012,2013-06-24,3711,2012-01-19,2205,5926,,4,5,7,3711,0,0,0,,0,524,"11TH ST",BROADWAY,5.00,N,N,A,-,N,,,,,,,,,,N,4,0,1,2,A,-,10,21950,A,M,G,B,B,A,H,-,C,A,0,Y,,,,Y,,A,01,0,0,1,0,1,0,0,0,0,"- ","- ",,,"SAN DIEGO","SAN DIEGO",-117.1547119,32.715728460000001
5457209,2012,2013-06-13,3711,2012-01-03,0922,HILTON,SD,2,5,7,3711,0,0,0,,0,124,"VILLA LA JOLLA DR","VILLA LA JOLLA DR 8800",10.00,E,N,A,-,N,,,,,,,,,,N,4,0,1,2,A,-,09,21801,A,N,H,G,A,A,G,-,A,A,0,,Y,,,Y,,A,01,0,0,1,0,0,0,1,0,0,"- ","- ",,,"SAN DIEGO","SAN DIEGO",,
5457237,2012,2013-06-13,3711,2012-01-22,1534,6139,,7,5,7,3711,0,0,0,,0,124,"EL PASEO GRANDE","CAMINO DEL ORO",330.00,N,N,A,-,N,,,,,,,,,,N,3,0,1,2,A,-,11,21954,A,N,G,B,D,A,H,-,A,D,0,Y,,,,Y,,N,60,0,1,0,0,1,0,0,0,0,"- ","- ",,,"SAN DIEGO","SAN DIEGO",-117.25533492,32.859537899999999
5457244,2012,2013-06-10,3711,2012-01-19,1730,5828,,4,5,7,3711,0,0,0,,0,114,"CLAIREMONT DR","CLAIREMONT MESA BL",400.00,N,N,A,-,N,,,,,,,,,,N,4,0,1,2,A,-,09,21804,A,N,D,G,A,A,H,-,C,D,0,,Y,,,Y,,L,04,0,0,1,0,0,0,1,0,0,"- ","- ",,,"SAN DIEGO","SAN DIEGO",-117.20614747,32.828800549999997
5458645,2012,2013-06-20,3711,2012-01-25,0725,04812,,3,5,7,3711,0,0,0,,0,722,"CORONADO AV","GREEN BAY ST",0.00,,Y,A,-,N,,,,,,,,,,N,2,0,1,2,A,-,17,21451,A,N,G,B,B,A,H,-,A,A,0,Y,,,,Y,,D,22,1,0,0,0,1,0,0,0,0,"- ","- ",,,"SAN DIEGO","SAN DIEGO",-117.08843199,32.576474820000001
5460148,2012,2013-06-21,3711,2012-01-27,0738,5197,,5,5,7,3711,0,0,0,,0,124,"GRAND AV","PEARL ST",106.00,S,N,A,-,N,,,,,,,,,,N,2,0,1,2,A,-,21,22106,,N,G,B,D,A,H,-,A,D,0,Y,,,,Y,,A,07,1,0,0,0,1,0,0,0,0,"- ","- ",,,"SAN DIEGO","SAN DIEGO",,
5461642,2012,2013-06-08,3711,2012-01-26,1604,6156,,4,5,7,3711,0,0,0,,0,115,"MAHAILA AV","REGENTS RD",6.00,E,N,A,-,N,,,,,,,,,,N,3,0,1,2,A,-,10,21950,A,N,G,B,B,A,H,-,A,A,0,Y,,,,Y,,-,"- ",0,1,0,0,1,0,0,0,0,"- ","- ",,,"SAN DIEGO","SAN DIEGO",-117.2184225,32.869613559999998
5461678,2012,2013-06-08,3711,2012-01-24,0620,6259,,2,5,7,3711,0,0,0,,0,723,"DEL SOL BL","PICCARD AV",0.00,,Y,B,-,N,,,,,,,,,,N,4,0,1,2,A,-,10,21950,C,N,A,B,B,B,H,-,C,D,0,Y,,,,Y,,A,01,0,0,1,0,1,0,0,0,0,"- ","- ",,,"SAN DIEGO","SAN DIEGO",-117.04988197999999,32.573634869999999
5466732,2012,2013-09-10,3711,2012-01-04,1335,4386,,3,5,7,3711,0,0,0,,0,627,"ROBINSON AV","VERMONT ST",300.00,E,N,A,-,N,,,,,,,,,,N,4,0,1,2,A,-,03,22350,,N,C,G,A,A,H,-,A,D,0,,Y,,,Y,,L,04,0,0,1,0,0,0,1,0,0,"- ","- ",,,"SAN DIEGO","SAN DIEGO",-117.15247951000001,32.746404769999998
5466818,2012,2013-06-29,3711,2012-01-06,0725,6361,,5,5,7,3711,0,0,0,,0,624,"EL CAJON BL","TEXAS ST 2300",27.00,W,N,A,-,N,,,,,,,,,,N,3,0,1,2,A,-,03,22350,,N,D,G,A,A,H,-,A,B,0,,Y,,,Y,,L,04,0,1,0,0,0,0,1,0,0,"- ","- ",,,"SAN DIEGO","SAN DIEGO",,
5468744,2012,2013-06-15,3711,2012-01-12,1525,4897,,4,5,7,3711,0,0,0,,0,622,"LINDA VISTA RD","MILDRED ST",0.00,,Y,A,-,N,,,,,,,,,,N,3,0,1,2,A,-,10,21950,A,N,G,B,B,A,H,-,A,A,0,Y,,,,Y,,D,22,0,1,0,0,1,0,0,0,0,"- ","- ",,,"SAN DIEGO","SAN DIEGO",-117.19450196,32.767994809999998
5480225,2012,2013-06-22,3711,2012-01-27,1115,S668,,5,5,7,3711,0,0,0,,0,611,"SPORTS ARENA BL","KEMPER ST",287.00,W,N,A,-,N,,,,,,,,,,N,3,0,1,2,A,-,09,21804,A,N,B,G,A,A,H,-,A,D,0,,Y,,,Y,,L,04,0,1,0,0,0,0,1,0,0,"- ","- ",,,"SAN DIEGO","SAN DIEGO",-117.21461979999999,32.754176950000002
5483048,2012,2013-08-06,3711,2012-01-16,0930,6570,,1,5,7,3711,0,0,0,,0,512,"COMMERCIAL ST","19TH ST",12.00,N,N,B,-,N,,,,,,,,,,,4,0,1,2,A,-,"- ",,,N,D,G,A,B,H,-,A,A,0,,Y,,,Y,,L,04,0,0,1,0,0,0,1,0,0,"- ","- ",,,"SAN DIEGO","SAN DIEGO",-117.14677423000001,32.705246410000001
5483068,2012,2013-06-08,3711,2012-01-17,1619,4771,,2,5,7,3711,0,0,0,,0,712,"CAMINO DE LA PLAZA","VIRGINIA AV",17.00,E,N,A,-,N,,,,,,,,,,N,4,0,2,3,A,-,10,21950,A,N,A,B,B,A,H,-,A,A,0,Y,,,,Y,,-,"- ",0,0,2,0,2,0,0,0,0,"- ","- ",,,"SAN DIEGO","SAN DIEGO",-117.03637998000001,32.543929370000001
5493924,2012,2013-07-13,3711,2012-02-24,1451,4988,,5,5,7,3711,0,0,0,,0,441,"IMPERIAL AV","RED WORKS DRWY",21.00,W,N,A,-,N,,,,,,,,,,N,4,0,1,2,A,-,10,21950,A,N,G,B,B,A,H,-,A,A,0,Y,,,,Y,,-,"- ",0,0,1,0,1,0,0,0,0,"- ","- ",,,"SAN DIEGO","SAN DIEGO",-117.10172564,32.704126189999997
5493972,2012,2013-07-06,3711,2012-02-28,0930,6853,,2,5,7,3711,0,0,0,,0,521,"15TH ST","MARKET ST",0.00,,Y,B,-,N,,,,,,,,,,N,4,0,1,2,A,-,12,22450,A,M,D,G,A,A,H,-,A,D,0,,Y,,,Y,,-,"- ",0,0,1,0,0,0,1,0,0,"- ","- ",,,"SAN DIEGO","SAN DIEGO",-117.1504419,32.711474809999999
5493984,2012,2013-07-06,3711,2012-02-25,1408,5923,,6,5,7,3711,0,0,0,,0,622,"SHERMAN ST","MORENA BL",30.00,S,N,A,-,N,,,,,,,,,,N,4,0,1,2,A,-,09,21453,B,N,D,G,A,A,H,-,A,A,0,,Y,,,Y,,L,04,0,0,1,0,0,0,1,0,0,"- ","- ",,,"SAN DIEGO","SAN DIEGO",-117.19861521999999,32.765640750000003
5494008,2012,2013-09-10,3711,2012-01-18,2141,6696,,3,5,7,3711,0,0,0,,0,824,"EL CAJON BL","44TH ST",0.00,,N,A,-,N,,,,,,,,,,N,4,0,1,2,A,-,11,21950,B,N,G,B,D,A,-,-,C,D,0,Y,,,,Y,,N,60,0,0,1,0,1,0,0,0,0,"- ","- ",,,"SAN DIEGO","SAN DIEGO",-117.10026200999999,32.7551348
5494343,2012,2013-06-22,3711,2012-01-24,1643,6332,,2,5,7,3711,0,0,0,,0,831,"44TH ST","UNIVERSITY AV",120.00,N,N,A,-,N,,,,,,,,,,N,3,0,1,2,A,-,03,22350,,N,-,B,E,A,H,-,B,D,0,Y,,,,Y,,-,"- ",0,1,0,0,1,0,0,0,0,"- ","- ",,,"SAN DIEGO","SAN DIEGO",-117.09983010000001,32.749923469999999
5495636,2012,2013-06-12,3711,2012-01-10,1504,5114,,2,5,7,3711,0,0,0,,0,242,"MIRA MESA BL","WESTONHILL DR",3.00,E,N,A,-,N,,,,,,,,,,N,4,0,1,2,A,-,12,21453,A,N,D,G,A,A,H,-,A,A,0,,Y,,,Y,,L,,0,0,1,0,0,0,1,0,0,"- ","- ",,,"SAN DIEGO","SAN DIEGO",-117.13562219000001,32.912895259999999
5495716,2012,2013-06-08,3711,2012-01-11,0901,6315,,3,5,7,3711,0,0,0,,0,321,"FRIARS RD","RIVERDALE ST",512.00,E,N,A,-,N,,,,,,,,,,N,3,0,1,2,A,-,05,21650,1,N,D,G,A,A,H,-,A,D,0,,Y,,,Y,,L,04,0,1,0,0,0,0,1,0,0,"- ","- ",,,"SAN DIEGO","SAN DIEGO",-117.09831998999999,32.791407059999997
5495747,2012,2013-06-08,3711,2012-01-13,1640,4507,,5,5,7,3711,0,0,0,,0,114,"CLAIREMONT MESA BL","CLAIREMONT DR",0.00,,Y,A,-,N,,,,,,,,,,N,4,0,1,2,A,-,10,21950,A,N,A,B,B,A,H,-,A,A,0,Y,,,,Y,,-,"- ",0,0,1,0,1,0,0,0,0,"- ","- ",,,"SAN DIEGO","SAN DIEGO",-117.20615195000001,32.827704850000003