CASE_ID,ACCIDENT_YEAR,PROC_DATE,JURIS,COLLISION_DATE,COLLISION_TIME,OFFICER_ID,REPORTING_DISTRICT,DAY_OF_WEEK,CHP_SHIFT,POPULATION,CNTY_CITY_LOC,SPECIAL_COND,BEAT_TYPE,CHP_BEAT_TYPE,CITY_DIVISION_LAPD,CHP_BEAT_CLASS,BEAT_NUMBER,PRIMARY_RD,SECONDARY_RD,DISTANCE,DIRECTION,INTERSECTION,WEATHER_1,WEATHER_2,STATE_HWY_IND,CALTRANS_COUNTY,CALTRANS_DISTRICT,STATE_ROUTE,ROUTE_SUFFIX,POSTMILE_PREFIX,POSTMILE,LOCATION_TYPE,RAMP_INTERSECTION,SIDE_OF_HWY,TOW_AWAY,COLLISION_SEVERITY,NUMBER_KILLED,NUMBER_INJURED,PARTY_COUNT,PRIMARY_COLL_FACTOR,PCF_CODE_OF_VIOL,PCF_VIOL_CATEGORY,PCF_VIOLATION,PCF_VIOL_SUBSECTION,HIT_AND_RUN,TYPE_OF_COLLISION,MVIW,PED_ACTION,ROAD_SURFACE,ROAD_COND_1,ROAD_COND_2,LIGHTING,CONTROL_DEVICE,CHP_ROAD_TYPE,PEDESTRIAN_ACCIDENT,BICYCLE_ACCIDENT,MOTORCYCLE_ACCIDENT,TRUCK_ACCIDENT,NOT_PRIVATE_PROPERTY,ALCOHOL_INVOLVED,STWD_VEHTYPE_AT_FAULT,CHP_VEHTYPE_AT_FAULT,COUNT_SEVERE_INJ,COUNT_VISIBLE_INJ,COUNT_COMPLAINT_PAIN,COUNT_PED_KILLED,COUNT_PED_INJURED,COUNT_BICYCLIST_KILLED,COUNT_BICYCLIST_INJURED,COUNT_MC_KILLED,COUNT_MC_INJURED,PRIMARY_RAMP,SECONDARY_RAMP,LATITUDE,LONGITUDE,COUNTY,CITY,POINT_X,POINT_Y
5496154,2012,2013-06-25,3711,2012-01-25,2002,6453,,3,5,7,3711,0,0,0,,0,529,"6TH AV","FIR ST",62.00,N,N,A,-,N,,,,,,,,,,N,3,0,1,2,A,-,11,21950,B,N,G,B,D,A,H,-,C,D,0,Y,,,,Y,,N,60,0,1,0,0,1,0,0,0,0,"- ","- ",,,"SAN DIEGO","SAN DIEGO",-117.1594619,32.725264600000003
5496491,2012,2013-07-13,3711,2012-02-04,1620,6305,,6,5,7,3711,0,0,0,,0,431,"OLD MEMORY LN","LUBER ST",528.00,N,N,A,-,N,,,,,,,,,,N,3,0,1,1,A,-,03,22350,,N,H,G,A,A,H,-,A,D,0,,Y,,,Y,,L,04,0,1,0,0,0,0,1,0,0,"- ","- ",,,"SAN DIEGO","SAN DIEGO",-117.07329874,32.720109039999997
5496507,2012,2013-07-13,3711,2012-02-05,1240,5811,,7,5,7,3711,0,0,0,,0,511,"MAIN ST","VESTA ST",15.00,N,N,A,-,N,,,,,,,,,,N,3,0,1,2,A,-,09,21453,B,N,H,G,A,A,H,-,A,A,0,,Y,,,Y,,-,"- ",0,1,0,0,0,0,1,0,0,"- ","- ",,,"SAN DIEGO","SAN DIEGO",-117.11540925,32.68553103
5502323,2012,2013-07-10,3711,2012-02-05,1755,6305,,7,5,7,3711,0,0,0,,0,451,"COLLEGE AV","COLLEGE AV 3300",282.00,W,N,A,-,N,,,,,,,,,,N,4,0,1,2,A,-,"- ",,,N,D,B,B,A,H,-,C,D,0,Y,,,,Y,,-,"- ",0,0,1,0,1,0,0,0,0,"- ","- ",,,"SAN DIEGO","SAN DIEGO",,
5502379,2012,2013-07-11,3711,2012-02-08,1910,6695,,3,5,7,3711,0,0,0,,0,824,"EL CAJON BL","EL CAJON BL 4700",35.00,N,N,A,-,N,,,,,,,,,,N,4,0,1,2,A,-,10,21950,A,M,G,B,B,A,H,-,C,A,0,Y,,,,Y,,M,,0,0,1,0,1,0,0,0,0,"- ","- ",,,"SAN DIEGO","SAN DIEGO",,
5502383,2012,2013-07-10,3711,2012-02-05,0930,6168,,7,5,7,3711,0,0,0,,0,613,"POINSETTIA DR",VOLTAIRE,90.00,E,N,A,-,N,,,,,,,,,,N,3,0,1,2,A,-,17,22517,,N,B,G,A,A,H,-,A,D,0,,Y,,,Y,,-,"- ",0,1,0,0,0,0,1,0,0,"- ","- ",,,"SAN DIEGO","SAN DIEGO",-117.22881554999999,32.740301129999999
5507355,2012,2013-07-16,3711,2012-02-06,1615,6790,"SAN D",1,5,7,3711,0,0,0,,0,827,"UNIVERSITY AV","ESTRELLA AV",150.00,E,N,A,-,N,,,,,,,,,,N,3,0,1,2,A,-,11,21954,A,N,G,B,F,A,H,-,A,D,0,Y,,,,Y,,N,60,0,1,0,0,1,0,0,0,0,"- ","- ",,,"SAN DIEGO","SAN DIEGO",-117.08953572,32.749509539999998
5511751,2012,2013-07-12,3711,2012-02-11,1303,5195,,6,5,7,3711,0,0,0,,0,124,"TORREY PINES RD","CAMINITO DEL CID",21.00,W,N,B,-,N,,,,,,,,,,N,3,0,1,2,A,-,08,22107,,N,B,G,A,A,H,-,A,A,0,,Y,,,Y,,-,"- ",0,1,0,0,0,0,1,0,0,"- ","- ",,,"SAN DIEGO","SAN DIEGO",-117.25204007000001,32.850375990000003
5512842,2012,2013-06-21,3711,2012-01-29,1150,6838,,7,5,7,3711,0,0,0,,0,722,"BLUE HAVEN DR","SERVANDO  AV",528.00,N,N,A,-,N,,,,,,,,,,N,4,0,1,2,A,-,05,21202,A,N,G,G,A,A,H,-,A,D,0,,Y,,,Y,,L,04,0,0,1,0,0,0,1,0,0,"- ","- ",,,"SAN DIEGO","SAN DIEGO",-117.06574702,32.558239039999997
5514301,2012,2013-08-08,3711,2012-03-01,1457,5600,,4,5,7,3711,0,0,0,,0,825,"FAIRMOUNT AV","BIKE OVERPASS PILLAR",663.00,S,N,A,-,N,,,,,,,,,,N,3,0,1,2,A,-,08,22107,,N,C,G,A,A,H,-,A,D,0,,Y,,,Y,,L,04,0,1,0,0,0,0,1,0,0,"- ","- ",,,"SAN DIEGO","SAN DIEGO",,
5514389,2012,2013-06-18,3711,2012-01-31,0720,5668,,2,5,7,3711,0,0,0,,0,613,"WORDEN ST","VOLTAIRE ST",7.00,N,N,A,-,N,,,,,,,,,,N,3,0,1,2,A,-,10,21950,A,N,G,B,B,A,H,-,A,D,0,Y,,,,Y,,-,"- ",0,1,0,0,1,0,0,0,0,"- ","- ",,,"SAN DIEGO","SAN DIEGO",-117.23031855000001,32.740930259999999
5517288,2012,2013-07-19,3711,2012-02-10,1707,6000,,5,5,7,3711,0,0,0,,0,122,"LORING ST","DAWES ST",297.00,W,N,A,-,N,,,,,,,,,,Y,2,0,1,2,A,-,08,21460,5,N,G,B,D,A,H,-,A,D,0,Y,,,,Y,,A,07,1,0,0,0,1,0,0,0,0,"- ","- ",,,"SAN DIEGO","SAN DIEGO",-117.25355808,32.805980419999997
5517291,2012,2013-09-23,3711,2012-02-14,1520,3874,,2,5,7,3711,0,0,0,,0,721,"PALM AV","SATURN BL",0.00,,Y,B,-,Y,SD,11,75,-,-,9.310,I,5,N,N,4,0,1,2,A,-,10,21950,A,M,G,B,B,A,H,-,A,A,0,Y,,,,Y,,-,"- ",0,0,1,0,1,0,0,0,0,"- ","- ",,,"SAN DIEGO","SAN DIEGO",-117.09255837000001,32.58391005
5517297,2012,2013-07-18,3711,2012-02-10,1602,4495,,5,5,7,3711,0,0,0,,0,524,"3RD AV","A ST",0.00,,Y,A,-,N,,,,,,,,,,N,4,0,1,2,A,-,10,21950,A,N,G,B,B,A,H,-,A,A,0,Y,,,,Y,,A,01,0,0,1,0,1,0,0,0,0,"- ","- ",,,"SAN DIEGO","SAN DIEGO",-117.16203195999999,32.718824820000002
5517506,2012,2013-07-13,3711,2012-02-13,1545,6854,,1,5,7,3711,0,0,0,,0,621,"TAIT ST","LINDA VISTA RD",0.00,,Y,C,-,N,,,,,,,,,,N,4,0,1,2,A,-,10,21950,A,N,G,B,B,B,H,-,A,A,0,Y,,,,Y,,-,"- ",0,0,1,0,1,0,0,0,0,"- ","- ",,,"SAN DIEGO","SAN DIEGO",-117.17278199,32.7807648
5518251,2012,2013-06-27,3711,2012-02-15,0847,657,,3,5,7,3711,0,0,0,,0,524,"A ST","9TH AV",30.00,E,N,B,-,N,,,,,,,,,,N,3,0,1,2,A,-,"- ",,,N,G,B,B,A,H,-,A,A,0,Y,,,,Y,,-,"- ",0,1,0,0,1,0,0,0,0,"- ","- ",,,"SAN DIEGO","SAN DIEGO",-117.15645468,32.718824759999997
5518256,2012,2013-06-27,3711,2012-02-14,2009,131,"SAN D",2,5,7,3711,0,0,0,,0,111,"MESA COLLEGE CIR","LIGHT POLE 29",14.00,E,N,B,-,N,,,,,,,,,,N,4,0,1,2,A,-,10,21950,A,N,G,B,D,A,H,-,C,D,0,Y,,,,Y,,N,60,0,0,1,0,1,0,0,0,0,"- ","- ",,,"SAN DIEGO","SAN DIEGO",,
5518311,2012,2013-06-26,3711,2012-02-20,1639,5600,,1,5,7,3711,0,0,0,,0,617,"LADERA ST","SUNSET CLIFFS PARK",0.00,,N,A,-,N,,,,,,,,,,N,2,0,1,2,C,-,18,,,N,G,B,F,A,G,-,A,D,0,Y,,,,Y,,-,"- ",1,0,0,0,1,0,0,0,0,"- ","- ",,,"SAN DIEGO","SAN DIEGO",-117.25674203,32.719664850000001
5518414,2012,2013-07-06,3711,2012-02-19,1113,6146,,7,5,7,3711,0,0,0,,0,242,"BLACK MOUNTAIN RD","CARROLL CANYON RD",173.00,N,N,B,-,N,,,,,,,,,,N,3,0,1,2,A,-,"- ",,,N,D,G,A,A,H,-,A,D,0,,Y,,,Y,,L,04,0,1,0,0,0,0,1,0,0,"- ","- ",,,"SAN DIEGO","SAN DIEGO",-117.12414671000001,32.903248509999997
5524073,2012,2013-07-09,3711,2012-02-09,1607,5805,,4,5,7,3711,0,0,0,,0,512,"OCEANVIEW BL","S 30TH ST",6.00,E,N,A,-,N,,,,,,,,,,N,4,0,1,2,A,-,11,21950,B,N,G,B,B,A,H,-,A,A,0,Y,,,,Y,,N,60,0,0,1,0,1,0,0,0,0,"- ","- ",,,"SAN DIEGO","SAN DIEGO",-117.12949245999999,32.701164849999998
5526204,2012,2013-08-03,3711,2012-03-02,2303,5985,,5,5,7,3711,0,0,0,,0,611,"PACIFIC HWY","PALM ST",128.00,S,N,A,-,N,,,,,,,,,,N,3,0,1,2,A,-,11,21955,,N,G,B,D,A,H,-,C,D,0,Y,,,,Y,,N,60,0,1,0,0,1,0,0,0,0,"- ","- ",,,"SAN DIEGO","SAN DIEGO",-117.17517424,32.73221625
5526220,2012,2013-08-03,3711,2012-03-02,0535,5158,,5,5,7,3711,0,0,0,,0,383,"33RD ST",LINCOLN,50.00,N,-,A,-,N,,,,,,,,,,N,4,0,1,2,A,-,08,22107,,F,G,B,F,A,H,-,C,D,0,Y,,,,Y,,-,"- ",0,0,1,0,1,0,0,0,0,"- ","- ",,,"SAN DIEGO","SAN DIEGO",-117.12259804999999,32.750446060000002
5532816,2012,2013-07-20,3711,2012-03-14,1723,3815,,3,5,7,3711,0,0,0,,0,122,"INGRAHAM ST","OLIVER AV",0.00,,Y,A,-,N,,,,,,,,,,N,4,0,1,2,A,-,11,21954,A,N,G,B,D,A,H,-,A,A,0,Y,,,,Y,,N,60,0,0,1,0,1,0,0,0,0,"- ","- ",,,"SAN DIEGO","SAN DIEGO",-117.23940199,32.795014799999997
5535371,2012,2013-06-22,3711,2012-01-19,1305,6000,,4,5,7,3711,0,0,0,,0,931,"SORRENTO VALLEY BL","WHISPERING HTS LN",36.00,E,N,A,-,N,,,,,,,,,,Y,2,0,2,2,A,-,08,22107,,N,C,G,A,A,H,-,A,D,0,,Y,,,Y,,A,01,1,1,0,0,0,0,1,0,0,"- ","- ",,,"SAN DIEGO","SAN DIEGO",-117.18249415,32.91907887
5538528,2012,2013-08-03,3711,2012-03-13,1723,3815,,2,5,7,3711,0,0,0,,0,124,"PEARL ST","DRAPER AV",0.00,,Y,A,-,N,,,,,,,,,,N,4,0,1,2,A,-,09,21802,A,N,H,G,A,A,H,-,A,A,0,,Y,,,Y,,A,07,0,0,1,0,0,0,1,0,0,"- ","- ",,,"SAN DIEGO","SAN DIEGO",-117.27611202999999,32.839664849999998
5538535,2012,2013-08-03,3711,2012-03-08,1239,6513,,4,5,7,3711,0,0,0,,0,241,"POMERADO RD","STONEBRIDGE PKWY",93.00,S,N,A,-,N,,,,,,,,,,N,3,0,1,2,A,-,04,21703,,N,H,G,A,A,H,-,A,A,0,,Y,,,Y,,L,04,0,1,0,0,0,0,1,0,0,"- ","- ",,,"SAN DIEGO","SAN DIEGO",-117.05927610000001,32.922839930000002
5538563,2012,2013-08-03,3711,2012-03-14,1925,6820,,3,5,7,3711,0,0,0,,0,614,"WEST POINT LOMA BL","ABBOTT ST",0.00,,Y,B,-,N,,,,,,,,,,N,3,0,1,2,A,-,05,21202,A,N,B,G,A,A,H,-,C,D,0,,Y,,,Y,,L,04,0,1,0,0,0,0,1,0,0,"- ","- ",,,"SAN DIEGO","SAN DIEGO",-117.24738198,32.754184789999996
5539600,2012,2014-04-11,3711,2012-03-22,0700,5142,,4,5,7,3711,0,0,0,,0,313,"BALBOA AV","RT 805",275.00,E,N,A,-,Y,SD,11,805,-,-,21.814,R,4,S,N,1,1,0,4,D,-,00,,,N,A,G,A,A,H,-,B,D,0,,Y,,,Y,,-,"- ",0,0,0,0,0,1,0,0,0,"- ",SF,,,"SAN DIEGO","SAN DIEGO",-117.16328858999999,32.822870090000002
5540548,2012,2013-08-06,3711,2012-03-09,2020,6167,5D,5,5,7,3711,0,0,0,,0,122,"MISSION BL","PACIFIC BEACH DR",15.00,N,N,A,-,N,,,,,,,,,,N,4,0,1,2,A,-,08,22107,,N,G,B,B,A,H,-,C,A,0,Y,,,,Y,,-,"- ",0,0,1,0,1,0,0,0,0,"- ","- ",,,"SAN DIEGO","SAN DIEGO",-117.25378479,32.790954399999997
5540567,2012,2013-07-27,3711,2012-03-11,0957,5848,,7,5,7,3711,0,0,0,,0,937,"SAN DIEGUITO RD","MONTIEN RD",591.00,E,N,A,-,N,,,,,,,,,,N,2,0,1,2,A,-,08,22107,,N,D,G,A,A,H,-,A,D,0,,Y,,,Y,,L,04,1,0,0,0,0,0,1,0,0,"- ","- ",33.001260000000002,-117.09441,"SAN DIEGO","SAN DIEGO",-117.16156125000001,33.003413539999997
5541004,2012,2013-10-10,3711,2012-03-15,1335,4132,,4,5,7,3711,0,0,0,,0,504,"PACIFIC HWY","W HAWTHORN ST",0.00,,Y,A,-,N,,,,,,,,,,N,4,0,1,2,A,-,09,21804,A,N,D,G,A,A,H,-,A,A,0,,Y,,,Y,,L,04,0,0,1,0,0,0,1,0,0,"- ","- ",,,"SAN DIEGO","SAN DIEGO",-117.17213201,32.72551481
5542558,2012,2014-04-14,3711,2012-04-08,2005,4243,,7,5,7,3711,0,0,0,,0,122,"GRAND AV","GLENDORA ST",102.00,N,N,A,-,N,,,,,,,,,,N,1,1,0,2,A,-,11,21954,A,N,G,B,D,A,H,-,C,D,0,Y,,,,Y,,N,60,0,0,0,1,0,0,0,0,0,"- ","- ",,,"SAN DIEGO","SAN DIEGO",-117.21532524,32.801882059999997
5542727,2012,2014-04-09,9645,2012-03-11,0425,018446,,7,3,7,3711,0,1,1,,2,010,"RT 8","SUNSET CLIFFS BL",1826.00,E,N,B,-,Y,SD,11,8,-,L,0.820,H,-,E,N,1,1,0,2,A,-,11,21954,A,F,G,B,E,A,H,-,D,D,1,Y,,,,Y,Y,N,60,0,0,0,1,0,0,0,0,0,"- ","- ",32.756,-117.23053,"SAN DIEGO","SAN DIEGO",-117.22899529,32.756472350000003
5547231,2012,2013-06-29,3711,2012-02-16,1800,6000,,4,5,7,3711,0,0,0,,0,515,"29TH ST","L ST",0.00,,Y,B,-,N,,,,,,,,,,N,2,0,1,2,A,-,12,22450,A,N,D,G,A,A,H,-,C,A,0,,Y,,,Y,,L,04,1,0,0,0,0,0,1,0,0,"- ","- ",,,"SAN DIEGO","SAN DIEGO",-117.1321219,32.707414829999998
5547238,2012,2013-06-27,3711,2012-02-21,1210,6513,,2,5,7,3711,0,0,0,,0,242,"MONTONGO ST","NEW SALEM ST",0.00,,Y,A,-,N,,,,,,,,,,N,4,0,1,2,A,-,03,22350,,N,H,G,A,A,H,-,A,D,0,,Y,,,Y,,-,"- ",0,0,1,0,0,0,1,0,0,"- ","- ",,,"SAN DIEGO","SAN DIEGO",-117.15226192,32.916174789999999
5547259,2012,2013-06-29,3711,2012-02-22,1423,4897,,3,5,7,3711,0,0,0,,0,122,"GRAND AV","MISSION BL",200.00,W,N,A,-,N,,,,,,,,,,N,3,0,1,2,A,-,21,22106,,M,G,B,E,A,H,-,A,D,0,Y,,,,Y,Y,A,08,0,1,0,0,1,0,0,0,0,"- ","- ",,,"SAN DIEGO","SAN DIEGO",-117.25556666,32.794577099999998
5549923,2012,2013-08-06,3711,2012-03-24,2013,6483,,6,5,7,3711,0,0,0,,0,838,"38TH ST","ORANGE AV",142.00,S,N,A,-,N,,,,,,,,,,N,4,0,1,2,A,-,11,21954,A,N,G,B,E,A,H,-,C,D,0,Y,,,,Y,,N,60,0,0,1,0,1,0,0,0,0,"- ","- ",,,"SAN DIEGO","SAN DIEGO",-117.11186413,32.752865800000002
5555353,2012,2013-08-27,3711,2012-03-29,1930,6813,,4,5,7,3711,0,0,0,,0,813,"UNIVERSITY AV","TEXAS ST",0.00,W,N,A,-,N,,,,,,,,,,N,4,0,1,2,A,-,11,21954,A,N,G,B,D,A,H,-,C,A,0,Y,,,,Y,Y,N,60,0,0,1,0,1,0,0,0,0,"- ","- ",,,"SAN DIEGO","SAN DIEGO",-117.13898193999999,32.748414789999998
5557445,2012,2013-07-22,3711,2012-03-04,1135,6168,,7,5,7,3711,0,0,0,,0,627,"5TH AV",ROBINSON,6.00,N,N,A,-,N,,,,,,,,,,N,4,0,1,2,A,-,10,21950,A,N,G,B,B,A,H,-,A,A,0,Y,,,,Y,,-,"- ",0,0,1,0,1,0,0,0,0,"- ","- ",,,"SAN DIEGO","SAN DIEGO",-117.16043423000001,32.746971080000002
5557447,2012,2013-07-22,3711,2012-03-07,1520,3548,,3,5,7,3711,0,0,0,,0,124,"CAMINITO SALIADO","CAMINTO SALIDAGO 1500",0.00,,N,A,-,N,,,,,,,,,,N,3,0,1,2,A,-,10,21950,A,N,G,B,D,A,H,-,A,D,0,Y,,,,Y,,-,"- ",0,1,0,0,1,0,0,0,0,"- ","- ",,,"SAN DIEGO","SAN DIEGO",-117.25152790999999,32.819871370000001
5558266,2012,2013-07-30,3711,2012-03-19,1408,5051,,1,5,7,3711,0,0,0,,0,524,"4TH AV","A AV",0.00,,Y,A,-,N,,,,,,,,,,N,2,0,1,2,A,-,12,21453,A,N,D,G,A,A,H,-,A,A,0,,Y,,,Y,,L,04,1,0,0,0,0,0,1,0,0,"- ","- ",,,"SAN DIEGO","SAN DIEGO",-117.16111191,32.718824789999999
5558308,2012,2013-07-30,3711,2012-03-14,1030,6485,,3,5,7,3711,0,0,0,,0,831,"CHAMOUNE AV","EL CAJON BL",3.00,S,N,A,-,N,,,,,,,,,,N,4,0,1,2,A,-,10,21950,A,M,A,B,B,A,H,-,A,A,0,Y,,,,Y,Y,-,"- ",0,0,1,0,1,0,0,0,0,"- ","- ",,,"SAN DIEGO","SAN DIEGO",-117.09694189,32.755436549999999
5558310,2012,2013-07-30,3711,2012-03-26,1540,6458,,1,5,7,3711,0,0,0,,0,512,"S 29TH ST","NATIONAL AV",90.00,N,N,A,-,N,,,,,,,,,,N,3,0,1,2,A,-,11,21950,B,N,G,B,E,A,H,-,A,A,0,Y,,,,Y,,N,60,0,1,0,0,1,0,0,0,0,"- ","- ",,,"SAN DIEGO","SAN DIEGO",-117.13166189,32.696151299999997
5558376,2012,2013-07-29,3711,2012-03-23,1225,6768,,5,5,7,3711,0,0,0,,0,713,"AIRWAY RD","AVENIDA DE LA FUENTE",350.00,W,N,A,-,N,,,,,,,,,,N,3,0,1,2,A,-,11,21954,A,N,G,B,E,A,H,-,A,D,0,Y,,,,Y,,N,60,0,1,0,0,1,0,0,0,0,"- ","- ",,,"SAN DIEGO","SAN DIEGO",-116.95128352,32.560383129999998
5558497,2012,2013-07-27,3711,2012-03-17,1922,6722,SD[D,6,5,7,3711,0,0,0,,0,233,"CARMEL MOUNTAIN RD","CARMEL MOUNTAIN RD 11100",8.00,N,N,B,C,N,,,,,,,,,,N,4,0,1,2,A,-,11,21950,B,N,G,B,B,B,H,-,C,A,0,Y,,,,Y,,N,60,0,0,1,0,1,0,0,0,0,"- ","- ",,,"SAN DIEGO","SAN DIEGO",,
5558512,2012,2013-07-24,3711,2012-03-07,1722,6292,,3,5,7,3711,0,0,0,,0,,"GRAND AV","DAWES ST",0.00,,Y,A,-,N,,,,,,,,,,N,4,0,1,2,A,-,"- ",,,N,D,G,A,A,H,-,A,A,0,,Y,,,Y,,L,04,0,0,1,0,0,0,1,0,0,"- ","- ",,,"SAN DIEGO","SAN DIEGO",-117.24946203,32.795914869999997
5558547,2012,2013-07-24,3711,2012-03-13,1355,3815,,2,5,7,3711,0,0,0,,0,123,"FIESTA ISLAND RD","EAST MISSION BAY DR",3168.00,N,N,A,-,N,,,,,,,,,,N,4,0,1,1,A,-,08,22107,,N,H,G,A,A,H,-,A,D,0,,Y,,,Y,,L,04,0,0,1,0,0,0,1,0,0,"- ","- ",,,"SAN DIEGO","SAN DIEGO",-117.21599895,32.773629679999999
5558569,2012,2013-07-27,3711,2012-03-17,1933,6391,,6,5,7,3711,0,0,0,,0,836,"HOME AV","46TH ST",212.00,E,N,C,-,N,,,,,,,,,,N,3,0,1,2,A,-,11,21954,A,N,G,B,D,B,H,-,D,D,0,Y,,,,Y,,N,60,0,1,0,0,1,0,0,0,0,"- ","- ",,,"SAN DIEGO","SAN DIEGO",-117.09565058,32.732562610000002
5562451,2012,2013-08-26,3711,2012-04-10,1735,6724,,2,5,7,3711,0,0,0,,0,822,"60TH ST","ADELAIDE AV",15.00,W,N,A,-,N,,,,,,,,,,N,4,0,1,2,A,-,12,22450,A,N,C,G,A,A,H,-,A,D,0,,Y,,,Y,,L,04,0,0,1,0,0,0,1,0,0,"- ","- ",,,"SAN DIEGO","SAN DIEGO",-117.06859417,32.757715810000001
5563173,2012,2012-09-19,3711,2012-08-24,2022,5051,,5,5,7,3711,0,0,0,,0,613,"WEST POINT LOMA BL","TEMECULA ST",0.00,,Y,B,-,N,,,,,,,,,,N,3,0,1,2,A,-,10,21950,A,N,G,B,B,A,H,-,C,D,0,Y,,,,Y,,J,48,0,1,0,0,1,0,0,0,0,"- ","- ",,,"SAN DIEGO","SAN DIEGO",-117.23254196000001,32.752274849999999
5576458,2012,2013-08-15,3711,2012-04-15,0223,5985,,7,5,7,3711,0,0,0,,0,523,"MARKET ST","5TH AV",51.00,E,N,A,-,N,,,,,,,,,,N,4,0,2,2,A,-,06,21750,,M,B,G,A,A,H,-,C,D,0,,Y,,,Y,,-,99,0,0,2,0,0,0,2,0,0,"- ","- ",,,"SAN DIEGO","SAN DIEGO",-117.15997671,32.71148092
5576468,2012,2013-08-27,3711,2012-04-18,0845,6058,,3,5,7,3711,0,0,0,,0,313,"RUFFNER ST","COPLEY PARK PL",26.00,N,N,A,-,N,,,,,,,,,,N,4,0,1,2,A,-,10,21950,A,N,G,B,B,A,H,-,A,D,0,Y,,,,Y,,-,"- ",0,0,1,0,1,0,0,0,0,"- ","- ",,,"SAN DIEGO","SAN DIEGO",-117.15922682999999,32.835976000000002
5577392,2012,2014-01-07,3711,2012-04-07,1252,6843,,6,5,7,3711,0,0,0,,0,431,"KELTON RD","RT 94",180.00,S,N,A,-,Y,SD,11,94,-,-,5.614,R,4,W,N,4,0,1,2,A,-,04,21703,,N,C,G,A,A,H,-,A,D,0,,Y,,,Y,,-,"- ",0,0,1,0,0,0,1,0,0,"- ",FR,,,"SAN DIEGO","SAN DIEGO",-117.07985183,32.721054799999997
5577432,2012,2013-10-25,3711,2012-04-06,1055,6243,,5,5,7,3711,0,0,0,,0,114,"CLAIREMONT MESA BL","CLAIREMONT MESA BL 4200",0.00,,-,A,-,N,,,,,,,,,,N,3,0,1,2,-,-,"- ",,,N,D,G,A,A,H,-,A,D,0,,Y,,,Y,,-,"- ",0,1,0,0,0,0,1,0,0,"- ","- ",,,"SAN DIEGO","SAN DIEGO",-117.20172286,32.831176319999997
5577440,2012,2013-10-25,3711,2012-04-07,1808,6756,,6,5,7,3711,0,0,0,,0,122,"MISSION BL","HORNBLEND ST",0.00,,Y,A,-,N,,,,,,,,,,N,3,0,1,2,A,-,11,21954,A,N,G,B,D,A,H,-,A,D,0,Y,,,,Y,Y,N,60,0,1,0,0,1,0,0,0,0,"- ","- ",,,"SAN DIEGO","SAN DIEGO",-117.25522193,32.795634870000001
5577441,2012,2013-08-20,3711,2012-04-06,0845,4491,,5,5,7,3711,0,0,0,,0,625,"CONGRESS ST","OLD TOWN STATION TRANSIT BUS EXIT",106.00,N,N,A,-,N,,,,,,,,,,N,3,0,1,2,A,-,06,21750,,N,B,G,A,A,H,-,A,D,0,,Y,,,Y,,-,"- ",0,1,0,0,0,0,1,0,0,"- ","- ",,,"SAN DIEGO","SAN DIEGO",,
5586490,2012,2014-01-27,3711,2012-04-01,1415,5051,,7,5,7,3711,0,0,0,,0,621,"RT 163","FRIARS RD",0.00,,Y,A,-,Y,SD,11,163,-,-,4.406,R,1,S,Y,3,0,1,2,A,-,16,24002,A,M,G,B,B,A,H,-,A,A,0,Y,,,,Y,,A,01,0,1,0,0,1,0,0,0,0,"- ","- ",,,"SAN DIEGO","SAN DIEGO",-117.16118185000001,32.7733548
5589205,2012,2013-08-17,3711,2012-04-12,2030,6432,SANDI,4,5,7,3711,0,0,0,,0,524,"7TH AV","E ST",30.00,E,N,A,-,N,,,,,,,,,,N,3,0,1,2,A,-,10,21950,A,N,G,B,B,A,H,-,C,A,0,Y,,,,Y,,A,,0,1,0,0,1,0,0,0,0,"- ","- ",,,"SAN DIEGO","SAN DIEGO",-117.15833992,32.714762810000003
5589207,2012,2013-08-17,3711,2012-04-11,1641,4897,,3,5,7,3711,0,0,0,,0,312,"SANTO RD","ORLECK RD",100.00,S,N,A,-,N,,,,,,,,,,N,3,0,1,2,A,-,11,21954,A,N,G,B,D,A,H,-,A,D,0,Y,,,,Y,,N,60,0,1,0,0,1,0,0,0,0,"- ","- ",,,"SAN DIEGO","SAN DIEGO",-117.10402190000001,32.819270860000003
5591218,2012,2013-08-20,3711,2012-04-27,1900,5707,,5,5,7,3711,0,0,0,,0,123,"SUNSET CLIFFS BL","QUIVIRA WY",27.00,S,N,A,-,N,,,,,,,,,,N,3,0,1,2,A,-,17,21657,,N,A,G,A,A,H,-,A,D,0,,Y,,,Y,,L,04,0,1,0,0,0,0,1,0,0,"- ","- ",,,"SAN DIEGO","SAN DIEGO",,
5598169,2012,2013-08-21,3711,2012-04-24,1134,4436,,2,5,7,3711,0,0,0,,0,526,"1ST AV","W BEECH ST",0.00,,Y,A,-,N,,,,,,,,,,N,3,0,1,2,A,-,17,21657,,N,D,G,A,A,H,-,A,A,0,,Y,,,Y,,L,04,0,1,0,0,0,0,1,0,0,"- ","- ",,,"SAN DIEGO","SAN DIEGO",-117.16388191,32.720894870000002
5598215,2012,2013-08-09,3711,2012-04-20,0750,5197,,5,5,7,3711,0,0,0,,0,935,"EL CAMINO REAL","SEA COUNTRY LN",259.00,N,N,B,E,N,,,,,,,,,,N,2,0,1,2,A,-,08,22107,,N,H,G,A,A,H,-,A,D,0,,Y,,,Y,,L,04,1,0,0,0,0,0,1,0,0,"- ","- ",,,"SAN DIEGO","SAN DIEGO",-117.23898947000001,32.969565539999998