CASE_ID,ACCIDENT_YEAR,PROC_DATE,JURIS,COLLISION_DATE,COLLISION_TIME,OFFICER_ID,REPORTING_DISTRICT,DAY_OF_WEEK,CHP_SHIFT,POPULATION,CNTY_CITY_LOC,SPECIAL_COND,BEAT_TYPE,CHP_BEAT_TYPE,CITY_DIVISION_LAPD,CHP_BEAT_CLASS,BEAT_NUMBER,PRIMARY_RD,SECONDARY_RD,DISTANCE,DIRECTION,INTERSECTION,WEATHER_1,WEATHER_2,STATE_HWY_IND,CALTRANS_COUNTY,CALTRANS_DISTRICT,STATE_ROUTE,ROUTE_SUFFIX,POSTMILE_PREFIX,POSTMILE,LOCATION_TYPE,RAMP_INTERSECTION,SIDE_OF_HWY,TOW_AWAY,COLLISION_SEVERITY,NUMBER_KILLED,NUMBER_INJURED,PARTY_COUNT,PRIMARY_COLL_FACTOR,PCF_CODE_OF_VIOL,PCF_VIOL_CATEGORY,PCF_VIOLATION,PCF_VIOL_SUBSECTION,HIT_AND_RUN,TYPE_OF_COLLISION,MVIW,PED_ACTION,ROAD_SURFACE,ROAD_COND_1,ROAD_COND_2,LIGHTING,CONTROL_DEVICE,CHP_ROAD_TYPE,PEDESTRIAN_ACCIDENT,BICYCLE_ACCIDENT,MOTORCYCLE_ACCIDENT,TRUCK_ACCIDENT,NOT_PRIVATE_PROPERTY,ALCOHOL_INVOLVED,STWD_VEHTYPE_AT_FAULT,CHP_VEHTYPE_AT_FAULT,COUNT_SEVERE_INJ,COUNT_VISIBLE_INJ,COUNT_COMPLAINT_PAIN,COUNT_PED_KILLED,COUNT_PED_INJURED,COUNT_BICYCLIST_KILLED,COUNT_BICYCLIST_INJURED,COUNT_MC_KILLED,COUNT_MC_INJURED,PRIMARY_RAMP,SECONDARY_RAMP,LATITUDE,LONGITUDE,COUNTY,CITY,POINT_X,POINT_Y
5598230,2012,2013-08-21,3711,2012-04-29,0335,6764,,7,5,7,3711,0,0,0,,0,511,"HARBOR BL","PARK BL",104.00,W,N,A,-,N,,,,,,,,,,N,3,0,1,2,A,-,08,22107,,M,G,B,D,A,H,-,C,D,0,Y,,,,Y,Y,-,"- ",0,1,0,0,1,0,0,0,0,"- ","- ",,,"SAN DIEGO","SAN DIEGO",-117.15796845,32.705129049999996
5598232,2012,2013-08-19,3711,2012-04-27,0900,6208,,5,5,7,3711,0,0,0,,0,614,"BACON ST","POINT LOMA BL",986.00,E,N,B,-,N,,,,,,,,,,N,3,0,1,2,A,-,08,22100,B,N,H,G,A,A,H,-,A,D,0,,Y,,,Y,,L,04,0,1,0,0,0,0,1,0,0,"- ","- ",,,"SAN DIEGO","SAN DIEGO",-117.24325392999999,32.755049370000002
5598346,2012,2013-08-16,3711,2012-04-17,1640,6610,,2,5,7,3711,0,0,0,,0,626,"LEWIS ST","IBIS ST",4.00,E,N,A,-,N,,,,,,,,,,N,4,0,1,2,A,-,08,22107,,N,B,G,A,A,H,-,A,D,0,,Y,,,Y,,-,"- ",0,0,1,0,0,0,1,0,0,"- ","- ",,,"SAN DIEGO","SAN DIEGO",-117.17320893999999,32.751785050000002
5598876,2012,2013-09-11,3711,2012-05-02,0915,5257,"SAN D",3,5,7,3711,0,0,0,,0,524,"ASH ST","3RD AV",12.00,W,N,A,-,N,,,,,,,,,,N,4,0,1,2,A,-,10,21950,A,N,A,B,B,A,H,-,A,A,0,Y,,,,Y,,A,08,0,0,1,0,1,0,0,0,0,"- ","- ",,,"SAN DIEGO","SAN DIEGO",-117.16208079,32.719874760000003
5607437,2012,2013-08-15,3711,2012-04-19,2154,5046,,4,5,7,3711,0,0,0,,0,523,"F ST","600 6TH AV",0.00,,Y,A,-,N,,,,,,,,,,Y,4,0,1,2,A,-,12,21453,A,N,D,G,A,A,H,-,C,A,0,,Y,,,Y,Y,L,04,0,0,1,0,0,0,1,0,0,"- ","- ",,,"SAN DIEGO","SAN DIEGO",,
5610957,2012,2013-09-14,3711,2012-05-08,0740,6252,,2,5,7,3711,0,0,0,,0,613,"NIMITZ BL","POINT LOMA BL",0.00,,Y,B,-,N,,,,,,,,,,N,3,0,1,2,A,-,08,22107,,N,D,G,A,A,-,-,A,A,0,,Y,,,Y,,D,22,0,1,0,0,0,0,1,0,0,"- ","- ",,,"SAN DIEGO","SAN DIEGO",-117.23610196,32.751204770000001
5612456,2012,2013-09-19,3711,2012-05-05,2000,5231,"SAN D",6,5,7,3711,0,0,0,,0,823,"UNIVERSITY AV","58TH ST",0.00,,Y,A,-,N,,,,,,,,,,N,3,0,1,2,A,-,08,22107,,N,B,G,A,A,H,-,C,A,0,,Y,,,Y,,-,"- ",0,1,0,0,0,0,1,0,0,"- ","- ",,,"SAN DIEGO","SAN DIEGO",-117.07271201,32.74897489
5612476,2012,2013-09-19,3711,2012-05-05,1654,4897,,6,5,7,3711,0,0,0,,0,123,"FIESTA ISLAND RD","900 FIESTA ISLAND RD",0.00,,N,A,-,N,,,,,,,,,,N,3,0,1,2,A,-,09,21804,A,N,C,G,A,A,H,-,A,D,0,,Y,,,Y,,A,01,0,1,0,0,0,0,1,0,0,"- ","- ",,,"SAN DIEGO","SAN DIEGO",-117.21679688,32.788660530000001
5613752,2012,2013-09-12,3711,2012-05-08,2040,6824,,2,5,7,3711,0,0,0,,0,431,"ROSWELL ST","MELROSE PL",0.00,N,N,A,-,N,,,,,,,,,,Y,4,0,1,5,A,-,08,22107,,N,D,B,F,A,H,-,C,D,0,Y,,,,Y,,-,"- ",0,0,1,0,1,0,0,0,0,"- ","- ",,,"SAN DIEGO","SAN DIEGO",-117.08156194999999,32.713424879999998
5614537,2012,2013-07-27,3711,2012-03-08,1917,6402,,4,5,7,3711,0,0,0,,0,524,"ASH ST","9TH AV",19.00,W,N,A,-,N,,,,,,,,,,N,3,0,1,2,A,-,11,21955,,N,G,B,D,A,H,-,C,A,0,Y,,,,Y,,A,01,0,1,0,0,1,0,0,0,0,"- ","- ",,,"SAN DIEGO","SAN DIEGO",-117.15660346999999,32.719884129999997
5618379,2012,2013-09-16,3711,2012-05-08,1851,5916,,2,5,7,3711,0,0,0,,0,232,"CARMEL MOUNTAIN RD","CONFERENCE WY",0.00,,Y,A,-,N,,,,,,,,,,N,3,0,1,3,A,-,03,22350,,N,D,G,A,A,H,-,A,A,0,,Y,,,Y,,L,04,0,1,0,0,0,0,1,0,0,"- ","- ",,,"SAN DIEGO","SAN DIEGO",-117.07562195,32.985704900000002
5618398,2012,2013-09-16,3711,2012-05-14,2150,6589,SD,1,5,7,3711,0,0,0,,0,628,"INDIA ST","SASSAFRAS ST",18.00,S,N,B,-,N,,,,,,,,,,N,3,0,1,2,A,-,10,21950,A,N,G,B,B,A,H,-,D,A,0,Y,,,,Y,,-,"- ",0,1,0,0,1,0,0,0,0,"- ","- ",,,"SAN DIEGO","SAN DIEGO",-117.17600652,32.737285559999997
5619797,2012,2013-08-31,3711,2012-05-13,1417,6318,,7,5,7,3711,0,0,0,,0,444,"MARKET ST","GATEWAY CENTER DR",0.00,,Y,A,-,N,,,,,,,,,,N,4,0,1,2,D,-,00,,,M,G,B,B,A,H,-,A,A,0,Y,,,,Y,,-,"- ",0,0,1,0,1,0,0,0,0,"- ","- ",,,"SAN DIEGO","SAN DIEGO",-117.114272,32.711454789999998
5619800,2012,2013-08-31,3711,2012-05-14,2135,6834,,1,5,7,3711,0,0,0,,0,723,"PICADOR BL","3600 CEDAR GLEN WY",0.00,,N,A,-,N,,,,,,,,,,N,4,0,1,2,A,-,11,21954,A,N,G,B,D,A,H,-,C,D,0,Y,,,,Y,,N,60,0,0,1,0,1,0,0,0,0,"- ","- ",,,"SAN DIEGO","SAN DIEGO",-117.05559988,32.575790050000002
5619942,2012,2013-09-21,3711,2012-05-03,2015,4653,,4,5,7,3711,0,0,0,,0,721,"SATURN BL","AVENIDA DEL MEXICO",0.00,,Y,B,-,N,,,,,,,,,,N,2,0,1,2,A,-,10,21950,A,F,G,B,B,A,H,-,C,A,0,Y,,,,Y,,-,99,1,0,0,0,1,0,0,0,0,"- ","- ",,,"SAN DIEGO","SAN DIEGO",-117.09273199,32.582884790000001
5619990,2012,2013-09-21,3711,2012-05-08,1630,5994,,2,5,7,3711,0,0,0,,0,821,"EL CAJON BL","70TH ST",50.00,E,N,A,-,N,,,,,,,,,,N,4,0,1,2,A,-,05,21650,1,M,D,G,A,A,H,-,A,D,0,,Y,,,Y,,L,04,0,0,1,0,0,0,1,0,0,"- ","- ",,,"SAN DIEGO","SAN DIEGO",-117.04692985,32.768728439999997
5630839,2012,2014-02-07,9645,2012-05-11,1855,19322,,5,2,7,3711,0,1,1,,2,021,"RT 15","OCEAN VIEW BL",12.00,N,N,A,-,Y,SD,11,15,-,R,0.666,R,3,S,N,3,0,1,2,A,-,10,21950,A,N,G,B,B,A,H,-,A,A,1,Y,,,,Y,,A,01,0,1,0,0,1,0,0,0,0,FR,"- ",32.701479999999997,-117.1219,"SAN DIEGO","SAN DIEGO",-117.12107586,32.696931509999999
5631555,2012,2013-09-17,3711,2012-05-22,1810,5985,,2,5,7,3711,0,0,0,,0,523,"5TH AV","L ST",0.00,,Y,A,-,N,,,,,,,,,,N,3,0,1,2,A,-,10,21950,A,N,G,B,B,A,H,-,A,D,0,Y,,,,Y,,A,01,0,1,0,0,1,0,0,0,0,"- ","- ",,,"SAN DIEGO","SAN DIEGO",-117.16033198,32.707164779999999
5631747,2012,2013-09-21,3711,2012-05-29,1840,6104,,2,5,7,3711,0,0,0,,0,627,"1ST AV","WASHINGTON ST",120.00,S,N,A,-,N,,,,,,,,,,N,4,0,1,2,A,-,06,21750,,N,B,G,A,A,H,-,A,D,0,,Y,,,Y,,L,04,0,0,1,0,0,0,1,0,0,"- ","- ",,,"SAN DIEGO","SAN DIEGO",-117.1639119,32.749576040000001
5634178,2012,2013-09-09,3711,2012-05-10,1416,6680,SANDI,4,5,7,3711,0,0,0,,0,447,"LISE AV","LISE AV 5010",0.00,,N,A,-,N,,,,,,,,,,N,3,0,1,2,A,-,11,21954,A,N,D,B,E,A,H,-,A,D,0,Y,,,,Y,,N,60,0,1,0,0,1,0,0,0,0,"- ","- ",,,"SAN DIEGO","SAN DIEGO",-117.08623767,32.713579529999997
5634184,2012,2013-09-09,3711,2012-05-16,1532,6080,,3,5,7,3711,0,0,0,,0,526,"4TH AV","4TH AV 1400",0.00,,N,A,-,N,,,,,,,,,,N,4,0,1,1,A,-,"- ",,,N,H,G,A,A,H,-,A,D,0,,Y,,,Y,,L,04,0,0,1,0,0,0,1,0,0,"- ","- ",,,"SAN DIEGO","SAN DIEGO",-117.16113566999999,32.719878680000001
5634185,2012,2013-09-10,3711,2012-05-11,1855,5495,,5,5,7,3711,0,0,0,,0,517,BROADWAY,"20TH ST",0.00,,Y,B,-,N,,,,,,,,,,N,3,0,1,2,A,-,09,21801,A,N,D,G,A,A,H,-,A,D,0,,Y,,,Y,,-,"- ",0,1,0,0,0,0,1,0,0,"- ","- ",,,"SAN DIEGO","SAN DIEGO",-117.14589196,32.715744860000001
5637450,2012,2013-09-21,3711,2012-05-31,1725,5635,,4,5,7,3711,0,0,0,,0,115,"GENESEE AV","CAMPUS POINT DR",0.00,,Y,A,-,N,,,,,,,,,,N,3,0,1,2,A,-,05,21650,1,N,D,G,A,A,H,-,A,A,0,,Y,,,Y,,L,04,0,1,0,0,0,0,1,0,0,"- ","- ",,,"SAN DIEGO","SAN DIEGO",-117.22026193000001,32.881984889999998
5638022,2012,2014-04-16,3711,2012-07-07,1824,5051,,6,5,7,3711,0,0,0,,0,116,"MORENA BL","KNOXVILLE ST",108.00,E,N,A,-,N,,,,,,,,,,N,1,1,1,2,A,-,05,21650,,N,H,G,A,A,H,-,A,D,0,,Y,Y,,Y,Y,L,04,0,0,1,0,0,1,0,0,1,"- ","- ",,,"SAN DIEGO","SAN DIEGO",-117.20356302,32.77307751
5638817,2012,2014-04-18,3711,2012-10-15,2128,5051,,1,5,7,3711,0,0,0,,0,233,"CARMEL MOUNTAIN RD","SUNDANCE AV",0.00,,Y,A,-,N,,,,,,,,,,Y,1,2,0,2,D,-,00,,,N,G,B,B,A,H,-,C,A,0,Y,,Y,,Y,,-,"- ",0,0,0,1,0,0,0,1,0,"- ","- ",,,"SAN DIEGO","SAN DIEGO",-117.14530191999999,32.956834839999999
5639050,2012,2014-04-18,9645,2012-09-08,2345,019322,,6,3,7,3711,0,1,1,,2,003,"RT 5","1ST AV",220.00,N,N,A,-,Y,SD,11,5,-,R,16.630,H,-,N,Y,1,1,1,4,A,-,11,21954,A,N,G,B,E,A,H,-,D,D,1,Y,,Y,,Y,Y,N,60,1,0,0,0,1,0,0,1,0,"- ","- ",32.724350000000001,-117.16484,"SAN DIEGO","SAN DIEGO",-117.16290298,32.72298507
5639249,2013,2013-01-17,3711,2013-01-03,1750,6000,,4,5,7,3711,0,0,0,,0,114,"CLAIREMONT MESA BL","RT 805",196.00,W,N,A,-,N,,,,,,,,,,N,1,1,0,2,A,-,08,22107,,N,H,G,A,A,H,-,C,D,0,,Y,,,Y,,L,04,0,0,0,0,0,1,0,0,0,"- ",SO,,,"SAN DIEGO","SAN DIEGO",-117.17044180000001,32.833691799999997
5639318,2012,2013-01-23,3711,2012-12-23,1857,4656,"SAN D",7,5,7,3711,0,0,0,,0,723,"PICADOR BL","AREY DR",0.00,,Y,A,-,N,,,,,,,,,,Y,1,1,0,2,A,-,11,21456,B,N,G,B,B,A,H,-,C,A,0,Y,,,,Y,,N,60,0,0,0,1,0,0,0,0,0,"- ","- ",,,"SAN DIEGO","SAN DIEGO",-117.05883190999999,32.578544829999998
5639567,2012,2013-02-20,9645,2012-12-13,0655,015676,,4,1,7,3711,1,1,1,,2,011,"RT 805","EL CAJON BL",2.00,N,N,C,-,Y,SD,11,805,-,-,16.430,H,-,S,Y,1,1,1,3,A,-,03,22350,,N,G,B,E,B,H,-,A,D,1,Y,,,,Y,,A,01,0,0,1,1,0,0,0,0,0,"- ","- ",32.755270000000003,-117.12521,"SAN DIEGO","SAN DIEGO",-117.12508353,32.755153700000001
5644136,2012,2013-10-19,3711,2012-06-03,0935,6243,,7,5,7,3711,0,0,0,,0,123,"MISSION BAY","QUIVIRA ACCESS",0.00,,Y,B,-,N,,,,,,,,,,N,3,0,1,2,A,-,05,21650,1,N,G,G,A,A,H,-,A,A,0,,Y,,,Y,,L,04,0,1,0,0,0,0,1,0,0,"- ","- ",,,"SAN DIEGO","SAN DIEGO",-117.23791994,32.765470049999998
5644140,2012,2013-10-19,3711,2012-06-05,2149,6839,,2,5,7,3711,0,0,0,,0,242,"BLACK MOUNTAIN RD","MIRA MESA BL",0.00,,Y,A,-,N,,,,,,,,,,N,3,0,1,2,A,-,05,21650,1,N,B,G,A,A,H,-,C,A,0,,Y,,,Y,,-,"- ",0,1,0,0,0,0,1,0,0,"- ","- ",,,"SAN DIEGO","SAN DIEGO",-117.12492191,32.917214899999998
5645704,2012,2013-09-21,3711,2012-05-18,2310,5791,,5,5,7,3711,0,0,0,,0,122,"PACIFIC BEACH DR","BAYARD ST",200.00,E,N,A,-,N,,,,,,,,,,N,3,0,1,2,A,-,05,21650,1,N,A,G,A,A,H,-,D,D,0,,Y,,,Y,Y,L,04,0,1,0,0,0,0,1,0,0,"- ","- ",,,"SAN DIEGO","SAN DIEGO",-117.25131553999999,32.791467300000001
5645716,2012,2013-09-21,3711,2012-05-15,1638,6461,SANDI,2,5,7,3711,0,0,0,,0,122,"KENDALL ST",ROOSEVELT,250.00,N,N,A,-,N,,,,,,,,,,N,3,0,1,2,A,-,03,22350,,N,E,B,D,A,H,-,A,D,0,Y,,,,Y,,-,"- ",0,1,0,0,1,0,0,0,0,"- ","- ",,,"SAN DIEGO","SAN DIEGO",-117.23462351000001,32.792008170000003
5645728,2012,2013-12-30,3711,2012-05-23,2020,6775,,3,5,7,3711,0,0,0,,0,621,"WASHINGTON ST","3RD AV",49.00,E,-,B,-,N,,,,,,,,,,N,4,0,1,2,A,-,11,21955,,N,G,B,D,A,H,-,C,D,0,Y,,,,Y,Y,N,60,0,0,1,0,1,0,0,0,0,"- ","- ",,,"SAN DIEGO","SAN DIEGO",-117.16265307,32.749906119999999
5645731,2012,2013-12-30,3711,2012-05-25,1126,4848,,5,5,7,3711,0,0,0,,0,612,"ROSECRANS ST",WOMBLE,6.00,N,N,B,-,N,,,,,,,,,,N,3,0,1,2,A,-,09,21804,A,N,D,G,A,A,H,-,A,A,0,,Y,,,Y,,L,04,0,1,0,0,0,0,1,0,0,"- ","- ",,,"SAN DIEGO","SAN DIEGO",-117.21874683999999,32.736749719999999
5666783,2012,2013-09-26,3711,2012-06-06,0933,5916,,3,5,7,3711,0,0,0,,0,115,"NOBLE DR","DANICA MAE DR",0.00,,Y,A,-,N,,,,,,,,,,N,4,0,1,2,A,-,11,21954,A,M,G,B,D,A,H,-,A,D,0,Y,,,,Y,,N,60,0,0,1,0,1,0,0,0,0,"- ","- ",,,"SAN DIEGO","SAN DIEGO",-117.22115196999999,32.868184849999999
5673509,2012,2013-09-07,3711,2012-05-20,0744,4938,,7,5,7,3711,0,0,0,,0,326,"MONTEZUMA RD","MONTEZUMA RD 5800",0.00,,N,A,-,N,,,,,,,,,,N,4,0,1,2,A,-,"- ",,,M,G,B,F,A,H,-,A,D,0,Y,,,,Y,,-,"- ",0,0,1,0,1,0,0,0,0,"- ","- ",,,"SAN DIEGO","SAN DIEGO",-117.07192003999999,32.770697980000001
5675275,2012,2013-10-12,3711,2012-06-22,2035,5046,,5,5,7,3711,0,0,0,,0,826,"EL CAJON BL","50TH ST",38.00,W,N,A,-,N,,,,,,,,,,N,3,0,1,2,A,-,10,21950,A,M,D,B,D,A,H,-,C,A,0,Y,,,,Y,Y,-,"- ",0,1,0,0,1,0,0,0,0,"- ","- ",,,"SAN DIEGO","SAN DIEGO",-117.08697322,32.7567168
5675715,2012,2013-09-26,3711,2012-06-26,1320,5133,,2,5,7,3711,0,0,0,,0,446,"EUCLID AV","NARANJA ST",202.00,N,N,A,-,N,,,,,,,,,,N,4,0,1,2,A,-,09,21802,A,N,G,B,F,A,H,-,A,D,0,Y,,,,Y,,A,01,0,0,1,0,1,0,0,0,0,"- ","- ",,,"SAN DIEGO","SAN DIEGO",-117.08500581,32.709168050000002
5678740,2012,2013-09-26,3711,2012-06-06,0832,5514,,3,5,7,3711,0,0,0,,0,521,"16TH ST","IMPERIAL AV",15.00,S,N,A,-,N,,,,,,,,,,N,4,0,1,2,A,-,11,21453,D,N,G,B,B,A,H,-,A,A,0,Y,,,,Y,,N,60,0,0,1,0,1,0,0,0,0,"- ","- ",,,"SAN DIEGO","SAN DIEGO",-117.14949145,32.706183670000001
5683965,2012,2013-09-28,3711,2012-06-07,1855,6376,,4,5,7,3711,0,0,0,,0,446,"LOGAN AV","SOUTH 47TH ST",0.00,,Y,A,-,N,,,,,,,,,,N,3,0,1,2,A,-,10,21950,A,N,G,B,B,A,H,-,A,A,0,Y,,,,Y,,-,"- ",0,1,0,0,1,0,0,0,0,"- ","- ",,,"SAN DIEGO","SAN DIEGO",-117.09376199,32.696784839999999
5720905,2012,2013-09-28,3711,2012-06-16,1924,6405,,6,5,7,3711,0,0,0,,0,826,ALTADENA,ORANGE,45.00,S,N,B,-,N,,,,,,,,,,N,3,0,1,2,A,-,11,21954,A,N,D,G,A,A,H,-,A,D,0,,Y,,,Y,,L,04,0,1,0,0,0,0,1,0,0,"- ","- ",,,"SAN DIEGO","SAN DIEGO",-117.08580263,32.752931510000003
5723146,2012,2013-10-12,3711,2012-06-25,1844,5918,,1,5,7,3711,0,0,0,,0,432,"REYNOLDS ST","PALIN ST",30.00,E,N,A,-,N,,,,,,,,,,N,4,0,1,2,A,-,05,21650,,N,H,G,A,A,H,-,A,A,0,,Y,,,Y,,L,04,0,0,1,0,0,0,1,0,0,"- ","- ",,,"SAN DIEGO","SAN DIEGO",-117.0830965,32.694613990000001
5723166,2012,2013-10-12,3711,2012-06-29,1134,5805,,5,5,7,3711,0,0,0,,0,512,"NATIONAL AV","30TH ST",0.00,,N,A,-,N,,,,,,,,,,N,3,0,1,2,A,-,11,21954,A,N,G,B,D,A,H,-,A,A,0,Y,,,,Y,,N,60,0,1,0,0,1,0,0,0,0,"- ","- ",,,"SAN DIEGO","SAN DIEGO",-117.12951191000001,32.695924859999998
5723428,2012,2013-11-02,3711,2012-07-01,2328,3939,,7,5,7,3711,0,0,0,,0,115,"NOBEL DR",LEBSON,254.00,W,N,B,-,N,,,,,,,,,,N,4,0,1,2,A,-,11,21955,,N,G,B,D,A,H,-,C,D,0,Y,,,,Y,Y,N,60,0,0,1,0,1,0,0,0,0,"- ","- ",,,"SAN DIEGO","SAN DIEGO",-117.2257036,32.868488890000002
5724995,2012,2013-10-26,3711,2012-07-03,2100,5926,3711,2,5,7,3711,0,0,0,,0,823,"UNIVERSITY AV","58TH ST",374.00,W,N,B,-,N,,,,,,,,,,N,3,0,1,2,A,-,11,21954,A,N,G,B,D,A,H,-,C,D,0,Y,,,,Y,Y,N,60,0,1,0,0,1,0,0,0,0,"- ","- ",,,"SAN DIEGO","SAN DIEGO",-117.07367541000001,32.748358379999999
5725054,2012,2014-04-18,3711,2012-07-07,1509,6696,,6,5,7,3711,0,0,0,,0,826,"53RD ST","TROJAN AV",10.00,N,N,-,-,N,,,,,,,,,,N,4,0,1,2,A,-,12,22450,A,N,H,G,A,A,H,-,A,B,0,,Y,,,Y,,-,"- ",0,0,1,0,0,0,1,0,0,"- ","- ",,,"SAN DIEGO","SAN DIEGO",-117.08143447,32.75490207
5727807,2012,2013-10-01,3711,2012-06-17,1329,6874,,7,5,7,3711,0,0,0,,0,446,"SOUTH 47TH ST",IMPERIAL,285.00,S,N,A,-,N,,,,,,,,,,N,3,0,1,2,A,-,08,22107,,N,H,G,A,A,H,-,A,A,0,,Y,,,Y,,L,04,0,1,0,0,0,0,1,0,0,"- ","- ",,,"SAN DIEGO","SAN DIEGO",-117.09373581,32.703284629999999
5731292,2012,2013-11-01,9645,2012-07-06,2220,01849,,5,3,7,3711,0,1,1,,2,015,"RT 805","CLAIREMONT MESA",48.00,N,N,A,-,Y,SD,11,805,-,-,22.702,R,3,N,Y,2,0,1,2,A,-,08,22107,,N,D,G,A,A,H,-,D,D,1,,Y,,,Y,,L,04,1,0,0,0,0,0,1,0,0,"- ","- ",32.833010000000002,-117.16619,"SAN DIEGO","SAN DIEGO",-117.17131185,32.836604809999997
5734449,2012,2013-10-26,3711,2012-07-11,1838,5762,,3,5,7,3711,0,0,0,,0,321,"SAN DIEGO MISSION RD","RANCHO MISSION RD",11.00,E,N,B,-,N,,,,,,,,,,N,4,0,1,2,A,-,10,21950,A,N,H,G,A,A,H,-,A,A,0,,Y,,,Y,,A,01,0,0,1,0,0,0,1,0,0,"- ","- ",,,"SAN DIEGO","SAN DIEGO",-117.11038786,32.784905760000001
5734641,2012,2013-11-01,3711,2012-07-13,1805,6619,,5,5,7,3711,0,0,0,,0,433,"61ST ST","BROOKLYN AV",400.00,S,N,A,-,N,,,,,,,,,,N,3,0,1,2,A,-,09,21804,A,N,D,G,A,A,H,-,A,D,0,,Y,,,Y,,-,"- ",0,1,0,0,0,0,1,0,0,"- ","- ",,,"SAN DIEGO","SAN DIEGO",-117.06669521000001,32.712049139999998
5734694,2012,2014-04-18,3711,2012-07-13,2145,5046,,5,5,7,3711,0,0,0,,0,624,"EL CAJON BL","ALABAMA ST/MISSISSIPI S",0.00,,N,A,-,N,,,,,,,,,,N,3,0,1,2,A,-,11,21954,A,N,G,B,D,A,H,-,C,D,0,Y,,,,Y,Y,N,60,0,1,0,0,1,0,0,0,0,"- ","- ",,,"SAN DIEGO","SAN DIEGO",,
5734701,2012,2013-10-31,3711,2012-07-07,2155,6072,,6,5,7,3711,0,0,0,,0,625,"SAN DIEGO  AV","WEST WASHINGTON ST",63.00,N,N,A,-,N,,,,,,,,,,,3,0,1,2,A,-,05,21650,1,N,A,G,A,A,H,-,D,D,0,,Y,,,Y,,L,04,0,1,0,0,0,0,1,0,0,"- ","- ",,,"SAN DIEGO","SAN DIEGO",-117.18217931,32.742890260000003
5734798,2012,2013-10-31,3711,2012-07-12,2223,5340,,4,5,7,3711,0,0,0,,0,443,"DIVISION ST","40TH ST",92.00,E,N,A,-,N,,,,,,,,,,N,4,0,1,2,A,-,"- ",,,N,G,B,D,A,H,-,D,D,0,Y,,,,Y,Y,N,60,0,0,1,0,1,0,0,0,0,"- ","- ",,,"SAN DIEGO","SAN DIEGO",-117.1062599,32.68364622
5741809,2012,2013-10-23,3711,2012-07-12,0820,5262,,4,5,7,3711,0,0,0,,0,628,"INDIA ST","WEST LAUREL ST",380.00,N,N,B,-,N,,,,,,,,,,N,3,0,1,2,A,-,08,22107,,N,-,G,A,A,H,-,A,D,0,,Y,,,Y,,A,01,0,1,0,0,0,0,1,0,0,"- ","- ",,,"SAN DIEGO","SAN DIEGO",-117.17134254,32.731338749999999
5743004,2012,2013-11-07,3711,2012-07-22,1445,6810,,7,5,7,3711,0,0,0,,0,434,"CARDIFF ST","JAMACHA RD",792.00,S,N,A,-,N,,,,,,,,,,N,3,0,1,2,A,-,09,21804,A,N,C,B,E,A,H,-,A,D,0,Y,,,,Y,,-,"- ",0,1,0,0,1,0,0,0,0,"- ","- ",,,"SAN DIEGO","SAN DIEGO",-117.02533176,32.715667850000003
5743040,2012,2013-11-07,3711,2012-07-23,1635,6829,,1,5,7,3711,0,0,0,,0,621,"ULRIC ST","DUNLOP ST",110.00,S,N,A,-,N,,,,,,,,,,N,4,0,1,2,A,-,08,22107,,N,D,G,A,A,H,-,A,D,0,,Y,,,Y,,A,01,0,0,1,0,0,0,1,0,0,"- ","- ",,,"SAN DIEGO","SAN DIEGO",-117.16889901,32.785306339999998
5743073,2012,2013-11-02,3711,2012-07-16,0950,4236,,1,5,7,3711,0,0,0,,0,721,"18TH ST","ELM ST",220.00,S,N,A,-,N,,,,,,,,,,N,3,0,1,2,A,-,08,22100,B,N,A,B,E,A,H,-,A,D,0,Y,,,,Y,,-,"- ",0,1,0,0,1,0,0,0,0,"- ","- ",,,"SAN DIEGO","SAN DIEGO",-117.09488288999999,32.580042130000002
5743075,2012,2013-11-05,3711,2012-07-07,0150,3661,SANDI,6,5,7,3711,0,0,0,,0,122,"MISSION BL","HORNBLEND ST",0.00,,Y,A,-,N,,,,,,,,,,N,3,0,1,2,A,-,11,21954,A,N,G,B,E,A,H,-,C,D,0,Y,,,,Y,,N,60,0,1,0,0,1,0,0,0,0,"- ","- ",,,"SAN DIEGO","SAN DIEGO",-117.25522193,32.795634870000001
5743081,2012,2013-11-06,3711,2012-07-10,1810,HILTON,SD,2,5,7,3711,0,0,0,,0,123,"EAST MISSION BAY DR","THE HILTON DR",0.00,,Y,A,-,N,,,,,,,,,,N,3,0,1,2,A,-,09,21801,A,N,D,G,A,A,H,-,A,A,0,,Y,,,Y,,-,"- ",0,1,0,0,0,0,1,0,0,"- ","- ",,,"SAN DIEGO","SAN DIEGO",-117.20958530999999,32.778893429999997
5743082,2012,2014-04-25,3711,2012-07-20,1500,4771,,5,5,7,3711,0,0,0,,0,721,"PALM AV","1700 PALM AV",0.00,,Y,F,-,Y,SD,11,75,-,-,9.550,H,-,N,N,3,0,1,2,A,-,05,21202,A,M,A,G,A,A,G,-,A,D,0,,Y,,,Y,Y,L,04,0,1,0,0,0,0,1,0,0,"- ","- ",,,"SAN DIEGO","SAN DIEGO",-117.09667494999999,32.583904779999997
5748908,2012,2013-10-26,3711,2012-07-22,1225,4428,,7,5,7,3711,0,0,0,,0,122,"GARNET AV","EVERTS ST",12.00,W,N,B,-,N,,,,,,,,,,N,3,0,2,3,A,-,10,21950,A,N,G,B,B,A,H,-,A,A,0,Y,,,,Y,,-,"- ",0,2,0,0,2,0,0,0,0,"- ","- ",,,"SAN DIEGO","SAN DIEGO",-117.24823961,32.79815653