CASE_ID,ACCIDENT_YEAR,PROC_DATE,JURIS,COLLISION_DATE,COLLISION_TIME,OFFICER_ID,REPORTING_DISTRICT,DAY_OF_WEEK,CHP_SHIFT,POPULATION,CNTY_CITY_LOC,SPECIAL_COND,BEAT_TYPE,CHP_BEAT_TYPE,CITY_DIVISION_LAPD,CHP_BEAT_CLASS,BEAT_NUMBER,PRIMARY_RD,SECONDARY_RD,DISTANCE,DIRECTION,INTERSECTION,WEATHER_1,WEATHER_2,STATE_HWY_IND,CALTRANS_COUNTY,CALTRANS_DISTRICT,STATE_ROUTE,ROUTE_SUFFIX,POSTMILE_PREFIX,POSTMILE,LOCATION_TYPE,RAMP_INTERSECTION,SIDE_OF_HWY,TOW_AWAY,COLLISION_SEVERITY,NUMBER_KILLED,NUMBER_INJURED,PARTY_COUNT,PRIMARY_COLL_FACTOR,PCF_CODE_OF_VIOL,PCF_VIOL_CATEGORY,PCF_VIOLATION,PCF_VIOL_SUBSECTION,HIT_AND_RUN,TYPE_OF_COLLISION,MVIW,PED_ACTION,ROAD_SURFACE,ROAD_COND_1,ROAD_COND_2,LIGHTING,CONTROL_DEVICE,CHP_ROAD_TYPE,PEDESTRIAN_ACCIDENT,BICYCLE_ACCIDENT,MOTORCYCLE_ACCIDENT,TRUCK_ACCIDENT,NOT_PRIVATE_PROPERTY,ALCOHOL_INVOLVED,STWD_VEHTYPE_AT_FAULT,CHP_VEHTYPE_AT_FAULT,COUNT_SEVERE_INJ,COUNT_VISIBLE_INJ,COUNT_COMPLAINT_PAIN,COUNT_PED_KILLED,COUNT_PED_INJURED,COUNT_BICYCLIST_KILLED,COUNT_BICYCLIST_INJURED,COUNT_MC_KILLED,COUNT_MC_INJURED,PRIMARY_RAMP,SECONDARY_RAMP,LATITUDE,LONGITUDE,COUNTY,CITY,POINT_X,POINT_Y
5748932,2012,2013-10-26,3711,2012-07-25,1915,6179,,3,5,7,3711,0,0,0,,0,623,"HOTEL CIRCLE SOUTH","HOTEL CIRCLE CT",1056.00,W,N,B,-,N,,,,,,,,,,N,3,0,1,2,A,-,09,21801,A,N,D,G,A,A,H,-,A,D,0,,Y,,,Y,,-,"- ",0,1,0,0,0,0,1,0,0,"- ","- ",,,"SAN DIEGO","SAN DIEGO",-117.17770195,32.758971639999999
5750747,2012,2013-10-23,9645,2012-07-21,0155,18163,,6,3,7,3711,0,1,1,,2,019,"RT 15","CAMINO DEL NORTE",2112.00,N,N,A,-,Y,SD,11,15,-,M,22.520,H,-,N,N,2,0,1,2,A,-,11,21954,A,N,G,B,E,A,H,-,C,D,1,Y,,,,Y,Y,N,60,1,0,0,0,1,0,0,0,0,"- ","- ",33.006050000000002,-117.8047,"SAN DIEGO","SAN DIEGO",-117.08056148,33.005448680000001
5751623,2012,2014-04-25,3711,2012-07-28,0830,5480,,6,5,7,3711,0,0,0,,0,115,"LA JOLLA COLONY DR","RT 5",0.00,,Y,A,-,Y,SD,11,5,-,R,26.624,R,4,N,N,3,0,1,2,A,-,"- ",,,N,H,G,A,A,H,-,A,A,0,,Y,,,Y,,-,"- ",0,1,0,0,0,0,1,0,0,"- ",NF,,,"SAN DIEGO","SAN DIEGO",-117.23617187000001,32.8453248
5755582,2012,2013-10-19,3711,2012-07-31,1554,4653,,2,5,7,3711,0,0,0,,0,313,"ARMOUR ST","PEPSI DR",0.00,,Y,A,-,N,,,,,,,,,,N,4,0,1,2,A,-,11,21954,A,N,G,B,E,A,H,-,A,D,0,Y,,,,Y,,N,60,0,0,1,0,1,0,0,0,0,"- ","- ",,,"SAN DIEGO","SAN DIEGO",-117.15311199999999,32.819954889999998
5756884,2012,2013-10-26,3711,2012-07-27,1920,6173,,5,5,7,3711,0,0,0,,0,122,"GRAND AV","INGRAHAM ST",0.00,,Y,A,-,N,,,,,,,,,,N,4,0,1,2,A,-,12,21453,A,N,D,G,A,A,H,-,A,A,0,,Y,,,Y,,L,04,0,0,1,0,0,0,1,0,0,"- ","- ",,,"SAN DIEGO","SAN DIEGO",-117.24029195,32.797924829999999
5756895,2012,2013-10-26,3711,2012-07-22,1746,5313,,7,5,7,3711,0,0,0,,0,,"LA JOLLA VILLAGE DR","TORREY PINES RD",0.00,,Y,A,B,N,,,,,,,,,,N,4,0,1,2,A,-,12,21453,A,N,D,G,A,A,H,-,A,A,0,,Y,,,Y,,-,"- ",0,0,1,0,0,0,1,0,0,"- ","- ",,,"SAN DIEGO","SAN DIEGO",-117.24237204000001,32.870144799999998
5756912,2012,2013-10-25,3711,2012-07-29,0141,4243,,7,5,7,3711,0,0,0,,0,122,"CASS ST","HORNBLEND ST",16.00,N,N,A,-,N,,,,,,,,,,N,3,0,2,3,A,-,10,21954,B,N,G,B,D,A,H,-,C,D,0,Y,,,,Y,Y,A,01,0,2,0,0,2,0,0,0,0,"- ","- ",,,"SAN DIEGO","SAN DIEGO",-117.25158458999999,32.796477279999998
5756924,2012,2013-11-01,3711,2012-07-28,1213,6460,,6,5,7,3711,0,0,0,,0,451,"STREAMVIEW DR","LYNN ST",3326.00,W,N,A,-,N,,,,,,,,,,N,3,0,1,2,A,-,08,22107,,N,B,B,F,A,H,-,A,D,0,Y,,,,Y,,-,"- ",0,1,0,0,1,0,0,0,0,"- ","- ",,,"SAN DIEGO","SAN DIEGO",,
5756939,2012,2013-10-26,3711,2012-07-20,1912,6068,SANDI,5,5,7,3711,0,0,0,,0,115,"NOBEL DR","COSTA VERDE BL",0.00,,Y,A,-,N,,,,,,,,,,N,3,0,1,2,A,-,09,21453,B,N,D,G,A,A,H,-,A,A,0,,Y,,,Y,,-,"- ",0,1,0,0,0,0,1,0,0,"- ","- ",,,"SAN DIEGO","SAN DIEGO",-117.21649194,32.866564830000002
5756952,2012,2013-10-25,3711,2012-07-27,1915,6491,,5,5,7,3711,0,0,0,,0,826,"TROJAN AV","ESTRELLA AV",0.00,,Y,A,-,N,,,,,,,,,,N,4,0,1,2,A,-,12,22450,,N,G,B,B,A,H,-,A,D,0,Y,,,,Y,,-,"- ",0,0,1,0,1,0,0,0,0,"- ","- ",,,"SAN DIEGO","SAN DIEGO",-117.090092,32.754914820000003
5757242,2012,2013-10-26,3711,2012-07-26,1501,4759,,4,5,7,3711,0,0,0,,0,124,"TURQUOISE ST","LA JOLLA MESA DR",141.00,W,N,B,-,N,,,,,,,,,,N,3,0,1,2,A,-,09,21801,A,N,H,G,A,A,H,-,A,D,0,,Y,,,Y,,-,"- ",0,1,0,0,0,0,1,0,0,"- ","- ",,,"SAN DIEGO","SAN DIEGO",-117.25968595000001,32.808531930000001
5757266,2012,2013-10-26,3711,2012-07-25,1330,4757,,3,5,7,3711,0,0,0,,0,511,"MAIN ST","SOUTH 28TH ST",13.00,E,N,A,-,N,,,,,,,,,,N,3,0,1,2,A,-,09,21802,A,N,H,G,A,A,H,-,A,A,0,,Y,,,Y,,-,"- ",0,1,0,0,0,0,1,0,0,"- ","- ",,,"SAN DIEGO","SAN DIEGO",-117.13364980999999,32.692745989999999
5762008,2012,2013-12-10,3711,2012-09-07,1206,5061,,5,5,7,3711,0,0,0,,0,611,"SPORTS ARENA BL","EAST DR",24.00,W,N,A,-,N,,,,,,,,,,N,2,0,1,2,A,-,08,22107,,N,D,G,A,A,H,-,A,D,0,,Y,,,Y,,I,11,1,0,0,0,0,0,1,0,0,"- ","- ",,,"SAN DIEGO","SAN DIEGO",-117.20844784000001,32.753059129999997
5765047,2012,2013-12-16,3711,2012-09-05,0703,3667,,3,5,7,3711,0,0,0,,0,122,"FANUEL ST","GRAND AV",0.00,,Y,B,-,N,,,,,,,,,,N,3,0,1,2,D,-,00,,,N,D,G,A,A,H,-,A,A,0,,Y,,,Y,,-,"- ",0,1,0,0,0,0,1,0,0,"- ","- ",,,"SAN DIEGO","SAN DIEGO",-117.24581200999999,32.796724820000001
5767801,2012,2013-11-25,9645,2012-08-17,1605,017473,,5,2,7,3711,0,1,1,,2,027,"RT 15","BALBOA AV",50.00,N,N,A,-,Y,SD,11,15,-,R,9.250,H,-,S,N,3,0,1,2,A,-,11,21954,A,N,G,B,E,A,H,-,A,D,1,Y,,,,Y,,N,60,0,1,0,0,1,0,0,0,0,"- ","- ",32.829509999999999,-117.11700999999999,"SAN DIEGO","SAN DIEGO",-117.11645771000001,32.821615540000003
5775300,2012,2013-12-18,3711,2012-10-02,1002,5450,,2,5,7,3711,0,0,0,,0,813,"30TH ST","REDWOOD ST",0.00,,Y,A,-,N,,,,,,,,,,N,4,0,1,2,A,-,11,21456,B,N,G,B,B,A,H,-,A,A,0,Y,,,,Y,,N,60,0,0,1,0,1,0,0,0,0,"- ","- ",,,"SAN DIEGO","SAN DIEGO",-117.12931192000001,32.737414860000001
5775566,2012,2013-12-06,3711,2012-09-11,1300,5514,,2,5,7,3711,0,0,0,,0,315,"TEXAS ST","CAMINO DEL RIO S",38.00,S,N,A,-,N,,,,,,,,,,Y,3,0,1,2,A,-,11,21954,A,N,G,B,D,A,H,-,A,A,0,Y,,,,Y,,N,60,0,1,0,0,1,0,0,0,0,"- ","- ",,,"SAN DIEGO","SAN DIEGO",-117.13925906999999,32.767214439999997
5778610,2012,2013-12-09,3711,2012-09-15,2303,5527,SANDI,6,5,7,3711,0,0,0,,0,628,"MAPLE ST","KETTNER BL",0.00,,Y,A,-,N,,,,,,,,,,N,4,0,1,2,A,-,11,21954,A,N,G,B,E,A,H,-,C,D,0,Y,,,,Y,,N,60,0,0,1,0,1,0,0,0,0,"- ","- ",,,"SAN DIEGO","SAN DIEGO",-117.17243203,32.731014860000002
5787431,2012,2013-12-02,3711,2012-08-16,1846,6647,SANDI,4,5,7,3711,0,0,0,,0,835,"WIGHTMAN AV","38TH ST",0.00,,Y,A,-,N,,,,,,,,,,N,3,0,2,2,A,-,08,22107,,N,B,G,A,A,H,-,A,D,0,,Y,,,Y,,-,"- ",0,1,1,0,0,0,2,0,0,"- ","- ",,,"SAN DIEGO","SAN DIEGO",-117.111902,32.747834830000002
5787453,2012,2013-11-12,3711,2012-08-14,0835,5624,,2,5,7,3711,0,0,0,,0,312,"CLAIREMONT MESA BL","PROMESA CT",0.00,,Y,A,-,N,,,,,,,,,,N,3,0,1,2,A,-,09,21801,A,N,D,G,A,A,H,-,A,D,0,,Y,,,Y,,A,01,0,1,0,0,0,0,1,0,0,"- ","- ",,,"SAN DIEGO","SAN DIEGO",-117.08623191,32.829044809999999
5787454,2012,2013-11-13,3711,2012-08-15,0855,6481,,3,5,7,3711,0,0,0,,0,437,"POTOMAC ST","SAIPAN DR",0.00,,Y,B,-,N,,,,,,,,,,N,4,0,1,2,B,-,22,,,N,G,B,F,-,H,-,A,D,0,Y,,,,Y,,-,"- ",0,0,1,0,1,0,0,0,0,"- ","- ",,,"SAN DIEGO","SAN DIEGO",-117.0555219,32.680894819999999
5787509,2012,2013-11-12,3711,2012-08-14,0715,6699,,2,5,7,3711,0,0,0,,0,724,"PALM AV","24TH ST",24.00,W,N,B,-,N,,,,,,,,,,,3,0,1,2,A,-,03,22350,,N,D,G,A,A,H,-,A,-,0,,Y,,,Y,,-,"- ",0,1,0,0,0,0,1,0,0,"- ","- ",,,"SAN DIEGO","SAN DIEGO",-117.08240953000001,32.583884750000003
5787802,2012,2013-11-25,3711,2012-08-06,0100,6032,,1,5,7,3711,0,0,0,,0,323,"COLLEGE AV","COLLEGE AV 5500",0.00,,N,A,-,N,,,,,,,,,,N,2,0,1,2,A,-,"- ",,,N,G,B,-,A,H,-,C,D,0,Y,,,,Y,,-,"- ",1,0,0,0,1,0,0,0,0,"- ","- ",,,"SAN DIEGO","SAN DIEGO",-117.06604511,32.779876960000003
5787806,2012,2013-11-25,3711,2012-08-09,1508,4663,,4,5,7,3711,0,0,0,,0,242,"CAMINO RUIZ","MIRA MESA BL",200.00,S,N,A,-,N,,,,,,,,,,N,4,0,1,2,A,-,09,21804,A,N,D,G,A,A,H,-,A,D,0,,Y,,,Y,,-,"- ",0,0,1,0,0,0,1,0,0,"- ","- ",,,"SAN DIEGO","SAN DIEGO",-117.14397302,32.912216989999997
5787826,2012,2013-11-25,3711,2012-08-11,0034,6764,,6,5,7,3711,0,0,0,,0,,"30TH ST","CEDAR ST",106.00,S,N,A,-,N,,,,,,,,,,N,3,0,1,2,A,-,11,21950,B,N,G,B,D,A,H,-,C,D,0,Y,,,,Y,,N,60,0,1,0,0,1,0,0,0,0,"- ","- ",,,"SAN DIEGO","SAN DIEGO",-117.1302519,32.722054399999998
5789135,2012,2013-11-21,3711,2012-08-29,1525,4938,,3,5,7,3711,0,0,0,,0,327,"MOHAWK ST","69TH ST",0.00,,N,A,-,N,,,,,,,,,,N,3,0,1,2,B,-,22,,,N,G,B,B,A,H,-,A,D,0,Y,,,,Y,,-,"- ",0,1,0,0,1,0,0,0,0,"- ","- ",,,"SAN DIEGO","SAN DIEGO",-117.04931189,32.769724879999998
5790024,2012,2013-11-23,3711,2012-08-11,2113,3661,"SAN D",6,5,7,3711,0,0,0,,0,115,"LEBON DR","LA JOLLA VILLAGE DR",0.00,,Y,A,-,N,,,,,,,,,,Y,3,0,2,2,A,-,11,21456,B,N,G,B,B,A,H,-,C,A,0,Y,,Y,,Y,,N,60,0,2,0,0,1,0,0,0,1,"- ","- ",,,"SAN DIEGO","SAN DIEGO",-117.22362197,32.870804800000002
5793184,2012,2013-11-30,3711,2012-08-05,1214,5734,3711,7,5,7,3711,0,0,0,,0,234,"SAN PASQUAL VALLEY RD","W ZOO RD",1320.00,E,N,A,-,N,,,,,,,,,,N,4,0,1,2,A,-,21,22106,,N,G,B,F,A,H,-,A,D,0,Y,,,,Y,,A,01,0,0,1,0,1,0,0,0,0,"- ","- ",,,"SAN DIEGO","SAN DIEGO",-117.00466007,33.095053479999997
5793230,2012,2013-11-21,3711,2012-08-16,0850,5762,,4,5,7,3711,0,0,0,,0,813,"OREGON ST","OREGON ST 4800",0.00,,-,A,-,N,,,,,,,,,,N,3,0,1,2,-,-,"- ",,,N,G,B,C,A,H,-,A,D,0,Y,,,,Y,,-,"- ",0,1,0,0,1,0,0,0,0,"- ","- ",,,"SAN DIEGO","SAN DIEGO",-117.13520676,32.764776070000003
5793274,2012,2013-11-21,3711,2012-08-28,1739,6702,,2,5,7,3711,0,0,0,,0,714,"EAST SAN YSIDRO BL","RAIL CT",0.00,,Y,A,-,N,,,,,,,,,,N,4,0,1,2,A,-,11,21950,B,N,G,B,B,A,H,-,A,A,0,Y,,,,Y,,-,"- ",0,0,1,0,1,0,0,0,0,"- ","- ",,,"SAN DIEGO","SAN DIEGO",-117.02917198,32.544024759999999
5795285,2012,2013-10-18,3711,2012-07-04,2333,6157,,3,5,7,3711,0,0,0,,0,523,"5TH AV","J ST",60.00,S,N,A,-,N,,,,,,,,,,N,4,0,1,2,A,-,08,22107,,N,H,G,A,A,H,-,C,D,0,,Y,,,Y,,-,"- ",0,0,1,0,0,0,1,0,0,"- ","- ",,,"SAN DIEGO","SAN DIEGO",-117.1601119,32.709210400000003
5796094,2012,2013-11-23,3711,2012-08-01,1625,4849,,3,5,7,3711,0,0,0,,0,525,"1ST AV","BROADWAY / C ST",0.00,,Y,A,-,N,,,,,,,,,,N,3,0,1,2,A,-,11,21955,,N,G,B,D,A,H,-,A,A,0,Y,,,,Y,,N,60,0,1,0,0,1,0,0,0,0,"- ","- ",,,"SAN DIEGO","SAN DIEGO",,
5796147,2012,2013-12-13,3711,2012-08-01,1344,4283,,3,5,7,3711,0,0,0,,0,813,"FLORIDA ST","LINCOLN AV",0.00,,Y,A,-,N,,,,,,,,,,N,3,0,2,3,A,-,"- ",,,N,D,B,E,A,H,-,A,A,0,Y,,,,Y,,N,60,0,2,0,0,2,0,0,0,0,"- ","- ",,,"SAN DIEGO","SAN DIEGO",-117.14377195,32.750274840000003
5796151,2012,2013-11-14,3711,2012-08-01,0725,6093,"SAN D",3,5,7,3711,0,0,0,,0,831,"PACIFIC HEIGHTS BL","PACIFIC MESA BL",21.00,E,N,A,-,N,,,,,,,,,,N,3,0,1,2,A,-,08,22100,B,N,D,G,A,A,H,-,A,A,0,,Y,,,Y,,L,04,0,1,0,0,0,0,1,0,0,"- ","- ",,,"SAN DIEGO","SAN DIEGO",-117.19155732999999,32.901056330000003
5797086,2012,2013-11-16,3711,2012-08-06,0750,6690,,1,5,7,3711,0,0,0,,0,312,"SANTO RD","TIERRASANTA BL",375.00,N,N,A,-,N,,,,,,,,,,N,4,0,1,2,-,-,"- ",,,N,H,G,A,A,H,-,A,D,0,,Y,,,Y,,-,"- ",0,0,1,0,0,0,1,0,0,"- ","- ",,,"SAN DIEGO","SAN DIEGO",-117.10414298000001,32.824280420000001
5801166,2012,2014-01-13,3711,2012-09-14,2130,6223,MCC,5,5,7,3711,0,0,0,,0,813,"UNIVERSITY AV","30TH ST",6.00,E,N,A,-,N,,,,,,,,,,N,4,0,1,2,A,-,08,22107,,N,D,G,A,A,H,-,C,A,0,,Y,,,Y,Y,L,04,0,0,1,0,0,0,1,0,0,"- ","- ",,,"SAN DIEGO","SAN DIEGO",-117.13011245,32.748434770000003
5801211,2012,2013-12-07,3711,2012-09-12,1540,6890,,3,5,7,3711,0,0,0,,0,813,"ADAMS AV","OHIO ST",9.00,W,N,A,-,N,,,,,,,,,,N,3,0,1,2,A,-,10,21950,A,N,G,B,B,A,H,-,A,A,0,Y,,,,Y,,A,01,0,1,0,0,1,0,0,0,0,"- ","- ",,,"SAN DIEGO","SAN DIEGO",-117.12901108,32.762884769999999
5801212,2012,2013-12-07,3711,2012-09-16,1759,6647,,7,5,7,3711,0,0,0,,0,834,"UNIVERSITY AV","43RD ST",0.00,,Y,A,-,N,,,,,,,,,,N,4,0,1,2,A,-,12,21453,A,N,G,B,B,A,H,-,A,A,0,Y,,,,Y,,-,"- ",0,0,1,0,1,0,0,0,0,"- ","- ",,,"SAN DIEGO","SAN DIEGO",-117.10199195,32.749614829999999
5801661,2012,2013-12-13,3711,2012-09-18,1806,6593,,2,5,7,3711,0,0,0,,0,624,"PARK BL","POLK AV",1.00,S,N,A,F,N,,,,,,,,,,N,3,0,1,2,A,-,12,21453,A,N,A,G,A,A,H,-,A,A,0,,Y,,,Y,,L,04,0,1,0,0,0,0,1,0,0,"- ","- ",,,"SAN DIEGO","SAN DIEGO",-117.14647189999999,32.75238203
5801666,2012,2013-12-12,3711,2012-09-10,0800,5937,,1,5,7,3711,0,0,0,,0,611,"ROOSEVELT RD","TRUXTUN RD",50.00,W,N,A,-,N,,,,,,,,,,N,3,0,1,2,A,-,04,21703,,M,C,G,A,A,H,-,A,A,0,,Y,,,Y,,-,"- ",0,1,0,0,0,0,1,0,0,"- ","- ",,,"SAN DIEGO","SAN DIEGO",-117.21558339000001,32.73822543
5801673,2012,2013-12-12,3711,2012-09-17,1503,6044,3711,1,5,7,3711,0,0,0,,0,124,"PEARL ST","DRAPER AV",3.00,E,N,A,-,N,,,,,,,,,,N,4,0,1,2,A,-,12,21453,A,N,D,G,A,A,H,-,A,A,0,,Y,,,Y,,L,,0,0,1,0,0,0,1,0,0,"- ","- ",,,"SAN DIEGO","SAN DIEGO",-117.27610253,32.839666919999999
5801678,2012,2013-12-12,3711,2012-09-18,1815,5586,,2,5,7,3711,0,0,0,,0,123,"FIESTA ISLAND RD","FIESTA ISLAND RD 900",6.00,N,N,A,-,N,,,,,,,,,,N,4,0,1,1,A,-,04,21703,,N,H,G,A,A,H,-,A,D,0,,Y,,,Y,,L,04,0,0,1,0,0,0,1,0,0,"- ","- ",,,"SAN DIEGO","SAN DIEGO",,
5808571,2012,2013-12-04,3711,2012-09-23,2308,5514,,7,5,7,3711,0,0,0,,0,611,"SPORTS ARENA BL","KEMPER ST",0.00,,Y,A,-,N,,,,,,,,,,N,3,0,1,2,A,-,17,21100,3,F,G,B,E,A,H,-,C,A,0,Y,,,,Y,,-,99,0,1,0,0,1,0,0,0,0,"- ","- ",,,"SAN DIEGO","SAN DIEGO",-117.21371197000001,32.754004780000002
5811439,2012,2013-12-03,3711,2012-09-13,0920,5450,,4,5,7,3711,0,0,0,,0,327,"MONTEZUMA RD","EWING ST",0.00,,Y,A,-,N,,,,,,,,,,N,4,0,1,2,A,-,17,21657,,N,D,G,A,A,H,-,A,D,0,,Y,,,Y,,L,04,0,0,1,0,0,0,1,0,0,"- ","- ",,,"SAN DIEGO","SAN DIEGO",-117.06257194,32.770114829999997
5811494,2012,2013-12-03,3711,2012-09-07,1728,5313,,5,5,7,3711,0,0,0,,0,122,"GARNET AV","MISSION BAY DR",0.00,,Y,A,-,N,,,,,,,,,,N,4,0,1,2,A,-,10,21950,A,N,G,B,B,A,H,-,A,A,0,Y,,,,Y,Y,-,"- ",0,0,1,0,1,0,0,0,0,"- ","- ",,,"SAN DIEGO","SAN DIEGO",-117.21899200999999,32.806134790000002
5812104,2012,2013-11-09,3711,2012-08-26,1535,5623,,7,5,7,3711,0,0,0,,0,721,"BAY SHORE BIKE WY","BIKE WY",3.00,N,N,A,-,N,,,,,,,,,,N,4,0,2,2,B,-,22,,,N,B,G,A,A,H,-,A,D,0,,Y,,,Y,,L,04,0,0,2,0,0,0,2,0,0,"- ","- ",,,"SAN DIEGO","SAN DIEGO",,
5812112,2012,2013-11-09,3711,2012-08-24,0915,5219,,5,5,7,3711,0,0,0,,0,529,"THIRD AV","NUTMEG ST",0.00,,Y,B,-,N,,,,,,,,,,N,3,0,1,2,A,-,09,21802,A,N,D,G,A,A,H,-,A,A,0,,Y,,,Y,,L,04,0,1,0,0,0,0,1,0,0,"- ","- ",,,"SAN DIEGO","SAN DIEGO",-117.16215200000001,32.733464769999998
5812122,2012,2013-11-08,3711,2012-08-24,2303,5046,,5,5,7,3711,0,0,0,,0,122,"GARNET AV","MISSION BL",223.00,E,N,A,-,N,,,,,,,,,,N,3,0,1,2,A,-,11,21955,,M,D,B,D,A,H,-,C,D,0,Y,,,,Y,Y,N,60,0,1,0,0,1,0,0,0,0,"- ","- ",,,"SAN DIEGO","SAN DIEGO",-117.25480211999999,32.796709419999999
5812126,2012,2013-11-08,3711,2012-08-22,2102,6352,,3,5,7,3711,0,0,0,,0,443,"40TH ST","BIRCH ST",36.00,S,N,A,-,N,,,,,,,,,,N,3,0,1,2,A,-,08,22107,,M,A,G,A,A,H,-,D,D,0,,Y,,,Y,,L,04,0,1,0,0,0,0,1,0,0,"- ","- ",,,"SAN DIEGO","SAN DIEGO",-117.10778517999999,32.685946190000003
5812142,2012,2014-04-25,3711,2012-08-23,1835,4093,,4,5,7,3711,0,0,0,,0,235,"SAN PASQUAL VALLEY RD","BANDY CANYON RD",0.00,,Y,A,-,Y,SD,11,78,-,R,27.315,I,5,W,N,3,0,1,2,A,-,08,22107,,N,D,G,A,A,H,-,A,D,0,,Y,,,Y,,L,04,0,1,0,0,0,0,1,0,0,"- ","- ",,,"SAN DIEGO","SAN DIEGO",-116.95430183000001,33.09177485
5812593,2012,2013-11-12,3711,2012-08-23,1945,4495,,4,5,7,3711,0,0,0,,0,113,"SANTA FE ST","DAMON AV",5280.00,N,N,A,-,N,,,,,,,,,,N,3,0,1,2,A,-,09,21804,A,F,D,G,A,A,H,-,B,D,0,,Y,,,Y,,-,99,0,1,0,0,0,0,1,0,0,"- ","- ",,,"SAN DIEGO","SAN DIEGO",-117.22741562,32.820973629999997
5814173,2012,2012-12-26,3711,2012-11-14,1756,600,,3,5,7,3711,0,0,0,,0,477,"HOME AV","MENLO AV",6.00,E,N,B,-,N,,,,,,,,,,Y,2,0,1,2,A,-,08,22107,,N,D,G,A,A,H,-,C,D,0,,Y,,,Y,Y,L,04,1,0,0,0,0,0,1,0,0,"- ","- ",,,"SAN DIEGO","SAN DIEGO",-117.09476934,32.733417320000001
5819392,2012,2013-11-21,3711,2012-08-22,1909,5985,,3,5,7,3711,0,0,0,,0,512,"FRANKLIN AV","SOUTH 28TH ST",318.00,E,N,A,-,N,,,,,,,,,,N,3,0,1,2,A,-,09,21804,A,N,D,G,A,A,H,-,A,D,0,,Y,,,Y,,L,04,0,1,0,0,0,0,1,0,0,"- ","- ",,,"SAN DIEGO","SAN DIEGO",-117.13282943,32.702173109999997
5819428,2012,2013-11-21,3711,2012-08-15,2034,6173,,3,5,7,3711,0,0,0,,0,122,"GARNET AV","DAWES ST",100.00,W,N,A,-,N,,,,,,,,,,N,3,0,1,2,A,-,11,21954,A,N,B,B,D,A,H,-,C,D,0,Y,,,,Y,Y,N,60,0,1,0,0,1,0,0,0,0,"- ","- ",,,"SAN DIEGO","SAN DIEGO",-117.25034633999999,32.797697390000003
5821319,2012,2013-12-03,3711,2012-09-02,1832,6670,SD,7,5,7,3711,0,0,0,,0,242,"MIRA MESA BL","BLACK MOUNTAIN RD",9.00,E,N,A,-,N,,,,,,,,,,N,4,0,1,2,A,-,05,21650,1,N,A,G,A,A,H,-,A,A,0,,Y,,,Y,,L,04,0,0,1,0,0,0,1,0,0,"- ","- ",,,"SAN DIEGO","SAN DIEGO",-117.12489268,32.917214790000003
5825288,2012,2013-12-13,3711,2012-09-05,1047,4298,,3,5,7,3711,0,0,0,,0,315,"HAZARD CENTER DR","FRAZEE RD",1300.00,,N,B,-,N,,,,,,,,,,N,4,0,1,2,A,-,12,21453,A,M,G,B,B,A,H,-,A,A,0,Y,,,,Y,Y,-,"- ",0,0,1,0,1,0,0,0,0,"- ","- ",,,"SAN DIEGO","SAN DIEGO",-117.15992332,32.769219980000003
5825291,2012,2013-12-13,3711,2012-09-07,1603,4617,,5,5,7,3711,0,0,0,,0,234,"BERNARDO HEIGHTS PKWY","POMERADO RD",0.00,,Y,A,-,N,,,,,,,,,,N,4,0,1,2,A,-,11,21954,A,N,G,B,D,A,H,-,A,A,0,Y,,,,Y,,N,60,0,0,1,0,1,0,0,0,0,"- ","- ",,,"SAN DIEGO","SAN DIEGO",-117.058222,33.001574810000001
5825308,2012,2013-12-13,3711,2012-09-03,1230,4491,,1,5,7,3711,0,0,0,,0,611,"CAMINO DEL RIO W",MOORE,0.00,,Y,A,-,N,,,,,,,,,,Y,3,0,1,2,A,-,09,21802,A,N,D,G,A,A,H,-,A,A,0,,Y,,,Y,,L,04,0,1,0,0,0,0,1,0,0,"- ","- ",,,"SAN DIEGO","SAN DIEGO",-117.20500201,32.755364800000002
5825327,2012,2013-12-13,3711,2012-09-05,0545,4527,,3,5,7,3711,0,0,0,,0,511,"SAMPSON DR","NEWTON AV",25.00,S,N,A,-,N,,,,,,,,,,N,2,0,1,2,A,-,12,22450,A,N,D,G,A,A,H,-,B,-,0,,Y,,,Y,,L,04,1,0,0,0,0,0,1,0,0,"- ","- ",,,"SAN DIEGO","SAN DIEGO",-117.14094228,32.696321140000002
5827207,2012,2014-04-29,3711,2012-09-06,1615,6308,,4,5,7,3711,0,0,0,,0,722,"ORO VISTA RD","RT 905",3.00,S,N,A,-,Y,SD,11,905,-,-,2.840,I,5,E,N,3,0,1,2,A,-,09,21453,B,N,B,B,B,A,H,-,A,A,0,Y,,,,Y,,-,"- ",0,1,0,0,1,0,0,0,0,"- ","- ",,,"SAN DIEGO","SAN DIEGO",-117.07911181999999,32.564344779999999
5827217,2012,2013-12-14,3711,2012-09-09,1526,5051,,7,5,7,3711,0,0,0,,0,617,"CABRILLO MEMORIAL DR","CATALINA BL",9504.00,S,N,B,-,N,,,,,,,,,,Y,3,0,1,2,A,-,09,21801,A,N,C,G,A,A,H,-,A,D,0,,Y,,,Y,,A,01,0,1,0,0,0,0,1,0,0,"- ","- ",,,"SAN DIEGO","SAN DIEGO",-117.24416016000001,32.682665239999999