CASE_ID,ACCIDENT_YEAR,PROC_DATE,JURIS,COLLISION_DATE,COLLISION_TIME,OFFICER_ID,REPORTING_DISTRICT,DAY_OF_WEEK,CHP_SHIFT,POPULATION,CNTY_CITY_LOC,SPECIAL_COND,BEAT_TYPE,CHP_BEAT_TYPE,CITY_DIVISION_LAPD,CHP_BEAT_CLASS,BEAT_NUMBER,PRIMARY_RD,SECONDARY_RD,DISTANCE,DIRECTION,INTERSECTION,WEATHER_1,WEATHER_2,STATE_HWY_IND,CALTRANS_COUNTY,CALTRANS_DISTRICT,STATE_ROUTE,ROUTE_SUFFIX,POSTMILE_PREFIX,POSTMILE,LOCATION_TYPE,RAMP_INTERSECTION,SIDE_OF_HWY,TOW_AWAY,COLLISION_SEVERITY,NUMBER_KILLED,NUMBER_INJURED,PARTY_COUNT,PRIMARY_COLL_FACTOR,PCF_CODE_OF_VIOL,PCF_VIOL_CATEGORY,PCF_VIOLATION,PCF_VIOL_SUBSECTION,HIT_AND_RUN,TYPE_OF_COLLISION,MVIW,PED_ACTION,ROAD_SURFACE,ROAD_COND_1,ROAD_COND_2,LIGHTING,CONTROL_DEVICE,CHP_ROAD_TYPE,PEDESTRIAN_ACCIDENT,BICYCLE_ACCIDENT,MOTORCYCLE_ACCIDENT,TRUCK_ACCIDENT,NOT_PRIVATE_PROPERTY,ALCOHOL_INVOLVED,STWD_VEHTYPE_AT_FAULT,CHP_VEHTYPE_AT_FAULT,COUNT_SEVERE_INJ,COUNT_VISIBLE_INJ,COUNT_COMPLAINT_PAIN,COUNT_PED_KILLED,COUNT_PED_INJURED,COUNT_BICYCLIST_KILLED,COUNT_BICYCLIST_INJURED,COUNT_MC_KILLED,COUNT_MC_INJURED,PRIMARY_RAMP,SECONDARY_RAMP,LATITUDE,LONGITUDE,COUNTY,CITY,POINT_X,POINT_Y
5832614,2012,2013-12-07,3711,2012-09-22,0950,4386,,6,5,7,3711,0,0,0,,0,617,"CATALINA BL","WILCOX ST",0.00,,Y,B,-,N,,,,,,,,,,N,3,0,2,2,A,-,08,22107,,N,H,G,A,A,H,-,A,A,0,,Y,,,Y,,L,04,0,2,0,0,0,0,2,0,0,"- ","- ",,,"SAN DIEGO","SAN DIEGO",-117.24643204,32.719244770000003
5832626,2012,2013-12-07,3711,2012-09-17,1658,6669,SANDI,1,5,7,3711,0,0,0,,0,052,"INDIA ST","WEST ASH ST",0.00,,Y,A,-,N,,,,,,,,,,N,3,0,1,2,A,-,11,21456,B,N,G,B,B,A,H,-,A,A,0,Y,,,,Y,,N,60,0,1,0,0,1,0,0,0,0,"- ","- ",,,"SAN DIEGO","SAN DIEGO",-117.16834194,32.719814810000003
5832627,2012,2013-12-07,3711,2012-09-23,1907,6669,SANDI,7,5,7,3711,0,0,0,,0,521,"HARBOR DR","PARK BL",213.00,N,N,A,-,N,,,,,,,,,,N,3,0,1,2,A,-,11,21954,A,N,G,B,E,A,H,-,C,A,0,Y,,,,Y,,N,60,0,1,0,0,1,0,0,0,0,"- ","- ",,,"SAN DIEGO","SAN DIEGO",-117.15824846,32.705310990000001
5832631,2012,2013-12-07,3711,2012-09-23,1330,6824,,7,5,7,3711,0,0,0,,0,433,"AKINS AV","68TH ST",0.00,,Y,A,-,N,,,,,,,,,,N,3,0,1,2,A,-,12,22450,A,M,H,G,A,A,H,-,A,D,0,,Y,,,Y,,-,"- ",0,1,0,0,0,0,1,0,0,"- ","- ",,,"SAN DIEGO","SAN DIEGO",-117.051492,32.711744840000001
5838889,2012,2013-12-23,3711,2012-10-16,0808,6108,,2,5,7,3711,0,0,0,,0,722,"CORONADO AV","CORONADO AV 1900",60.00,S,N,A,-,N,,,,,,,,,,N,3,0,1,2,A,-,09,21804,A,N,H,G,A,A,H,-,A,D,0,,Y,,,Y,,-,"- ",0,1,0,0,0,0,1,0,0,"- ","- ",,,"SAN DIEGO","SAN DIEGO",,
5839695,2012,2013-12-21,3711,2012-10-20,2022,6780,80,6,5,7,3711,0,0,0,,0,621,"LINDA VISTA RD","LINDA VISTA RD 7011",0.00,,N,B,C,N,,,,,,,,,,N,4,0,1,2,A,-,"- ",,,N,G,B,E,B,H,-,D,D,0,Y,,,,Y,Y,N,60,0,0,1,0,1,0,0,0,0,"- ","- ",,,"SAN DIEGO","SAN DIEGO",-117.16935217,32.787913410000002
5839715,2012,2013-12-21,3711,2012-10-19,2015,3873,,5,5,7,3711,0,0,0,,0,625,"SAN DIEGO  AV","ARISTA ST",0.00,,Y,A,-,N,,,,,,,,,,N,3,0,1,2,A,-,08,22100,B,M,H,G,A,A,H,-,C,D,0,,Y,,,Y,,-,"- ",0,1,0,0,0,0,1,0,0,"- ","- ",,,"SAN DIEGO","SAN DIEGO",-117.19338203,32.751324840000002
5839832,2012,2013-12-23,3711,2012-10-07,1915,6661,,7,5,7,3711,0,0,0,,0,613,"MIDWAY DR","EAST DR",0.00,,Y,A,-,N,,,,,,,,,,N,4,0,1,2,A,-,11,21955,,N,G,B,D,A,H,-,C,D,0,Y,,,,Y,,N,60,0,0,1,0,1,0,0,0,0,"- ","- ",,,"SAN DIEGO","SAN DIEGO",-117.20954201000001,32.750374860000001
5840023,2012,2013-12-21,3711,2012-10-02,1630,6880,,2,5,7,3711,0,0,0,,0,242,"MIRA MESA BL","CAMINO RUIZ",200.00,E,N,A,-,N,,,,,,,,,,N,2,0,1,2,A,-,08,22100,A,N,H,G,A,A,H,-,A,D,0,,Y,,,Y,,-,"- ",1,0,0,0,0,0,1,0,0,"- ","- ",,,"SAN DIEGO","SAN DIEGO",-117.14333288,32.91278312
5840067,2012,2013-12-21,3711,2012-10-04,1009,5757,,4,5,7,3711,0,0,0,,0,614,"NEWPORT AV","CABLE ST",15.00,E,N,A,-,N,,,,,,,,,,Y,3,0,1,2,A,-,"- ",,,N,B,G,A,A,H,-,A,A,0,,Y,,,Y,,L,04,0,1,0,0,0,0,1,0,0,"- ","- ",,,"SAN DIEGO","SAN DIEGO",-117.24930263,32.745750549999997
5844567,2012,2014-02-20,3711,2012-09-30,1520,3986,,7,5,7,3711,0,0,0,,0,613,"SPORTS ARENA BL","CHANNEL WY",57.00,S,N,-,-,N,,,,,,,,,,N,3,0,1,2,A,-,08,22107,,M,B,G,A,-,-,-,-,D,0,,Y,,,Y,,-,"- ",0,1,0,0,0,0,1,0,0,"- ","- ",,,"SAN DIEGO","SAN DIEGO",-117.22000857,32.755186209999998
5844578,2012,2014-02-19,3711,2012-09-25,1657,5046,,2,5,7,3711,0,0,0,,0,521,"PARK BL","B ST",0.00,,Y,A,-,N,,,,,,,,,,N,4,0,1,2,A,-,10,21950,A,N,G,B,B,A,H,-,A,A,0,Y,,,,Y,,A,01,0,0,1,0,1,0,0,0,0,"- ","- ",,,"SAN DIEGO","SAN DIEGO",-117.15389198,32.717784880000004
5844579,2012,2013-12-13,3711,2012-09-29,0246,5527,SANDI,6,5,7,3711,0,0,0,,0,838,"SWIFT AV","UNIVERSITY AV",0.00,,Y,A,-,N,,,,,,,,,,N,3,0,1,2,A,-,10,21950,A,N,G,B,B,A,H,-,C,A,0,Y,,,,Y,,A,01,0,1,0,0,1,0,0,0,0,"- ","- ",,,"SAN DIEGO","SAN DIEGO",-117.11930199,32.749764880000001
5844588,2012,2013-12-13,3711,2012-09-26,1650,6447,"SAN D",3,5,7,3711,0,0,0,,0,524,BROADWAY,"7TH AV",0.00,,Y,A,-,N,,,,,,,,,,N,4,0,1,2,A,-,11,21950,B,N,G,B,B,A,H,-,A,A,0,Y,,,,Y,,-,"- ",0,0,1,0,1,0,0,0,0,"- ","- ",,,"SAN DIEGO","SAN DIEGO",-117.15836197,32.715704770000002
5844592,2012,2013-12-13,3711,2012-09-24,1731,6784,,1,5,7,3711,0,0,0,,0,824,"EL CAJON BL","MENLO AV",21.00,E,N,A,-,N,,,,,,,,,,N,4,0,1,2,A,-,08,22107,,N,G,B,F,A,H,-,A,D,0,Y,,,,Y,,-,"- ",0,0,1,0,1,0,0,0,0,"- ","- ",,,"SAN DIEGO","SAN DIEGO",-117.09430465,32.755803729999997
5844594,2012,2013-12-13,3711,2012-09-26,0955,3773,,3,5,7,3711,0,0,0,,0,524,"9TH AV","F ST",0.00,,Y,A,-,N,,,,,,,,,,Y,3,0,1,2,A,-,11,21954,A,N,G,B,D,A,H,-,A,A,0,Y,,,,Y,,N,60,0,1,0,0,1,0,0,0,0,"- ","- ",,,"SAN DIEGO","SAN DIEGO",-117.15654202,32.71358481
5844602,2012,2013-12-09,3711,2012-09-21,0555,6794,"SAN D",5,5,7,3711,0,0,0,,0,243,"SILVERTON  AV",DOWDY,12.00,W,N,A,-,N,,,,,,,,,,N,4,0,1,2,A,-,10,21950,A,N,D,B,D,A,H,-,B,D,0,Y,,,,Y,,-,"- ",0,0,1,0,1,0,0,0,0,"- ","- ",,,"SAN DIEGO","SAN DIEGO",-117.14700087,32.890625190000002
5844604,2012,2014-04-28,3711,2012-09-29,0910,6815,SANDI,6,5,7,3711,0,0,0,,0,934,"CARMEL COUNTRY RD","RT 56",0.00,,Y,A,-,N,,,,,,,,,,N,3,0,2,2,B,-,22,,,N,A,G,A,A,G,-,A,D,0,,Y,,,Y,,-,"- ",0,1,1,0,0,0,2,0,0,"- ","- ",,,"SAN DIEGO","SAN DIEGO",-117.21440194,32.943854809999998
5853942,2012,2013-12-18,3711,2012-10-17,1849,6400,,3,5,7,3711,0,0,0,,0,627,"ROBINSON AV","PARK BL",230.00,W,N,A,-,N,,,,,,,,,,Y,3,0,1,2,A,-,09,21804,A,N,D,G,A,A,H,-,D,D,0,,Y,,,Y,,-,"- ",0,1,0,0,0,0,1,0,0,"- ","- ",,,"SAN DIEGO","SAN DIEGO",-117.14712741,32.746408549999998
5854050,2012,2013-12-18,3711,2012-10-19,0747,4653,,5,5,7,3711,0,0,0,,0,324,"BOULDER LAKE AV","NAVAJO RD",0.00,,Y,A,-,N,,,,,,,,,,N,3,0,1,2,A,-,10,21950,A,N,G,B,B,A,H,-,A,A,0,Y,,,,Y,,A,01,0,1,0,0,1,0,0,0,0,"- ","- ",,,"SAN DIEGO","SAN DIEGO",-117.01774196,32.803324789999998
5854776,2012,2013-12-16,3711,2012-10-05,2254,5313,,5,5,7,3711,0,0,0,,0,122,"GARNET AV","OLNEY ST",0.00,,Y,A,-,N,,,,,,,,,,N,4,0,1,2,A,-,11,21456,B,N,G,B,B,A,H,-,C,A,0,Y,,,,Y,,N,60,0,0,1,0,1,0,0,0,0,"- ","- ",,,"SAN DIEGO","SAN DIEGO",-117.22989201,32.802214829999997
5857143,2012,2013-12-17,3711,2012-10-01,0832,5983,,1,5,7,3711,0,0,0,,0,832,"EL CAJON BL","42ND ST",0.00,,Y,A,-,Y,,,,,,,,,,N,4,0,1,2,A,-,10,21950,A,N,G,B,B,A,H,-,A,D,0,Y,,,,Y,,A,01,0,0,1,0,1,0,0,0,0,"- ","- ",,,"SAN DIEGO","SAN DIEGO",-117.10507195,32.755204820000003
5857248,2012,2013-12-19,3711,2012-10-07,1143,5985,,7,5,7,3711,0,0,0,,0,512,"30TH ST","IMPERIAL AV",0.00,,Y,A,-,N,,,,,,,,,,N,2,0,1,2,A,-,10,21950,A,N,G,B,B,A,H,-,A,A,0,Y,,,,Y,,A,07,1,0,0,0,1,0,0,0,0,"- ","- ",,,"SAN DIEGO","SAN DIEGO",-117.12954197000001,32.706424869999999
5857259,2012,2013-12-19,3711,2012-10-16,0755,4823,SANDI,2,5,7,3711,0,0,0,,0,112,"MT ACACIA BL","MOUNT ARARAT DR",9.00,N,N,A,-,N,,,,,,,,,,N,4,0,1,2,A,-,10,21950,A,N,G,B,B,A,H,-,-,A,0,Y,,,,Y,,A,01,0,0,1,0,1,0,0,0,0,"- ","- ",,,"SAN DIEGO","SAN DIEGO",-117.18120039,32.810604400000003
5857412,2012,2013-12-18,3711,2012-10-04,1120,6415,,4,5,7,3711,0,0,0,,0,313,"KEARNY VILLA RD","CENTURY PARK CT",0.00,,Y,A,-,N,,,,,,,,,,N,3,0,1,2,A,-,09,21453,B,N,D,G,A,A,H,-,A,A,0,,Y,,,Y,,A,01,0,1,0,0,0,0,1,0,0,"- ","- ",,,"SAN DIEGO","SAN DIEGO",-117.14427198999999,32.823354780000003
5857425,2012,2013-12-18,3711,2012-10-06,2130,6308,,6,5,7,3711,0,0,0,,0,722,"RHINE ST","HOFER DR",93.00,N,N,A,-,N,,,,,,,,,,N,3,0,1,2,A,-,21,22106,,N,G,B,F,A,H,-,C,D,0,Y,,,,Y,Y,-,"- ",0,1,0,0,1,0,0,0,0,"- ","- ",,,"SAN DIEGO","SAN DIEGO",-117.08760187999999,32.575309490000002
5857490,2012,2013-12-18,3711,2012-10-25,1713,6198,,4,5,7,3711,0,0,0,,0,,"PARK RIDGE",NAVAJO,6.00,S,N,A,-,N,,,,,,,,,,N,3,0,1,2,A,-,12,21453,A,N,D,B,A,A,H,-,A,A,0,,,,,Y,,-,"- ",0,1,0,0,0,0,0,0,0,"- ","- ",,,"SAN DIEGO","SAN DIEGO",-117.05001184,32.801890700000001
5857495,2012,2014-04-09,3711,2012-10-23,1425,5372,,2,5,7,3711,0,0,0,,0,503,"HARBOR ISLAND DR","NORTH HARBOR DR",0.00,,Y,A,-,N,,,,,,,,,,Y,3,0,1,2,A,-,09,21803,A,N,D,G,A,A,H,-,A,D,0,,Y,,,Y,,A,01,0,1,0,0,0,0,1,0,0,"- ","- ",,,"SAN DIEGO","SAN DIEGO",-117.19517195,32.729444780000001
5857538,2012,2014-03-19,3711,2012-10-04,2100,5769,,4,5,7,3711,0,0,0,,0,524,"4TH AV","BROADWAY CIR",0.00,,Y,A,-,N,,,,,,,,,,N,4,0,1,2,D,-,00,,,N,G,B,F,A,-,-,C,-,0,Y,,,,Y,Y,-,"- ",0,0,1,0,1,0,0,0,0,"- ","- ",,,"SAN DIEGO","SAN DIEGO",-117.16109201,32.715694839999998
5857626,2012,2014-03-14,3711,2012-10-26,1912,4864,3711,5,5,7,3711,0,0,0,,0,326,"MONTEZUMA RD","COLLEGE AV",129.00,E,N,A,-,N,,,,,,,,,,N,4,0,1,2,A,-,11,21950,B,N,G,B,D,A,H,-,C,A,0,Y,,,,Y,,N,60,0,0,1,0,1,0,0,0,0,"- ","- ",,,"SAN DIEGO","SAN DIEGO",-117.06943376,32.770707309999999
5857887,2012,2014-01-04,3711,2012-11-26,1802,4656,SANDI,1,5,7,3711,0,0,0,,0,713,"PASEO DE LAS AMERICAS","SIEMPRE VIVA RD",0.00,,Y,A,-,N,,,,,,,,,,N,3,0,1,2,A,-,06,21755,,N,D,G,A,A,H,-,D,D,0,,Y,,Y,Y,,L,04,0,1,0,0,0,0,1,0,0,"- ","- ",,,"SAN DIEGO","SAN DIEGO",-116.93596186000001,32.556814789999997
5863135,2012,2014-01-04,3711,2012-10-27,1624,6146,,6,5,7,3711,0,0,0,,0,233,"CARMEL MOUNTAIN RD","GERANA ST",0.00,,Y,A,-,N,,,,,,,,,,N,3,0,1,2,A,-,11,21954,A,N,G,B,D,A,H,-,A,D,0,Y,,,,Y,,N,60,0,1,0,0,1,0,0,0,0,"- ","- ",,,"SAN DIEGO","SAN DIEGO",-117.09286193,32.973244909999998
5863664,2012,2013-12-20,3711,2012-10-17,0830,4547,,3,5,7,3711,0,0,0,,0,522,"G ST","G ST 100",0.00,,-,A,-,N,,,,,,,,,,N,3,0,1,2,A,-,08,22107,,M,B,B,B,A,H,-,A,A,0,Y,,,,Y,,-,"- ",0,1,0,0,1,0,0,0,0,"- ","- ",,,"SAN DIEGO","SAN DIEGO",-117.16379994,32.712550020000002
5864279,2012,2013-12-17,3711,2012-10-30,0623,5561,,2,5,7,3711,0,0,0,,0,322,"WARING RD","GALEWOOD ST",18.00,N,N,A,-,N,,,,,,,,,,N,3,0,1,2,A,-,09,21802,A,N,D,G,A,A,H,-,-,D,0,,Y,,,Y,,-,"- ",0,1,0,0,0,0,1,0,0,"- ","- ",,,"SAN DIEGO","SAN DIEGO",-117.06870352999999,32.794599320000003
5865843,2012,2014-01-09,3711,2012-11-20,0837,5527,SANDI,2,5,7,3711,0,0,0,,0,515,"MARKET ST","30TH ST",0.00,,Y,A,-,N,,,,,,,,,,N,4,0,1,2,A,-,10,21950,A,N,G,B,B,A,H,-,A,A,0,Y,,,,Y,,A,07,0,0,1,0,1,0,0,0,0,"- ","- ",,,"SAN DIEGO","SAN DIEGO",-117.130212,32.711624790000002
5865863,2012,2014-01-09,3711,2012-11-07,1710,6693,,3,5,7,3711,0,0,0,,0,321,"MISSION GORGE RD","WARD AV",0.00,,Y,A,-,N,,,,,,,,,,N,4,0,1,2,A,-,08,22107,,N,G,B,D,A,H,-,C,D,0,Y,,,,Y,,-,"- ",0,0,1,0,1,0,0,0,0,"- ","- ",,,"SAN DIEGO","SAN DIEGO",,
5865879,2012,2014-01-09,3711,2012-11-19,1616,6764,,1,5,7,3711,0,0,0,,0,524,"8TH ST","8TH ST 700",15.00,W,N,A,-,N,,,,,,,,,,N,3,0,1,2,A,-,08,22107,,N,G,B,B,A,H,-,A,A,0,Y,,,,Y,,-,"- ",0,1,0,0,1,0,0,0,0,"- ","- ",,,"SAN DIEGO","SAN DIEGO",-117.15741187,32.712615880000001
5865884,2012,2014-01-09,3711,2012-11-15,1351,5937,,4,5,7,3711,0,0,0,,0,614,"EBERS ST","ALY N CAPE MAY AV",12.00,S,N,A,-,N,,,,,,,,,,N,3,0,1,2,A,I,"- ",,,N,B,G,A,A,H,-,A,D,0,,Y,,,Y,,-,"- ",0,1,0,0,0,0,1,0,0,"- ","- ",,,"SAN DIEGO","SAN DIEGO",-117.24335253,32.74659364
5865892,2012,2014-01-09,3711,2012-11-18,1210,6660,SANDI,7,5,7,3711,0,0,0,,0,723,CORONADO,"BEYER BL",0.00,,Y,A,-,N,,,,,,,,,,N,4,0,1,2,A,-,10,21950,A,N,G,B,B,A,H,-,A,A,0,Y,,,,Y,,-,"- ",0,0,1,0,1,0,0,0,0,"- ","- ",,,"SAN DIEGO","SAN DIEGO",-117.06897197000001,32.576774810000003
5865915,2012,2014-01-09,3711,2012-11-21,1155,6339,,3,5,7,3711,0,0,0,,0,511,"MAIN ST","MAIN ST 3700",10.00,N,N,A,-,N,,,,,,,,,,N,4,0,1,2,A,-,09,21453,B,N,D,G,A,A,H,-,A,A,0,,Y,,,Y,,A,01,0,0,1,0,0,0,1,0,0,"- ","- ",,,"SAN DIEGO","SAN DIEGO",,
5873285,2012,2014-01-07,3711,2012-11-16,0742,6560,,5,5,7,3711,0,0,0,,0,722,"RIMBEY AV","SATURN BL",565.00,E,N,A,-,N,,,,,,,,,,N,3,0,1,2,C,-,18,,,N,G,B,D,A,H,-,A,D,0,Y,,,,Y,,-,"- ",0,1,0,0,1,0,0,0,0,"- ","- ",,,"SAN DIEGO","SAN DIEGO",-117.09095533,32.56823524
5873341,2012,2014-01-07,3711,2012-11-15,1750,6898,"SAN D",4,5,7,3711,0,0,0,,0,811,"EL CAJON BL","RT 15",18.00,W,N,A,-,Y,SD,11,15,-,M,5.150,R,4,S,N,4,0,1,2,A,-,11,21453,D,N,G,B,B,A,H,-,C,A,0,Y,,,,Y,,N,60,0,0,1,0,1,0,0,0,0,"- ",SF,,,"SAN DIEGO","SAN DIEGO",-117.10906184,32.758394799999998
5877841,2012,2013-12-24,3711,2012-10-27,1400,6665,,6,5,7,3711,0,0,0,,0,233,TEXANA,"TEXANA 12711",0.00,,Y,F,-,N,,,,,,,,,,N,3,0,1,2,D,-,00,,,N,H,G,A,A,H,-,A,D,0,,Y,,,Y,,-,"- ",0,1,0,0,0,0,1,0,0,"- ","- ",,,"SAN DIEGO","SAN DIEGO",-117.13085353,32.94763923
5877853,2012,2014-03-29,3711,2012-10-31,2334,6890,,3,5,7,3711,0,0,0,,0,712,"WITTMAN WY",WITTMAN,130.00,W,N,A,-,N,,,,,,,,,,N,3,0,1,2,A,-,21,22106,,N,G,B,E,A,H,-,C,D,0,Y,,,,Y,,-,"- ",0,1,0,0,1,0,0,0,0,"- ","- ",,,"SAN DIEGO","SAN DIEGO",,
5877877,2012,2013-12-24,3711,2012-10-30,1145,5527,SANDI,2,5,7,3711,0,0,0,,0,529,"4TH AV","DALE ST",0.00,,Y,A,-,N,,,,,,,,,,N,4,0,1,2,A,-,10,21950,A,N,G,B,B,A,H,-,A,A,0,Y,,,,Y,,A,07,0,0,1,0,1,0,0,0,0,"- ","- ",,,"SAN DIEGO","SAN DIEGO",-117.16114283,32.723030350000002
5880649,2012,2014-01-06,3711,2012-11-20,1435,4965,,2,5,7,3711,0,0,0,,0,627,"1ST AV",WALNUT,0.00,,Y,A,-,N,,,,,,,,,,N,4,0,1,2,A,-,10,21950,A,N,G,B,B,A,H,-,A,A,0,Y,,,,Y,,-,"- ",0,0,1,0,1,0,0,0,0,"- ","- ",,,"SAN DIEGO","SAN DIEGO",-117.16398203,32.74145481
5885150,2012,2014-01-06,3711,2012-11-08,1741,4864,3711,4,5,7,3711,0,0,0,,0,524,"5TH AV","B ST",0.00,,Y,A,-,N,,,,,,,,,,N,3,0,1,2,A,-,11,21456,B,N,G,B,B,A,H,-,C,A,0,Y,,,,Y,,N,60,0,1,0,0,1,0,0,0,0,"- ","- ",,,"SAN DIEGO","SAN DIEGO",-117.16019193,32.717784790000003
5885165,2012,2014-01-03,3711,2012-11-11,1202,5284,,7,5,7,3711,0,0,0,,0,124,"FAY AV","KLINE ST",440.00,N,-,A,-,N,,,,,,,,,,N,4,0,1,2,A,-,05,21650,1,M,D,G,A,A,H,-,A,D,0,,Y,,,Y,,-,"- ",0,0,1,0,0,0,1,0,0,"- ","- ",,,"SAN DIEGO","SAN DIEGO",-117.27511105000001,32.844434649999997
5889566,2012,2014-01-03,3711,2012-11-30,1706,5600,,5,5,7,3711,0,0,0,,0,242,"MIRA MESA BL","GREENFORD DR",0.00,,Y,C,-,N,,,,,,,,,,N,3,0,1,2,A,-,10,21950,A,N,G,B,B,B,H,-,C,A,0,Y,,,,Y,,A,07,0,1,0,0,1,0,0,0,0,"- ","- ",,,"SAN DIEGO","SAN DIEGO",-117.13296199,32.913834829999999
5893784,2012,2013-12-31,3711,2012-11-26,1041,3000,,1,5,7,3711,0,0,0,,0,313,"ARMOUR ST","PEPSI DR",0.00,,Y,A,-,N,,,,,,,,,,N,4,0,1,2,D,-,00,,,N,G,B,B,A,H,-,A,D,0,Y,,,,Y,,-,"- ",0,0,1,0,1,0,0,0,0,"- ","- ",,,"SAN DIEGO","SAN DIEGO",-117.15311199999999,32.819954889999998
5894414,2012,2014-01-16,3711,2012-12-04,1351,5450,,2,5,7,3711,0,0,0,,0,838,"KANSAS ST","EL CAJON BL",0.00,,Y,A,-,N,,,,,,,,,,N,2,0,1,2,-,-,"- ",,,N,G,B,B,A,H,-,A,D,0,Y,,,,Y,,-,"- ",1,0,0,0,1,0,0,0,0,"- ","- ",,,"SAN DIEGO","SAN DIEGO",-117.13142199000001,32.755364880000002
5897495,2012,2014-03-28,3711,2012-11-30,1300,6933,,5,5,7,3711,0,0,0,,0,529,"FRONT ST","W JUNIPER",0.00,,Y,A,-,N,,,,,,,,,,N,4,0,1,2,A,-,10,21950,A,M,G,B,D,A,H,-,A,D,0,Y,,,,Y,,-,"- ",0,0,1,0,1,0,0,0,0,"- ","- ",,,"SAN DIEGO","SAN DIEGO",-117.16484192999999,32.729274799999999
5901084,2012,2014-01-14,3711,2012-12-13,1859,6923,,4,5,7,3711,0,0,0,,0,521,"ASH ST","9TH AV",6.00,W,N,B,-,Y,SD,11,163,-,-,0.598,I,6,S,N,4,0,1,2,A,-,10,21950,A,N,G,B,B,B,H,-,C,A,0,Y,,,,Y,,A,01,0,0,1,0,1,0,0,0,0,"- ","- ",,,"SAN DIEGO","SAN DIEGO",-117.15548224,32.720624919999999
5901104,2012,2014-01-23,3711,2012-12-15,1820,6094,,6,5,7,3711,0,0,0,,0,622,"VEGA ST","SAVANNAH ST",0.00,,N,B,-,N,,,,,,,,,,N,3,0,1,3,A,-,05,21650,1,N,H,G,A,A,H,-,C,D,0,,Y,,,Y,Y,L,04,0,1,0,0,0,0,1,0,0,"- ","- ",,,"SAN DIEGO","SAN DIEGO",-117.20274191999999,32.771474779999998
5902114,2012,2014-01-13,3711,2012-12-31,2110,6578,,1,5,7,3711,0,0,0,,0,526,"FRONT ST","W BEECH",0.00,,Y,A,-,N,,,,,,,,,,N,3,0,1,2,A,-,12,21453,A,N,D,G,A,A,H,-,C,A,0,,Y,,,Y,Y,L,04,0,1,0,0,0,0,1,0,0,"- ","- ",,,"SAN DIEGO","SAN DIEGO",-117.16477198,32.720884839999997
5902275,2012,2014-01-13,3711,2012-12-03,1744,6541,,1,5,7,3711,0,0,0,,0,113,"MORAGA AV","HOPI PL",6.00,N,N,A,-,N,,,,,,,,,,N,4,0,1,2,A,-,10,21950,A,N,G,B,D,A,H,-,D,D,0,Y,,,,Y,,-,"- ",0,0,1,0,1,0,0,0,0,"- ","- ",,,"SAN DIEGO","SAN DIEGO",-117.21482589999999,32.826410410000001
5903363,2013,2014-04-04,3711,2013-01-16,1315,6831,,3,5,7,3711,0,0,0,,0,903,"WEST SAN YSIDRO BL","VIA DE SAN YSIDRO BL",0.00,,Y,A,-,N,,,,,,,,,,N,4,0,1,2,A,-,12,21453,A,N,G,G,A,A,H,-,A,A,0,,Y,,,Y,,L,04,0,0,1,0,0,0,1,0,0,"- ","- ",,,"SAN DIEGO","SAN DIEGO",-117.04497189999999,32.552464800000003
5906018,2013,2014-01-18,3711,2013-01-11,1838,6814,,5,5,7,3711,0,0,0,,0,521,BROADWAY,"BROADWAY 1100",12.00,W,N,A,-,N,,,,,,,,,,N,4,0,1,2,A,-,"- ",,,N,-,B,B,A,H,-,C,A,0,Y,,,,Y,,N,60,0,0,1,0,1,0,0,0,0,"- ","- ",,,"SAN DIEGO","SAN DIEGO",,
5906070,2013,2014-01-17,3711,2013-01-16,1300,6947,,3,5,7,3711,0,0,0,,0,114,"CLAIREMONT MESA BL","LIMERICK AV",0.00,,Y,A,-,N,,,,,,,,,,N,4,0,1,2,A,-,11,21456,B,N,G,B,B,A,H,-,A,A,0,Y,,,,Y,,N,60,0,0,1,0,1,0,0,0,0,"- ","- ",,,"SAN DIEGO","SAN DIEGO",-117.178752,32.834474800000002
5908354,2012,2014-01-08,3711,2012-12-03,0622,6877,,1,5,7,3711,0,0,0,,0,723,"PALM AV","FIRETHORN ST",170.00,E,N,B,-,N,,,,,,,,,,N,4,0,1,2,A,-,10,21950,C,M,G,B,D,A,H,-,A,D,0,Y,,,,Y,,-,"- ",0,0,1,0,1,0,0,0,0,"- ","- ",,,"SAN DIEGO","SAN DIEGO",-117.03983018,32.583654750000001
5908548,2012,2014-01-16,3711,2012-12-03,1905,6658,,1,5,7,3711,0,0,0,,0,524,"B ST","PARK BL",0.00,E,N,A,-,N,,,,,,,,,,N,4,0,1,2,A,-,10,21950,A,M,B,B,B,-,H,-,C,A,0,Y,,,,Y,,-,99,0,0,1,0,1,0,0,0,0,"- ","- ",,,"SAN DIEGO","SAN DIEGO",-117.15389198,32.717784880000004
5908552,2012,2014-01-16,3711,2012-12-01,1150,4653,,6,5,7,3711,0,0,0,,0,614,"WEST POINT LOMA BL","SUNSET CLIFFS BL",160.00,E,N,A,-,N,,,,,,,,,,Y,2,0,2,2,A,-,08,22107,,N,C,G,A,A,H,-,A,D,0,,Y,,,Y,Y,A,01,1,1,0,0,0,0,2,0,0,"- ","- ",,,"SAN DIEGO","SAN DIEGO",-117.24177718999999,32.750788659999998
5910783,2013,2015-01-13,9645,2013-05-11,0132,19496,,6,3,7,3711,0,1,3,,2,006,"RT 94","25TH ST",8.00,E,N,A,-,Y,SD,11,94,-,-,1.850,H,-,W,N,1,1,0,2,A,-,11,21954,A,F,G,B,E,A,H,-,D,D,1,Y,,,,Y,Y,N,60,0,0,0,1,0,0,0,0,0,"- ","- ",32.713349999999998,-117.14019999999999,"SAN DIEGO","SAN DIEGO",-117.13960830000001,32.713264799999997