CASE_ID,ACCIDENT_YEAR,PROC_DATE,JURIS,COLLISION_DATE,COLLISION_TIME,OFFICER_ID,REPORTING_DISTRICT,DAY_OF_WEEK,CHP_SHIFT,POPULATION,CNTY_CITY_LOC,SPECIAL_COND,BEAT_TYPE,CHP_BEAT_TYPE,CITY_DIVISION_LAPD,CHP_BEAT_CLASS,BEAT_NUMBER,PRIMARY_RD,SECONDARY_RD,DISTANCE,DIRECTION,INTERSECTION,WEATHER_1,WEATHER_2,STATE_HWY_IND,CALTRANS_COUNTY,CALTRANS_DISTRICT,STATE_ROUTE,ROUTE_SUFFIX,POSTMILE_PREFIX,POSTMILE,LOCATION_TYPE,RAMP_INTERSECTION,SIDE_OF_HWY,TOW_AWAY,COLLISION_SEVERITY,NUMBER_KILLED,NUMBER_INJURED,PARTY_COUNT,PRIMARY_COLL_FACTOR,PCF_CODE_OF_VIOL,PCF_VIOL_CATEGORY,PCF_VIOLATION,PCF_VIOL_SUBSECTION,HIT_AND_RUN,TYPE_OF_COLLISION,MVIW,PED_ACTION,ROAD_SURFACE,ROAD_COND_1,ROAD_COND_2,LIGHTING,CONTROL_DEVICE,CHP_ROAD_TYPE,PEDESTRIAN_ACCIDENT,BICYCLE_ACCIDENT,MOTORCYCLE_ACCIDENT,TRUCK_ACCIDENT,NOT_PRIVATE_PROPERTY,ALCOHOL_INVOLVED,STWD_VEHTYPE_AT_FAULT,CHP_VEHTYPE_AT_FAULT,COUNT_SEVERE_INJ,COUNT_VISIBLE_INJ,COUNT_COMPLAINT_PAIN,COUNT_PED_KILLED,COUNT_PED_INJURED,COUNT_BICYCLIST_KILLED,COUNT_BICYCLIST_INJURED,COUNT_MC_KILLED,COUNT_MC_INJURED,PRIMARY_RAMP,SECONDARY_RAMP,LATITUDE,LONGITUDE,COUNTY,CITY,POINT_X,POINT_Y
5910826,2013,2015-01-15,3711,2013-07-29,1743,5046,,1,5,7,3711,0,0,0,,0,122,"LAMONT ST","GARNET AV",0.00,,Y,A,-,N,,,,,,,,,,N,1,1,0,2,A,-,11,21950,B,N,G,B,E,A,H,-,A,A,0,Y,,,,Y,,N,60,0,0,0,1,0,0,0,0,0,"- ","- ",,,"SAN DIEGO","SAN DIEGO",-117.23536199999999,32.800994799999998
5910959,2013,2013-09-04,3711,2013-08-08,1455,4864,3711,4,5,7,3711,0,0,0,,0,512,"NATIONAL AV","SOUTH 31ST ST",215.00,E,N,A,-,N,,,,,,,,,,N,1,1,0,2,A,-,11,21954,A,N,G,B,-,A,H,-,A,D,0,Y,,,Y,Y,,N,60,0,0,0,1,0,0,0,0,0,"- ","- ",,,"SAN DIEGO","SAN DIEGO",-117.1266454,32.695954800000003
5911011,2013,2013-09-18,9645,2013-07-25,2119,17139,,4,2,7,3711,0,1,3,,2,006,"RT 94","RT 5",148.00,E,N,A,-,Y,SD,11,94,-,-,1.450,H,-,W,Y,1,1,0,2,A,-,11,21954,A,N,G,B,E,A,H,-,D,D,1,Y,,,,Y,,N,60,0,0,0,1,0,0,0,0,0,"- ","- ",32.71369,-117.14700000000001,"SAN DIEGO","SAN DIEGO",-117.1474669,32.717045200000001
5915292,2012,2014-01-07,3711,2012-11-16,2021,HB5627,,5,5,7,3711,0,0,0,,0,710,"AIRPORT FRONTAGE RD","NORTH HARBOR DR",0.00,,N,A,-,N,,,,,,,,,,N,3,0,1,2,A,-,03,22350,,N,G,B,E,A,H,-,C,D,0,Y,,,,Y,,-,"- ",0,1,0,0,1,0,0,0,0,"- ","- ",,,"SAN DIEGO","SAN DIEGO",-117.19502091,32.72949732
5932859,2013,2014-01-31,3711,2013-02-27,0815,5972,,3,5,7,3711,0,0,0,,0,524,"10TH AV","A ST",0.00,,Y,A,-,N,,,,,,,,,,N,2,0,1,2,A,-,10,21950,A,N,G,B,B,A,H,-,A,A,0,Y,,,,Y,,D,22,1,0,0,0,1,0,0,0,0,"- ","- ",,,"SAN DIEGO","SAN DIEGO",-117.15562199999999,32.718824900000001
5934029,2013,2014-02-05,3711,2013-03-03,1812,3815,,7,5,7,3711,0,0,0,,0,112,"BALBOA AV","GENESEE AV",0.00,,Y,A,-,N,,,,,,,,,,N,3,0,1,2,A,-,11,21453,D,N,G,B,B,A,-,-,C,A,0,Y,,,,Y,,N,60,0,1,0,0,1,0,0,0,0,"- ","- ",,,"SAN DIEGO","SAN DIEGO",-117.182022,32.8193348
5936615,2013,2014-02-08,3711,2013-03-10,1610,6307,,7,5,7,3711,0,0,0,,0,623,"HOTEL CIRCLE SOUTH","BACHMAN PL",400.00,E,N,A,-,N,,,,,,,,,,N,3,0,1,2,A,-,09,21804,A,N,D,G,A,A,H,-,A,D,0,,Y,,,Y,,-,"- ",0,1,0,0,0,0,1,0,0,"- ","- ",,,"SAN DIEGO","SAN DIEGO",-117.1664502,32.7607845
5942097,2013,2014-01-22,3711,2013-01-17,1734,4864,3711,4,5,7,3711,0,0,0,,0,526,"ASH ST","3RD AV",0.00,,Y,A,-,N,,,,,,,,,,N,4,0,1,2,A,-,10,21950,A,N,G,B,B,A,H,-,C,A,0,Y,,,,Y,,A,01,0,0,1,0,1,0,0,0,0,"- ","- ",,,"SAN DIEGO","SAN DIEGO",-117.162042,32.719874799999999
5946198,2013,2014-01-25,3711,2013-01-08,0718,5600,,2,5,7,3711,0,0,0,,0,322,"IRWIN AV","GLENROY ST",95.00,W,N,A,-,N,,,,,,,,,,N,2,0,1,2,A,-,11,21954,A,N,G,B,D,A,H,-,A,D,0,Y,,,,Y,,N,60,1,0,0,0,1,0,0,0,0,"- ","- ",,,"SAN DIEGO","SAN DIEGO",-117.0779682,32.796961099999997
5948779,2013,2014-01-24,3711,2013-01-13,0825,5315,,7,5,7,3711,0,0,0,,0,122,"GRAND AV","FANUEL ST",9.00,E,N,A,-,N,,,,,,,,,,N,3,0,1,2,A,-,10,21950,A,N,G,B,B,A,H,-,A,A,0,Y,,,,Y,Y,-,"- ",0,1,0,0,1,0,0,0,0,"- ","- ",,,"SAN DIEGO","SAN DIEGO",-117.2457836,32.796730799999999
5948783,2013,2014-01-27,3711,2013-01-09,1130,5813,PACIF,3,5,7,3711,0,0,0,,0,122,"GARNET AV","FANUEL ST",234.00,W,N,A,-,N,,,,,,,,,,N,3,0,1,2,A,-,17,22517,,N,D,G,A,A,H,-,A,D,0,,Y,,,Y,,A,01,0,1,0,0,0,0,1,0,0,"- ","- ",,,"SAN DIEGO","SAN DIEGO",-117.2471165,32.798403299999997
5948799,2013,2014-01-23,3711,2013-01-12,1600,5989,,6,5,7,3711,0,0,0,,0,623,"BACHMAN PL","HOTEL CIRCLE SOUTH",30.00,S,N,A,-,N,,,,,,,,,,N,4,0,1,1,C,-,18,,,N,E,G,A,A,H,-,A,D,0,,Y,,,Y,,-,"- ",0,0,1,0,0,0,1,0,0,"- ","- ",,,"SAN DIEGO","SAN DIEGO",-117.1676622,32.760483000000001
5952381,2012,2014-01-15,3711,2012-12-16,0800,6654,,7,5,7,3711,0,0,0,,0,,"LOGAN AV","45TH ST",19.00,E,N,A,-,N,,,,,,,,,,N,3,0,1,2,A,-,10,21950,A,N,G,B,B,A,H,-,A,A,0,Y,,,,Y,,A,01,0,1,0,0,1,0,0,0,0,"- ","- ",,,"SAN DIEGO","SAN DIEGO",-117.09800034,32.69677532
5952414,2012,2014-01-16,3711,2012-12-17,1603,5973,,1,5,7,3711,0,0,0,,0,438,"WINCHESTER ST","DEAUVILLE ST",0.00,,Y,A,-,N,,,,,,,,,,N,4,0,1,2,A,-,08,22107,,N,B,B,E,A,H,-,A,D,0,Y,,,,Y,,-,"- ",0,0,1,0,1,0,0,0,0,"- ","- ",,,"SAN DIEGO","SAN DIEGO",-117.06475191,32.672724799999997
5952445,2012,2014-01-16,3711,2012-12-04,2125,5051,,2,5,7,3711,0,0,0,,0,612,"ROSECRANS ST","NORTH HARBOR DR",0.00,,Y,B,-,N,,,,,,,,,,,4,0,1,2,A,-,11,21456,B,N,G,B,D,A,H,-,C,A,0,Y,,,,Y,,N,60,0,0,1,0,1,0,0,0,0,"- ","- ",,,"SAN DIEGO","SAN DIEGO",-117.22788197,32.72615484
5952768,2012,2014-01-16,3711,2012-12-13,0629,5540,,4,5,7,3711,0,0,0,,0,521,"MARKET ST","10TH AV",0.00,,Y,B,C,N,,,,,,,,,,N,3,0,1,2,A,-,10,21950,A,N,G,B,B,B,H,-,B,A,0,Y,,,,Y,,-,"- ",0,1,0,0,1,0,0,0,0,"- ","- ",,,"SAN DIEGO","SAN DIEGO",-117.15563202,32.711494770000002
5961272,2012,2014-01-14,3711,2012-12-27,1358,5803,,4,5,7,3711,0,0,0,,0,115,"LA JOLLA VILLAGE DR","LA JOLLA VILLAGE DR 4545",7.00,S,N,A,-,N,,,,,,,,,,N,4,0,1,2,A,-,11,21954,A,N,G,B,E,A,H,-,A,D,0,Y,,,,Y,,N,60,0,0,1,0,1,0,0,0,0,"- ","- ",,,"SAN DIEGO","SAN DIEGO",,
5961499,2012,2014-01-06,3711,2012-11-01,2158,6657,"SAN D",4,5,7,3711,0,0,0,,0,528,"KETTNER BL","W CEDAR ST",15.00,S,N,B,-,N,,,,,,,,,,N,4,0,1,2,A,-,10,21950,A,M,G,B,B,A,H,-,C,A,0,Y,,,,Y,Y,-,"- ",0,0,1,0,1,0,0,0,0,"- ","- ",,,"SAN DIEGO","SAN DIEGO",-117.1692319,32.721873670000001
5962200,2012,2014-01-14,3711,2012-12-27,1630,4938,,4,5,7,3711,0,0,0,,0,616,"CATALINA BL","600 CATALINA BL",0.00,,Y,A,-,N,,,,,,,,,,N,4,0,1,2,B,-,22,,,N,D,G,A,A,H,-,A,D,0,,Y,,,Y,,-,"- ",0,0,1,0,0,0,1,0,0,"- ","- ",,,"SAN DIEGO","SAN DIEGO",-117.24745184,32.715961129999997
5966637,2012,2013-12-27,3711,2012-11-21,1246,4283,,3,5,7,3711,0,0,0,,0,443,"EPSILON ST","43RD ST",5.00,W,N,B,-,N,,,,,,,,,,N,4,0,1,2,A,-,10,21950,A,N,G,B,B,A,H,-,A,A,0,Y,,,,Y,,A,01,0,0,1,0,1,0,0,0,0,"- ","- ",,,"SAN DIEGO","SAN DIEGO",-117.10240808,32.687744530000003
5968883,2012,2014-01-15,3711,2012-12-23,1205,5985,,7,5,7,3711,0,0,0,,0,525,"W F ST","FIRST AV",0.00,,Y,B,-,N,,,,,,,,,,N,4,0,1,2,A,-,05,21650,1,N,D,G,A,A,H,-,A,A,0,,Y,,,Y,Y,L,04,0,0,1,0,0,0,1,0,0,"- ","- ",,,"SAN DIEGO","SAN DIEGO",-117.16383190000001,32.713604770000003
5969097,2012,2014-01-16,3711,2012-12-22,1717,6411,SDPD,6,5,7,3711,0,0,0,,0,122,"GARNET AV","CASS ST",0.00,,Y,A,-,N,,,,,,,,,,N,3,0,1,2,A,-,11,21456,B,N,G,B,B,A,H,-,C,A,0,Y,,,,Y,Y,N,60,0,1,0,0,1,0,0,0,0,"- ","- ",,,"SAN DIEGO","SAN DIEGO",-117.25185197,32.797374869999999
5970649,2012,2014-01-15,3711,2012-12-22,1855,5400,,6,5,7,3711,0,0,0,,0,313,"BALBOA AV","MERCURY ST",0.00,,Y,A,-,N,,,,,,,,,,N,3,0,1,2,A,-,10,21950,A,N,D,B,B,A,H,-,C,A,0,Y,,,,Y,,-,"- ",0,1,0,0,1,0,0,0,0,"- ","- ",,,"SAN DIEGO","SAN DIEGO",-117.14895197,32.821684859999998
5971046,2012,2013-12-30,3711,2012-11-21,1719,6032,,3,5,7,3711,0,0,0,,0,242,"CAMINO RUIZ",CAPRICORN,12.00,N,N,A,-,N,,,,,,,,,,N,4,0,1,2,A,-,10,21950,A,N,G,B,B,A,H,-,C,A,0,Y,,,,Y,,-,"- ",0,0,1,0,1,0,0,0,0,"- ","- ",,,"SAN DIEGO","SAN DIEGO",-117.14409233000001,32.925067660000003
5972738,2012,2014-01-13,3711,2012-12-28,1505,6564,,5,5,7,3711,0,0,0,,0,062,"AVENIDA DE LAS ADELSAS","FRIARS RD",180.00,S,N,A,-,N,,,,,,,,,,Y,3,0,1,2,A,-,17,22517,,N,B,G,A,A,H,-,A,D,0,,Y,,,Y,,-,"- ",0,1,0,0,0,0,1,0,0,"- ","- ",,,"SAN DIEGO","SAN DIEGO",-117.16519028,32.769388380000002
5972793,2012,2014-01-14,3711,2012-12-20,1411,6389,,4,5,7,3711,0,0,0,,0,721,"PALM AV","PALM AV 1900",0.00,,-,A,-,N,,,,,,,,,,N,4,0,1,2,A,-,09,21453,B,N,G,B,B,A,H,-,A,A,0,Y,,,,Y,,N,60,0,0,1,0,1,0,0,0,0,"- ","- ",,,"SAN DIEGO","SAN DIEGO",-117.09122479,32.583924660000001
5974135,2013,2014-01-24,3711,2013-01-28,0703,3667,,1,5,7,3711,0,0,0,,0,838,"30TH ST",REDWOOD,0.00,,Y,B,-,N,,,,,,,,,,N,3,0,1,2,A,-,09,21801,A,N,D,G,A,A,H,-,A,A,0,,Y,,,Y,,A,01,0,1,0,0,0,0,1,0,0,"- ","- ",,,"SAN DIEGO","SAN DIEGO",-117.1293119,32.737414899999997
5975282,2013,2014-01-21,3711,2013-01-01,0037,6923,,2,5,7,3711,0,0,0,,0,122,"MARKET ST","15TH AV",0.00,,Y,F,-,N,,,,,,,,,,N,4,0,1,2,A,-,09,21801,A,N,D,G,A,A,H,-,C,A,0,,Y,,,Y,,A,01,0,0,1,0,0,0,1,0,0,"- ","- ",,,"SAN DIEGO","SAN DIEGO",-117.1504419,32.711474799999998
5975286,2013,2014-03-28,3711,2013-01-02,1720,6734,,3,5,7,3711,0,0,0,,0,826,"EL CAJON BL","WINONA AV",12.00,W,N,A,-,N,,,,,,,,,,N,4,0,1,2,A,-,10,21950,A,N,G,B,B,A,H,-,B,A,0,Y,,,,Y,,-,"- ",0,0,1,0,1,0,0,0,0,"- ","- ",,,"SAN DIEGO","SAN DIEGO",-117.08797029999999,32.756659800000001
5975450,2013,2014-03-29,3711,2013-01-02,2223,6781,"SAN D",3,5,7,3711,0,0,0,,0,826,"WINONA AV","WINONA AV 4300",0.00,,-,A,-,N,,,,,,,,,,N,4,0,1,2,A,-,11,21950,B,F,-,B,D,-,H,-,C,D,0,Y,,,,Y,,N,60,0,0,1,0,1,0,0,0,0,"- ","- ",,,"SAN DIEGO","SAN DIEGO",-117.08792388000001,32.754978530000002
5977191,2013,2014-12-22,3711,2013-01-08,1725,5555,,2,5,7,3711,0,0,0,,0,712,"EAST SAN YSIDRO BL","RT 805",50.00,N,N,A,-,Y,SD,11,805,-,-,0.934,R,4,S,N,3,0,1,2,A,-,11,21955,,N,A,B,D,A,H,-,C,A,0,Y,,,,Y,Y,N,60,0,1,0,0,1,0,0,0,0,"- ",SF,,,"SAN DIEGO","SAN DIEGO",-117.0426018,32.557814800000003
5977306,2013,2014-01-24,3711,2013-01-25,1730,6151,,5,5,7,3711,0,0,0,,0,315,"CAMINO DEL RIO N","MISSION CENTER RD",0.00,,Y,C,-,N,,,,,,,,,,N,3,0,1,2,A,-,"- ",,,N,G,B,B,B,H,-,D,A,0,Y,,,,Y,,-,"- ",0,1,0,0,1,0,0,0,0,"- ","- ",,,"SAN DIEGO","SAN DIEGO",-117.1533919,32.766874799999997
5978290,2013,2014-01-23,3711,2013-01-09,2315,6884,,3,5,7,3711,0,0,0,,0,,"TIERRASANTA BL","COLINA DORADA DR",1000.00,W,N,A,-,N,,,,,,,,,,Y,3,0,1,2,C,-,18,,,N,G,B,F,A,H,-,C,D,0,Y,,,,Y,,-,"- ",0,1,0,0,1,0,0,0,0,"- ","- ",,,"SAN DIEGO","SAN DIEGO",-117.08706789999999,32.815715400000002
5978318,2013,2014-01-23,3711,2013-01-07,1030,6444,,1,5,7,3711,0,0,0,,0,627,"ROBINSON AV","8TH AV",0.00,,Y,A,-,N,,,,,,,,,,N,3,0,1,2,A,-,09,21802,A,M,G,B,A,A,H,-,A,A,0,,Y,,,Y,,-,"- ",0,1,0,0,0,0,1,0,0,"- ","- ",,,"SAN DIEGO","SAN DIEGO",-117.157212,32.746954799999997
5978435,2013,2014-01-22,3711,2013-01-25,2047,5393,,5,5,7,3711,0,0,0,,0,624,"WASHINGTON ST","NORMAL ST",80.00,W,N,B,C,N,,,,,,,,,,N,3,0,1,2,A,-,11,21954,A,M,G,B,D,B,H,-,E,D,0,Y,,,,Y,Y,N,60,0,1,0,0,1,0,0,0,0,"- ","- ",,,"SAN DIEGO","SAN DIEGO",-117.1479351,32.752698899999999
5981850,2013,2014-01-28,3711,2013-02-16,1515,6223,N2,6,5,7,3711,0,0,0,,0,122,"GRAND AV","OLNEY ST",300.00,W,N,A,-,N,,,,,,,,,,N,3,0,1,2,A,-,08,22107,,N,D,G,A,A,H,-,A,D,0,,Y,,,Y,,-,"- ",0,1,0,0,0,0,1,0,0,"- ","- ",,,"SAN DIEGO","SAN DIEGO",-117.230245,32.800122000000002
5981875,2013,2014-01-28,3711,2013-02-16,2135,6794,SANDI,6,5,7,3711,0,0,0,,0,241,"MIRA MESA BL","RANCH BL",300.00,W,N,A,-,N,,,,,,,,,,N,4,0,1,2,A,-,11,21955,,N,G,B,D,A,H,-,D,D,0,Y,,,,Y,,N,60,0,0,1,0,1,0,0,0,0,"- ","- ",,,"SAN DIEGO","SAN DIEGO",-117.11229086,32.91681483
5981878,2013,2014-01-28,3711,2013-02-13,1308,6193,,3,5,7,3711,0,0,0,,0,613,"WEST POINT LOMA BL","W POINT LOMA BL 4100",0.00,,-,A,-,N,,,,,,,,,,N,3,0,1,2,A,-,08,22107,,M,B,G,A,A,H,-,A,D,0,,Y,,,Y,,-,"- ",0,1,0,0,0,0,1,0,0,"- ","- ",,,"SAN DIEGO","SAN DIEGO",-117.22346663,32.753759680000002
5981910,2013,2014-01-28,3711,2013-02-14,0701,6097,,4,5,7,3711,0,0,0,,0,113,"CLAIREMONT MESA BL","LUNA AV",54.00,E,N,A,-,N,,,,,,,,,,N,3,0,1,2,A,-,08,22107,,N,D,G,A,A,H,-,A,D,0,,Y,,,Y,,L,,0,1,0,0,0,0,1,0,0,"- ","- ",,,"SAN DIEGO","SAN DIEGO",-117.21585631000001,32.831101189999998
5987994,2013,2014-02-06,3711,2013-03-13,0955,6035,,3,5,7,3711,0,0,0,,0,828,"UNIVERSITY AV","WINONA AV",0.00,,Y,A,-,N,,,,,,,,,,,3,0,1,2,A,-,12,21453,A,M,D,B,B,A,H,-,A,A,0,Y,,,,Y,,-,"- ",0,1,0,0,1,0,0,0,0,"- ","- ",,,"SAN DIEGO","SAN DIEGO",-117.08801200000001,32.749494800000001
5988183,2013,2014-02-10,3711,2013-03-09,2230,6960,,6,5,7,3711,0,0,0,,0,834,"UNIVERSITY AV","VAN DYKE AV",0.00,,Y,A,-,N,,,,,,,,,,N,3,0,1,2,A,-,11,21456,B,F,G,B,B,A,H,-,C,A,0,Y,,,,Y,Y,N,60,0,1,0,0,1,0,0,0,0,"- ","- ",,,"SAN DIEGO","SAN DIEGO",-117.1032519,32.749634899999997
5988235,2013,2014-02-07,3711,2013-03-07,1515,6060,,4,5,7,3711,0,0,0,,0,511,"HARBOR DR","HARBOR DR 2700",0.00,,Y,B,-,N,,,,,,,,,,N,4,0,1,2,A,-,11,21453,D,N,G,B,B,A,B,D,A,A,0,Y,,,,Y,,N,60,0,0,1,0,1,0,0,0,0,"- ","- ",,,"SAN DIEGO","SAN DIEGO",-117.18012035,32.727460550000004
5988303,2013,2014-02-05,3711,2013-03-01,1627,6959,SANDI,5,5,7,3711,0,0,0,,0,529,"4TH AV",KALMIA,0.00,,Y,A,-,N,,,,,,,,,,N,3,0,1,2,A,-,11,21954,A,N,D,B,D,A,H,-,A,-,0,Y,,,,Y,,N,60,0,1,0,0,1,0,0,0,0,"- ","- ",,,"SAN DIEGO","SAN DIEGO",-117.16121200000001,32.730304799999999
5988319,2013,2014-02-05,3711,2013-03-06,2054,5985,,3,5,7,3711,0,0,0,,0,624,"NORMAL ST","POLK AV",599.00,N,N,A,-,N,,,,,,,,,,N,3,0,1,2,A,-,11,21954,A,N,G,B,D,A,H,-,C,D,0,Y,,,,Y,Y,N,60,0,1,0,0,1,0,0,0,0,"- ","- ",,,"SAN DIEGO","SAN DIEGO",-117.1469714,32.754315099999999
5990804,2013,2014-01-31,3711,2013-02-12,0754,5838,,2,5,7,3711,0,0,0,,0,516,"MARKET ST","31ST ST",0.00,,Y,A,-,N,,,,,,,,,,N,2,0,1,2,A,-,10,21950,A,N,G,B,D,A,H,-,A,D,0,Y,,,,Y,,N,60,1,0,0,0,1,0,0,0,0,"- ","- ",,,"SAN DIEGO","SAN DIEGO",-117.127422,32.711644800000002
5990824,2013,2014-05-12,3711,2013-02-19,1755,6671,,2,5,7,3711,0,0,0,,0,624,"LOUISIANA ST","HOWARD AV",1.00,N,N,B,-,N,,,,,,,,,,N,4,0,1,2,A,-,12,22450,A,N,B,G,A,A,H,-,C,D,0,,Y,,,Y,,L,04,0,0,1,0,0,0,1,0,0,"- ","- ",,,"SAN DIEGO","SAN DIEGO",-117.1400919,32.754037500000003
5991279,2013,2014-01-30,3711,2013-02-28,0825,4262,,4,5,7,3711,0,0,0,,0,123,"MISSION BAY DR","GARNET AV",240.00,N,N,A,-,N,,,,,,,,,,N,4,0,1,2,A,-,11,21950,B,N,G,B,D,A,H,-,A,D,0,Y,,,,Y,,N,60,0,0,1,0,1,0,0,0,0,"- ","- ",,,"SAN DIEGO","SAN DIEGO",-117.21922170000001,32.806762999999997
5992271,2013,2014-02-08,3711,2013-03-10,0001,6910,,7,5,7,3711,0,0,0,,0,614,"CABLE ST","DEL MAR",16.00,N,N,A,-,N,,,,,,,,,,N,3,0,1,2,A,-,09,21801,A,N,D,G,A,A,H,-,C,D,0,,Y,,,Y,,-,"- ",0,1,0,0,0,0,1,0,0,"- ","- ",,,"SAN DIEGO","SAN DIEGO",-117.2536715,32.740760299999998
5992304,2013,2014-02-08,3711,2013-03-14,0730,6963,,4,5,7,3711,0,0,0,,0,831,ORANGE,CHAMOUNE,0.00,,Y,A,-,N,,,,,,,,,,N,3,0,1,2,A,-,10,21950,A,M,G,B,B,A,H,-,B,A,0,Y,,,,Y,,-,99,0,1,0,0,1,0,0,0,0,"- ","- ",,,"SAN DIEGO","SAN DIEGO",-117.09656200000001,32.753134799999998
5995529,2013,2014-01-25,3711,2013-02-16,1841,5918,,6,5,7,3711,0,0,0,,0,444,"MARKET ST","42ND ST",135.00,E,N,A,-,N,,,,,,,,,,N,4,0,1,2,A,-,11,21954,A,N,G,B,D,A,H,-,C,A,0,Y,,,,Y,Y,N,60,0,0,1,0,1,0,0,0,0,"- ","- ",,,"SAN DIEGO","SAN DIEGO",-117.10424449999999,32.711450200000002
5995538,2013,2014-01-25,3711,2013-02-01,0532,6913,SANDI,5,5,7,3711,0,0,0,,0,713,"OTAY MESA RD","LA MEDIA",70.00,W,N,A,-,N,,,,,,,,,,N,4,0,1,2,A,-,05,21650,1,N,D,G,A,A,H,-,C,A,0,,Y,,,Y,,L,04,0,0,1,0,0,0,1,0,0,"- ","- ",,,"SAN DIEGO","SAN DIEGO",-116.9625982,32.567798600000003
5995556,2013,2014-01-31,3711,2013-02-25,1601,4243,,1,5,7,3711,0,0,0,,0,121,"MISSION BL","SAN RAFAEL PL",2.00,N,N,A,-,N,,,,,,,,,,N,3,0,1,2,A,-,10,21950,A,N,G,B,B,A,H,-,A,D,0,Y,,,,Y,,A,01,0,1,0,0,1,0,0,0,0,"- ","- ",,,"SAN DIEGO","SAN DIEGO",-117.2535616,32.7871302
5995601,2013,2014-02-03,3711,2013-02-13,0600,6654,,3,5,7,3711,0,0,0,,0,441,"43RD ST","DELTA ST",4.00,N,N,A,-,N,,,,,,,,,,N,4,0,1,2,A,-,11,21954,A,N,G,B,D,A,H,-,B,A,0,Y,,,,Y,,N,60,0,0,1,0,1,0,0,0,0,"- ","- ",,,"SAN DIEGO","SAN DIEGO",-117.1025317,32.688805700000003
5997295,2013,2014-01-18,3711,2013-01-29,0955,5854,,2,5,7,3711,0,0,0,,0,521,"13TH ST",BROADWAY,27.00,S,N,A,-,N,,,,,,,,,,N,3,0,1,2,A,-,03,22350,,N,D,G,A,A,H,-,A,A,0,,Y,,,Y,,L,04,0,1,0,0,0,0,1,0,0,"- ","- ",,,"SAN DIEGO","SAN DIEGO",-117.15287120000001,32.715660800000002
5998160,2013,2014-10-08,3711,2013-02-01,1530,5354,,5,5,7,3711,0,0,0,,0,625,"PACIFIC HWY","ROSECRANS ST",30.00,S,Y,A,-,N,,,,,,,,,,N,4,0,1,2,A,-,08,22107,,N,H,G,A,A,H,-,A,A,0,,Y,,,Y,,-,"- ",0,0,1,0,0,0,1,0,0,"- ","- ",,,"SAN DIEGO","SAN DIEGO",-117.2010744,32.755313899999997
6001365,2013,2014-01-21,3711,2013-01-11,1755,4495,,5,5,7,3711,0,0,0,,0,529,"WEST LAUREL ST","STATE ST",0.00,,Y,A,-,N,,,,,,,,,,N,3,0,1,2,A,-,08,22107,,N,A,G,A,A,H,-,C,A,0,,Y,,,Y,,L,04,0,1,0,0,0,0,1,0,0,"- ","- ",,,"SAN DIEGO","SAN DIEGO",-117.16949200000001,32.730814899999999
6004078,2013,2014-01-30,3711,2013-02-04,1604,6309,,1,5,7,3711,0,0,0,,0,113,"MORAGA AV","3700 MORAGA AV",8.00,E,N,B,-,N,,,,,,,,,,N,3,0,1,2,A,-,17,22517,,N,G,G,A,A,H,-,A,D,0,,Y,,,Y,,-,"- ",0,1,0,0,0,0,1,0,0,"- ","- ",,,"SAN DIEGO","SAN DIEGO",,
6004114,2013,2014-01-31,3711,2013-02-24,0826,5655,,7,5,7,3711,0,0,0,,0,323,"WARING RD","ADOBE FALLS RD",222.00,N,N,A,-,N,,,,,,,,,,N,4,0,1,2,A,-,11,21954,A,N,G,B,E,A,H,-,A,D,0,Y,,,,Y,,N,60,0,0,1,0,1,0,0,0,0,"- ","- ",,,"SAN DIEGO","SAN DIEGO",-117.08535879999999,32.785089800000002
6004119,2013,2014-01-30,3711,2013-02-22,1240,6199,,5,5,7,3711,0,0,0,,0,831,"UNIVERSITY AV","MARLBOROUGH AV",0.00,,Y,A,-,N,,,,,,,,,,N,3,0,1,2,A,-,"- ",,,N,-,B,B,A,H,-,A,A,0,Y,,,,Y,,-,"- ",0,1,0,0,1,0,0,0,0,"- ","- ",,,"SAN DIEGO","SAN DIEGO",-117.105712,32.749664799999998
6004131,2013,2014-01-30,3711,2013-02-07,0750,6676,SD,4,5,7,3711,0,0,0,,0,811,"ADAMS AV",32ND,6.00,E,N,A,-,N,,,,,,,,,,N,4,0,1,2,A,-,10,21950,A,N,A,B,B,A,H,-,A,A,0,Y,,,,Y,,-,"- ",0,0,1,0,1,0,0,0,0,"- ","- ",,,"SAN DIEGO","SAN DIEGO",-117.1249724,32.763374599999999
6004147,2013,2014-01-30,3711,2013-02-25,1810,4565,,1,5,7,3711,0,0,0,,0,934,"TORREY RIDGE DR","DEL MAR HEIGHTS RD",0.00,,Y,A,-,N,,,,,,,,,,N,4,0,1,2,A,-,11,21954,A,N,G,B,D,A,H,-,C,A,0,Y,,,,Y,,N,60,0,0,1,0,1,0,0,0,0,"- ","- ",,,"SAN DIEGO","SAN DIEGO",-117.226022,32.956414899999999
6004405,2013,2014-02-11,3711,2013-03-06,1605,5945,,3,5,7,3711,0,0,0,,0,626,HANCOCK,WASHINGTON,0.00,,Y,A,-,N,,,,,,,,,,N,4,0,1,2,A,-,08,22107,,N,B,G,A,A,H,-,A,A,0,,Y,,,Y,,L,04,0,0,1,0,0,0,1,0,0,"- ","- ",,,"SAN DIEGO","SAN DIEGO",-117.1833219,32.741994900000002