CASE_ID,ACCIDENT_YEAR,PROC_DATE,JURIS,COLLISION_DATE,COLLISION_TIME,OFFICER_ID,REPORTING_DISTRICT,DAY_OF_WEEK,CHP_SHIFT,POPULATION,CNTY_CITY_LOC,SPECIAL_COND,BEAT_TYPE,CHP_BEAT_TYPE,CITY_DIVISION_LAPD,CHP_BEAT_CLASS,BEAT_NUMBER,PRIMARY_RD,SECONDARY_RD,DISTANCE,DIRECTION,INTERSECTION,WEATHER_1,WEATHER_2,STATE_HWY_IND,CALTRANS_COUNTY,CALTRANS_DISTRICT,STATE_ROUTE,ROUTE_SUFFIX,POSTMILE_PREFIX,POSTMILE,LOCATION_TYPE,RAMP_INTERSECTION,SIDE_OF_HWY,TOW_AWAY,COLLISION_SEVERITY,NUMBER_KILLED,NUMBER_INJURED,PARTY_COUNT,PRIMARY_COLL_FACTOR,PCF_CODE_OF_VIOL,PCF_VIOL_CATEGORY,PCF_VIOLATION,PCF_VIOL_SUBSECTION,HIT_AND_RUN,TYPE_OF_COLLISION,MVIW,PED_ACTION,ROAD_SURFACE,ROAD_COND_1,ROAD_COND_2,LIGHTING,CONTROL_DEVICE,CHP_ROAD_TYPE,PEDESTRIAN_ACCIDENT,BICYCLE_ACCIDENT,MOTORCYCLE_ACCIDENT,TRUCK_ACCIDENT,NOT_PRIVATE_PROPERTY,ALCOHOL_INVOLVED,STWD_VEHTYPE_AT_FAULT,CHP_VEHTYPE_AT_FAULT,COUNT_SEVERE_INJ,COUNT_VISIBLE_INJ,COUNT_COMPLAINT_PAIN,COUNT_PED_KILLED,COUNT_PED_INJURED,COUNT_BICYCLIST_KILLED,COUNT_BICYCLIST_INJURED,COUNT_MC_KILLED,COUNT_MC_INJURED,PRIMARY_RAMP,SECONDARY_RAMP,LATITUDE,LONGITUDE,COUNTY,CITY,POINT_X,POINT_Y
6009653,2013,2014-01-27,3711,2013-02-05,1800,6892,SDPD,2,5,7,3711,0,0,0,,0,933,"MANGO DR","DEL MAR HEIGHTS",200.00,S,N,B,-,N,,,,,,,,,,N,4,0,1,2,A,-,"- ",,,N,G,B,E,A,H,-,C,D,0,Y,,,,Y,,N,60,0,0,1,0,1,0,0,0,0,"- ","- ",,,"SAN DIEGO","SAN DIEGO",-117.2474576,32.9481769
6009661,2013,2014-01-27,3711,2013-02-09,1822,6400,,6,5,7,3711,0,0,0,,0,627,"MONROE AV","PARK BL",22.00,E,N,B,-,N,,,,,,,,,,N,3,0,1,2,A,-,10,21950,A,M,G,B,B,A,H,-,C,D,0,Y,,,,Y,,-,"- ",0,1,0,0,1,0,0,0,0,"- ","- ",,,"SAN DIEGO","SAN DIEGO",-117.1462006,32.7590948
6011071,2013,2014-01-30,3711,2013-02-25,1604,6553,,1,5,7,3711,0,0,0,,0,811,"EL CAJON BL","36TH ST",0.00,,Y,A,-,N,,,,,,,,,,N,4,0,1,2,A,-,09,21801,A,N,D,G,A,A,H,-,A,D,0,,Y,,,Y,,-,"- ",0,0,1,0,0,0,1,0,0,"- ","- ",,,"SAN DIEGO","SAN DIEGO",-117.115792,32.755284799999998
6011615,2013,2014-10-08,3711,2013-02-26,1835,6835,,2,5,7,3711,0,0,0,,0,621,"LINDA VISTA RD","VIA LAS CUMBRES",87.00,E,N,A,-,N,,,,,,,,,,,4,0,1,2,A,-,11,21954,A,N,D,B,D,A,H,-,C,A,0,Y,,,,Y,,N,60,0,0,1,0,1,0,0,0,0,"- ","- ",,,"SAN DIEGO","SAN DIEGO",-117.1803633,32.771905500000003
6011628,2013,2014-01-29,3711,2013-02-13,1700,5327,,3,5,7,3711,0,0,0,,0,326,"COLLEGE AV","LINDO PASEO",15.00,S,N,A,-,N,,,,,,,,,,N,4,0,1,2,A,-,09,21801,A,N,G,G,A,A,H,-,A,A,0,,Y,,,Y,,-,"- ",0,0,1,0,0,0,1,0,0,"- ","- ",,,"SAN DIEGO","SAN DIEGO",-117.0699619,32.771583700000001
6013463,2013,2014-02-08,3711,2013-03-15,2230,6642,,5,5,7,3711,0,0,0,,0,432,"CHURCHWARD ST","MANZANERS DR",100.00,E,N,E,-,N,,,,,,,,,,N,2,0,1,2,A,-,"- ",,,N,G,B,D,A,H,-,C,A,0,Y,,,,Y,,N,60,1,0,0,0,1,0,0,0,0,"- ","- ",,,"SAN DIEGO","SAN DIEGO",-117.078238,32.704029300000002
6015693,2013,2014-10-22,3711,2013-03-18,0620,6344,,1,5,7,3711,0,0,0,,0,431,"KELTON RD","RT 94",150.00,S,N,B,-,Y,SD,11,94,-,-,5.614,R,4,W,N,3,0,1,2,A,-,10,21950,A,N,G,B,D,A,H,-,B,A,0,Y,,,,Y,,N,60,0,1,0,0,1,0,0,0,0,"- ",WO,,,"SAN DIEGO","SAN DIEGO",-117.0798518,32.721054799999997
6015717,2013,2014-02-15,3711,2013-03-18,0655,6458,,1,5,7,3711,0,0,0,,0,525,"WEST BROADWAY","FRONT ST",3.00,W,N,A,-,N,,,,,,,,,,N,4,0,1,2,A,-,10,21950,A,N,G,B,B,A,H,-,A,A,0,Y,,,,Y,,-,"- ",0,0,1,0,1,0,0,0,0,"- ","- ",,,"SAN DIEGO","SAN DIEGO",-117.16476160000001,32.7157348
6017614,2013,2014-02-08,3711,2013-03-21,1920,6933,,4,5,7,3711,0,0,0,,0,442,"S 38TH ST","NATIONAL AV",0.00,,Y,A,-,N,,,,,,,,,,N,3,0,1,2,A,-,12,21453,A,M,G,G,A,A,H,-,D,A,0,,Y,,,Y,Y,A,07,0,1,0,0,0,0,1,0,0,"- ","- ",,,"SAN DIEGO","SAN DIEGO",-117.112452,32.6960148
6017655,2013,2014-02-10,3711,2013-03-18,1330,6444,,1,5,7,3711,0,0,0,,0,627,"WEST WASHINGTON ST","1ST AV",0.00,,Y,A,-,N,,,,,,,,,,N,3,0,1,2,A,-,11,21456,B,N,G,B,B,A,H,-,A,A,0,Y,,,,Y,,N,60,0,1,0,0,1,0,0,0,0,"- ","- ",,,"SAN DIEGO","SAN DIEGO",-117.163912,32.749904800000003
6017904,2013,2014-02-04,3711,2013-03-23,1507,3815,,6,5,7,3711,0,0,0,,0,122,"KENDALL ST","GARNET AV",0.00,,Y,A,-,N,,,,,,,,,,N,4,0,1,2,A,-,10,21950,A,N,G,B,B,A,H,-,A,A,0,Y,,,,Y,,A,07,0,0,1,0,1,0,0,0,0,"- ","- ",,,"SAN DIEGO","SAN DIEGO",-117.23719199999999,32.800594799999999
6017912,2013,2014-02-03,3711,2013-03-21,1501,4523,,4,5,7,3711,0,0,0,,0,124,"GIRARD AV","GENTER ST",291.00,N,N,A,-,N,,,,,,,,,,N,4,0,1,2,A,-,21,22106,,N,H,G,A,A,H,-,A,D,0,,Y,,,Y,,-,"- ",0,0,1,0,0,0,1,0,0,"- ","- ",,,"SAN DIEGO","SAN DIEGO",-117.2717895,32.838241699999998
6018635,2013,2014-10-30,9645,2013-03-13,1605,013033,,3,2,7,3711,0,1,1,,2,021,"RT 15","RT 8",528.00,S,N,A,-,Y,SD,11,15,-,M,6.300,H,-,N,N,2,0,1,2,A,-,11,21954,A,N,G,B,E,A,H,-,A,D,1,Y,,,,Y,,N,60,1,0,0,0,1,0,0,0,0,"- ","- ",32.748840000000001,-117.12224000000001,"SAN DIEGO","SAN DIEGO",-117.1119231,32.7744736
6024173,2013,2014-02-06,3711,2013-03-31,1700,4414,,7,5,7,3711,0,0,0,,0,312,"TIERRASANTA BL","RUEDA DR",0.00,,Y,A,-,N,,,,,,,,,,N,3,0,1,2,A,-,12,21453,A,N,B,G,A,A,H,-,A,A,0,,Y,,,Y,,L,04,0,1,0,0,0,0,1,0,0,"- ","- ",,,"SAN DIEGO","SAN DIEGO",-117.0938519,32.8176749
6027708,2013,2014-02-05,3711,2013-03-26,0545,4708,"SAN D",2,5,7,3711,0,0,0,,0,524,"A ST","FRONT ST",0.00,,Y,B,-,N,,,,,,,,,,Y,4,0,1,2,A,-,10,21950,A,N,G,B,B,A,H,-,C,A,0,Y,,,,Y,,-,"- ",0,0,1,0,1,0,0,0,0,"- ","- ",,,"SAN DIEGO","SAN DIEGO",-117.16479200000001,32.718764800000002
6027760,2013,2014-02-05,3711,2013-03-26,1418,6035,,2,5,7,3711,0,0,0,,0,834,"42ND ST","WIGHTMAN ST",18.00,N,N,A,-,N,,,,,,,,,,N,3,0,1,2,A,-,03,22350,,M,D,G,A,A,H,-,A,D,0,,Y,,,Y,Y,L,04,0,1,0,0,0,0,1,0,0,"- ","- ",,,"SAN DIEGO","SAN DIEGO",-117.10450109999999,32.747824100000003
6028807,2013,2014-02-04,3711,2013-04-03,0615,5972,,3,5,7,3711,0,0,0,,0,531,"PARK BL","SPACE THEATER WY",69.00,S,N,A,-,N,,,,,,,,,,Y,3,0,2,2,A,-,08,22107,,N,C,G,A,A,H,-,C,D,0,,Y,Y,,Y,,L,04,0,2,0,0,0,0,1,0,1,"- ","- ",,,"SAN DIEGO","SAN DIEGO",-117.14642376,32.729381490000002
6028830,2013,2014-02-12,3711,2013-04-09,0800,3376,,2,5,7,3711,0,0,0,,0,611,"ROSECRANS ST","LANING RD",0.00,,Y,A,-,Y,,,,,,,,,,N,4,0,1,2,A,-,10,21950,A,N,G,B,B,A,H,-,A,A,0,Y,,,,Y,,-,"- ",0,0,1,0,1,0,0,0,0,"- ","- ",,,"SAN DIEGO","SAN DIEGO",,
6032274,2013,2014-02-03,3711,2013-03-26,1944,6671,,2,5,7,3711,0,0,0,,0,438,"ALLEGHANY ST","RACHAEL AV",27.00,E,N,A,-,N,,,,,,,,,,N,4,0,1,2,A,-,11,21954,A,N,G,B,D,A,H,-,D,D,0,Y,,,,Y,,N,60,0,0,1,0,1,0,0,0,0,"- ","- ",,,"SAN DIEGO","SAN DIEGO",-117.0714789,32.678128000000001
6032723,2013,2014-02-13,3711,2013-04-11,1634,6899,,4,5,7,3711,0,0,0,,0,122,"QUINCY ST","4300 QUINCY ST",5.00,W,N,A,-,N,,,,,,,,,,N,3,0,1,2,A,-,10,21950,A,N,G,B,B,A,H,-,A,D,0,Y,,,,Y,,A,01,0,1,0,0,1,0,0,0,0,"- ","- ",,,"SAN DIEGO","SAN DIEGO",,
6032735,2013,2014-02-12,3711,2013-04-10,1812,6292,,3,5,7,3711,0,0,0,,0,623,"HOTEL CIRCLE SOUTH","HOTEL CIRCLE NORTH",1723.00,E,N,A,-,N,,,,,,,,,,N,3,0,1,2,A,-,09,21801,A,N,D,G,A,A,H,-,A,D,0,,Y,,,Y,,A,08,0,1,0,0,0,0,1,0,0,"- ","- ",,,"SAN DIEGO","SAN DIEGO",-117.170951,32.759744099999999
6032755,2013,2014-02-12,3711,2013-04-11,1520,4654,,4,5,7,3711,0,0,0,,0,313,"CLAIREMONT MESA BL","CONVOY ST",75.00,E,N,B,-,N,,,,,,,,,,N,4,0,1,2,A,-,11,21954,A,N,G,B,D,A,H,-,A,A,0,Y,,,,Y,,N,60,0,0,1,0,1,0,0,0,0,"- ","- ",,,"SAN DIEGO","SAN DIEGO",-117.15304860000001,32.832787500000002
6038543,2013,2014-02-12,3711,2013-04-16,2045,302887,SANDI,2,5,7,3711,0,0,0,,0,521,"11TH AV","E ST",0.00,E,Y,B,-,N,,,,,,,,,,N,4,0,2,3,A,-,10,21950,A,N,G,B,B,A,H,-,C,A,0,Y,,,,Y,,-,"- ",0,0,2,0,2,0,0,0,0,"- ","- ",,,"SAN DIEGO","SAN DIEGO",-117.15470190000001,32.714664800000001
6039242,2013,2014-02-12,3711,2013-04-16,1555,6865,,2,5,7,3711,0,0,0,,0,313,"CONVOY ST","OPPORTUNITY RD",208.00,S,N,B,-,N,,,,,,,,,,N,3,0,1,2,C,-,18,,,N,G,B,F,A,H,-,A,D,0,Y,,,,Y,,-,"- ",0,1,0,0,1,0,0,0,0,"- ","- ",,,"SAN DIEGO","SAN DIEGO",-117.15521649999999,32.824855900000003
6039262,2013,2014-02-12,3711,2013-04-17,0653,6982,,3,5,7,3711,0,0,0,,0,813,"POLK AV","TEXAS AV",0.00,,Y,A,-,Y,,,,,,,,,,N,4,0,1,2,A,-,10,21950,A,N,G,B,D,A,H,-,A,A,0,Y,,,,Y,,-,"- ",0,0,1,0,1,0,0,0,0,"- ","- ",,,"SAN DIEGO","SAN DIEGO",-117.138822,32.7521348
6043095,2013,2014-02-18,3711,2013-04-15,0645,6836,,1,5,7,3711,0,0,0,,0,313,"CONVOY ST",VICKERS,195.00,S,N,C,-,N,,,,,,,,,,N,4,0,1,2,A,-,08,22107,,N,D,G,A,B,H,-,A,D,0,,Y,,,Y,,L,04,0,0,1,0,0,0,1,0,0,"- ","- ",,,"SAN DIEGO","SAN DIEGO",-117.1538942,32.827548700000001
6043119,2013,2014-04-17,3711,2013-04-21,1456,5702,SANDI,7,5,7,3711,0,0,0,,0,935,"VIA DE LA VALLE","RT 5",6.00,N,N,A,-,Y,SD,11,5,-,R,36.536,R,1,S,N,4,0,1,2,A,-,09,21800,A,N,H,G,A,A,H,-,A,A,0,,Y,,,Y,,-,"- ",0,0,1,0,0,0,1,0,0,"- ",SF,,,"SAN DIEGO","SAN DIEGO",-117.2549819,32.984754799999997
6043164,2013,2014-02-15,3711,2013-04-10,1511,4864,3711,3,5,7,3711,0,0,0,,0,822,"UNIVERSITY AV","UNIVERSITY SQUARE",0.00,,Y,A,-,N,,,,,,,,,,N,2,0,1,2,A,-,12,21453,A,N,H,B,B,A,H,-,A,A,0,Y,Y,,,Y,,L,04,1,0,0,0,1,0,0,0,0,"- ","- ",,,"SAN DIEGO","SAN DIEGO",-117.163912,32.748234799999999
6043265,2013,2014-02-13,3711,2013-04-18,0830,5509,,4,5,7,3711,0,0,0,,0,934,"CARMEL COUNTRY RD","CLOVERHURST WY",0.00,,Y,A,-,N,,,,,,,,,,N,3,0,1,2,A,-,10,21950,A,N,G,B,B,A,H,-,A,A,0,Y,,,,Y,,-,"- ",0,1,0,0,1,0,0,0,0,"- ","- ",,,"SAN DIEGO","SAN DIEGO",-117.205842,32.934604800000002
6044722,2013,2014-02-12,3711,2013-04-13,1645,4414,,6,5,7,3711,0,0,0,,0,324,"JACKSON DR","BOULDER LAKE AV",0.00,,Y,A,-,N,,,,,,,,,,N,4,0,1,2,D,-,00,,,N,B,G,A,A,H,-,A,D,0,,Y,,,Y,,-,"- ",0,0,1,0,0,0,1,0,0,"- ","- ",,,"SAN DIEGO","SAN DIEGO",-117.020482,32.793514899999998
6044734,2013,2014-02-12,3711,2013-04-14,2151,6544,CENTE,7,5,7,3711,0,0,0,,0,511,"CESAR CHAVEZ PKWY","CESAR CHAVEZ",6.00,W,N,B,C,N,,,,,,,,,,N,4,0,1,2,A,-,11,21456,B,N,G,B,B,B,H,-,C,A,0,Y,,,,Y,Y,N,60,0,0,1,0,1,0,0,0,0,"- ","- ",,,"SAN DIEGO","SAN DIEGO",,
6044754,2013,2014-02-12,3711,2013-04-06,0207,6203,,6,5,7,3711,0,0,0,,0,813,"UNIVERSITY AV","PERSHING AV",15.00,W,N,A,-,N,,,,,,,,,,N,3,0,1,2,A,-,11,21950,B,N,G,B,D,A,H,-,C,B,0,Y,,,,Y,,N,60,0,1,0,0,1,0,0,0,0,"- ","- ",,,"SAN DIEGO","SAN DIEGO",-117.1346905,32.748444800000001
6048110,2013,2014-02-15,3711,2013-04-25,1859,6000,,4,5,7,3711,0,0,0,,0,724,"BURWOOD PL","CAULFIELD DR",0.00,,Y,A,-,N,,,,,,,,,,N,4,0,1,2,A,-,10,21950,A,N,G,B,B,A,H,-,B,D,0,Y,,,,Y,,D,22,0,0,1,0,1,0,0,0,0,"- ","- ",,,"SAN DIEGO","SAN DIEGO",-117.07628200000001,32.5787148
6048362,2013,2014-02-15,3711,2013-04-26,1709,6846,,5,5,7,3711,0,0,0,,0,311,"RUFFIN RD","AERO DR",1584.00,N,N,A,-,N,,,,,,,,,,N,3,0,1,2,A,-,08,22107,,N,D,G,A,A,H,-,A,D,0,,Y,,,Y,,A,01,0,1,0,0,0,0,1,0,0,"- ","- ",,,"SAN DIEGO","SAN DIEGO",-117.12054311999999,32.812809829999999
6060357,2013,2014-02-13,3711,2013-04-09,1836,4897,,2,5,7,3711,0,0,0,,0,839,"UNIVERSITY AV","CHEROKEE AV",0.00,,Y,A,-,N,,,,,,,,,,N,3,0,1,2,A,-,10,21950,A,N,G,B,B,A,H,-,A,D,0,Y,,,,Y,,A,01,0,1,0,0,1,0,0,0,0,"- ","- ",,,"SAN DIEGO","SAN DIEGO",-117.114352,32.749724800000003
6060905,2013,2014-02-20,3711,2013-04-29,1506,677.,,1,5,7,3711,0,0,0,,0,234,"RANCHO BERNARDO RD","CRESTA DR",275.00,W,N,A,-,N,,,,,,,,,,N,3,0,1,2,A,-,05,21202,A,N,C,G,A,A,H,-,A,D,0,,Y,,,Y,,L,04,0,1,0,0,0,0,1,0,0,"- ","- ",,,"SAN DIEGO","SAN DIEGO",-117.0597704,33.0186013
6060933,2013,2014-02-20,3711,2013-04-29,1616,4243,,1,5,7,3711,0,0,0,,0,813,"UNIVERSITY AV","BANCROFT ST",14.00,W,N,A,-,N,,,,,,,,,,N,3,0,2,3,A,-,11,21461,5,N,B,B,D,A,H,-,A,D,0,Y,,,,Y,,N,60,0,1,1,0,2,0,0,0,0,"- ","- ",,,"SAN DIEGO","SAN DIEGO",-117.1239973,32.748474799999997
6061571,2013,2014-02-26,3711,2013-05-01,0108,6676,SD,3,5,7,3711,0,0,0,,0,813,"MEADE AV","ARIZONA ST",16.00,W,N,A,-,N,,,,,,,,,,N,4,0,1,2,A,-,12,22450,A,N,D,G,A,A,H,-,C,D,0,,Y,,,Y,,L,04,0,0,1,0,0,0,1,0,0,"- ","- ",,,"SAN DIEGO","SAN DIEGO",-117.1376738,32.757244800000002
6061583,2013,2014-02-26,3711,2013-05-01,0720,6812,,3,5,7,3711,0,0,0,,0,112,"GENESEE AV","MOUNT ETNA DR",0.00,,Y,B,-,N,,,,,,,,,,N,4,0,1,2,A,-,10,21950,A,M,D,G,A,A,H,-,A,A,0,,Y,,,Y,,-,"- ",0,0,1,0,0,0,1,0,0,"- ","- ",,,"SAN DIEGO","SAN DIEGO",-117.183052,32.821324799999999
6065890,2013,2014-02-20,3711,2013-05-07,1745,5989,,2,5,7,3711,0,0,0,,0,124,"LA JOLLA BL","PEARL ST",0.00,,Y,A,-,N,,,,,,,,,,N,3,0,1,2,A,-,04,21703,,M,B,G,A,A,H,-,A,A,0,,Y,,,Y,,-,"- ",0,1,0,0,0,0,1,0,0,"- ","- ",,,"SAN DIEGO","SAN DIEGO",-117.27851200000001,32.839114799999997
6069711,2013,2014-02-21,3711,2013-05-05,1550,4656,SANDI,7,5,7,3711,0,0,0,,0,434,"GRIBBLE ST","MIDDLEBUSH DR",62.00,W,N,C,-,N,,,,,,,,,,N,3,0,1,2,A,-,11,21954,A,N,G,B,D,A,H,-,A,D,0,Y,,,,Y,,N,60,0,1,0,0,1,0,0,0,0,"- ","- ",,,"SAN DIEGO","SAN DIEGO",-117.0299019,32.704780499999998
6072262,2013,2014-02-27,3711,2013-05-05,1217,6899,,7,5,7,3711,0,0,0,,0,122,"FANUEL ST","GARNET AV",126.00,S,N,B,-,N,,,,,,,,,,N,4,0,1,2,A,-,11,21954,A,N,G,B,D,A,H,-,A,D,0,Y,,,,Y,Y,N,60,0,0,1,0,1,0,0,0,0,"- ","- ",,,"SAN DIEGO","SAN DIEGO",-117.2462822,32.798229999999997
6073527,2013,2014-02-22,3711,2013-05-02,0340,6564,,4,5,7,3711,0,0,0,,0,627,"RICHMOND ST","CLEVELAND AV",66.00,S,N,B,-,N,,,,,,,,,,N,3,0,1,2,A,-,17,21663,,M,G,B,F,A,H,-,C,D,0,Y,,,,Y,Y,-,"- ",0,1,0,0,1,0,0,0,0,"- ","- ",,,"SAN DIEGO","SAN DIEGO",-117.1512474,32.749374000000003
6075678,2013,2014-02-20,3711,2013-05-02,1854,6989,,4,5,7,3711,0,0,0,,0,611,"TRUXTUN RD","TRUXTUN BL",9.00,E,N,A,-,N,,,,,,,,,,N,2,0,1,2,A,-,05,21650,,N,D,G,A,A,H,-,A,D,0,,Y,,,Y,,L,04,1,0,0,0,0,0,1,0,0,"- ","- ",,,"SAN DIEGO","SAN DIEGO",-117.224525,32.728864799999997
6075705,2013,2014-02-21,3711,2013-05-03,1625,4617,,5,5,7,3711,0,0,0,,0,242,"WESTVIEW PKWY","MIRA MESA BL",0.00,,Y,A,-,N,,,,,,,,,,N,4,0,1,2,A,-,11,21950,B,N,G,B,B,A,H,-,-,A,0,Y,,,,Y,,-,"- ",0,0,1,0,1,0,0,0,0,"- ","- ",,,"SAN DIEGO","SAN DIEGO",-117.120672,32.917324800000003
6079327,2013,2014-02-24,3711,2013-05-13,1700,4310,,1,5,7,3711,0,0,0,,0,122,"GARNET AV","GARNET AV 1300",0.00,,-,A,-,N,,,,,,,,,,N,3,0,1,2,D,-,00,,,M,H,G,A,A,H,-,A,D,0,,Y,,,Y,,-,"- ",0,1,0,0,0,0,1,0,0,"- ","- ",,,"SAN DIEGO","SAN DIEGO",-117.24628419,32.798573099999999
6079394,2013,2014-02-24,3711,2013-05-14,2030,5252,,2,5,7,3711,0,0,0,,0,111,ASHFORD,"ASHFORD 3700",0.00,,Y,A,-,N,,,,,,,,,,N,4,0,1,2,A,-,08,22107,,N,A,G,A,A,H,-,C,-,0,,Y,,,Y,,L,04,0,0,1,0,0,0,1,0,0,"- ","- ",,,"SAN DIEGO","SAN DIEGO",-117.15989918,32.810619430000003
6079752,2013,2014-02-21,3711,2013-05-15,1836,7000,,3,5,7,3711,0,0,0,,0,813,"UNIVERSITY AV","HAMILTON AV",7.00,W,N,A,-,N,,,,,,,,,,N,3,0,1,2,A,-,09,21801,A,N,D,G,A,A,H,-,A,D,0,,Y,,,Y,,-,"- ",0,1,0,0,0,0,1,0,0,"- ","- ",,,"SAN DIEGO","SAN DIEGO",-117.1363546,32.748424800000002
6079763,2013,2014-03-24,3711,2013-05-15,1615,6855,,3,5,7,3711,0,0,0,,0,614,"VOLTAIRE ST","EBERS ST",528.00,E,N,A,-,N,,,,,,,,,,N,3,0,1,2,A,-,11,21950,B,N,G,B,E,A,H,-,A,D,0,Y,,,,Y,,N,60,0,1,0,0,1,0,0,0,0,"- ","- ",,,"SAN DIEGO","SAN DIEGO",-117.2400768,32.747974800000001
6082723,2013,2014-02-24,3711,2013-05-18,1026,5787,,6,5,7,3711,0,0,0,,0,124,"LA JOLLA BL","CAMINO DE LA COSTA",93.00,N,N,A,-,N,,,,,,,,,,N,3,0,1,2,A,-,17,22109,,N,C,G,A,A,H,-,A,D,0,,Y,,,Y,,-,"- ",0,1,0,0,0,0,1,0,0,"- ","- ",,,"SAN DIEGO","SAN DIEGO",-117.27203179999999,32.817790500000001
6082724,2013,2014-02-22,3711,2013-05-21,1315,5380,,2,5,7,3711,0,0,0,,0,524,"B ST","8TH AV",0.00,,Y,-,-,N,,,,,,,,,,N,3,0,1,2,A,-,12,21453,A,N,D,B,E,-,-,-,-,A,0,Y,,,,Y,,N,60,0,1,0,0,1,0,0,0,0,"- ","- ",,,"SAN DIEGO","SAN DIEGO",-117.157462,32.7177948
6082735,2013,2014-02-24,3711,2013-05-25,1514,5916,,6,5,7,3711,0,0,0,,0,124,"TORREY PINES RD","CALLE JUELA",4.00,E,N,A,-,N,,,,,,,,,,N,3,0,1,2,A,-,08,22107,,N,D,G,A,A,H,-,A,D,0,,Y,,,Y,,A,01,0,1,0,0,0,0,1,0,0,"- ","- ",,,"SAN DIEGO","SAN DIEGO",-117.25514939999999,32.850357600000002
6082821,2013,2014-02-25,3711,2013-05-09,1000,6813,,4,5,7,3711,0,0,0,,0,813,"S ALLEY 2900 UNIVERSITY","29TH ST",75.00,E,N,A,-,N,,,,,,,,,,N,3,0,1,2,-,-,"- ",,,N,G,B,D,A,H,-,A,-,0,Y,,,,Y,,-,"- ",0,1,0,0,1,0,0,0,0,"- ","- ",,,"SAN DIEGO","SAN DIEGO",,
6082865,2013,2014-02-25,3711,2013-05-12,2018,4653,,7,5,7,3711,0,0,0,,0,831,"UNIVERSITY AV","44TH ST",0.00,,Y,A,-,N,,,,,,,,,,N,2,0,1,2,A,-,10,21950,A,N,G,B,B,A,H,-,C,A,0,Y,,,,Y,,A,07,1,0,0,0,1,0,0,0,0,"- ","- ",,,"SAN DIEGO","SAN DIEGO",-117.09983200000001,32.749594899999998
6087545,2013,2014-03-25,3711,2013-04-21,1225,6792,,7,5,7,3711,0,0,0,,0,436,"NOELINE AV","8500 NOELINE AV",0.00,,Y,A,-,N,,,,,,,,,,N,3,0,1,2,D,-,00,,,M,D,G,A,A,H,-,A,D,0,,Y,,,Y,Y,-,"- ",0,1,0,0,0,0,1,0,0,"- ","- ",,,"SAN DIEGO","SAN DIEGO",-117.02292681,32.703912529999997
6090883,2013,2014-02-25,3711,2013-05-29,1440,6999,,3,5,7,3711,0,0,0,,0,627,"WASHINGTON ST","5TH AV",81.00,E,N,A,-,N,,,,,,,,,,N,4,0,1,2,C,-,18,,,N,B,G,A,A,H,-,A,D,0,,Y,,,Y,,-,"- ",0,0,1,0,0,0,1,0,0,"- ","- ",,,"SAN DIEGO","SAN DIEGO",-117.16052929999999,32.749924800000002
6090895,2013,2014-02-25,3711,2013-05-27,1740,6594,,1,5,7,3711,0,0,0,,0,445,"EUCLID AV","MARKET ST",100.00,S,N,A,-,N,,,,,,,,,,N,3,0,1,2,B,-,22,,,N,G,B,E,A,H,-,A,D,0,Y,,,,Y,,-,"- ",0,1,0,0,1,0,0,0,0,"- ","- ",,,"SAN DIEGO","SAN DIEGO",-117.0850105,32.710160899999998
6096088,2013,2014-02-26,3711,2013-05-20,0001,6747,,1,5,7,3711,0,0,0,,0,627,"EL CAJON BL","MISSISSIPPI ST",63.00,E,N,A,-,N,,,,,,,,,,N,3,0,1,2,A,-,11,21954,A,M,G,B,E,A,H,-,D,D,0,Y,,,,Y,Y,N,60,0,1,0,0,1,0,0,0,0,"- ","- ",,,"SAN DIEGO","SAN DIEGO",-117.14110770000001,32.755344800000003
6096123,2013,2014-02-26,3711,2013-05-10,1726,6479,,5,5,7,3711,0,0,0,,0,826,"54TH ST","54TH ST 4200",0.00,W,N,A,-,N,,,,,,,,,,N,3,0,1,2,B,-,22,,,N,-,G,A,A,H,-,A,D,0,,Y,,,Y,,L,04,0,1,0,0,0,0,1,0,0,"- ","- ",,,"SAN DIEGO","SAN DIEGO",-117.07943022000001,32.753130329999998
6100611,2013,2014-03-06,3711,2013-05-27,2130,6620,,1,5,7,3711,0,0,0,,0,524,"4TH AV",MARKET,142.00,N,N,A,-,N,,,,,,,,,,N,4,0,1,2,A,-,"- ",,,M,G,B,D,A,H,-,C,D,0,Y,,,,Y,,N,60,0,0,1,0,1,0,0,0,0,"- ","- ",,,"SAN DIEGO","SAN DIEGO",-117.1610628,32.711873599999997
6100809,2013,2014-03-01,3711,2013-06-09,0848,5039,,7,5,7,3711,0,0,0,,0,124,CALUMET,COLIMA,33.00,N,N,B,-,Y,,,,,,,,,,N,4,0,1,2,A,-,03,22350,,N,C,G,A,A,H,-,A,D,0,,Y,,,Y,,L,04,0,0,1,0,0,0,1,0,0,"- ","- ",,,"SAN DIEGO","SAN DIEGO",-117.26908950000001,32.810682100000001
6100837,2013,2014-03-01,3711,2013-06-02,1744,6259,,7,5,7,3711,0,0,0,,0,442,"39TH ST",BOSTON,151.00,S,N,B,-,N,,,,,,,,,,N,4,0,2,2,A,-,03,22350,,N,D,G,A,A,H,-,A,D,0,,,,,Y,,-,"- ",0,0,2,0,0,0,0,0,0,"- ","- ",,,"SAN DIEGO","SAN DIEGO",-117.11031680000001,32.6935012