CASE_ID,ACCIDENT_YEAR,PROC_DATE,JURIS,COLLISION_DATE,COLLISION_TIME,OFFICER_ID,REPORTING_DISTRICT,DAY_OF_WEEK,CHP_SHIFT,POPULATION,CNTY_CITY_LOC,SPECIAL_COND,BEAT_TYPE,CHP_BEAT_TYPE,CITY_DIVISION_LAPD,CHP_BEAT_CLASS,BEAT_NUMBER,PRIMARY_RD,SECONDARY_RD,DISTANCE,DIRECTION,INTERSECTION,WEATHER_1,WEATHER_2,STATE_HWY_IND,CALTRANS_COUNTY,CALTRANS_DISTRICT,STATE_ROUTE,ROUTE_SUFFIX,POSTMILE_PREFIX,POSTMILE,LOCATION_TYPE,RAMP_INTERSECTION,SIDE_OF_HWY,TOW_AWAY,COLLISION_SEVERITY,NUMBER_KILLED,NUMBER_INJURED,PARTY_COUNT,PRIMARY_COLL_FACTOR,PCF_CODE_OF_VIOL,PCF_VIOL_CATEGORY,PCF_VIOLATION,PCF_VIOL_SUBSECTION,HIT_AND_RUN,TYPE_OF_COLLISION,MVIW,PED_ACTION,ROAD_SURFACE,ROAD_COND_1,ROAD_COND_2,LIGHTING,CONTROL_DEVICE,CHP_ROAD_TYPE,PEDESTRIAN_ACCIDENT,BICYCLE_ACCIDENT,MOTORCYCLE_ACCIDENT,TRUCK_ACCIDENT,NOT_PRIVATE_PROPERTY,ALCOHOL_INVOLVED,STWD_VEHTYPE_AT_FAULT,CHP_VEHTYPE_AT_FAULT,COUNT_SEVERE_INJ,COUNT_VISIBLE_INJ,COUNT_COMPLAINT_PAIN,COUNT_PED_KILLED,COUNT_PED_INJURED,COUNT_BICYCLIST_KILLED,COUNT_BICYCLIST_INJURED,COUNT_MC_KILLED,COUNT_MC_INJURED,PRIMARY_RAMP,SECONDARY_RAMP,LATITUDE,LONGITUDE,COUNTY,CITY,POINT_X,POINT_Y
6103482,2013,2014-03-05,3711,2013-05-28,1416,6715,,2,5,7,3711,0,0,0,,0,614,"CABLE ST","NEWPORT AV",0.00,,Y,A,-,N,,,,,,,,,,N,4,0,1,2,A,-,09,21801,A,N,D,G,A,A,H,-,A,D,0,,Y,,,Y,,A,01,0,0,1,0,0,0,1,0,0,"- ","- ",,,"SAN DIEGO","SAN DIEGO",-117.249342,32.7457748
6103514,2013,2014-03-05,3711,2013-05-28,1900,6887,,2,5,7,3711,0,0,0,,0,242,"BLACK MOUNTAIN RD","MIRA MESA BL",54.00,N,N,A,-,N,,,,,,,,,,N,3,0,1,2,A,-,11,21950,B,N,G,B,D,A,H,-,A,A,0,Y,,,,Y,Y,N,60,0,1,0,0,1,0,0,0,0,"- ","- ",,,"SAN DIEGO","SAN DIEGO",-117.12494359999999,32.9173616
6105297,2013,2014-03-01,3711,2013-06-10,0935,6499,,1,5,7,3711,0,0,0,,0,432,"IMPERIAL AV","STEVENS WY",0.00,,Y,A,-,N,,,,,,,,,,N,3,0,1,2,A,-,12,21453,A,N,D,G,A,A,H,-,A,A,0,,Y,,,Y,,L,04,0,1,0,0,0,0,1,0,0,"- ","- ",,,"SAN DIEGO","SAN DIEGO",-117.07315989,32.708600050000001
6105321,2013,2014-03-01,3711,2013-06-09,1532,4653,,7,5,7,3711,0,0,0,,0,311,"AERO DR","SANDROCK RD",0.00,,Y,A,-,N,,,,,,,,,,N,3,0,1,2,A,-,08,21717,,N,B,G,A,A,H,-,A,A,0,,Y,,,Y,,A,01,0,1,0,0,0,0,1,0,0,"- ","- ",,,"SAN DIEGO","SAN DIEGO",-117.140142,32.809634899999999
6105358,2013,2014-03-01,3711,2013-06-03,0910,6811,SD,1,5,7,3711,0,0,0,,0,522,"WEST BROADWAY","KETTNER BL",0.00,,Y,A,-,N,,,,,,,,,,N,3,0,1,2,A,-,21,22106,,N,D,G,A,A,H,-,A,A,0,,Y,,,Y,,-,"- ",0,1,0,0,0,0,1,0,0,"- ","- ",,,"SAN DIEGO","SAN DIEGO",-117.16918200000001,32.715764800000002
6108620,2013,2014-03-06,3711,2013-06-15,2050,5340,,6,5,7,3711,0,0,0,,0,432,"54TH ST","IMPERIAL AV",0.00,,Y,A,-,N,,,,,,,,,,N,4,0,1,2,A,-,10,21950,A,M,G,B,B,A,H,-,C,A,0,Y,,,,Y,Y,A,07,0,0,1,0,1,0,0,0,0,"- ","- ",,,"SAN DIEGO","SAN DIEGO",-117.07881190000001,32.707074900000002
6116333,2013,2014-04-25,3711,2013-06-13,1255,7006,,4,5,7,3711,0,0,0,,0,827,"STREAMVIEW DR","LEMONA AV",0.00,,Y,A,-,N,,,,,,,,,,N,4,0,1,2,A,-,03,22350,,N,B,G,A,A,H,-,A,A,0,,Y,,,Y,Y,L,04,0,0,1,0,0,0,1,0,0,"- ","- ",,,"SAN DIEGO","SAN DIEGO",-117.0836819,32.742864900000001
6116354,2013,2014-02-28,3711,2013-06-05,1506,6000,,3,5,7,3711,0,0,0,,0,446,"SOUTH 47TH ST","FRANKLIN AV",77.00,N,N,A,-,N,,,,,,,,,,N,2,0,1,2,A,-,11,21954,A,N,G,B,D,A,H,-,A,D,0,Y,,,,Y,,N,60,1,0,0,0,1,0,0,0,0,"- ","- ",,,"SAN DIEGO","SAN DIEGO",-117.09374939999999,32.702505700000003
6116386,2013,2014-04-25,3711,2013-06-15,2200,7009,,6,5,7,3711,0,0,0,,0,611,"CAMINO DEL RIO W","MOORE ST",57.00,N,N,A,-,N,,,,,,,,,,N,4,0,1,2,A,-,09,21802,A,N,D,G,A,A,H,-,C,D,0,,Y,,,Y,,-,"- ",0,0,1,0,0,0,1,0,0,"- ","- ",,,"SAN DIEGO","SAN DIEGO",-117.2049926,32.755520699999998
6116981,2013,2014-03-03,3711,2013-06-15,0800,5828,,6,5,7,3711,0,0,0,,0,116,"GARNET AV","SANTA FE ST",8.00,E,N,A,-,N,,,,,,,,,,N,3,0,1,2,A,-,06,21750,,N,B,G,A,A,H,-,A,D,0,,Y,,,Y,,L,04,0,1,0,0,0,0,1,0,0,"- ","- ",,,"SAN DIEGO","SAN DIEGO",-117.21513122,32.806989170000001
6117001,2013,2014-03-03,3711,2013-06-21,1920,6665,,5,5,7,3711,0,0,0,,0,242,"CAMINITO ALVAREZ","MIRA MESA BL",500.00,S,N,A,-,N,,,,,,,,,,Y,3,0,2,3,A,-,11,21954,A,N,G,B,D,A,H,-,A,D,0,Y,,,,Y,,N,60,0,1,1,0,2,0,0,0,0,"- ","- ",,,"SAN DIEGO","SAN DIEGO",-117.1668993,32.907202499999997
6117005,2013,2014-03-03,3711,2013-06-21,1600,6339,,5,5,7,3711,0,0,0,,0,233,"RANCHO RENASQUITOS BL","CARMEL MOUNTAIN RD",200.00,N,N,A,-,N,,,,,,,,,,N,3,0,1,2,A,-,05,21650,1,N,D,G,A,A,H,-,A,D,0,,Y,,,Y,,L,04,0,1,0,0,0,0,1,0,0,"- ","- ",,,"SAN DIEGO","SAN DIEGO",-117.11621046,32.959731329999997
6117030,2013,2014-03-03,3711,2013-06-21,1253,5198,,5,5,7,3711,0,0,0,,0,234,"WEST BERNARDO DR","RANCHO BERNARDO RD",182.00,N,N,A,-,N,,,,,,,,,,N,3,0,1,2,A,-,09,21804,A,N,D,G,A,A,H,-,A,D,0,,Y,,,Y,,A,01,0,1,0,0,0,0,1,0,0,"- ","- ",,,"SAN DIEGO","SAN DIEGO",-117.08213189999999,33.024383
6118032,2013,2014-03-07,3711,2013-06-11,2125,6850,,2,5,7,3711,0,0,0,,0,724,"PALM AV","PALM AV 2200",15.00,N,N,B,-,N,,,,,,,,,,N,4,0,1,2,A,-,14,21201,D,N,D,G,A,A,H,-,C,A,0,,Y,,,Y,,L,04,0,0,1,0,0,0,1,0,0,"- ","- ",,,"SAN DIEGO","SAN DIEGO",,
6119544,2013,2014-03-04,3711,2013-06-23,0304,5051,,7,5,7,3711,0,0,0,,0,627,"LINCOLN AV","CLEVELAND AV",0.00,,Y,B,-,N,,,,,,,,,,N,2,0,1,2,A,-,10,21950,A,F,G,B,B,A,H,-,C,D,0,Y,,,,Y,Y,-,99,1,0,0,0,1,0,0,0,0,"- ","- ",,,"SAN DIEGO","SAN DIEGO",-117.149272,32.751294799999997
6119572,2013,2014-03-04,3711,2013-06-21,2026,5985,,5,5,7,3711,0,0,0,,0,523,"G ST","5TH AV",0.00,,Y,A,-,N,,,,,,,,,,N,2,0,1,2,A,-,10,21950,A,N,G,B,B,A,H,-,C,A,0,Y,,,,Y,,A,01,1,0,0,0,1,0,0,0,0,"- ","- ",,,"SAN DIEGO","SAN DIEGO",-117.1601819,32.712514800000001
6119584,2013,2014-03-04,3711,2013-06-19,2100,6732,,3,5,7,3711,0,0,0,,0,712,"WEST SAN YSIDRO BL","COTTONWOOD DR",140.00,E,N,A,F,N,,,,,,,,,,N,3,0,1,2,A,-,11,21954,A,N,G,B,E,A,H,-,C,D,0,Y,,,,Y,,N,60,0,1,0,0,1,0,0,0,0,"- ","- ",,,"SAN DIEGO","SAN DIEGO",-117.04760090000001,32.553636599999997
6119849,2013,2014-04-02,3711,2013-06-05,1608,5866,SDPD,3,5,7,3711,0,0,0,,0,712,"W CALLE PRIMERA","VIA DE SAN YSIDRO",200.00,W,N,A,-,N,,,,,,,,,,N,3,0,1,2,A,-,03,22350,,N,A,B,D,A,H,-,A,A,0,Y,,,,Y,,-,"- ",0,1,0,0,1,0,0,0,0,"- ","- ",,,"SAN DIEGO","SAN DIEGO",-117.0466086,32.550835200000002
6119853,2013,2014-03-06,3711,2013-06-29,2031,5953,,6,5,7,3711,0,0,0,,0,516,"32ND ST","MARKET ST",12.00,N,N,A,-,N,,,,,,,,,,N,3,0,1,2,A,-,03,22350,,M,G,B,B,A,H,-,C,A,0,Y,,,,Y,,A,01,0,1,0,0,1,0,0,0,0,"- ","- ",,,"SAN DIEGO","SAN DIEGO",-117.1252619,32.711647599999999
6119910,2013,2014-03-06,3711,2013-06-24,1826,5313,,1,5,7,3711,0,0,0,,0,822,"EL CAJON BL","EL CAJON BL 5500",0.00,,Y,A,-,N,,,,,,,,,,N,3,0,1,2,A,-,08,22107,,N,B,G,A,A,H,-,A,D,0,,Y,,,Y,,-,"- ",0,1,0,0,0,0,1,0,0,"- ","- ",,,"SAN DIEGO","SAN DIEGO",-117.07610875,32.758312410000002
6120197,2013,2014-04-10,3711,2013-07-01,0215,3867,,1,5,7,3711,0,0,0,,0,122,"GARNET AV","GARNET 1000",0.00,E,-,A,-,N,,,,,,,,,,N,3,0,1,2,A,-,21,22106,,N,-,B,D,A,H,-,C,D,0,Y,,,,Y,Y,-,"- ",0,1,0,0,1,0,0,0,0,"- ","- ",,,"SAN DIEGO","SAN DIEGO",-117.25185870999999,32.797338320000001
6120281,2013,2014-02-26,3711,2013-05-21,2230,4310,,2,5,7,3711,0,0,0,,0,512,"OCEAN VIEW BL","SAMPSON ST",0.00,,Y,A,-,N,,,,,,,,,,N,4,0,1,2,A,-,12,22450,A,N,G,B,B,A,H,-,C,A,0,Y,,,,Y,Y,A,01,0,0,1,0,1,0,0,0,0,"- ","- ",,,"SAN DIEGO","SAN DIEGO",-117.135372,32.702094799999998
6124126,2013,2014-03-01,3711,2013-06-19,0724,5628,,3,5,7,3711,0,0,0,,0,621,"DANIEL AV","FALVY AV",307.00,E,N,A,-,N,,,,,,,,,,N,4,0,1,2,A,-,21,22106,,N,G,B,F,A,H,-,A,D,0,Y,,,,Y,,A,07,0,0,1,0,1,0,0,0,0,"- ","- ",,,"SAN DIEGO","SAN DIEGO",-117.1611881,32.792018800000001
6124138,2013,2014-03-03,3711,2013-06-18,1736,6712,,2,5,7,3711,0,0,0,,0,813,"ADAMS AV","30TH ST",132.00,E,N,A,-,N,,,,,,,,,,N,3,0,1,2,A,-,08,22107,,N,B,G,A,A,H,-,A,D,0,,Y,,,Y,,-,"- ",0,1,0,0,0,0,1,0,0,"- ","- ",,,"SAN DIEGO","SAN DIEGO",-117.1297939,32.762884800000002
6124922,2013,2014-03-04,3711,2013-06-22,1953,6516,,6,5,7,3711,0,0,0,,0,614,"SUNSET CLIFFS BL","SANTA MONICA BL",0.00,,Y,A,-,N,,,,,,,,,,N,3,0,1,2,A,-,09,21804,A,N,D,G,A,A,H,-,A,A,0,,Y,,,Y,,L,04,0,1,0,0,0,0,1,0,0,"- ","- ",,,"SAN DIEGO","SAN DIEGO",-117.246882,32.745564899999998
6125125,2013,2014-03-04,3711,2013-06-25,1900,5989,,2,5,7,3711,0,0,0,,0,122,"FELSPAR ST","INGRAHAM ST",25.00,N,N,A,-,N,,,,,,,,,,N,4,0,1,2,A,-,11,21950,B,N,G,B,D,A,H,-,A,A,0,Y,,,,Y,Y,N,60,0,0,1,0,1,0,0,0,0,"- ","- ",,,"SAN DIEGO","SAN DIEGO",-117.24105745999999,32.800689409999997
6125193,2013,2014-03-04,3711,2013-06-19,1110,O.COX,,3,5,7,3711,0,0,0,,0,611,"ROSECRANS ST","KURTZ ST",0.00,,Y,A,-,N,,,,,,,,,,N,3,0,1,2,A,-,04,21703,,N,D,G,A,A,H,-,A,A,0,,Y,,,Y,,L,04,0,1,0,0,0,0,1,0,0,"- ","- ",,,"SAN DIEGO","SAN DIEGO",-117.2038919,32.752274900000003
6129913,2013,2014-03-04,3711,2013-06-14,1818,4653,,5,5,7,3711,0,0,0,,0,321,"FAIRMOUNT AV","RT 8",227.00,S,N,A,-,Y,SD,11,8,-,-,6.262,R,4,E,N,2,0,1,2,A,-,03,22350,,N,C,G,A,A,H,-,A,D,0,,Y,,,Y,,A,07,1,0,0,0,0,0,1,0,0,"- ",WO,,,"SAN DIEGO","SAN DIEGO",-117.1005562,32.779102600000002
6130491,2013,2014-03-11,3711,2013-07-06,1615,4626,,6,5,7,3711,0,0,0,,0,122,"MISSION BL","LORING ST",175.00,S,N,A,-,N,,,,,,,,,,N,3,0,1,2,A,-,08,22107,,N,B,G,A,A,H,-,A,D,0,,Y,,,Y,,I,20,0,1,0,0,0,0,1,0,0,"- ","- ",,,"SAN DIEGO","SAN DIEGO",-117.2579471,32.8045112
6130955,2013,2014-04-09,3711,2013-07-10,0359,6747,,3,5,7,3711,0,0,0,,0,626,"TITUS ST","1800 TITUS ST",0.00,,N,B,-,N,,,,,,,,,,N,3,0,3,3,A,-,17,21204,B,N,F,G,A,A,H,-,C,D,0,,Y,,,Y,Y,L,04,0,3,0,0,0,0,3,0,0,"- ","- ",,,"SAN DIEGO","SAN DIEGO",-117.18282938,32.744743759999999
6132050,2013,2014-03-12,3711,2013-07-05,1908,6179,,5,5,7,3711,0,0,0,,0,611,"HISTORIC DECATUR","1900 HISTORIC DECATUR",0.00,,Y,B,-,N,,,,,,,,,,N,4,0,1,2,A,-,08,22107,,N,B,G,A,A,H,-,A,D,0,,Y,,,Y,,L,04,0,0,1,0,0,0,1,0,0,"- ","- ",,,"SAN DIEGO","SAN DIEGO",-117.22112685,32.729400300000002
6134601,2013,2014-03-13,3711,2013-07-08,1300,6307,,1,5,7,3711,0,0,0,,0,627,"CENTRE ST","HARVEY MILK RD",43.00,S,N,A,-,N,,,,,,,,,,N,3,0,1,2,A,-,09,21801,A,N,D,G,A,A,H,-,A,D,0,,Y,,,Y,,-,"- ",0,1,0,0,0,0,1,0,0,"- ","- ",,,"SAN DIEGO","SAN DIEGO",-117.14817613,32.748786369999998
6134636,2013,2014-03-14,3711,2013-07-09,2330,6990,,2,5,7,3711,0,0,0,,0,122,"GRAND AV","FANUEL ST",0.00,,Y,A,-,N,,,,,,,,,,N,4,0,1,2,A,-,10,21950,A,N,G,B,B,A,H,-,C,A,0,Y,,,,Y,,A,01,0,0,1,0,1,0,0,0,0,"- ","- ",,,"SAN DIEGO","SAN DIEGO",-117.245812,32.7967248
6134640,2013,2014-03-13,3711,2013-07-08,0915,4565,,1,5,7,3711,0,0,0,,0,,"CARMEL VALLEY RD","SORRENTO VALLEY RD",0.00,,Y,B,-,N,,,,,,,,,,N,4,0,1,2,A,-,05,21650,1,N,D,G,A,A,H,-,A,A,0,,Y,,,Y,,L,04,0,0,1,0,0,0,1,0,0,"- ","- ",,,"SAN DIEGO","SAN DIEGO",-117.243082,32.931354900000002
6137508,2013,2014-03-07,9645,2013-06-29,0310,018871,,6,3,7,3711,0,1,1,,2,010,"RT 8","COLLEGE AV",1785.00,E,N,B,-,Y,SD,11,8,-,-,8.680,H,-,E,Y,2,0,1,2,A,-,11,21954,A,N,G,B,E,A,H,-,D,D,1,Y,,,,Y,Y,N,60,1,0,0,0,1,0,0,0,0,"- ","- ",32.77854,-117.06066,"SAN DIEGO","SAN DIEGO",-117.05947980000001,32.778113099999999
6139654,2013,2014-03-12,3711,2013-07-13,2113,5051,,6,5,7,3711,0,0,0,,0,627,"WASHINGTON ST","RICHMOND ST",12.00,E,N,A,-,N,,,,,,,,,,N,3,0,1,2,A,-,11,21954,A,N,G,B,D,A,H,-,C,A,0,Y,,,,Y,Y,N,60,0,1,0,0,1,0,0,0,0,"- ","- ",,,"SAN DIEGO","SAN DIEGO",-117.1504767,32.751658800000001
6139670,2013,2014-03-14,3711,2013-07-08,1155,6292,,1,5,7,3711,0,0,0,,0,322,"MISSION GORGE RD","TWAIN AV",25.00,N,N,A,-,N,,,,,,,,,,N,4,0,1,2,A,-,11,21954,A,N,G,B,D,A,H,-,A,A,0,Y,,,,Y,,N,60,0,0,1,0,1,0,0,0,0,"- ","- ",,,"SAN DIEGO","SAN DIEGO",-117.0977714,32.785063299999997
6139722,2013,2014-03-20,3711,2013-07-13,1555,5803,,6,5,7,3711,0,0,0,,0,115,"GENESEE AV","LA JOLLA VILLAGE DR",0.00,,Y,A,-,N,,,,,,,,,,N,4,0,1,2,A,-,09,21453,B,N,D,G,A,A,H,-,A,A,0,,Y,,,Y,,L,04,0,0,1,0,0,0,1,0,0,"- ","- ",,,"SAN DIEGO","SAN DIEGO",-117.214192,32.872614800000001
6142049,2013,2014-03-22,3711,2013-07-10,1351,6565,,3,5,7,3711,0,0,0,,0,444,"MARKET ST","GATEWAY CENTER DR",2.00,E,N,B,-,N,,,,,,,,,,N,4,0,1,2,A,-,10,21950,A,N,G,B,B,A,H,-,A,A,0,Y,,,,Y,,-,"- ",0,0,1,0,1,0,0,0,0,"- ","- ",,,"SAN DIEGO","SAN DIEGO",-117.11426539999999,32.711454699999997
6142110,2013,2014-03-12,3711,2013-07-14,1655,6933,,7,5,7,3711,0,0,0,,0,618,"SUNSET CLIFFS BL","FROUDE ST",162.00,N,N,A,-,N,,,,,,,,,,N,3,0,1,2,A,-,17,22517,,N,H,G,A,A,H,-,A,D,0,,Y,,,Y,,A,01,0,1,0,0,0,0,1,0,0,"- ","- ",,,"SAN DIEGO","SAN DIEGO",-117.2563356,32.730158000000003
6142142,2013,2014-03-12,3711,2013-07-15,0840,4294,,1,5,7,3711,0,0,0,,0,124,"LAJOLLA SCENIC NORTH","MOONRIDGE DR",0.00,,Y,A,-,N,,,,,,,,,,Y,4,0,2,2,A,-,09,21801,A,N,A,B,A,A,H,-,A,D,0,,,,,Y,,-,"- ",0,0,2,0,0,0,0,0,0,"- ","- ",,,"SAN DIEGO","SAN DIEGO",-117.240932,32.849594799999998
6142150,2013,2014-03-12,3711,2013-07-15,2140,4310,,1,5,7,3711,0,0,0,,0,411,"36TH ST","IMPERIAL AV",0.00,,N,A,-,N,,,,,,,,,,N,4,0,1,3,A,-,03,22350,,M,G,B,E,A,H,-,C,D,0,Y,,,,Y,,-,99,0,0,1,0,1,0,0,0,0,"- ","- ",,,"SAN DIEGO","SAN DIEGO",-117.1168419,32.704894799999998
6144435,2013,2014-03-13,3711,2013-07-09,1205,5226,,2,5,7,3711,0,0,0,,0,514,"MARKET ST","24TH ST",189.00,E,N,A,-,N,,,,,,,,,,N,3,0,1,1,A,-,05,21202,A,N,H,G,A,A,H,-,A,A,0,,Y,,,Y,Y,L,04,0,1,0,0,0,0,1,0,0,"- ","- ",,,"SAN DIEGO","SAN DIEGO",-117.1418597,32.711577699999999
6144448,2013,2014-03-14,3711,2013-07-01,1245,6018,,1,5,7,3711,0,0,0,,0,622,"PACIFIC HWY","TAYLOR ST",1056.00,N,N,A,-,N,,,,,,,,,,N,3,0,1,2,A,-,08,22107,,N,H,G,A,A,H,-,A,D,0,,Y,,,Y,,L,04,0,1,0,0,0,0,1,0,0,"- ","- ",,,"SAN DIEGO","SAN DIEGO",-117.2019284,32.758197299999999
6158646,2013,2014-03-18,3711,2013-07-23,1810,4864,,2,5,7,3711,0,0,0,,0,526,"EL PRADO","BALBOA DR",43.00,W,N,A,-,N,,,,,,,,,,N,3,0,1,2,A,-,11,21950,B,N,G,B,B,A,H,-,A,D,0,Y,,,,Y,,N,60,0,1,0,0,1,0,0,0,0,"- ","- ",,,"SAN DIEGO","SAN DIEGO",-117.15822129999999,32.731373099999999
6158659,2013,2014-03-28,3711,2013-07-19,1822,6941,,5,5,7,3711,0,0,0,,0,722,"TOCAYO AV",HOLLISTER,5.00,E,N,A,-,N,,,,,,,,,,N,3,0,1,2,A,-,10,21950,A,M,G,B,B,A,H,-,A,D,0,Y,,,,Y,,-,"- ",0,1,0,0,1,0,0,0,0,"- ","- ",,,"SAN DIEGO","SAN DIEGO",-117.0840757,32.563864700000003
6158680,2013,2014-03-18,3711,2013-07-16,1809,4897,,2,5,7,3711,0,0,0,,0,321,"ALVARADO CANYON RD","FAIRMONT AV",9.00,W,N,A,-,N,,,,,,,,,,N,3,0,1,2,A,-,10,21950,A,N,G,B,B,A,H,-,A,A,0,Y,,,,Y,,A,01,0,1,0,0,1,0,0,0,0,"- ","- ",,,"SAN DIEGO","SAN DIEGO",-117.10154593,32.780183340000001
6158684,2013,2014-03-24,3711,2013-07-21,0754,5838,,7,5,7,3711,0,0,0,,0,721,"SILVER STRAND BIKEWAY","FRONTAGE RD",162.00,W,N,B,-,N,,,,,,,,,,N,2,0,2,2,A,-,"- ",,,N,H,B,F,A,H,-,A,D,0,Y,Y,,,Y,,L,04,1,1,0,0,1,0,1,0,0,"- ","- ",,,"SAN DIEGO","SAN DIEGO",,
6158699,2013,2014-03-17,3711,2013-07-10,1438,5972,,3,5,7,3711,0,0,0,,0,439,"CERVANTES AV","DREXEL AV",50.00,W,N,A,-,N,,,,,,,,,,N,2,0,1,2,D,-,00,,,N,G,B,F,A,H,-,A,D,0,Y,,,,Y,,-,"- ",1,0,0,0,1,0,0,0,0,"- ","- ",,,"SAN DIEGO","SAN DIEGO",-117.0818709,32.693188599999999
6158711,2013,2014-03-17,3711,2013-07-24,1715,3867,,3,5,7,3711,0,0,0,,0,,"WASHINGTON ST","SAN DIEGO  AV",0.00,,Y,A,-,N,,,,,,,,,,N,4,0,1,2,A,-,08,22107,,N,B,G,A,A,H,-,A,A,0,,Y,,,Y,,-,"- ",0,0,1,0,0,0,1,0,0,"- ","- ",,,"SAN DIEGO","SAN DIEGO",-117.1820019,32.742804800000002
6158982,2013,2014-03-19,3711,2013-07-29,0820,7012,,1,5,7,3711,0,0,0,,0,524,"1ST AV","A ST",8.00,N,N,A,-,Y,,,,,,,,,,N,4,0,1,2,A,-,10,21950,A,N,G,B,B,A,H,-,A,A,0,Y,,,,Y,,I,11,0,0,1,0,1,0,0,0,0,"- ","- ",,,"SAN DIEGO","SAN DIEGO",-117.16389150000001,32.718796699999999
6162730,2013,2014-04-16,3711,2013-08-05,1504,6941,,1,5,7,3711,0,0,0,,0,713,"VIA DE LA AMISTAD","ROLL DR",15.00,E,N,-,-,N,,,,,,,,,,N,2,0,1,2,A,-,10,21950,A,N,G,B,B,-,-,-,-,D,0,Y,,,,Y,,-,"- ",1,0,0,0,1,0,0,0,0,"- ","- ",,,"SAN DIEGO","SAN DIEGO",-116.9374134,32.552894100000003
6162753,2013,2014-04-16,3711,2013-08-05,1759,4243,,1,5,7,3711,0,0,0,,0,111,"MOUNT ALIFAN DR","MOUNT ABRAHAM AV",231.00,S,N,A,-,N,,,,,,,,,,Y,4,0,1,2,A,I,"- ",,,N,D,G,A,A,H,-,A,D,0,,Y,,,Y,,L,04,0,0,1,0,0,0,1,0,0,"- ","- ",,,"SAN DIEGO","SAN DIEGO",-117.1766473,32.819138100000004
6162793,2013,2014-04-16,3711,2013-08-01,1657,6393,,4,5,7,3711,0,0,0,,0,122,"BAYARD ST","LAW ST",15.00,N,N,A,-,N,,,,,,,,,,N,3,0,1,2,A,-,"- ",,,N,A,G,A,A,H,-,A,D,0,,Y,,,Y,,L,,0,1,0,0,0,0,1,0,0,"- ","- ",,,"SAN DIEGO","SAN DIEGO",-117.25539379999999,32.802584600000003
6162797,2013,2014-04-01,3711,2013-08-04,1320,6576,MC,7,5,7,3711,0,0,0,,0,813,"MEADE AV","TEXAS ST",52.00,E,N,A,-,N,,,,,,,,,,N,4,0,1,2,C,-,18,,,N,H,G,A,A,H,-,A,A,0,,Y,,,Y,,-,"- ",0,0,1,0,0,0,1,0,0,"- ","- ",,,"SAN DIEGO","SAN DIEGO",-117.1386833,32.757244800000002
6162833,2013,2014-03-22,3711,2013-07-30,2023,6732,"SD MU",2,5,7,3711,0,0,0,,0,903,"SATURN BL","DONAX AV",116.00,N,N,A,-,N,,,,,,,,,,Y,4,0,1,2,A,-,11,21954,A,N,G,B,D,A,H,-,C,D,0,Y,,,,Y,,N,60,0,0,1,0,1,0,0,0,0,"- ","- ",,,"SAN DIEGO","SAN DIEGO",-117.0927319,32.5823325
6162849,2013,2014-03-19,3711,2013-07-23,2115,6024,SD,2,5,7,3711,0,0,0,,0,446,"LOGAN AV","47TH ST",200.00,E,N,A,-,N,,,,,,,,,,N,4,0,1,2,A,-,"- ",,,M,B,G,A,A,H,-,C,D,0,,Y,,,Y,Y,-,"- ",0,0,1,0,0,0,1,0,0,"- ","- ",,,"SAN DIEGO","SAN DIEGO",-117.093114,32.696788599999998
6173016,2013,2014-03-24,3711,2013-07-22,0855,9672,,1,5,7,3711,0,0,0,,0,825,"FAIRMOUNT AV",MONTEZUMA,145.00,N,N,A,-,N,,,,,,,,,,N,3,0,1,2,A,-,08,22107,,N,B,G,A,A,H,-,A,D,0,,Y,,,Y,,L,04,0,1,0,0,0,0,1,0,0,"- ","- ",,,"SAN DIEGO","SAN DIEGO",-117.09732,32.772829000000002
6173208,2013,2014-03-24,3711,2013-08-07,1620,3986,"SAN D",3,5,7,3711,0,0,0,,0,615,"ROSECRANS ST","KEATS ST",0.00,,Y,A,-,Y,,,,,,,,,,Y,3,0,2,2,A,-,09,21801,B,N,D,G,A,A,H,-,A,D,0,,Y,,,Y,,-,"- ",0,2,0,0,0,0,1,0,0,"- ","- ",,,"SAN DIEGO","SAN DIEGO",-117.22635200000001,32.727974799999998
6173371,2013,2014-04-19,3711,2013-08-16,0842,5628,,5,5,7,3711,0,0,0,,0,614,"SUNSET CLIFFS BL","CAPE MAY AV",89.00,N,N,A,-,N,,,,,,,,,,N,3,0,1,2,A,-,06,21750,,N,B,G,A,A,H,-,A,D,0,,Y,,,Y,,D,22,0,1,0,0,0,0,1,0,0,"- ","- ",,,"SAN DIEGO","SAN DIEGO",-117.2452617,32.747451699999999
6173777,2013,2014-03-28,3711,2013-08-17,1509,5762,,6,5,7,3711,0,0,0,,0,315,"NORTHSIDE DR","FRIARS RD",390.00,S,N,A,-,N,,,,,,,,,,N,4,0,1,2,A,-,08,22107,,N,B,G,A,A,H,-,A,D,0,,Y,,,Y,,A,07,0,0,1,0,0,0,1,0,0,"- ","- ",,,"SAN DIEGO","SAN DIEGO",-117.1270877,32.783339499999997
6173788,2013,2014-03-25,3711,2013-08-16,1730,5989,,5,5,7,3711,0,0,0,,0,122,"PACIFIC BEACH DR",BAYARD,70.00,E,N,A,-,N,,,,,,,,,,N,3,0,1,2,A,-,06,21750,,M,B,G,A,A,H,-,A,D,0,,Y,,,Y,,-,"- ",0,1,0,0,0,0,1,0,0,"- ","- ",,,"SAN DIEGO","SAN DIEGO",-117.2517227,32.7913748