CASE_ID,ACCIDENT_YEAR,PROC_DATE,JURIS,COLLISION_DATE,COLLISION_TIME,OFFICER_ID,REPORTING_DISTRICT,DAY_OF_WEEK,CHP_SHIFT,POPULATION,CNTY_CITY_LOC,SPECIAL_COND,BEAT_TYPE,CHP_BEAT_TYPE,CITY_DIVISION_LAPD,CHP_BEAT_CLASS,BEAT_NUMBER,PRIMARY_RD,SECONDARY_RD,DISTANCE,DIRECTION,INTERSECTION,WEATHER_1,WEATHER_2,STATE_HWY_IND,CALTRANS_COUNTY,CALTRANS_DISTRICT,STATE_ROUTE,ROUTE_SUFFIX,POSTMILE_PREFIX,POSTMILE,LOCATION_TYPE,RAMP_INTERSECTION,SIDE_OF_HWY,TOW_AWAY,COLLISION_SEVERITY,NUMBER_KILLED,NUMBER_INJURED,PARTY_COUNT,PRIMARY_COLL_FACTOR,PCF_CODE_OF_VIOL,PCF_VIOL_CATEGORY,PCF_VIOLATION,PCF_VIOL_SUBSECTION,HIT_AND_RUN,TYPE_OF_COLLISION,MVIW,PED_ACTION,ROAD_SURFACE,ROAD_COND_1,ROAD_COND_2,LIGHTING,CONTROL_DEVICE,CHP_ROAD_TYPE,PEDESTRIAN_ACCIDENT,BICYCLE_ACCIDENT,MOTORCYCLE_ACCIDENT,TRUCK_ACCIDENT,NOT_PRIVATE_PROPERTY,ALCOHOL_INVOLVED,STWD_VEHTYPE_AT_FAULT,CHP_VEHTYPE_AT_FAULT,COUNT_SEVERE_INJ,COUNT_VISIBLE_INJ,COUNT_COMPLAINT_PAIN,COUNT_PED_KILLED,COUNT_PED_INJURED,COUNT_BICYCLIST_KILLED,COUNT_BICYCLIST_INJURED,COUNT_MC_KILLED,COUNT_MC_INJURED,PRIMARY_RAMP,SECONDARY_RAMP,LATITUDE,LONGITUDE,COUNTY,CITY,POINT_X,POINT_Y
6173825,2013,2014-03-29,3711,2013-08-13,1603,4897,,2,5,7,3711,0,0,0,,0,122,"ARCHER ST","CARDENO DR",213.00,W,N,A,-,N,,,,,,,,,,N,3,0,1,2,A,-,08,22107,,N,B,G,A,A,H,-,A,D,0,,Y,,,Y,,L,04,0,1,0,0,0,0,1,0,0,"- ","- ",,,"SAN DIEGO","SAN DIEGO",-117.2512704,32.812366900000001
6173864,2013,2014-04-05,3711,2013-08-19,0348,5051,,1,5,7,3711,0,0,0,,0,312,"ANTIGUA BL","SANTO RD",317.00,E,N,B,-,N,,,,,,,,,,N,3,0,1,2,A,-,02,21654,A,N,G,B,E,A,H,-,C,D,0,Y,,,,Y,,N,60,0,1,0,0,1,0,0,0,0,"- ","- ",,,"SAN DIEGO","SAN DIEGO",-117.10032339999999,32.833297799999997
6173896,2013,2014-04-05,3711,2013-08-20,1539,5990,SDPD,2,5,7,3711,0,0,0,,0,121,"MISSION BL","MISSION BL 3700",0.00,,Y,A,-,N,,,,,,,,,,N,3,0,1,2,A,-,08,22107,,N,-,G,A,A,H,-,A,D,0,,Y,,,Y,,L,04,0,1,0,0,0,0,1,0,0,"- ","- ",,,"SAN DIEGO","SAN DIEGO",-117.25256770999999,32.782539870000001
6173900,2013,2014-04-05,3711,2013-08-20,0742,4806,,2,5,7,3711,0,0,0,,0,122,"OCEAN FRONT WALK","OCEAN FRONT",5.00,W,N,B,-,N,,,,,,,,,,N,3,0,1,2,A,-,03,22350,,N,-,B,F,A,H,-,A,D,0,Y,Y,,,Y,,-,"- ",0,1,0,0,1,0,0,0,0,"- ","- ",,,"SAN DIEGO","SAN DIEGO",,
6174072,2013,2014-04-01,3711,2013-08-12,2032,4495,,1,5,7,3711,0,0,0,,0,524,"WEST ASH ST","1ST AV",6.00,W,N,A,-,N,,,,,,,,,,N,3,0,1,2,A,-,10,21950,A,N,G,B,B,A,H,-,C,A,0,Y,,,,Y,Y,A,01,0,1,0,0,1,0,0,0,0,"- ","- ",,,"SAN DIEGO","SAN DIEGO",-117.1638913,32.719844799999997
6174079,2013,2014-04-01,3711,2013-08-01,2057,6632,MC2,4,5,7,3711,0,0,0,,0,813,"30TH ST","LINCOLN AV",18.00,S,N,A,-,N,,,,,,,,,,N,4,0,1,2,A,-,12,21453,A,N,D,G,A,A,H,-,C,A,0,,Y,,,Y,,L,04,0,0,1,0,0,0,1,0,0,"- ","- ",,,"SAN DIEGO","SAN DIEGO",-117.1301611,32.750245499999998
6176033,2013,2014-03-25,3711,2013-08-07,1203,5559,,3,5,7,3711,0,0,0,,0,934,"CARMEL COUNTRY",MCGUIRE,0.00,,Y,A,-,N,,,,,,,,,,N,3,0,1,2,A,-,12,21453,A,N,D,G,A,A,H,-,A,A,0,,Y,,,Y,,L,04,0,1,0,0,0,0,1,0,0,"- ","- ",,,"SAN DIEGO","SAN DIEGO",-117.228852,32.952794900000001
6179877,2013,2014-03-26,3711,2013-08-05,1421,4298,,1,5,7,3711,0,0,0,,0,315,"FENTON PL","NORTHSIDE DR",150.00,W,N,A,-,N,,,,,,,,,,N,4,0,1,2,A,-,10,21950,A,N,G,B,C,A,H,-,A,D,0,Y,,,,Y,,-,"- ",0,0,1,0,1,0,0,0,0,"- ","- ",,,"SAN DIEGO","SAN DIEGO",-117.12717891,32.779133219999999
6179905,2013,2014-03-26,3711,2013-08-09,1629,6034,,5,5,7,3711,0,0,0,,0,621,"ULRIC ST","LINDA VISTA RD",214.00,S,N,A,-,N,,,,,,,,,,N,4,0,1,2,A,-,09,21804,A,N,D,G,A,A,H,-,A,D,0,,Y,,,Y,,A,01,0,0,1,0,0,0,1,0,0,"- ","- ",,,"SAN DIEGO","SAN DIEGO",-117.16973160000001,32.786299700000001
6180152,2013,2014-03-22,3711,2013-07-26,1059,6849,,5,5,7,3711,0,0,0,,0,312,"CLAIREMONT MESA BL","SHAWLINE BL",240.00,W,N,A,-,N,,,,,,,,,,N,3,0,1,2,A,-,09,21804,A,F,G,B,C,A,H,-,A,D,0,Y,,,,Y,,-,"- ",0,1,0,0,1,0,0,0,0,"- ","- ",,,"SAN DIEGO","SAN DIEGO",-117.1646406,32.832695299999997
6185940,2013,2014-03-21,3711,2013-08-17,1600,6884,,6,5,7,3711,0,0,0,,0,315,"CAMINO DEL RIO N","MISSION CENTER RD",0.00,,Y,A,-,Y,,,,,,,,,,N,4,0,1,2,D,-,00,,,N,G,B,E,A,H,-,A,D,0,Y,,,,Y,,-,"- ",0,0,1,0,1,0,0,0,0,"- ","- ",,,"SAN DIEGO","SAN DIEGO",-117.1533919,32.766874799999997
6185963,2013,2014-03-20,3711,2013-08-25,0255,6276,,7,5,7,3711,0,0,0,,0,627,"10TH AV","10TH AV 3800",0.00,,N,A,-,N,,,,,,,,,,N,4,0,1,2,D,-,00,,,M,G,B,F,A,H,-,C,D,0,Y,,,,Y,Y,-,"- ",0,0,1,0,1,0,0,0,0,"- ","- ",,,"SAN DIEGO","SAN DIEGO",-117.15527772999999,32.747663690000003
6185972,2013,2014-03-21,3711,2013-08-23,2330,6709,,5,5,7,3711,0,0,0,,0,122,"GARNET AV",DAWES,15840.00,E,N,A,-,N,,,,,,,,,,N,3,0,1,2,A,-,11,21954,A,N,G,B,D,A,H,-,C,A,0,Y,,,,Y,Y,N,60,0,1,0,0,1,0,0,0,0,"- ","- ",,,"SAN DIEGO","SAN DIEGO",,
6186006,2013,2014-11-25,3711,2013-08-25,1800,6906,,7,5,7,3711,0,0,0,,0,523,"L ST","5TH AV",22.00,E,N,A,-,N,,,,,,,,,,N,3,0,1,2,A,-,06,21750,,N,B,G,A,A,H,-,A,D,0,,Y,,,Y,Y,A,01,0,1,0,0,0,0,1,0,0,"- ","- ",,,"SAN DIEGO","SAN DIEGO",-117.16026960000001,32.707194100000002
6186065,2013,2014-11-25,3711,2013-08-25,1725,4892,,7,5,7,3711,0,0,0,,0,611,"MIDWAY DR","SPORTS ARENA BL",101.00,S,N,A,-,N,,,,,,,,,,N,3,0,1,2,A,-,05,21650,,N,D,G,A,A,H,-,A,D,0,,,,,Y,,-,"- ",0,1,0,0,0,0,0,0,0,"- ","- ",,,"SAN DIEGO","SAN DIEGO",-117.2192483,32.754652800000002
6189726,2013,2014-10-14,3711,2013-08-20,2029,6788,,2,5,7,3711,0,0,0,,0,723,"AREY DR","PICCARD AV",12.00,W,N,A,-,N,,,,,,,,,,N,4,0,1,2,A,-,10,21954,B,M,G,B,D,A,H,-,C,D,0,Y,,,,Y,,-,"- ",0,0,1,0,1,0,0,0,0,"- ","- ",,,"SAN DIEGO","SAN DIEGO",-117.05030069999999,32.578744299999997
6189752,2013,2014-03-29,3711,2013-08-22,2225,6219,SANDI,4,5,7,3711,0,0,0,,0,621,"LINDA VISTA RD","FULTON ST",0.00,S,N,A,-,Y,,,,,,,,,,N,3,0,1,2,A,-,11,21950,B,N,D,B,D,A,H,-,C,A,0,Y,,,,Y,Y,N,60,0,1,0,0,1,0,0,0,0,"- ","- ",,,"SAN DIEGO","SAN DIEGO",-117.16757200000001,32.789944800000001
6197452,2013,2014-03-28,3711,2013-08-29,2320,6780,SD,4,5,7,3711,0,0,0,,0,624,MONROE,PARK,0.00,,Y,A,-,N,,,,,,,,,,N,3,0,1,2,A,-,12,22450,A,N,G,B,B,A,H,-,C,D,0,Y,,,,Y,,-,"- ",0,1,0,0,1,0,0,0,0,"- ","- ",,,"SAN DIEGO","SAN DIEGO",-117.146272,32.7590948
6197460,2013,2014-04-08,3711,2013-08-26,1350,6750,,1,5,7,3711,0,0,0,,0,813,"EL CAJON BL","EL CAJON BL 3350",9.00,E,N,A,-,N,,,,,,,,,,N,4,0,1,2,A,-,09,21802,A,N,-,B,E,A,H,-,A,-,0,Y,,,,Y,,-,"- ",0,0,1,0,1,0,0,0,0,"- ","- ",,,"SAN DIEGO","SAN DIEGO",,
6197578,2013,2014-03-28,3711,2013-08-30,1100,6060,,5,5,7,3711,0,0,0,,0,524,BROADWAY,"BROADWAY 900",3.00,N,N,A,-,N,,,,,,,,,,N,4,0,1,2,A,-,10,21950,A,N,G,B,B,A,H,-,A,A,0,Y,,,,Y,,-,"- ",0,0,1,0,1,0,0,0,0,"- ","- ",,,"SAN DIEGO","SAN DIEGO",,
6197905,2013,2014-03-18,9645,2013-07-27,0400,18146,,6,3,7,3711,0,1,1,,2,010,"RT 8","COLLEGE AV",441.00,W,N,A,-,Y,SD,11,8,-,-,8.229,R,2,W,N,2,0,1,2,A,-,11,21954,A,N,G,B,E,A,H,-,D,D,1,Y,,,,Y,,N,60,1,0,0,0,1,0,0,0,0,FR,"- ",32.779350000000001,-117.07128,"SAN DIEGO","SAN DIEGO",-117.0687211,32.779401200000002
6200507,2013,2014-04-10,3711,2013-09-05,1844,5600,,4,5,7,3711,0,0,0,,0,114,"ROLFE RD","CLAIREMONT MESA BL",0.00,,Y,A,-,N,,,,,,,,,,N,2,0,1,2,A,-,10,21950,A,N,G,B,B,A,H,-,A,A,0,Y,,,,Y,,A,08,1,0,0,0,1,0,0,0,0,"- ","- ",,,"SAN DIEGO","SAN DIEGO",-117.20245199999999,32.828304799999998
6202423,2013,2014-04-03,3711,2013-09-09,1417,6628,,1,5,7,3711,0,0,0,,0,627,"6TH AV","UNIVERSITY AV",0.00,N,Y,A,-,N,,,,,,,,,,N,3,0,1,2,A,-,10,21950,A,N,G,B,B,A,H,-,A,A,0,Y,,,,Y,,-,"- ",0,1,0,0,1,0,0,0,0,"- ","- ",,,"SAN DIEGO","SAN DIEGO",-117.15956199999999,32.748324799999999
6203161,2013,2014-04-04,3711,2013-09-14,0059,6044,3711,6,5,7,3711,0,0,0,,0,122,"GRAND AV","FANUEL ST",5.00,E,N,A,-,N,,,,,,,,,,N,4,0,1,2,A,-,11,21950,B,N,G,B,D,A,H,-,C,A,0,Y,,,,Y,Y,N,60,0,0,1,0,1,0,0,0,0,"- ","- ",,,"SAN DIEGO","SAN DIEGO",-117.2457962,32.796728100000003
6205373,2013,2014-04-03,3711,2013-07-28,0117,4495,,7,5,7,3711,0,0,0,,0,122,"DIAMOND ST","LAMONT ST",576.00,W,N,B,-,N,,,,,,,,,,N,3,0,1,2,A,-,05,21202,A,N,A,G,A,A,H,-,D,D,0,,Y,,,Y,Y,L,04,0,1,0,0,0,0,1,0,0,"- ","- ",,,"SAN DIEGO","SAN DIEGO",-117.2380294,32.803384800000003
6205405,2013,2014-04-03,3711,2013-07-26,2030,6779,,5,5,7,3711,0,0,0,,0,828,"UNIVERSITY AV","49TH ST",27.00,E,N,A,-,Y,,,,,,,,,,N,4,0,1,1,A,-,08,22107,,N,E,G,A,A,H,-,D,D,0,,Y,,,Y,,L,04,0,0,1,0,0,0,1,0,0,"- ","- ",,,"SAN DIEGO","SAN DIEGO",-117.08900439999999,32.749504799999997
6212511,2013,2014-04-04,3711,2013-09-12,1245,5945,,4,5,7,3711,0,0,0,,0,625,TAYLOR,CONGRESS,0.00,,Y,A,-,N,,,,,,,,,,N,3,0,1,2,A,-,12,21453,A,N,B,G,A,A,H,-,A,A,0,,Y,,,Y,,L,04,0,1,0,0,0,0,1,0,0,"- ","- ",,,"SAN DIEGO","SAN DIEGO",-117.199562,32.755634800000003
6212516,2013,2014-04-09,3711,2013-09-13,0002,7008,SD,5,5,7,3711,0,0,0,,0,813,"30TH ST",UNIVERSITY,300.00,N,N,A,-,N,,,,,,,,,,N,4,0,1,2,A,-,"- ",,,N,-,B,D,A,H,-,C,-,0,Y,,,,Y,Y,N,60,0,0,1,0,1,0,0,0,0,"- ","- ",,,"SAN DIEGO","SAN DIEGO",-117.1301452,32.749256500000001
6212547,2013,2014-04-04,3711,2013-09-04,2039,6515,,3,5,7,3711,0,0,0,,0,712,"CAMINO DE LA PLAZA","CAMIONES WY",21.00,W,N,B,-,N,,,,,,,,,,N,4,0,1,2,A,-,11,21954,A,N,G,B,D,A,H,-,C,A,0,Y,,,,Y,,N,60,0,0,1,0,1,0,0,0,0,"- ","- ",,,"SAN DIEGO","SAN DIEGO",-117.0346181,32.5437954
6212555,2013,2014-04-04,3711,2013-09-10,1745,5522,,2,5,7,3711,0,0,0,,0,611,CUSHING,DEWEY,114.00,N,N,A,-,N,,,,,,,,,,N,3,0,1,2,A,-,08,22107,,N,D,G,A,A,H,-,A,D,0,,Y,,,Y,,-,"- ",0,1,0,0,0,0,1,0,0,"- ","- ",,,"SAN DIEGO","SAN DIEGO",-117.2115672,32.737498700000003
6214537,2013,2014-04-28,3711,2013-09-12,1740,617,,4,5,7,3711,0,0,0,,0,002,"GILMAN DR","RUPERTUS WY",101.00,W,N,B,-,N,,,,,,,,,,N,4,0,1,2,A,-,08,22107,,N,B,G,A,A,H,-,A,A,0,,Y,,,Y,,L,04,0,0,1,0,0,0,1,0,0,"- ","- ",,,"SAN DIEGO","SAN DIEGO",-117.2378894,32.877060499999999
6227196,2013,2014-04-08,3711,2013-09-23,1938,3734,"SAN D",1,5,7,3711,0,0,0,,0,811,"ADAMS AV","CHEROKEE AV",0.00,,Y,A,-,N,,,,,,,,,,N,4,0,1,2,A,-,"- ",,,N,D,G,A,A,H,-,C,A,0,,Y,,,Y,,-,"- ",0,0,1,0,0,0,1,0,0,"- ","- ",,,"SAN DIEGO","SAN DIEGO",-117.11412199999999,32.763294899999998
6227325,2013,2014-04-09,3711,2013-09-30,1025,6887,,1,5,7,3711,0,0,0,,0,446,"SOUTH EUCLID AV",LAPAZ,70.00,S,N,A,-,N,,,,,,,,,,N,3,0,1,2,A,-,11,21954,A,N,G,B,D,A,H,-,A,D,0,Y,,,,Y,,N,60,0,1,0,0,1,0,0,0,0,"- ","- ",,,"SAN DIEGO","SAN DIEGO",-117.0851055,32.697882999999997
6227327,2013,2014-04-09,3711,2013-09-24,1025,4965,,2,5,7,3711,0,0,0,,0,524,"6TH AV","C ST",180.00,N,N,A,-,N,,,,,,,,,,N,3,0,1,2,A,-,11,21955,,N,G,B,D,A,H,-,A,A,0,Y,,,,Y,,N,60,0,1,0,0,1,0,0,0,0,"- ","- ",,,"SAN DIEGO","SAN DIEGO",-117.1592897,32.717227700000002
6228218,2013,2014-04-08,3711,2013-09-27,1641,5972,,5,5,7,3711,0,0,0,,0,116,"CLAIREMONT DR","DENVER ST",176.00,W,N,A,-,N,,,,,,,,,,,3,0,1,3,A,-,08,22107,,N,C,G,A,A,H,-,A,D,0,,,,,Y,Y,A,01,0,1,0,0,0,0,0,0,0,"- ","- ",,,"SAN DIEGO","SAN DIEGO",-117.2038783,32.790484800000002
6230421,2013,2014-04-16,3711,2013-10-02,1244,5985,SANDI,3,5,7,3711,0,0,0,,0,433,"IMPERIAL AV","62ND ST",0.00,,Y,A,-,N,,,,,,,,,,N,3,0,2,2,A,-,11,21950,B,N,G,B,B,A,H,-,A,A,0,Y,,,,Y,,N,60,0,2,0,0,1,0,0,0,0,"- ","- ",,,"SAN DIEGO","SAN DIEGO",-117.0639419,32.709864899999999
6230478,2013,2014-04-15,3711,2013-10-01,0645,3376,"SAN D",2,5,7,3711,0,0,0,,0,617,"CATALINA BL","LOMA LAND DR",0.00,,Y,A,-,Y,,,,,,,,,,N,3,0,1,2,A,-,12,21453,A,N,D,G,A,A,H,-,A,A,0,,Y,,,Y,,-,"- ",0,1,0,0,0,0,1,0,0,"- ","- ",,,"SAN DIEGO","SAN DIEGO",-117.246622,32.719104799999997
6230632,2013,2014-02-22,3711,2013-05-24,1750,6311,,5,5,7,3711,0,0,0,,0,611,"MIDWAY DR","DUKE ST",231.00,N,N,A,-,N,,,,,,,,,,N,4,0,1,2,A,-,"- ",,,N,D,G,A,A,H,-,A,D,0,,Y,,,Y,,L,04,0,0,1,0,0,0,1,0,0,"- ","- ",,,"SAN DIEGO","SAN DIEGO",-117.21847150000001,32.754210299999997
6230785,2013,2014-04-12,3711,2013-09-17,1919,3815,,2,5,7,3711,0,0,0,,0,112,"GENESEE AV","BOYD AV",0.00,,Y,A,-,N,,,,,,,,,,N,2,0,1,2,A,-,11,21453,D,N,G,B,B,A,H,-,C,A,0,Y,,,,Y,,N,60,1,0,0,0,1,0,0,0,0,"- ","- ",,,"SAN DIEGO","SAN DIEGO",-117.177772,32.810734799999999
6231125,2013,2014-04-15,3711,2013-10-04,2138,6852,,5,5,7,3711,0,0,0,,0,315,"QUALCOMM WY","CAMINO DEL RIO N",0.00,,Y,A,-,N,,,,,,,,,,Y,4,0,1,2,A,-,12,21453,A,N,D,B,A,A,H,-,B,A,0,,,,,Y,,-,"- ",0,0,1,0,0,0,0,0,0,"- ","- ",,,"SAN DIEGO","SAN DIEGO",-117.1401919,32.771964799999999
6233668,2013,2014-04-12,3711,2013-09-28,2018,6902,,6,5,7,3711,0,0,0,,0,813,"LINCOLN AV","HAMILTON ST",0.00,,Y,A,-,N,,,,,,,,,,,4,0,1,2,A,-,09,21802,A,N,D,G,A,A,H,-,D,D,0,,Y,,,Y,,-,"- ",0,0,1,0,0,0,1,0,0,"- ","- ",,,"SAN DIEGO","SAN DIEGO",-117.136342,32.750294799999999
6233672,2013,2014-05-19,3711,2013-09-27,1815,6538,,5,5,7,3711,0,0,0,,0,822,"54TH ST","UNIVERSITY AV",528.00,N,N,A,-,N,,,,,,,,,,N,3,0,1,2,A,-,08,22107,,N,D,G,A,A,H,-,A,D,0,,Y,,,Y,,-,"- ",0,1,0,0,0,0,1,0,0,"- ","- ",,,"SAN DIEGO","SAN DIEGO",-117.0795255,32.750250200000004
6233948,2013,2014-04-29,3711,2013-09-28,0058,6659,MC,6,5,7,3711,0,0,0,,0,814,"ADAMS AV","FELTON ST",66.00,E,N,A,-,N,,,,,,,,,,N,4,0,1,2,A,-,04,21703,,N,C,G,A,A,H,-,C,A,0,,Y,,,Y,Y,L,04,0,0,1,0,0,0,1,0,0,"- ","- ",,,"SAN DIEGO","SAN DIEGO",-117.1215479,32.763344799999999
6233956,2013,2014-04-15,3711,2013-09-26,1702,6763,,4,5,7,3711,0,0,0,,0,441,"S 46TH ST","OCEANVIEW BL",6.00,S,N,A,-,N,,,,,,,,,,N,3,0,1,2,A,-,11,21950,B,N,D,B,B,A,H,-,A,D,0,Y,,,,Y,,N,60,0,1,0,0,1,0,0,0,0,"- ","- ",,,"SAN DIEGO","SAN DIEGO",-117.095862,32.700428299999999
6234729,2013,2014-04-17,3711,2013-10-01,0439,6712,,2,5,7,3711,0,0,0,,0,813,"LINCOLN AV","32ND ST",144.00,E,N,A,-,N,,,,,,,,,,N,4,0,1,2,A,-,09,21804,A,N,D,G,A,A,H,-,C,D,0,,Y,,,Y,,-,"- ",0,0,1,0,0,0,1,0,0,"- ","- ",,,"SAN DIEGO","SAN DIEGO",-117.12477560000001,32.750357399999999
6234741,2013,2014-04-17,3711,2013-10-03,1611,5918,,4,5,7,3711,0,0,0,,0,451,"54TH ST","CHOLLAS PKWY",80.00,S,N,A,-,N,,,,,,,,,,N,3,0,1,2,A,-,08,22107,,N,B,G,A,A,H,-,A,A,0,,Y,,,Y,,L,04,0,1,0,0,0,0,1,0,0,"- ","- ",,,"SAN DIEGO","SAN DIEGO",-117.07961419999999,32.744385700000002
6234777,2013,2014-04-17,3711,2013-10-05,1949,4523,,6,5,7,3711,0,0,0,,0,122,"MISSION BL","HORNBLEND ST",0.00,,Y,A,-,N,,,,,,,,,,N,4,0,1,2,A,-,03,22350,,M,G,B,B,A,H,-,C,D,0,Y,,,,Y,,-,"- ",0,0,1,0,1,0,0,0,0,"- ","- ",,,"SAN DIEGO","SAN DIEGO",-117.2552219,32.795634900000003
6239843,2013,2014-04-30,3711,2013-10-09,0725,5985,SANDI,3,5,7,3711,0,0,0,,0,512,"OCEAN VIEW BL","28TH ST",500.00,S,N,B,-,N,,,,,,,,,,N,4,0,1,2,A,-,11,21950,B,N,G,B,B,A,H,-,A,A,0,Y,,,,Y,,N,60,0,0,1,0,1,0,0,0,0,"- ","- ",,,"SAN DIEGO","SAN DIEGO",-117.13223666,32.701146899999998
6239903,2013,2014-04-30,3711,2013-10-08,1849,3815,,2,5,7,3711,0,0,0,,0,122,"SOLEDAD MOUNTAIN RD","FELSPAR ST",0.00,,Y,A,-,N,,,,,,,,,,Y,4,0,1,2,A,-,"- ",,,N,D,G,A,A,H,-,C,A,0,,Y,,,Y,,L,04,0,0,1,0,0,0,1,0,0,"- ","- ",,,"SAN DIEGO","SAN DIEGO",-117.22430199999999,32.806014900000001
6246086,2013,2014-04-12,3711,2013-09-19,1317,6120,,4,5,7,3711,0,0,0,,0,833,"EL CAJON BL","RT 15",0.00,,Y,A,-,Y,SD,11,15,-,M,5.160,R,3,N,N,4,0,1,2,A,-,10,21950,A,N,G,B,B,A,H,-,A,A,0,Y,,,,Y,,A,01,0,0,1,0,1,0,0,0,0,"- ",NF,,,"SAN DIEGO","SAN DIEGO",-117.1086818,32.7585148
6246090,2013,2014-04-12,3711,2013-09-19,2042,5778,,4,5,7,3711,0,0,0,,0,511,"MISSION CENTER RD","RT 805",42.00,W,N,B,-,N,,,,,,,,,,Y,3,0,1,1,A,-,03,22350,,N,H,G,A,A,H,-,D,D,0,,Y,,,Y,Y,L,04,0,1,0,0,0,0,1,0,0,"- ","- ",,,"SAN DIEGO","SAN DIEGO",-117.14894700000001,32.789229300000002
6246117,2013,2014-04-16,3711,2013-09-13,1120,5165,ALLIE,5,5,7,3711,0,0,0,,0,322,"ORCUTT AV","WARING RD",0.00,,Y,A,-,N,,,,,,,,,,Y,3,0,1,2,A,-,10,21950,A,N,G,B,B,A,H,-,A,A,0,Y,,,,Y,,A,01,0,1,0,0,1,0,0,0,0,"- ","- ",,,"SAN DIEGO","SAN DIEGO",-117.082722,32.790704900000001
6246135,2013,2014-10-30,3711,2013-09-04,1515,6923,,3,5,7,3711,0,0,0,,0,722,"CORONADO AV","GREEN BAY ST",224.00,E,N,A,-,N,,,,,,,,,,N,4,0,1,2,A,-,04,21703,,N,C,G,A,A,H,-,A,D,0,,Y,,,Y,,L,04,0,0,1,0,0,0,1,0,0,"- ","- ",,,"SAN DIEGO","SAN DIEGO",-117.0877072,32.576477099999998
6246149,2013,2014-05-13,3711,2013-09-04,2236,6669,"SAN D",3,5,7,3711,0,0,0,,0,523,"K ST","4TH ST",0.00,,Y,A,-,N,,,,,,,,,,N,3,0,1,2,A,-,10,21950,A,N,G,B,B,A,H,-,C,D,0,Y,,,,Y,,A,01,0,1,0,0,1,0,0,0,0,"- ","- ",,,"SAN DIEGO","SAN DIEGO",-117.161012,32.708314899999998
6246295,2013,2014-04-22,3711,2013-10-12,1940,6389,,6,5,7,3711,0,0,0,,0,724,"PALM AV","HOLLISTER ST",15.00,W,N,A,-,N,,,,,,,,,,N,4,0,1,2,A,-,11,21955,,N,G,B,D,A,H,-,C,A,0,Y,,,,Y,Y,N,60,0,0,1,0,1,0,0,0,0,"- ","- ",,,"SAN DIEGO","SAN DIEGO",-117.0840889,32.583784799999997
6246418,2013,2014-04-19,3711,2013-10-10,1906,7027,SDPD,4,5,7,3711,0,0,0,,0,321,"RANCHO MISSION RD","MISSION RD",0.00,,Y,A,-,N,,,,,,,,,,N,4,0,1,2,A,-,08,22107,,N,H,G,A,A,H,-,C,A,0,,Y,,,Y,,-,"- ",0,0,1,0,0,0,1,0,0,"- ","- ",,,"SAN DIEGO","SAN DIEGO",,
6246426,2013,2014-04-19,3711,2013-10-10,1450,4527,,4,5,7,3711,0,0,0,,0,521,"ISLAND AV","11TH ST",15.00,W,N,A,-,N,,,,,,,,,,N,3,0,1,2,A,-,06,21755,,N,B,G,A,A,H,-,A,A,0,,Y,,,Y,,L,04,0,1,0,0,0,0,1,0,0,"- ","- ",,,"SAN DIEGO","SAN DIEGO",-117.15475050000001,32.710424199999999
6246446,2013,2014-04-19,3711,2013-10-12,1038,6785,,6,5,7,3711,0,0,0,,0,241,"SCRIPPS POWAY PKWY","APPALOOSA RD",2.00,E,N,A,-,N,,,,,,,,,,N,3,0,1,2,A,-,10,21950,A,N,G,B,B,A,H,-,A,D,0,Y,,,,Y,,A,01,0,1,0,0,1,0,0,0,0,"- ","- ",,,"SAN DIEGO","SAN DIEGO",-117.10377663,32.905219039999999
6247181,2012,2013-11-05,3711,2012-07-10,1307,5586,,2,5,7,3711,0,0,0,,0,115,"TOWN CENTER DR","LA JOLLA VILLAGE DR",18.00,S,N,A,-,N,,,,,,,,,,N,4,0,1,2,A,-,21,22106,,N,G,B,B,A,H,-,A,A,0,Y,,,,Y,,-,"- ",0,0,1,0,1,0,0,0,0,"- ","- ",,,"SAN DIEGO","SAN DIEGO",-117.20743647,32.874055679999998
6247821,2013,2014-04-19,3711,2013-10-15,1445,6344,,2,5,7,3711,0,0,0,,0,447,"FEDERAL BL","EUCLID AV",0.00,,Y,A,-,N,,,,,,,,,,N,3,0,1,2,A,-,10,21950,A,N,G,B,B,A,H,-,A,A,0,Y,,,,Y,,-,"- ",0,1,0,0,1,0,0,0,0,"- ","- ",,,"SAN DIEGO","SAN DIEGO",-117.08492200000001,32.721394799999999
6248274,2013,2014-07-02,3711,2013-10-16,0821,6759,,3,5,7,3711,0,0,0,,0,433,"AKINS AV","62ND ST",9.00,E,N,A,-,N,,,,,,,,,,N,4,0,1,2,A,-,03,22350,,M,G,B,B,A,H,-,A,D,0,Y,,,,Y,,-,"- ",0,0,1,0,1,0,0,0,0,"- ","- ",,,"SAN DIEGO","SAN DIEGO",-117.063913,32.7101884
6248421,2013,2014-07-03,3711,2013-10-19,1740,6734,,6,5,7,3711,0,0,0,,0,821,"SOLITA  AV","68TH ST",45.00,W,N,A,-,N,,,,,,,,,,N,3,0,1,2,A,I,"- ",,,N,G,B,E,A,H,-,A,D,0,Y,,,,Y,,-,"- ",0,1,0,0,1,0,0,0,0,"- ","- ",,,"SAN DIEGO","SAN DIEGO",-117.0513278,32.763246100000003
6257448,2013,2014-04-25,3711,2013-10-27,1659,5046,,7,5,7,3711,0,0,0,,0,821,"EL CAJON BL","62ND ST",0.00,,Y,A,-,N,,,,,,,,,,N,3,0,1,2,A,-,10,21950,A,N,G,B,B,A,H,-,A,A,0,Y,,,,Y,,A,01,0,1,0,0,1,0,0,0,0,"- ","- ",,,"SAN DIEGO","SAN DIEGO",-117.0646619,32.762974800000002