CASE_ID,ACCIDENT_YEAR,PROC_DATE,JURIS,COLLISION_DATE,COLLISION_TIME,OFFICER_ID,REPORTING_DISTRICT,DAY_OF_WEEK,CHP_SHIFT,POPULATION,CNTY_CITY_LOC,SPECIAL_COND,BEAT_TYPE,CHP_BEAT_TYPE,CITY_DIVISION_LAPD,CHP_BEAT_CLASS,BEAT_NUMBER,PRIMARY_RD,SECONDARY_RD,DISTANCE,DIRECTION,INTERSECTION,WEATHER_1,WEATHER_2,STATE_HWY_IND,CALTRANS_COUNTY,CALTRANS_DISTRICT,STATE_ROUTE,ROUTE_SUFFIX,POSTMILE_PREFIX,POSTMILE,LOCATION_TYPE,RAMP_INTERSECTION,SIDE_OF_HWY,TOW_AWAY,COLLISION_SEVERITY,NUMBER_KILLED,NUMBER_INJURED,PARTY_COUNT,PRIMARY_COLL_FACTOR,PCF_CODE_OF_VIOL,PCF_VIOL_CATEGORY,PCF_VIOLATION,PCF_VIOL_SUBSECTION,HIT_AND_RUN,TYPE_OF_COLLISION,MVIW,PED_ACTION,ROAD_SURFACE,ROAD_COND_1,ROAD_COND_2,LIGHTING,CONTROL_DEVICE,CHP_ROAD_TYPE,PEDESTRIAN_ACCIDENT,BICYCLE_ACCIDENT,MOTORCYCLE_ACCIDENT,TRUCK_ACCIDENT,NOT_PRIVATE_PROPERTY,ALCOHOL_INVOLVED,STWD_VEHTYPE_AT_FAULT,CHP_VEHTYPE_AT_FAULT,COUNT_SEVERE_INJ,COUNT_VISIBLE_INJ,COUNT_COMPLAINT_PAIN,COUNT_PED_KILLED,COUNT_PED_INJURED,COUNT_BICYCLIST_KILLED,COUNT_BICYCLIST_INJURED,COUNT_MC_KILLED,COUNT_MC_INJURED,PRIMARY_RAMP,SECONDARY_RAMP,LATITUDE,LONGITUDE,COUNTY,CITY,POINT_X,POINT_Y
6257507,2013,2014-05-22,3711,2013-10-25,1315,6902,,5,5,7,3711,0,0,0,,0,811,"38TH ST","EL CAJON BL",375.00,N,N,A,-,N,,,,,,,,,,N,3,0,1,2,A,-,03,22350,,F,G,B,D,A,H,-,A,D,0,Y,,,,Y,,-,"- ",0,1,0,0,1,0,0,0,0,"- ","- ",,,"SAN DIEGO","SAN DIEGO",-117.1114741,32.756291599999997
6261286,2013,2014-04-28,3711,2013-10-13,2045,5916,,7,5,7,3711,0,0,0,,0,122,"HORNBLEND ST","MISSION BL",0.00,,Y,B,-,N,,,,,,,,,,N,2,0,1,2,A,-,09,21802,A,N,D,G,A,A,H,-,C,A,0,,Y,,,Y,Y,L,04,1,0,0,0,0,0,1,0,0,"- ","- ",,,"SAN DIEGO","SAN DIEGO",-117.2552219,32.795634900000003
6261357,2013,2014-04-28,3711,2013-10-24,1839,6864,SOUTH,4,5,7,3711,0,0,0,,0,723,"BEYER BL","CARWELL AV",0.00,,Y,A,-,Y,,,,,,,,,,N,4,0,1,2,A,-,11,21950,B,M,G,B,D,A,H,-,D,D,0,Y,,,,Y,,N,60,0,0,1,0,1,0,0,0,0,"- ","- ",,,"SAN DIEGO","SAN DIEGO",-117.06501989,32.571780029999999
6265090,2013,2014-04-16,3711,2013-09-14,0215,6143,,6,5,7,3711,0,0,0,,0,522,"MARKET ST","4TH AV",0.00,,Y,A,-,N,,,,,,,,,,N,4,0,1,2,A,-,11,21456,B,N,G,B,B,A,H,-,C,A,0,Y,,,,Y,Y,N,60,0,0,1,0,1,0,0,0,0,"- ","- ",,,"SAN DIEGO","SAN DIEGO",-117.161052,32.711484900000002
6265186,2013,2014-04-23,3711,2013-10-31,1726,4243,,4,5,7,3711,0,0,0,,0,124,"GILMAN DR","GILMAN CT",0.00,,Y,A,-,N,,,,,,,,,,N,4,0,1,2,A,-,09,21801,A,N,D,G,A,A,H,-,A,D,0,,Y,,,Y,,A,01,0,0,1,0,0,0,1,0,0,"- ","- ",,,"SAN DIEGO","SAN DIEGO",-117.236602,32.851204799999998
6265455,2013,2014-04-29,3711,2013-11-04,1626,6773,,1,5,7,3711,0,0,0,,0,234,"AVENIDA VENUSTO","CALLE PARACHO",500.00,S,N,B,-,N,,,,,,,,,,Y,3,0,1,2,A,-,03,22350,,N,E,B,F,A,H,-,A,D,0,Y,,,,Y,,-,"- ",0,1,0,0,1,0,0,0,0,"- ","- ",,,"SAN DIEGO","SAN DIEGO",-117.0784223,32.999267400000001
6265479,2013,2014-04-29,3711,2013-11-04,1437,6854,SANDI,1,5,7,3711,0,0,0,,0,725,"RIVIERA SHORES ST","DEL SOL BL",36.00,S,N,B,-,N,,,,,,,,,,N,3,0,1,2,A,-,03,22350,,M,D,B,E,A,H,-,A,D,0,Y,,,,Y,,N,60,0,1,0,0,1,0,0,0,0,"- ","- ",,,"SAN DIEGO","SAN DIEGO",-117.03750104,32.573347050000002
6265492,2013,2014-04-30,3711,2013-11-05,0725,5278,,2,5,7,3711,0,0,0,,0,233,"PARK VILLAGE DR","RUMEX LN",0.00,,Y,A,-,N,,,,,,,,,,N,4,0,2,3,A,-,10,21950,A,N,G,B,B,A,H,-,A,A,0,Y,,,,Y,,-,"- ",0,0,2,0,2,0,0,0,0,"- ","- ",,,"SAN DIEGO","SAN DIEGO",-117.141902,32.947584800000001
6274648,2013,2014-04-19,3711,2013-10-13,0244,3792,3711,7,5,7,3711,0,0,0,,0,521,"11TH AV","B ST",29.00,N,N,A,-,N,,,,,,,,,,N,3,0,1,2,A,-,11,21954,A,M,G,B,D,A,H,-,C,A,0,Y,,,,Y,Y,N,60,0,1,0,0,1,0,0,0,0,"- ","- ",,,"SAN DIEGO","SAN DIEGO",-117.1547119,32.7178842
6274663,2013,2014-04-19,3711,2013-10-31,1712,6968,,4,5,7,3711,0,0,0,,0,621,"LINDA VISTA RD","FULTON ST",0.00,,Y,A,-,N,,,,,,,,,,N,4,0,1,2,A,-,10,21950,A,N,G,B,B,A,H,-,B,A,0,Y,,,,Y,,-,"- ",0,0,1,0,1,0,0,0,0,"- ","- ",,,"SAN DIEGO","SAN DIEGO",-117.16757200000001,32.789944800000001
6274664,2013,2014-04-19,3711,2013-10-31,1835,5335,,4,5,7,3711,0,0,0,,0,234,"WEST BERNARDO DR","POBLADO RD",20.00,S,N,A,-,N,,,,,,,,,,N,4,0,1,2,A,-,10,21950,A,N,G,B,B,A,H,-,C,A,0,Y,,,,Y,,-,"- ",0,0,1,0,1,0,0,0,0,"- ","- ",,,"SAN DIEGO","SAN DIEGO",-117.0824322,33.026320599999998
6274671,2013,2014-04-19,3711,2013-10-30,0809,6213,,3,5,7,3711,0,0,0,,0,445,"MARKET ST","45TH ST",10.00,S,N,A,-,N,,,,,,,,,,N,4,0,1,2,A,-,10,21950,A,N,G,B,B,A,H,-,A,A,0,Y,,,,Y,Y,-,"- ",0,0,1,0,1,0,0,0,0,"- ","- ",,,"SAN DIEGO","SAN DIEGO",-117.0978266,32.711464159999998
6275254,2013,2014-05-07,3711,2013-11-19,1846,HB4531,,2,5,7,3711,0,0,0,,0,710,"AIRPORT FRONTAGE RD","AIR LN",552.00,W,N,A,-,N,,,,,,,,,,N,3,0,1,4,A,-,21,22106,,N,G,B,E,A,H,-,C,D,0,Y,,,,Y,,A,01,0,1,0,0,1,0,0,0,0,"- ","- ",,,"SAN DIEGO","SAN DIEGO",-117.19679475,32.731603229999997
6277534,2013,2014-05-05,3711,2013-11-20,1800,6515,,3,5,7,3711,0,0,0,,0,627,"WASHINGTON ST","3RD AV",3.00,W,N,A,-,N,,,,,,,,,,N,4,0,1,2,A,-,10,21950,C,N,G,B,-,B,H,-,B,D,0,Y,,,,Y,,-,"- ",0,0,1,0,1,0,0,0,0,"- ","- ",,,"SAN DIEGO","SAN DIEGO",-117.1628216,32.749904800000003
6277573,2013,2014-05-05,3711,2013-11-28,1518,5558,,4,5,7,3711,0,0,0,,0,838,"POLK AV","36TH ST",169.00,E,N,A,-,N,,,,,,,,,,N,3,0,1,2,A,-,09,21804,A,N,D,G,A,A,H,-,A,D,0,,Y,,,Y,,L,04,0,1,0,0,0,0,1,0,0,"- ","- ",,,"SAN DIEGO","SAN DIEGO",-117.1150241,32.751540400000003
6277578,2013,2014-05-05,3711,2013-11-05,1131,5209,,2,5,7,3711,0,0,0,,0,124,"TORREY PINES RD","TORREY PINES RD 2700",6.00,W,N,A,-,N,,,,,,,,,,Y,2,0,1,2,D,-,00,,,N,B,G,A,A,H,-,A,D,0,,Y,,,Y,,-,"- ",1,0,0,0,0,0,1,0,0,"- ","- ",,,"SAN DIEGO","SAN DIEGO",,
6277740,2013,2014-04-18,3711,2013-10-11,1125,6883,,5,5,7,3711,0,0,0,,0,839,"UNIVERSITY AV","RT 15",14.00,E,N,A,-,Y,SD,11,15,-,M,4.542,R,4,N,N,4,0,1,2,A,-,10,21950,C,N,G,B,B,A,H,-,A,A,0,Y,,,,Y,,-,"- ",0,0,1,0,1,0,0,0,0,"- ",NF,,,"SAN DIEGO","SAN DIEGO",-117.1086018,32.746774799999997
6279226,2013,2014-05-06,3711,2013-11-01,2255,6633,,5,5,7,3711,0,0,0,,0,614,"BACON ST","LOTUS ST",102.00,S,N,A,-,N,,,,,,,,,,N,3,0,1,2,A,-,03,22350,,N,G,B,D,A,H,-,C,D,0,Y,,,,Y,Y,A,01,0,1,0,0,1,0,0,0,0,"- ","- ",,,"SAN DIEGO","SAN DIEGO",-117.24628850000001,32.752420100000002
6283618,2013,2014-05-09,3711,2013-11-07,1520,5600,,4,5,7,3711,0,0,0,,0,122,"GARNET AV","EVERTS ST",0.00,,Y,A,-,N,,,,,,,,,,Y,2,0,1,2,A,-,10,21950,A,N,G,B,B,A,H,-,A,A,0,Y,,,,Y,,A,07,1,0,0,0,1,0,0,0,0,"- ","- ",,,"SAN DIEGO","SAN DIEGO",-117.24820200000001,32.798164800000002
6284499,2013,2014-05-12,3711,2013-11-16,1733,5046,,6,5,7,3711,0,0,0,,0,611,"BARNETT AV","BARNETT AV 3600",0.00,,N,B,-,N,,,,,,,,,,N,2,0,1,2,A,-,11,21954,A,N,G,B,D,A,H,-,C,D,0,Y,,,,Y,,N,60,1,0,0,0,1,0,0,0,0,"- ","- ",,,"SAN DIEGO","SAN DIEGO",-117.19762713,32.745368659999997
6286440,2013,2014-05-05,3711,2013-11-14,1727,7067,,4,5,7,3711,0,0,0,,0,437,"S MEADOWBROOK DR","PARADISE VALLEY RD",240.00,N,N,A,-,N,,,,,,,,,,N,4,0,1,2,A,-,08,22107,,N,G,B,D,A,H,-,C,D,0,Y,,,,Y,Y,-,"- ",0,0,1,0,1,0,0,0,0,"- ","- ",,,"SAN DIEGO","SAN DIEGO",-117.02630379999999,32.698049599999997
6286446,2013,2014-05-05,3711,2013-11-14,1240,6620,,4,5,7,3711,0,0,0,,0,521,"11TH ST","A ST",0.00,,Y,A,-,N,,,,,,,,,,N,3,0,1,2,A,-,11,21954,A,N,D,B,E,A,H,-,A,A,0,Y,,,,Y,,N,60,0,1,0,0,1,0,0,0,0,"- ","- ",,,"SAN DIEGO","SAN DIEGO",-117.154712,32.718854800000003
6286459,2013,2014-05-02,3711,2013-11-11,1225,4848,,1,5,7,3711,0,0,0,,0,627,"UNIVERSITY AV","UNIVERSITY AV 734",63.00,N,N,A,-,N,,,,,,,,,,N,3,0,1,2,A,-,11,21954,A,N,G,B,F,A,H,-,A,A,0,Y,,,,Y,,N,60,0,1,0,0,1,0,0,0,0,"- ","- ",,,"SAN DIEGO","SAN DIEGO",,
6286466,2013,2014-05-02,3711,2013-11-14,0850,4823,SANDI,4,5,7,3711,0,0,0,,0,122,"GARNET AV","BOND ST",6.00,W,N,A,-,N,,,,,,,,,,Y,4,0,1,2,A,-,08,22107,,N,D,G,A,A,H,-,A,A,0,,Y,,,Y,,A,08,0,0,1,0,0,0,1,0,0,"- ","- ",,,"SAN DIEGO","SAN DIEGO",-117.2210807,32.805570600000003
6287674,2013,2014-05-28,3711,2013-12-14,0914,6120,,6,5,7,3711,0,0,0,,0,811,"ADAMS AV","FELTON ST",0.00,,Y,A,-,N,,,,,,,,,,N,3,0,1,2,A,-,10,21950,A,N,-,B,B,A,H,-,A,A,0,Y,,,,Y,,-,"- ",0,1,0,0,1,0,0,0,0,"- ","- ",,,"SAN DIEGO","SAN DIEGO",-117.121762,32.763344799999999
6290139,2013,2015-01-14,9645,2013-12-08,0314,18149,,7,3,7,3711,0,1,1,,2,005,"RT 5","OLD TOWN AV",585.00,N,N,A,-,Y,SD,11,5,-,R,19.140,H,-,S,Y,1,1,0,2,A,-,11,21954,A,F,G,B,E,A,H,-,D,D,1,Y,,,,Y,,N,60,0,0,0,1,0,0,0,0,0,"- ","- ",32.748060000000002,-117.19435,"SAN DIEGO","SAN DIEGO",-117.1955219,32.749104799999998
6290228,2013,2014-05-15,9645,2013-12-22,0215,19322,,7,3,7,3711,0,1,1,,2,011,"RT 15","RT 805",770.00,S,N,A,-,Y,SD,11,15,-,R,3.200,H,-,S,N,1,1,0,2,A,-,11,21954,A,F,G,B,E,A,H,-,D,D,1,Y,,,,Y,Y,N,60,0,0,0,1,0,0,0,0,0,TO,"- ",32.730029999999999,-117.11208000000001,"SAN DIEGO","SAN DIEGO",-117.1123439,32.734119900000003
6290232,2014,2015-12-21,9645,2014-02-20,2311,16864,,4,3,7,3711,0,1,1,,2,003,"RT 5","RT 163",150.00,N,N,B,-,Y,SD,11,5,-,R,16.120,H,-,S,Y,1,1,0,2,A,-,11,21954,A,N,G,B,E,A,H,-,C,D,1,Y,,,,Y,Y,N,60,0,0,0,1,0,0,0,0,0,"- ","- ",32.723939999999999,-117.15615,"SAN DIEGO","SAN DIEGO",-117.15630068,32.723915820000002
6290278,2013,2014-04-18,9645,2013-10-08,0122,15046,SANDI,2,3,7,3711,0,1,1,,2,021,"RT 15","HOME AV",5280.00,N,N,A,-,Y,SD,11,805,-,-,14.773,R,2,S,Y,1,1,0,2,C,-,18,,,N,G,B,E,A,H,-,D,D,1,Y,,,,Y,,-,"- ",0,0,0,1,0,0,0,0,0,TO,"- ",,,"SAN DIEGO","SAN DIEGO",-117.1129218,32.733274799999997
6290515,2014,2014-05-16,3711,2014-04-12,1637,4495,,6,5,7,3711,0,0,0,,0,903,"BEYER BL","COTTONWOOD RD",106.00,E,N,A,-,N,,,,,,,,,,N,1,1,0,2,A,-,10,21954,B,F,G,B,D,A,H,-,A,D,0,Y,,,,Y,,-,99,0,0,0,1,0,0,0,0,0,"- ","- ",,,"SAN DIEGO","SAN DIEGO",-117.04770435,32.558328539999998
6290634,2014,2014-06-09,3711,2014-05-18,2101,6000,,7,5,7,3711,0,0,0,,0,822,"WEST OVERLOOK DR","TROJAN AV",814.00,S,N,B,-,N,,,,,,,,,,N,1,2,0,2,A,-,21,22106,,N,G,B,F,A,H,-,D,D,0,Y,,,,Y,,D,22,0,0,0,1,0,0,0,0,0,"- ","- ",,,"SAN DIEGO","SAN DIEGO",-117.07082646000001,32.753204490000002
6290671,2014,2014-06-16,9645,2014-02-22,0503,15001,,6,3,7,3711,0,1,1,,2,010,"RT 8","RT 163",118.00,E,N,A,-,Y,SD,11,8,-,-,2.480,H,-,W,Y,1,1,1,2,A,-,03,22350,,N,G,B,E,A,H,-,D,D,1,Y,,,,Y,,A,01,0,1,0,1,0,0,0,0,0,"- ","- ",32.761110000000002,-117.16713,"SAN DIEGO","SAN DIEGO",-117.16274244,32.763022300000003
6290722,2014,2014-06-11,3711,2014-05-17,2018,5393,,6,5,7,3711,0,0,0,,0,234,"RANCHO BERNARDO RD","BERNARDO CENTER RD",510.00,W,N,A,-,N,,,,,,,,,,N,1,1,0,2,A,-,17,21663,,F,G,B,F,A,H,-,C,D,0,Y,,,,Y,,-,99,0,0,0,1,0,0,0,0,0,"- ","- ",,,"SAN DIEGO","SAN DIEGO",-117.07608807,33.022922639999997
6290729,2014,2014-10-06,3711,2014-02-09,0602,5209,,7,5,7,3711,0,0,0,,0,712,"EAST SAN YSIDRO BL","WILLOW RD",0.00,,Y,A,-,N,,,,,,,,,,N,1,1,0,2,A,-,10,21954,B,F,G,B,D,A,H,-,C,D,0,Y,,,,Y,,-,99,0,0,0,1,0,0,0,0,0,"- ","- ",,,"SAN DIEGO","SAN DIEGO",-117.04232008,32.55206003
6291268,2014,2016-01-06,9645,2014-08-03,0500,20066,,7,3,7,3711,0,1,1,,2,005,"RT 5","OLD TOWN AV",1981.00,N,N,B,-,Y,SD,11,5,-,R,19.410,H,-,S,N,1,1,0,2,A,-,11,21954,A,N,G,B,D,A,H,-,D,D,1,Y,,,,Y,,N,60,0,0,0,1,0,0,0,0,0,"- ","- ",32.751260000000002,-117.19739,"SAN DIEGO","SAN DIEGO",-117.19779798,32.751672419999998
6291324,2014,2014-10-20,3711,2014-07-30,0721,5209,,3,5,7,3711,0,0,0,,0,321,"SAN DIEGO MISSION RD","SAN DIEGO MISSION RD 10300",0.00,,-,A,-,N,,,,,,,,,,N,1,1,0,2,A,-,10,21952,,N,G,B,F,A,H,-,A,D,0,Y,,,,Y,,A,07,0,0,0,1,0,0,0,0,0,"- ","- ",,,"SAN DIEGO","SAN DIEGO",-117.11158186,32.785317249999999
6291564,2014,2014-11-07,3711,2014-10-02,1122,4823,SANDI,4,5,7,3711,0,0,0,,0,451,"EUCLID AV","LYONS ST",61.00,N,N,A,-,N,,,,,,,,,,N,1,1,0,2,A,-,11,21954,A,N,G,B,D,A,H,-,A,D,0,Y,,,,Y,,N,60,0,0,0,1,0,0,0,0,0,"- ","- ",,,"SAN DIEGO","SAN DIEGO",-117.08495863,32.720367080000003
6292258,2015,2015-06-08,3711,2015-04-28,2008,4576,,2,5,7,3711,0,0,0,,0,123,"SEA WORLD DR","MISSION BAY DR",294.00,E,N,A,-,N,,,,,,,,,,N,1,1,0,2,A,-,11,21955,,N,G,B,D,A,H,-,E,D,0,Y,,,,Y,,N,60,0,0,0,1,0,0,0,0,0,"- ","- ",,,"SAN DIEGO","SAN DIEGO",-117.23009999999999,32.761470000000003
6295605,2013,2014-05-29,3711,2013-12-06,0735,5747,,5,5,7,3711,0,0,0,,0,613,"WEST POINT LOMA BL","ADRIAN ST",18.00,E,N,A,-,N,,,,,,,,,,N,3,0,1,2,A,-,09,21801,A,N,G,B,B,A,H,-,A,D,0,Y,,,,Y,,-,"- ",0,1,0,0,1,0,0,0,0,"- ","- ",,,"SAN DIEGO","SAN DIEGO",-117.2264847,32.752794600000001
6295681,2013,2014-05-20,3711,2013-12-07,2045,4849,,6,5,7,3711,0,0,0,,0,524,"WEST ASH ST","PACIFIC HWY",4.00,E,N,A,-,N,,,,,,,,,,N,3,0,1,2,A,-,11,21950,B,N,G,B,-,A,H,-,C,A,0,Y,,,,Y,,-,"- ",0,1,0,0,1,0,0,0,0,"- ","- ",,,"SAN DIEGO","SAN DIEGO",-117.17114890000001,32.719814800000002
6295787,2013,2014-05-12,3711,2013-11-02,0857,6424,,6,5,7,3711,0,0,0,,0,235,"SAN PASQUAL VALLEY RD","BUNDY CANYON",16368.00,E,N,A,-,N,,,,,,,,,,N,4,0,1,2,D,-,00,,,N,D,G,A,A,H,-,A,D,0,,Y,,,Y,,-,"- ",0,0,1,0,0,0,1,0,0,"- ","- ",,,"SAN DIEGO","SAN DIEGO",-116.91145688,33.085345179999997
6297499,2013,2014-04-21,3711,2013-10-15,0730,5026,,2,5,7,3711,0,0,0,,0,312,"ANTIGUA BL","AMARO DR",0.00,,Y,A,-,Y,,,,,,,,,,,3,0,1,2,A,-,11,21954,A,N,G,B,D,A,H,-,A,D,0,Y,,,,Y,,-,,0,1,0,0,1,0,0,0,0,"- ","- ",,,"SAN DIEGO","SAN DIEGO",-117.105802,32.8348248
6298554,2013,2014-05-05,3711,2013-11-18,1655,5968,,1,5,7,3711,0,0,0,,0,526,"5TH AV","BEECH ST",135.00,N,N,B,-,N,,,,,,,,,,N,3,0,1,2,A,-,05,21650,1,N,D,G,A,A,H,-,B,A,0,,Y,,,Y,,L,04,0,1,0,0,0,0,1,0,0,"- ","- ",,,"SAN DIEGO","SAN DIEGO",-117.16023850000001,32.721264599999998
6298555,2013,2014-05-05,3711,2013-11-15,1833,6485,,5,5,7,3711,0,0,0,,0,813,"30TH ST","4200 30TH ST",4.00,W,N,A,-,N,,,,,,,,,,N,3,0,1,2,A,-,09,21801,A,N,D,G,A,A,H,-,C,D,0,,Y,,,Y,,-,"- ",0,1,0,0,0,0,1,0,0,"- ","- ",,,"SAN DIEGO","SAN DIEGO",,
6305127,2013,2014-05-21,3711,2013-12-11,1745,7056,,3,5,7,3711,0,0,0,,0,431,"EUCLID AV",GENEVA,168.00,S,N,A,-,N,,,,,,,,,,N,3,0,1,2,A,-,11,21950,B,N,G,B,D,A,H,-,C,D,0,Y,,,,Y,,N,60,0,1,0,0,1,0,0,0,0,"- ","- ",,,"SAN DIEGO","SAN DIEGO",-117.0849863,32.716284600000002
6306956,2013,2014-05-07,3711,2013-11-01,2308,5340,,5,5,7,3711,0,0,0,,0,446,"EUCLID AV","LA PLAZA DR",0.00,,Y,A,-,N,,,,,,,,,,N,2,0,1,2,D,-,00,,,F,G,B,D,A,H,-,C,D,0,Y,,,,Y,Y,-,"- ",1,0,0,0,1,0,0,0,0,"- ","- ",,,"SAN DIEGO","SAN DIEGO",-117.080112,32.679844799999998
6307107,2013,2014-05-30,3711,2013-12-19,0630,6269,SANDI,4,5,7,3711,0,0,0,,0,437,"BRIARWOOD RD","PARADISE VALLEY RD",26.00,S,N,B,C,N,,,,,,,,,,N,3,0,1,2,A,-,11,21950,B,N,G,B,D,B,H,-,B,D,0,Y,,,,Y,,N,60,0,1,0,0,1,0,0,0,0,"- ","- ",,,"SAN DIEGO","SAN DIEGO",-117.03677709999999,32.691666699999999
6307111,2013,2014-05-30,3711,2013-12-20,1340,6057,3711,5,5,7,3711,0,0,0,,0,432,"IMPERIAL AV","55TH ST",60.00,W,N,A,-,N,,,,,,,,,,N,4,0,1,2,A,-,"- ",,,N,A,B,D,A,H,-,A,D,0,Y,,,,Y,,N,60,0,0,1,0,1,0,0,0,0,"- ","- ",,,"SAN DIEGO","SAN DIEGO",-117.07658910000001,32.707600499999998
6307119,2013,2014-05-30,3711,2013-12-20,1604,6411,SDPD,5,5,7,3711,0,0,0,,0,114,"CONRAD AV","LONGFORD ST",332.00,E,N,A,-,N,,,,,,,,,,N,4,0,1,2,A,-,11,21954,A,N,A,B,D,A,H,-,A,D,0,Y,,,,Y,,N,60,0,0,1,0,1,0,0,0,0,"- ","- ",,,"SAN DIEGO","SAN DIEGO",-117.18164470000001,32.835964099999998
6307168,2013,2014-06-27,3711,2013-12-12,2203,6659,,4,5,7,3711,0,0,0,,0,813,"TEXAS ST","HOWARD AV",75.00,S,N,A,-,N,,,,,,,,,,N,3,0,1,2,A,-,08,22100,A,N,D,G,A,A,H,-,C,A,0,,Y,,,Y,,-,"- ",0,1,0,0,0,0,1,0,0,SO,"- ",,,"SAN DIEGO","SAN DIEGO",-117.13883970000001,32.7538293
6307172,2013,2014-05-22,3711,2013-12-14,1056,6294,,6,5,7,3711,0,0,0,,0,523,"E ST","4TH AV",6.00,E,N,A,-,N,,,,,,,,,,N,3,0,1,2,A,-,10,21950,A,M,G,B,B,A,-,-,A,A,0,Y,,,,Y,,-,"- ",0,1,0,0,1,0,0,0,0,"- ","- ",,,"SAN DIEGO","SAN DIEGO",-117.1610925,32.714615000000002
6309085,2013,2014-05-29,3711,2013-12-12,1115,6082,,4,5,7,3711,0,0,0,,0,122,"MISSION BAY DR","ROSEWOOD ST",39.00,N,N,A,-,N,,,,,,,,,,N,3,0,1,2,A,-,08,22107,,N,C,G,A,A,H,-,A,D,0,,Y,,,Y,,L,04,0,1,0,0,0,0,1,0,0,"- ","- ",,,"SAN DIEGO","SAN DIEGO",-117.2138257,32.800656500000002
6309249,2013,2014-05-29,3711,2013-12-13,1745,7045,,5,5,7,3711,0,0,0,,0,324,"JACKSON DR","GOLFCREST DR",0.00,,Y,A,-,N,,,,,,,,,,N,4,0,1,2,A,-,10,21950,A,N,G,B,B,A,H,-,C,A,0,Y,,,,Y,,A,01,0,0,1,0,1,0,0,0,0,"- ","- ",,,"SAN DIEGO","SAN DIEGO",-117.03989199999999,32.801274800000002
6309938,2013,2014-05-15,3711,2013-12-23,1629,6465,,1,5,7,3711,0,0,0,,0,313,"BALBOA AV","MERCURY ST",75.00,W,N,A,-,Y,,,,,,,,,,N,3,0,1,2,A,-,08,22107,,N,D,G,A,A,H,-,A,D,0,,Y,,,Y,Y,L,04,0,1,0,0,0,0,1,0,0,"- ","- ",,,"SAN DIEGO","SAN DIEGO",-117.14919519999999,32.8216836
6312758,2013,2014-05-07,3711,2013-11-08,1554,6967,"SAN D",5,5,7,3711,0,0,0,,0,311,"AFTON RD","HURLBUT ST",0.00,,Y,A,-,Y,,,,,,,,,,Y,4,0,1,2,A,-,03,22350,,N,G,B,B,A,G,-,A,D,0,Y,,,,Y,,-,"- ",0,0,1,0,1,0,0,0,0,"- ","- ",,,"SAN DIEGO","SAN DIEGO",-117.144492,32.804884800000004
6316911,2013,2014-05-30,3711,2013-12-25,1755,6971,MC,3,5,7,3711,0,0,0,,0,813,"33RD ST","MYRTLE AV",24.00,W,N,A,-,Y,,,,,,,,,,N,3,0,1,2,A,-,12,22450,A,N,D,G,A,A,H,-,C,D,0,,Y,,,Y,Y,L,04,0,1,0,0,0,0,1,0,0,"- ","- ",,,"SAN DIEGO","SAN DIEGO",-117.12284267,32.741895159999999
6316951,2013,2014-06-10,3711,2013-12-21,0840,7073,,6,5,7,3711,0,0,0,,0,624,"NORMAL ST","CAMPUS AV",0.00,,Y,A,-,N,,,,,,,,,,N,3,0,1,2,A,-,12,21453,A,N,G,B,B,A,H,-,A,A,0,Y,,,,Y,,-,"- ",0,1,0,0,1,0,0,0,0,"- ","- ",,,"SAN DIEGO","SAN DIEGO",-117.147702,32.752794899999998
6316955,2013,2014-05-30,3711,2013-12-21,1600,6780,,6,5,7,3711,0,0,0,,0,614,VOLTAIRE,CABLE,0.00,,Y,A,-,N,,,,,,,,,,N,4,0,1,2,A,-,12,22450,A,N,G,B,B,A,H,-,A,D,0,Y,,,,Y,,-,"- ",0,0,1,0,1,0,0,0,0,"- ","- ",,,"SAN DIEGO","SAN DIEGO",-117.244902,32.750934800000003
6318010,2014,2014-06-03,3711,2014-01-03,1918,6411,SDPD,5,5,7,3711,0,0,0,,0,122,"GRAND AV","FANUEL ST",0.00,,Y,A,-,N,,,,,,,,,,N,3,0,1,2,A,-,10,21950,A,N,A,B,B,A,H,-,A,A,0,Y,,,,Y,,D,22,0,1,0,0,1,0,0,0,0,"- ","- ",,,"SAN DIEGO","SAN DIEGO",-117.24580012,32.796720120000003
6318679,2013,2014-05-22,3711,2013-12-30,0855,4864,3711,1,5,7,3711,0,0,0,,0,714,"RAIL CT","RAIL CT 5900",80.00,S,N,A,-,N,,,,,,,,,,N,4,0,1,2,A,-,03,22350,,N,G,B,E,A,G,-,A,D,0,Y,,,,Y,,A,01,0,0,1,0,1,0,0,0,0,"- ","- ",,,"SAN DIEGO","SAN DIEGO",,
6318691,2013,2014-05-22,3711,2013-12-30,1545,7074,,1,5,7,3711,0,0,0,,0,723,"CORONADO AV","25TH ST",2.00,E,N,A,-,N,,,,,,,,,,N,3,0,1,2,A,-,08,22107,,N,B,G,A,A,H,-,A,D,0,,Y,,,Y,,A,01,0,1,0,0,0,0,1,0,0,"- ","- ",,,"SAN DIEGO","SAN DIEGO",-117.0797754,32.576474699999999