CASE_ID,ACCIDENT_YEAR,PROC_DATE,JURIS,COLLISION_DATE,COLLISION_TIME,OFFICER_ID,REPORTING_DISTRICT,DAY_OF_WEEK,CHP_SHIFT,POPULATION,CNTY_CITY_LOC,SPECIAL_COND,BEAT_TYPE,CHP_BEAT_TYPE,CITY_DIVISION_LAPD,CHP_BEAT_CLASS,BEAT_NUMBER,PRIMARY_RD,SECONDARY_RD,DISTANCE,DIRECTION,INTERSECTION,WEATHER_1,WEATHER_2,STATE_HWY_IND,CALTRANS_COUNTY,CALTRANS_DISTRICT,STATE_ROUTE,ROUTE_SUFFIX,POSTMILE_PREFIX,POSTMILE,LOCATION_TYPE,RAMP_INTERSECTION,SIDE_OF_HWY,TOW_AWAY,COLLISION_SEVERITY,NUMBER_KILLED,NUMBER_INJURED,PARTY_COUNT,PRIMARY_COLL_FACTOR,PCF_CODE_OF_VIOL,PCF_VIOL_CATEGORY,PCF_VIOLATION,PCF_VIOL_SUBSECTION,HIT_AND_RUN,TYPE_OF_COLLISION,MVIW,PED_ACTION,ROAD_SURFACE,ROAD_COND_1,ROAD_COND_2,LIGHTING,CONTROL_DEVICE,CHP_ROAD_TYPE,PEDESTRIAN_ACCIDENT,BICYCLE_ACCIDENT,MOTORCYCLE_ACCIDENT,TRUCK_ACCIDENT,NOT_PRIVATE_PROPERTY,ALCOHOL_INVOLVED,STWD_VEHTYPE_AT_FAULT,CHP_VEHTYPE_AT_FAULT,COUNT_SEVERE_INJ,COUNT_VISIBLE_INJ,COUNT_COMPLAINT_PAIN,COUNT_PED_KILLED,COUNT_PED_INJURED,COUNT_BICYCLIST_KILLED,COUNT_BICYCLIST_INJURED,COUNT_MC_KILLED,COUNT_MC_INJURED,PRIMARY_RAMP,SECONDARY_RAMP,LATITUDE,LONGITUDE,COUNTY,CITY,POINT_X,POINT_Y
6320054,2013,2014-05-30,3711,2013-12-11,1816,3815,,3,5,7,3711,0,0,0,,0,126,"NORTH TORREY PINES RD","UCSD NORTHPOINT DRVY",264.00,N,N,A,-,N,,,,,,,,,,N,4,0,1,2,A,-,17,21208,A,N,H,G,A,A,H,-,C,D,0,,Y,,,Y,,L,04,0,0,1,0,0,0,1,0,0,"- ","- ",,,"SAN DIEGO","SAN DIEGO",-117.24256754,32.889988860000003
6328108,2014,2014-06-02,3711,2014-01-04,1849,4495,,6,5,7,3711,0,0,0,,0,311,"MISSION CENTER RD","MURRAY RIDGE RD",634.00,W,N,A,-,N,,,,,,,,,,N,3,0,1,2,A,-,05,21650,,N,A,G,A,A,H,-,D,D,0,,Y,,,Y,,L,04,0,1,0,0,0,0,1,0,0,"- ","- ",,,"SAN DIEGO","SAN DIEGO",-117.14674256000001,32.789146240000001
6332922,2013,2014-05-12,3711,2013-11-29,1217,5197,,5,5,7,3711,0,0,0,,0,528,"INDIA ST","GRAPE ST",0.00,,Y,B,C,N,,,,,,,,,,N,4,0,1,2,A,-,10,21950,A,N,G,B,B,B,H,-,A,A,0,Y,,,,Y,,A,01,0,0,1,0,1,0,0,0,0,"- ","- ",,,"SAN DIEGO","SAN DIEGO",-117.1690219,32.7254048
6332933,2013,2014-05-12,3711,2013-11-26,1440,5300,,2,5,7,3711,0,0,0,,0,315,"FRIARS RD","FRAZEE RD",0.00,,Y,A,-,N,,,,,,,,,,N,3,0,1,2,A,-,05,21202,A,N,D,G,A,A,H,-,A,A,0,,Y,,,Y,,L,04,0,1,0,0,0,0,1,0,0,"- ","- ",,,"SAN DIEGO","SAN DIEGO",-117.157432,32.772744899999999
6332957,2013,2014-05-12,3711,2013-11-24,1418,5611,,7,5,7,3711,0,0,0,,0,242,"MIRA MESA BL","RICKERT RD",175.00,E,N,B,-,N,,,,,,,,,,N,4,0,1,2,A,-,11,21954,A,N,G,B,D,A,H,-,A,D,0,Y,,,,Y,,N,60,0,0,1,0,1,0,0,0,0,"- ","- ",,,"SAN DIEGO","SAN DIEGO",-117.1265437,32.917194799999997
6335424,2013,2014-12-15,3711,2013-12-28,1400,6918,SANDI,6,5,7,3711,0,0,0,,0,934,"CARMEL VALLEY","RT 56",0.00,,Y,A,-,Y,SD,11,56,-,-,2.773,R,4,E,N,3,0,1,2,A,-,12,21453,A,N,D,G,A,A,H,-,A,A,0,,Y,,,Y,,L,04,0,1,0,0,0,0,1,0,0,"- ",EF,,,"SAN DIEGO","SAN DIEGO",-117.19922630000001,32.950358799999997
6336686,2014,2014-06-30,3711,2014-01-01,0035,6973,,3,5,7,3711,0,0,0,,0,122,GARNET,"MISSION BL",100.00,E,N,A,-,N,,,,,,,,,,N,4,0,1,2,A,-,11,21954,A,N,G,B,D,A,H,-,C,D,0,Y,,,,Y,Y,N,60,0,0,1,0,1,0,0,0,0,"- ","- ",,,"SAN DIEGO","SAN DIEGO",-117.25517805,32.796655100000002
6337290,2014,2014-06-24,3711,2014-01-12,1843,5742,,7,5,7,3711,0,0,0,,0,311,"MURRAY CANYON RD","AERO DR",300.00,S,N,A,-,N,,,,,,,,,,N,3,0,1,2,A,-,11,21954,A,N,G,B,D,A,H,-,D,-,0,Y,,,,Y,,N,60,0,1,0,0,1,0,0,0,0,"- ","- ",,,"SAN DIEGO","SAN DIEGO",-117.1160692,32.80889938
6337487,2014,2014-06-17,3711,2014-01-10,0855,7050,,5,5,7,3711,0,0,0,,0,521,"IMPERIAL AV","25TH ST",0.00,,Y,A,-,N,,,,,,,,,,N,3,0,1,2,A,-,10,21950,A,N,G,B,B,A,H,-,A,A,0,Y,,,,Y,,-,,0,1,0,0,1,0,0,0,0,"- ","- ",,,"SAN DIEGO","SAN DIEGO",-117.14019007,32.706350059999998
6341085,2014,2014-06-02,3711,2014-01-22,1516,6650,,3,5,7,3711,0,0,0,,0,834,"UNIVERSITY AV","43RD ST",17.00,W,N,A,-,N,,,,,,,,,,N,4,0,1,2,A,-,12,21453,A,M,A,B,A,A,H,-,A,A,0,,,,,Y,,-,,0,0,1,0,0,0,0,0,0,"- ","- ",,,"SAN DIEGO","SAN DIEGO",-117.10207506,32.749621840000003
6341089,2014,2014-06-25,3711,2014-01-03,1815,6830,,5,5,7,3711,0,0,0,,0,437,"ALCONA ST","WOODMAN ST",40.00,E,N,A,-,N,,,,,,,,,,N,3,0,2,3,-,-,"- ",,,N,G,B,D,A,H,-,D,D,0,Y,,,,Y,,-,"- ",0,1,1,0,2,0,0,0,0,"- ","- ",,,"SAN DIEGO","SAN DIEGO",-117.04476390000001,32.686522869999997
6341561,2013,2014-04-22,3711,2013-09-11,0550,6768,,3,5,7,3711,0,0,0,,0,834,"41ST ST","WIGHTMAN ST",5.00,N,N,A,-,N,,,,,,,,,,N,3,0,1,2,A,-,12,22450,A,N,A,G,A,A,H,-,C,A,0,,Y,,,Y,,L,04,0,1,0,0,0,0,1,0,0,"- ","- ",,,"SAN DIEGO","SAN DIEGO",-117.1069617,32.747798500000002
6341589,2013,2014-07-21,3711,2013-09-04,0750,5647,,3,5,7,3711,0,0,0,,0,233,"ENTREKEN WY","CARMEL MOUNTAIN RD",0.00,,Y,A,-,N,,,,,,,,,,N,4,0,1,2,A,-,"- ",,,N,G,B,B,A,H,-,-,A,0,Y,,,,Y,,-,"- ",0,0,1,0,1,0,0,0,0,"- ","- ",,,"SAN DIEGO","SAN DIEGO",-117.140812,32.962324799999998
6342890,2013,2014-05-19,3711,2013-10-30,2100,6955,,3,5,7,3711,0,0,0,,0,442,"NATIONAL AV","17TH AV",0.00,,Y,B,-,N,,,,,,,,,,N,3,0,2,3,-,-,"- ",,,N,G,B,D,A,H,-,C,D,0,Y,,,,Y,,-,"- ",0,1,1,0,2,0,0,0,0,"- ",EO,,,"SAN DIEGO","SAN DIEGO",-117.10385995,32.668040019999999
6344811,2014,2014-06-25,3711,2014-01-16,1551,6820,,4,5,7,3711,0,0,0,,0,611,"CAMINO DEL RIO W","HANCOCK ST",30.00,S,N,A,-,N,,,,,,,,,,N,4,0,1,2,A,-,10,21950,A,N,G,B,B,A,-,-,A,A,0,Y,,,,Y,,-,,0,0,1,0,1,0,0,0,0,"- ","- ",,,"SAN DIEGO","SAN DIEGO",-117.20508744999999,32.754168059999998
6346569,2014,2014-06-05,3711,2014-01-15,1535,5354,3711,3,5,7,3711,0,0,0,,0,625,"OLD TOWN AV","SAN DIEGO  AV",9.00,S,N,A,-,N,,,,,,,,,,N,3,0,1,2,A,-,10,21950,A,N,G,B,B,A,H,-,A,A,0,Y,,,,Y,,-,,0,1,0,0,1,0,0,0,0,"- ","- ",,,"SAN DIEGO","SAN DIEGO",-117.19227755999999,32.74927031
6347708,2016,2016-03-28,3711,2016-03-12,1134,6487,SD,6,5,7,3711,0,0,0,,0,832,"EL CAJON BL","CENTRAL AV",4.00,W,N,B,-,N,,,,,,,,,,N,4,0,1,2,A,-,10,21950,A,N,G,B,B,A,H,-,A,A,0,Y,,,,Y,,-,,0,0,1,0,1,0,0,0,0,"- ","- ",,,"SAN DIEGO","SAN DIEGO",-117.10823297,32.75526
6347748,2016,2016-08-24,3711,2016-03-10,0812,6945,,4,5,7,3711,0,0,0,,0,712,"CAMINO DE LA PLZ","ZOO WILLOW RD",21.00,E,N,A,-,N,,,,,,,,,,N,4,0,1,2,A,-,11,21954,A,N,G,B,D,A,H,-,A,A,0,Y,,,,Y,,N,60,0,0,1,0,1,0,0,0,0,"- ","- ",,,"SAN DIEGO","SAN DIEGO",-117.04256504999999,32.545420399999998
6351416,2016,2016-03-28,3711,2016-03-13,0311,7088,,7,5,7,3711,0,0,0,,0,521,"IMPERIAL AV","16TH ST",0.00,,Y,A,-,N,,,,,,,,,,N,4,0,1,2,A,-,11,21456,B,N,A,B,B,A,H,-,C,A,0,Y,,,,Y,,N,60,0,0,1,0,1,0,0,0,0,"- ","- ",,,"SAN DIEGO","SAN DIEGO",-117.14945001,32.706280049999997
6352443,2014,2016-03-23,3711,2014-01-21,1558,6309,,2,5,7,3711,0,0,0,,0,114,"GENESEE AV","RT 52",20.00,N,N,B,-,Y,SD,11,52,-,-,2.656,R,4,E,N,3,0,1,2,A,-,12,21453,A,N,D,G,A,A,H,-,A,A,0,,Y,,,Y,Y,L,04,0,1,0,0,0,0,1,0,0,"- ","- ",,,"SAN DIEGO","SAN DIEGO",-117.19685644,32.845625980000001
6352644,2016,2016-03-28,3711,2016-03-11,1804,7135,,5,5,7,3711,0,0,0,,0,124,"TORRY PINES RD","HIGH ST",15.00,E,N,B,C,N,,,,,,,,,,N,4,0,1,2,A,-,11,21950,B,N,A,B,D,B,H,-,A,D,0,Y,,,,Y,,N,60,0,0,1,0,1,0,0,0,0,"- ","- ",,,"SAN DIEGO","SAN DIEGO",-117.27112658999999,32.843679889999997
6352660,2016,2016-03-28,3711,2016-03-08,1946,,,2,5,7,3711,0,0,0,,0,613,"NIMITZ BL","WEST POINT LOMA BL",25.00,W,N,A,-,N,,,,,,,,,,N,3,0,1,2,A,-,17,21461,A,N,G,G,A,A,H,-,C,D,0,,Y,,,Y,,A,01,0,1,0,0,0,0,1,0,0,"- ","- ",,,"SAN DIEGO","SAN DIEGO",-117.23614945,32.751303810000003
6353287,2016,2016-03-23,3711,2016-03-13,1606,7409,,7,5,7,3711,0,0,0,,0,242,"ACAMA ST","MONTONGO ST",0.00,,Y,A,-,N,,,,,,,,,,N,4,0,1,2,A,-,05,21650,1,N,B,G,A,A,H,-,A,-,0,,Y,,,Y,,L,04,0,0,1,0,0,0,1,0,0,"- ","- ",,,"SAN DIEGO","SAN DIEGO",-117.15411003,32.926450109999998
6353409,2014,2014-06-06,3711,2014-01-10,0745,3661,TRAFF,5,5,7,3711,0,0,0,,0,115,"LA JOLLA VILLAGE DR","TOWNE CENTRE DR",0.00,,Y,A,-,N,,,,,,,,,,N,3,0,1,2,A,-,08,22107,,N,B,G,A,A,H,-,A,A,0,,Y,,,Y,,A,01,0,1,0,0,0,0,1,0,0,"- ","- ",,,"SAN DIEGO","SAN DIEGO",-117.20742011,32.874100040000002
6355657,2013,2014-05-14,3711,2013-11-28,1843,7061,,4,5,7,3711,0,0,0,,0,115,"GENESEE AV","NOBEL DR",321.00,S,N,A,-,N,,,,,,,,,,N,3,0,1,2,A,-,11,21955,,N,G,B,D,A,H,-,C,D,0,Y,,,,Y,,N,60,0,1,0,0,1,0,0,0,0,"- ","- ",,,"SAN DIEGO","SAN DIEGO",-117.2133894,32.866068599999998
6356420,2014,2014-06-10,9645,2014-01-19,1400,18587,,7,2,7,3711,0,1,1,,2,001,"RT 5","PALM AV",10.00,N,N,A,-,Y,,,,,,,,,,N,3,0,1,2,A,-,10,21950,A,N,A,B,B,A,H,-,A,A,0,Y,,,,Y,,A,01,0,1,0,0,1,0,0,0,0,"- ","- ",32.584009999999999,-117.08893999999999,"SAN DIEGO","SAN DIEGO",-117.08889000000001,32.583947389999999
6373243,2014,2014-06-06,3711,2014-01-23,0750,6768,,4,5,7,3711,0,0,0,,0,838,"UNIVERSITY AV","39TH ST",0.00,,Y,E,-,N,,,,,,,,,,N,4,0,1,2,A,-,10,21950,A,N,G,B,B,A,H,-,A,A,0,Y,,,,Y,,A,01,0,0,1,0,1,0,0,0,0,"- ","- ",,,"SAN DIEGO","SAN DIEGO",-117.11065003,32.749690049999998
6373247,2014,2014-06-25,3711,2014-01-23,2040,6223,N2,4,5,7,3711,0,0,0,,0,122,"DIAMOND ST","JEWELL ST",10.00,W,N,B,-,N,,,,,,,,,,N,4,0,1,2,A,-,14,21201,D,N,D,G,A,A,H,-,C,D,0,,Y,,,Y,,L,04,0,0,1,0,0,0,1,0,0,"- ","- ",,,"SAN DIEGO","SAN DIEGO",-117.23988131999999,32.802952869999999
6374751,2013,2014-05-30,3711,2013-12-27,0559,5061,,5,5,7,3711,0,0,0,,0,115,"STRESEMANN ST","DUCOMMUN AV",33.00,S,N,A,-,N,,,,,,,,,,N,2,0,2,3,A,-,05,21650,,F,G,B,E,A,H,-,C,D,0,Y,,,,Y,,-,99,1,1,0,0,2,0,0,0,0,"- ","- ",,,"SAN DIEGO","SAN DIEGO",-117.2229241,32.8505039
6376676,2014,2014-06-19,3711,2014-02-03,1919,5999,,1,5,7,3711,0,0,0,,0,442,"SOUTH 43RD ST","GAMMA ST",528.00,N,N,B,-,N,,,,,,,,,,N,4,0,1,2,A,-,08,22107,,N,G,B,F,A,H,-,C,D,0,Y,,,,Y,,-,,0,0,1,0,1,0,0,0,0,"- ","- ",,,"SAN DIEGO","SAN DIEGO",-117.10245999999999,32.691256170000003
6381847,2014,2014-06-18,3711,2014-02-17,0945,6768,,1,5,7,3711,0,0,0,,0,731,"ORANGE AV","FAIRMOUNT AV",0.00,,Y,A,-,N,,,,,,,,,,N,4,0,1,2,A,-,12,21453,A,N,G,B,B,A,H,-,A,A,0,Y,,,,Y,,A,01,0,0,1,0,1,0,0,0,0,"- ","- ",,,"SAN DIEGO","SAN DIEGO",-117.10086002,32.753170089999998
6381870,2014,2014-06-18,3711,2014-02-16,1552,6082,,7,5,7,3711,0,0,0,,0,122,"BERYL ST","LAMONT ST",45.00,W,N,A,-,N,,,,,,,,,,N,3,0,1,2,A,-,09,21453,B,N,D,G,A,A,H,-,A,A,0,,Y,,,Y,Y,L,04,0,1,0,0,0,0,1,0,0,"- ","- ",,,"SAN DIEGO","SAN DIEGO",-117.23749146999999,32.807499579999998
6381890,2014,2014-06-17,3711,2014-02-13,2248,6120,,4,5,7,3711,0,0,0,,0,814,"39TH ST","ADAMS AV",0.00,,Y,A,-,N,,,,,,,,,,N,3,0,1,2,A,-,10,21950,A,M,G,B,B,A,H,-,-,D,0,Y,,,,Y,Y,-,,0,1,0,0,1,0,0,0,0,"- ","- ",,,"SAN DIEGO","SAN DIEGO",-117.11113002,32.763270069999997
6381894,2014,2014-06-17,3711,2014-02-13,1100,6080,,4,5,7,3711,0,0,0,,0,528,"BEECH ST","UNION ST",0.00,,Y,A,-,N,,,,,,,,,,N,4,0,1,2,A,-,10,21950,A,M,G,B,B,A,H,-,A,D,0,Y,,,,Y,,-,,0,0,1,0,1,0,0,0,0,"- ","- ",,,"SAN DIEGO","SAN DIEGO",-117.16560007,32.720890099999998
6390070,2013,2015-01-15,3711,2013-12-12,1111,4864,3711,4,5,7,3711,0,0,0,,0,724,"PALM AV","HOLLISTER ST",0.00,,Y,A,-,N,,,,,,,,,,N,4,0,1,2,A,-,09,21801,A,N,G,B,B,A,H,-,A,A,0,Y,,,,Y,,A,01,0,0,1,0,1,0,0,0,0,"- ","- ",,,"SAN DIEGO","SAN DIEGO",-117.0840419,32.5837748
6400206,2014,2014-04-12,3711,2014-02-07,1835,5072,,5,5,7,3711,0,0,0,,0,834,"LANDIS ST","42ND ST",0.00,,Y,B,-,N,,,,,,,,,,N,4,0,1,2,A,-,11,21954,A,N,G,B,D,A,H,-,C,D,0,Y,,,,Y,,N,60,0,0,1,0,1,0,0,0,0,"- ","- ",,,"SAN DIEGO","SAN DIEGO",-117.10449011999999,32.745890080000002
6400326,2014,2014-06-19,3711,2014-02-19,0810,3667,,3,5,7,3711,0,0,0,,0,313,"AERO DR","W CANYON RD",262.00,E,N,B,-,N,,,,,,,,,,N,3,0,1,2,A,-,08,22107,,N,H,G,A,A,H,-,A,D,0,,Y,,,Y,,L,04,0,1,0,0,0,0,1,0,0,"- ","- ",,,"SAN DIEGO","SAN DIEGO",-117.12159371,32.808294500000002
6405919,2014,2014-06-26,3711,2014-02-12,1811,4523,,3,5,7,3711,0,0,0,,0,124,"PEARL ST","EADS AV",63.00,E,N,A,-,N,,,,,,,,,,N,3,0,1,2,A,-,11,21954,A,N,G,B,D,A,H,-,C,A,0,Y,,,,Y,Y,N,60,0,1,0,0,1,0,0,0,0,"- ","- ",,,"SAN DIEGO","SAN DIEGO",-117.27471317,32.839996710000001
6408466,2014,2014-06-28,3711,2014-03-05,1517,4897,,3,5,7,3711,0,0,0,,0,512,"OCEAN VIEW BL","S 30TH ST",0.00,,Y,A,-,N,,,,,,,,,,N,3,0,1,2,A,-,11,21950,B,N,G,B,-,A,H,-,A,A,0,Y,,,,Y,,N,60,0,1,0,0,1,0,0,0,0,"- ","- ",,,"SAN DIEGO","SAN DIEGO",-117.12952000999999,32.701170089999998
6414007,2014,2014-06-11,3711,2014-01-18,1230,7059,NORTH,6,5,7,3711,0,0,0,,0,122,"GARNET AV","KENDALL ST",0.00,,Y,A,-,N,,,,,,,,,,N,3,0,1,2,A,-,08,22107,,N,B,G,B,A,H,-,A,D,0,Y,,,,Y,,-,,0,1,0,0,1,0,0,0,0,"- ","- ",,,"SAN DIEGO","SAN DIEGO",-117.23715007,32.800590010000001
6414099,2014,2014-06-11,3711,2014-01-29,0814,7051,,3,5,7,3711,0,0,0,,0,821,"ACORN ST","62ND ST",237.00,E,N,A,-,N,,,,,,,,,,N,4,0,1,2,A,-,11,21954,A,N,G,B,D,A,H,-,A,D,0,Y,,,,Y,,N,60,0,0,1,0,1,0,0,0,0,"- ","- ",,,"SAN DIEGO","SAN DIEGO",-117.06384383,32.760578199999998
6414111,2014,2014-06-11,3711,2014-01-26,1806,4656,,7,5,7,3711,0,0,0,,0,324,"NAVAJO RD","COWLES MOUNTAIN BL",0.00,,Y,A,-,N,,,,,,,,,,Y,2,0,1,2,A,-,08,22100,A,N,D,G,A,A,H,-,C,A,0,,Y,,,Y,,L,04,1,0,0,0,0,0,1,0,0,"- ","- ",,,"SAN DIEGO","SAN DIEGO",-117.02535002,32.80326007
6417325,2014,2014-06-24,3711,2014-03-02,0104,7154,,7,5,7,3711,0,0,0,,0,529,"5TH AV","ELM ST",0.00,,Y,B,-,N,,,,,,,,,,Y,3,0,1,2,A,-,11,21456,B,N,G,B,D,B,H,-,C,A,0,Y,,,,Y,Y,N,60,0,1,0,0,1,0,0,0,0,"- ","- ",,,"SAN DIEGO","SAN DIEGO",-117.16024005,32.724090050000001
6417373,2014,2014-06-24,3711,2014-03-11,0635,6755,,2,5,7,3711,0,0,0,,0,437,"SOUTH WOODMAN ST","TOOMA ST",0.00,,Y,A,-,N,,,,,,,,,,N,3,0,1,2,A,-,11,21954,A,N,A,B,D,A,H,-,C,A,0,Y,,,,Y,,N,60,0,1,0,0,1,0,0,0,0,"- ","- ",,,"SAN DIEGO","SAN DIEGO",-117.04201003999999,32.6815
6418228,2014,2014-06-24,3711,2014-03-07,1518,6082,,5,5,7,3711,0,0,0,,0,122,"GARNET AV","HAINES ST",550.00,W,N,A,-,N,,,,,,,,,,N,3,0,1,2,A,-,08,22107,,N,B,G,A,A,H,-,A,D,0,,Y,,,Y,,-,,0,1,0,0,0,0,1,0,0,"- ","- ",,,"SAN DIEGO","SAN DIEGO",-117.24442148999999,32.798964490000003
6418305,2014,2014-07-02,3711,2014-03-06,0725,5544,SDPD,4,5,7,3711,0,0,0,,0,242,"VIA SAN BLAS","CALLIANDRA RD",0.00,,Y,B,-,N,,,,,,,,,,N,3,0,1,2,A,-,06,21750,,N,B,G,A,A,H,-,A,D,0,,Y,,,Y,,-,,0,1,0,0,0,0,1,0,0,"- ","- ",,,"SAN DIEGO","SAN DIEGO",-117.13323002999999,32.917220069999999
6418582,2014,2014-06-17,3711,2014-02-20,1244,6841,SANDI,4,5,7,3711,0,0,0,,0,111,"GENESEE AV","MT ATNA DR",35.00,S,N,A,-,N,,,,,,,,,,N,3,0,1,2,A,-,11,21956,A,N,A,B,A,-,A,H,A,D,0,,,,,Y,,-,,0,1,0,0,0,0,0,0,0,"- ","- ",,,"SAN DIEGO","SAN DIEGO",-117.18285441,32.821321480000002
6419953,2014,2014-06-23,3711,2014-03-12,0800,5202,,3,5,7,3711,0,0,0,,0,126,"NORTH TORREY PINES RD","SCENIC PARK RD",538.00,S,N,A,-,N,,,,,,,,,,N,4,0,1,2,A,-,08,22107,,N,B,G,A,A,H,-,A,D,0,,Y,,,Y,,A,01,0,0,1,0,0,0,1,0,0,"- ","- ",,,"SAN DIEGO","SAN DIEGO",-117.24252641,32.900159619999997
6424668,2014,2014-07-17,3711,2014-02-23,2033,6892,,7,5,7,3711,0,0,0,,0,625,"PACIFIC HWY",ROSECRANS,1584.00,N,N,A,-,N,,,,,,,,,,N,3,0,1,2,A,I,"- ",,,N,G,B,E,A,H,-,C,D,0,Y,,,,Y,,N,60,0,1,0,0,1,0,0,0,0,"- ","- ",,,"SAN DIEGO","SAN DIEGO",-117.20164990000001,32.75926003
6424699,2014,2015-09-23,3711,2014-02-23,0957,5790,,7,5,7,3711,0,0,0,,0,233,"RT 56","BLACK MOUNTAIN RD",1584.00,W,N,A,-,N,,,,,,,,,,N,3,0,2,2,A,-,04,21703,,N,C,G,A,A,H,-,A,D,0,,Y,,,Y,,L,04,0,2,0,0,0,0,2,0,0,"- ","- ",,,"SAN DIEGO","SAN DIEGO",-117.13526933999999,32.95355945
6424705,2014,2014-06-12,3711,2014-02-18,1455,6724,,2,5,7,3711,0,0,0,,0,827,"54TH ST","LEA ST",24.00,S,N,A,-,N,,,,,,,,,,N,3,0,1,2,A,-,11,21950,B,N,A,G,A,A,H,-,A,A,0,,Y,,,Y,,L,04,0,1,0,0,0,0,1,0,0,"- ","- ",,,"SAN DIEGO","SAN DIEGO",-117.07952855000001,32.745774269999998
6428266,2014,2014-07-01,3711,2014-03-03,0640,6521,,1,5,7,3711,0,0,0,,0,839,"WIGHTMAN AV","39TH ST",20.00,W,N,A,-,N,,,,,,,,,,N,4,0,1,2,A,-,08,22107,,N,G,B,B,B,H,-,A,A,0,Y,,,,Y,,-,"- ",0,0,1,0,1,0,0,0,0,"- ","- ",,,"SAN DIEGO","SAN DIEGO",-117.11072482,32.747811050000003
6428397,2014,2014-07-02,3711,2014-03-04,1724,4523,,2,5,7,3711,0,0,0,,0,124,"PASEO DORADO","CALLE DE LA PLATA",0.00,,Y,A,-,N,,,,,,,,,,N,4,0,1,2,-,-,"- ",,,N,G,B,B,-,H,-,A,A,0,Y,,,,Y,,-,"- ",0,0,1,0,1,0,0,0,0,"- ","- ",,,"SAN DIEGO","SAN DIEGO",-117.25636002,32.852540050000002
6428574,2014,2014-06-26,3711,2014-02-18,0820,6278,"SAN D",2,5,7,3711,0,0,0,,0,054,"IMPERIAL AV","16TH ST",0.00,,Y,A,-,N,,,,,,,,,,N,4,0,1,2,D,-,00,,,N,D,G,A,A,H,-,A,A,0,,Y,,,Y,,-,"- ",0,0,1,0,0,0,1,0,0,"- ","- ",,,"SAN DIEGO","SAN DIEGO",-117.14945001,32.706280049999997
6428606,2014,2014-06-26,3711,2014-02-24,1659,6479,,1,5,7,3711,0,0,0,,0,0SD,"UNIVERSITY AV","45TH ST",60.00,E,N,A,-,N,,,,,,,,,,N,3,0,1,2,A,-,17,22517,,N,H,G,A,A,H,-,A,D,0,,Y,,,Y,,-,"- ",0,1,0,0,0,0,1,0,0,"- ","- ",,,"SAN DIEGO","SAN DIEGO",-117.09745553,32.749608180000003
6429456,2014,2014-06-20,3711,2014-02-12,1123,4283,,3,5,7,3711,0,0,0,,0,315,"FENTON PKWY","FRIARS RD",12.00,S,N,A,-,N,,,,,,,,,,N,4,0,1,2,A,-,10,21950,A,N,G,B,B,A,H,-,A,A,0,Y,,,,Y,,-,,0,0,1,0,1,0,0,0,0,"- ","- ",,,"SAN DIEGO","SAN DIEGO",-117.13324489,32.779704889999998
6429621,2014,2014-07-26,3711,2014-01-19,1611,4495,,7,5,7,3711,0,0,0,,0,531,"THE PLAZA DE PANAMA","EL PRADO",3.00,E,N,A,-,N,,,,,,,,,,N,2,0,1,2,B,-,22,,,N,H,B,F,A,H,-,A,D,0,Y,Y,,,Y,,L,04,1,0,0,0,1,0,0,0,0,"- ","- ",,,"SAN DIEGO","SAN DIEGO",-117.1505899,32.731380049999999
6429630,2014,2014-07-26,3711,2014-01-28,2220,6203,,2,5,7,3711,0,0,0,,0,813,"PARK BL","CYPRESS AV",81.00,S,N,E,-,N,,,,,,,,,,N,3,0,1,2,A,-,17,21209,A,N,C,G,A,-,H,-,C,D,0,,Y,,,Y,,A,01,0,1,0,0,0,0,1,0,0,"- ","- ",,,"SAN DIEGO","SAN DIEGO",-117.14755,32.74408811
6429634,2014,2014-07-26,3711,2014-01-30,0721,5925,,4,5,7,3711,0,0,0,,0,311,"MISSION CENTER RD","CIVITA BL",2640.00,N,N,B,-,N,,,,,,,,,,N,3,0,1,2,A,-,08,22107,,N,C,G,A,A,H,-,A,D,0,,Y,,,Y,,A,01,0,1,0,0,0,0,1,0,0,"- ","- ",,,"SAN DIEGO","SAN DIEGO",-117.15281867,32.784741060000002
6431618,2013,2014-05-14,3711,2013-12-15,0835,6459,,7,5,7,3711,0,0,0,,0,123,"FIESTA ISLAND RD","FIESTA ISLAND RD 1000",0.00,,Y,A,-,N,,,,,,,,,,N,3,0,1,2,A,-,16,24002,A,N,H,G,A,A,H,-,A,D,0,,Y,,,Y,,-,"- ",0,1,0,0,0,0,1,0,0,"- ","- ",,,"SAN DIEGO","SAN DIEGO",-117.22202360999999,32.780099149999998
6433215,2014,2015-08-14,3711,2014-03-02,1628,5072,,7,5,7,3711,0,0,0,,0,611,"MIDWAY DR","ROSECRANS ST",16.00,W,N,B,-,N,,,,,,,,,,N,4,0,1,2,A,-,05,21650,1,N,D,G,A,A,H,-,A,A,0,,Y,,,Y,,L,04,0,0,1,0,0,0,1,0,0,"- ","- ",,,"SAN DIEGO","SAN DIEGO",-117.20621254,32.749725089999998
6435254,2014,2014-07-07,3711,2014-03-05,1510,7025,,3,5,7,3711,0,0,0,,0,521,"F ST","11TH AV",0.00,,Y,A,-,N,,,,,,,,,,N,4,0,1,2,A,-,10,21950,A,N,G,G,A,A,H,-,A,A,0,,Y,,,Y,,-,,0,0,1,0,0,0,1,0,0,"- ","- ",,,"SAN DIEGO","SAN DIEGO",-117.1546901,32.713640079999998