CASE_ID,ACCIDENT_YEAR,PROC_DATE,JURIS,COLLISION_DATE,COLLISION_TIME,OFFICER_ID,REPORTING_DISTRICT,DAY_OF_WEEK,CHP_SHIFT,POPULATION,CNTY_CITY_LOC,SPECIAL_COND,BEAT_TYPE,CHP_BEAT_TYPE,CITY_DIVISION_LAPD,CHP_BEAT_CLASS,BEAT_NUMBER,PRIMARY_RD,SECONDARY_RD,DISTANCE,DIRECTION,INTERSECTION,WEATHER_1,WEATHER_2,STATE_HWY_IND,CALTRANS_COUNTY,CALTRANS_DISTRICT,STATE_ROUTE,ROUTE_SUFFIX,POSTMILE_PREFIX,POSTMILE,LOCATION_TYPE,RAMP_INTERSECTION,SIDE_OF_HWY,TOW_AWAY,COLLISION_SEVERITY,NUMBER_KILLED,NUMBER_INJURED,PARTY_COUNT,PRIMARY_COLL_FACTOR,PCF_CODE_OF_VIOL,PCF_VIOL_CATEGORY,PCF_VIOLATION,PCF_VIOL_SUBSECTION,HIT_AND_RUN,TYPE_OF_COLLISION,MVIW,PED_ACTION,ROAD_SURFACE,ROAD_COND_1,ROAD_COND_2,LIGHTING,CONTROL_DEVICE,CHP_ROAD_TYPE,PEDESTRIAN_ACCIDENT,BICYCLE_ACCIDENT,MOTORCYCLE_ACCIDENT,TRUCK_ACCIDENT,NOT_PRIVATE_PROPERTY,ALCOHOL_INVOLVED,STWD_VEHTYPE_AT_FAULT,CHP_VEHTYPE_AT_FAULT,COUNT_SEVERE_INJ,COUNT_VISIBLE_INJ,COUNT_COMPLAINT_PAIN,COUNT_PED_KILLED,COUNT_PED_INJURED,COUNT_BICYCLIST_KILLED,COUNT_BICYCLIST_INJURED,COUNT_MC_KILLED,COUNT_MC_INJURED,PRIMARY_RAMP,SECONDARY_RAMP,LATITUDE,LONGITUDE,COUNTY,CITY,POINT_X,POINT_Y
6439802,2014,2014-06-26,3711,2014-03-23,1952,6430,"SAN D",7,5,7,3711,0,0,0,,0,124,"TORREY PINES RD","ARDATH LN",160.00,E,N,A,-,N,,,,,,,,,,N,3,0,1,2,A,-,11,21955,,N,D,B,D,A,H,-,C,D,0,Y,,,,Y,,N,60,0,1,0,0,1,0,0,0,0,"- ","- ",,,"SAN DIEGO","SAN DIEGO",-117.24995905,32.850732890000003
6439805,2014,2016-03-21,3711,2014-03-12,0612,6946,,3,5,7,3711,0,0,0,,0,834,UNIVERSITY,"RT 5",5.00,W,N,A,-,Y,SD,11,15,-,M,4.542,R,1,N,N,3,0,1,2,A,-,08,22107,,N,G,B,B,A,H,-,C,A,0,Y,,,,Y,,-,,0,1,0,0,1,0,0,0,0,"- ","- ",,,"SAN DIEGO","SAN DIEGO",-117.10858207,32.748209160000002
6439825,2014,2014-06-26,3711,2014-03-22,1238,6034,,6,5,7,3711,0,0,0,,0,833,"DWIGHT ST","CHAMOUNE AV",147.00,W,N,B,-,N,,,,,,,,,,N,3,0,1,2,A,-,"- ",,,N,D,G,A,A,H,-,A,D,0,,Y,,,Y,Y,L,04,0,1,0,0,0,0,1,0,0,"- ","- ",,,"SAN DIEGO","SAN DIEGO",-117.09709646,32.743969999999997
6440377,2014,2014-06-20,9645,2014-03-20,1318,16728,,4,1,7,3711,0,1,1,,2,003,"RT 5","PARK BL",369.00,S,N,A,-,Y,,,5,,,,,,,N,2,0,1,2,A,-,11,21954,A,N,G,B,E,A,H,-,A,D,0,Y,,,,Y,,N,60,1,0,0,0,1,0,0,0,0,"- ","- ",32.723370000000003,-117.15004999999999,"SAN DIEGO","SAN DIEGO",-117.14999731,32.723427309999998
6442957,2014,2014-07-02,3711,2014-03-27,1140,7106,N1,4,5,7,3711,0,0,0,,0,114,"APPLETON ST","PROVIDENCE DR",66.00,E,N,B,-,N,,,,,,,,,,N,3,0,1,2,A,-,08,22107,,N,C,G,A,A,H,-,A,D,0,,Y,,,Y,,L,04,0,1,0,0,0,0,1,0,0,"- ","- ",,,"SAN DIEGO","SAN DIEGO",-117.19739514,32.836864400000003
6442986,2014,2014-07-11,3711,2014-03-24,1128,5968,,1,5,7,3711,0,0,0,,0,512,"SOUTH 32ND ST","BOSTON AV",16.00,N,N,B,-,N,,,,,,,,,,N,3,0,1,2,A,-,08,22107,,N,B,G,A,A,H,-,A,A,0,,Y,,,Y,Y,L,04,0,1,0,0,0,0,1,0,0,"- ","- ",,,"SAN DIEGO","SAN DIEGO",-117.1253,32.693943830000002
6443313,2014,2014-07-22,3711,2014-04-04,1714,6492,,5,5,7,3711,0,0,0,,0,614,"VOLTAIRE ST","SUNSET CLIFFS BL",100.00,W,N,A,-,N,,,,,,,,,,N,3,0,1,2,A,-,08,22107,,N,D,G,A,A,H,-,A,D,0,,Y,,,Y,,-,,0,1,0,0,0,0,1,0,0,"- ","- ",,,"SAN DIEGO","SAN DIEGO",-117.24341627,32.750066289999999
6443326,2014,2014-07-23,3711,2014-04-04,1927,4849,,5,5,7,3711,0,0,0,,0,522,"1ST AV","G ST",0.00,,Y,A,-,N,,,,,,,,,,N,3,0,1,2,A,-,11,21950,B,N,G,B,B,A,H,-,C,A,0,Y,,,,Y,,-,,0,1,0,0,1,0,0,0,0,"- ","- ",,,"SAN DIEGO","SAN DIEGO",-117.16380013,32.712550030000003
6443334,2014,2014-07-22,3711,2014-04-05,1716,6632,MC2,6,5,7,3711,0,0,0,,0,813,"30TH ST","NORTH PARK WY",90.00,S,N,A,-,N,,,,,,,,,,N,3,0,1,2,A,-,"- ",,,N,C,G,A,A,H,-,A,D,0,,Y,,,Y,,L,04,0,1,0,0,0,0,1,0,0,"- ","- ",,,"SAN DIEGO","SAN DIEGO",-117.13008000000001,32.747103459999998
6445439,2014,2015-02-05,3711,2014-02-28,1627,358,,5,5,7,3711,0,0,0,,0,999,"DIVISION ST","41ST ST",4.00,W,N,B,C,N,,,,,,,,,,N,4,0,1,2,A,-,09,21802,A,N,D,G,A,B,H,-,A,D,0,,Y,,,Y,,L,04,0,0,1,0,0,0,1,0,0,"- ","- ",,,"SAN DIEGO","SAN DIEGO",-117.10569224,32.683826420000003
6449045,2014,2014-07-03,3711,2014-03-16,0121,5985,,7,5,7,3711,0,0,0,,0,523,"MARKET ST","5TH AV",0.00,,Y,A,-,N,,,,,,,,,,N,4,0,1,2,A,-,11,21456,B,N,G,B,B,A,H,-,C,A,0,Y,,Y,,Y,Y,N,60,0,0,1,0,1,0,0,0,0,"- ","- ",,,"SAN DIEGO","SAN DIEGO",-117.16015003,32.711500010000002
6449047,2014,2014-07-03,3711,2014-03-13,1548,4897,,4,5,7,3711,0,0,0,,0,611,"TRUXTUN RD","WOMBLE RD",0.00,,Y,A,-,N,,,,,,,,,,N,3,0,1,2,A,-,11,21954,A,N,G,B,B,A,H,-,A,D,0,Y,,,,Y,,N,60,0,1,0,0,1,0,0,0,0,"- ","- ",,,"SAN DIEGO","SAN DIEGO",-117.21771004999999,32.735990000000001
6449054,2014,2014-07-03,3711,2014-03-14,0635,7090,,5,5,7,3711,0,0,0,,0,437,"BRIARWOOD RD","PARADISE VALLEY RD",0.00,,Y,A,-,N,,,,,,,,,,N,3,0,1,2,A,-,11,21456,B,N,G,B,B,A,H,-,A,A,0,Y,,,,Y,,N,60,0,1,0,0,1,0,0,0,0,"- ","- ",,,"SAN DIEGO","SAN DIEGO",-117.03679012000001,32.691760090000002
6449055,2014,2014-07-03,3711,2014-03-13,0630,6884,SE,4,5,7,3711,0,0,0,,0,437,"PARADISE VALLEY RD",WOODMAN,10.00,W,N,A,-,N,,,,,,,,,,N,3,0,1,2,A,-,11,21456,B,N,G,B,E,A,H,-,B,A,0,Y,,,,Y,,N,60,0,1,0,0,1,0,0,0,0,"- ","- ",,,"SAN DIEGO","SAN DIEGO",-117.04392654,32.690074299999999
6449120,2014,2014-07-08,3711,2014-03-12,1535,4523,,3,5,7,3711,0,0,0,,0,124,"LA JOLLA BL","COLIMA ST",165.00,N,N,A,-,N,,,,,,,,,,N,3,0,1,2,A,-,08,22107,,N,B,G,A,A,H,-,A,D,0,,Y,,,Y,,-,,0,1,0,0,0,0,1,0,0,"- ","- ",,,"SAN DIEGO","SAN DIEGO",-117.26710796,32.811467790000002
6450903,2014,2014-07-07,3711,2014-03-26,2110,7110,,3,5,7,3711,0,0,0,,0,529,"6TH AV","MAPLE ST",0.00,,Y,B,-,N,,,,,,,,,,N,4,0,1,2,A,-,09,21801,A,M,D,G,A,A,H,-,C,A,0,,Y,,,Y,,-,,0,0,1,0,0,0,1,0,0,"- ","- ",,,"SAN DIEGO","SAN DIEGO",-117.15945005,32.73241007
6451641,2014,2015-08-14,3711,2014-02-24,1912,05952,,1,5,7,3711,0,0,0,,0,831,FAIRMOUNT,"ORANGE AV",42.00,S,N,A,-,N,,,,,,,,,,N,3,0,1,2,A,-,12,21453,A,N,H,G,A,A,-,-,C,A,0,,Y,,,Y,,L,04,0,1,0,0,0,0,1,0,0,"- ","- ",,,"SAN DIEGO","SAN DIEGO",-117.10086198,32.753054970000001
6451643,2014,2014-06-26,3711,2014-02-27,0900,6979,3711,4,5,7,3711,0,0,0,,0,115,"GOVERNOR DR","GENESEE AV",0.00,,Y,C,-,N,,,,,,,,,,N,4,0,1,2,A,-,21,22106,,M,G,B,E,B,H,-,A,A,0,Y,,,,Y,,-,99,0,0,1,0,1,0,0,0,0,"- ","- ",,,"SAN DIEGO","SAN DIEGO",-117.20468,32.854610059999999
6452856,2014,2014-07-09,3711,2014-04-07,1551,3815,,1,5,7,3711,0,0,0,,0,111,"BEAGLE ST","ASHFORD ST",0.00,,Y,A,-,N,,,,,,,,,,N,4,0,2,3,A,-,10,21950,A,N,G,B,B,A,H,-,A,A,0,Y,,,,Y,,A,01,0,0,2,0,2,0,0,0,0,"- ","- ",,,"SAN DIEGO","SAN DIEGO",-117.1599301,32.80773009
6452907,2014,2014-07-09,3711,2014-04-16,1841,6292,,3,5,7,3711,0,0,0,,0,813,"ADAMS AV","OREGON AV",0.00,,Y,A,-,N,,,,,,,,,,Y,3,0,1,3,A,-,12,22450,A,N,G,B,B,A,H,-,A,D,0,Y,,,,Y,,A,01,0,1,0,0,1,0,0,0,0,"- ","- ",,,"SAN DIEGO","SAN DIEGO",-117.13516007,32.762840060000002
6452913,2014,2014-07-09,3711,2014-04-17,1809,5491,SANDI,4,5,7,3711,0,0,0,,0,531,"6TH AV","EL PRADO",9.00,N,N,B,-,N,,,,,,,,,,N,3,0,1,2,A,-,10,21950,A,N,G,B,B,A,H,-,A,A,0,Y,,,,Y,,-,,0,1,0,0,1,0,0,0,0,"- ","- ",,,"SAN DIEGO","SAN DIEGO",-117.15943306,32.731414520000001
6452920,2014,2014-07-09,3711,2014-04-19,2245,6670,SD,6,5,7,3711,0,0,0,,0,515,"28TH ST","K ST",5.00,W,N,A,-,N,,,,,,,,,,N,4,0,1,2,A,-,11,21954,A,N,A,B,-,A,-,-,C,A,0,Y,,,,Y,Y,N,60,0,0,1,0,1,0,0,0,0,"- ","- ",,,"SAN DIEGO","SAN DIEGO",-117.13386,32.708460000000002
6457752,2014,2016-03-26,9645,2014-04-09,2215,018652,,3,3,7,3711,0,1,1,,2,010,"RT 8","PRESIDIO PARK",1056.00,E,N,A,-,Y,SD,11,8,-,-,1.150,H,-,E,N,2,0,1,3,A,-,11,21954,A,N,G,B,E,A,H,-,D,D,1,Y,,Y,,Y,Y,N,60,1,0,0,0,1,0,0,0,0,"- ","- ",32.759459999999997,-117.18604999999999,"SAN DIEGO","SAN DIEGO",-117.18483996000001,32.759409009999999
6459067,2014,2014-07-11,3711,2014-04-28,1857,3815,,1,5,7,3711,0,0,0,,0,231,"SPRINGBROOK DR","MIL PITRERO RD",22.00,W,N,A,-,N,,,,,,,,,,Y,3,0,1,2,A,-,03,22350,,N,G,B,B,A,H,-,A,D,0,Y,,,,Y,,A,01,0,1,0,0,1,0,0,0,0,"- ","- ",,,"SAN DIEGO","SAN DIEGO",-117.07590562,32.936523860000001
6459443,2014,2014-07-31,3711,2014-05-15,1728,6104,,4,5,7,3711,0,0,0,,0,624,"EL CAJON BL","PARK BL",0.00,,Y,A,-,N,,,,,,,,,,N,4,0,1,2,A,-,11,21461,5,N,A,B,B,A,H,-,A,A,0,Y,,,,Y,,N,60,0,0,1,0,1,0,0,0,0,"- ","- ",,,"SAN DIEGO","SAN DIEGO",-117.14630006,32.755320019999999
6459507,2014,2014-08-01,3711,2014-05-15,0630,6555,,4,5,7,3711,0,0,0,,0,813,"30TH ST","30TH ST 4100",2.00,W,N,A,-,N,,,,,,,,,,Y,3,0,1,2,A,-,03,22350,,N,D,B,F,A,H,-,A,D,0,Y,,,,Y,,N,60,0,1,0,0,1,0,0,0,0,"- ","- ",,,"SAN DIEGO","SAN DIEGO",,
6467594,2014,2014-07-11,3711,2014-03-08,0448,5209,,6,5,7,3711,0,0,0,,0,611,"NORTH HARBOR DR","RENT A CAR ACCESS",227.00,W,N,A,-,N,,,,,,,,,,Y,2,0,1,2,A,-,11,21955,,N,G,B,D,A,H,-,B,D,0,Y,,,,Y,,N,60,1,0,0,0,1,0,0,0,0,"- ","- ",,,"SAN DIEGO","SAN DIEGO",,
6467634,2014,2014-07-18,3711,2014-04-14,1710,5412,,1,5,7,3711,0,0,0,,0,526,"CEDAR ST","4TH AV",0.00,,Y,A,-,N,,,,,,,,,,N,4,0,1,2,A,-,12,21453,A,N,D,G,A,A,H,-,A,A,0,,Y,,,Y,,L,04,0,0,1,0,0,0,1,0,0,"- ","- ",,,"SAN DIEGO","SAN DIEGO",-117.16111007000001,32.721970110000001
6467656,2014,2014-07-22,3711,2014-04-11,2242,5046,,5,5,7,3711,0,0,0,,0,524,BROADWAY,"7TH AV",63.00,,N,A,-,N,,,,,,,,,,N,3,0,1,2,A,-,"- ",,,N,G,B,E,A,H,-,C,D,0,Y,,,,Y,,N,60,0,1,0,0,1,0,0,0,0,"- ","- ",,,"SAN DIEGO","SAN DIEGO",-117.15834001,32.715720009999998
6467664,2014,2014-07-22,3711,2014-04-11,2301,5985,,5,5,7,3711,0,0,0,,0,521,"MARKET ST","7TH AV",0.00,,Y,A,-,N,,,,,,,,,,N,4,0,1,2,A,-,10,21950,A,N,G,B,B,A,H,-,C,A,0,Y,,,,Y,,A,01,0,0,1,0,1,0,0,0,0,"- ","- ",,,"SAN DIEGO","SAN DIEGO",-117.1583301,32.711510060000002
6471202,2014,2014-08-05,3711,2014-04-18,2143,5604,,5,5,7,3711,0,0,0,,0,627,"UNIVERSITY AV","1200 UNIVERSITY AV",2.00,N,N,B,-,N,,,,,,,,,,N,4,0,1,2,A,-,21,22106,,N,G,B,F,A,H,-,C,D,0,Y,,,,Y,Y,-,,0,0,1,0,1,0,0,0,0,"- ","- ",,,"SAN DIEGO","SAN DIEGO",,
6471203,2014,2014-08-06,3711,2014-04-19,2009,6400,,6,5,7,3711,0,0,0,,0,627,"6TH AV","EVANS ST",86.00,N,N,A,-,N,,,,,,,,,,N,3,0,1,2,A,-,11,21954,A,N,G,B,D,A,H,-,C,A,0,Y,,,,Y,Y,N,60,0,1,0,0,1,0,0,0,0,"- ","- ",,,"SAN DIEGO","SAN DIEGO",-117.15953,32.746245590000001
6476979,2014,2014-07-11,3711,2014-04-28,0320,AMATO,SANDI,1,5,7,3711,0,0,0,,0,627,WASHINGTON,"FRONT ST",36.00,E,N,A,-,N,,,,,,,,,,N,3,0,1,2,D,-,00,,,M,G,B,-,A,H,-,C,-,0,Y,,,,Y,Y,-,"- ",0,1,0,0,1,0,0,0,0,"- ","- ",,,"SAN DIEGO","SAN DIEGO",-117.1648833,32.74983108
6479961,2014,2014-07-24,3711,2014-05-04,0545,5838,,7,5,7,3711,0,0,0,,0,452,"IMPERIAL AV","63RD ST",0.00,,Y,A,-,N,,,,,,,,,,N,3,0,1,2,A,-,11,21456,B,N,G,B,B,A,H,-,C,A,0,Y,,,,Y,,N,60,0,1,0,0,1,0,0,0,0,"- ","- ",,,"SAN DIEGO","SAN DIEGO",-117.06235008,32.710050029999998
6480176,2014,2014-07-24,3711,2014-04-22,2000,5623,,2,5,7,3711,0,0,0,,0,723,"FIRETHORN ST","PALM AV",153.00,S,N,B,-,N,,,,,,,,,,N,3,0,1,2,A,-,09,21801,A,N,G,B,D,A,H,-,-,D,0,Y,,,,Y,,A,01,0,1,0,0,1,0,0,0,0,"- ","- ",,,"SAN DIEGO","SAN DIEGO",-117.04030220999999,32.583310939999997
6480178,2014,2014-07-24,3711,2014-04-28,0946,6540,,1,5,7,3711,0,0,0,,0,832,"42ND ST",POLK,60.00,S,N,A,-,N,,,,,,,,,,N,3,0,1,2,A,-,21,22106,,N,G,B,E,A,H,-,A,D,0,Y,,,,Y,,-,,0,1,0,0,1,0,0,0,0,"- ","- ",,,"SAN DIEGO","SAN DIEGO",-117.10444371,32.751275679999999
6481139,2014,2014-07-11,3711,2014-06-16,1615,,,1,5,7,3711,0,0,0,,0,,"DAIRY MART RD","MONUMENT RD",500.00,S,N,A,-,N,,,,,,,,,,N,4,0,2,2,B,-,22,,,N,A,G,A,A,H,-,A,D,0,,Y,,,Y,,L,04,0,0,2,0,0,0,1,0,0,"- ","- ",32.543979999999998,-117.07773,"SAN DIEGO","SAN DIEGO",-117.07105,32.544739999999997
6486014,2014,2014-08-11,3711,2014-05-09,1247,6437,,5,5,7,3711,0,0,0,,0,813,"OREGON ST","ADAMS AV",125.00,N,N,A,-,N,,,,,,,,,,N,4,0,1,2,A,-,11,21954,A,N,G,B,D,A,H,-,A,D,0,Y,,,,Y,,-,"- ",0,0,1,0,1,0,0,0,0,"- ","- ",,,"SAN DIEGO","SAN DIEGO",-117.13516721000001,32.763182360000002
6491870,2014,2016-02-06,9645,2014-04-05,0252,017133,,6,3,7,3711,0,1,1,,2,001,"RT 5","MAIN ST",1100.00,N,N,C,-,Y,SD,11,5,-,R,11.930,H,-,S,N,2,0,1,2,A,-,11,21954,A,F,G,B,D,B,H,-,C,D,1,Y,,,,Y,Y,N,60,1,0,0,0,1,0,0,0,0,"- ","- ",32.686819999999997,-117.11342,"SAN DIEGO","SAN DIEGO",-117.11288287000001,32.68587471
6491880,2014,2014-07-22,3711,2014-04-28,0959,7059,WESTE,1,5,7,3711,0,0,0,,0,627,"ROBINSON AV","VERMONT ST",246.00,E,N,A,-,N,,,,,,,,,,N,3,0,1,3,A,-,08,22107,,N,B,G,A,A,H,-,A,D,0,,Y,,,Y,,-,,0,1,0,0,0,0,1,0,0,"- ","- ",,,"SAN DIEGO","SAN DIEGO",-117.15263259,32.746413609999998
6495361,2014,2014-07-30,3711,2014-05-21,1213,6849,,3,5,7,3711,0,0,0,,0,436,"LISBON ST","LISBON ST 6900",8.00,N,N,A,-,N,,,,,,,,,,N,4,0,2,3,A,-,"- ",,,N,G,B,D,A,H,-,A,D,0,Y,,,,Y,,N,60,0,0,2,0,2,0,0,0,0,"- ","- ",,,"SAN DIEGO","SAN DIEGO",,
6495382,2014,2014-08-01,3711,2014-05-26,1735,4759,,1,5,7,3711,0,0,0,,0,123,"SUNSET CLIFFS BL","QUIVIRA ACCESS RD",0.00,,Y,A,-,N,,,,,,,,,,N,3,0,1,2,A,-,05,21650,1,N,D,G,A,-,H,-,A,-,0,,Y,,,Y,Y,L,04,0,1,0,0,0,0,1,0,0,"- ","- ",,,"SAN DIEGO","SAN DIEGO",,
6495491,2014,2014-07-25,3711,2014-05-26,2358,7112,,1,5,7,3711,0,0,0,,0,122,"INGRAHAM ST","INGRAHAM 3961",24.00,E,N,A,-,N,,,,,,,,,,Y,3,0,1,2,A,-,11,21950,B,N,G,B,E,A,H,-,C,A,0,Y,,,,Y,,N,60,0,1,0,0,1,0,0,0,0,"- ","- ",,,"SAN DIEGO","SAN DIEGO",,
6495511,2014,2014-07-25,3711,2014-05-28,1842,4653,,3,5,7,3711,0,0,0,,0,232,"RANCHO CARMEL DR","WINDCREST LN",0.00,,Y,A,-,N,,,,,,,,,,N,3,0,1,2,A,-,05,21650,1,N,D,G,A,A,H,-,A,A,0,,Y,,,Y,,L,04,0,1,0,0,0,0,1,0,0,"- ","- ",,,"SAN DIEGO","SAN DIEGO",-117.08339005000001,32.976440080000003
6495900,2014,2014-08-13,3711,2014-06-09,2142,4310,,1,5,7,3711,0,0,0,,0,123,"SEA WORLD DR","FRIARS RD",350.00,W,N,A,-,N,,,,,,,,,,N,3,0,1,2,A,-,11,21955,,N,G,B,D,A,H,-,D,D,0,Y,,,,Y,,N,60,0,1,0,0,1,0,0,0,0,"- ","- ",,,"SAN DIEGO","SAN DIEGO",-117.21046337,32.762841090000002
6501161,2014,2014-07-29,3711,2014-05-20,1615,5985,,2,5,7,3711,0,0,0,,0,524,"B ST","8TH AV",0.00,,Y,A,-,N,,,,,,,,,,N,4,0,1,2,A,-,10,21950,A,N,G,B,B,A,H,-,A,A,0,Y,,,,Y,,A,01,0,0,1,0,1,0,0,0,0,"- ","- ",,,"SAN DIEGO","SAN DIEGO",-117.15743999999999,32.717800089999997
6505537,2014,2014-07-28,3711,2014-05-29,1853,6842,,4,5,7,3711,0,0,0,,0,712,"BIBLER DR","CAMINO DE LA PLAZA",0.00,,Y,A,-,N,,,,,,,,,,N,3,0,1,2,A,-,12,21453,A,N,H,G,A,A,H,-,A,A,0,,Y,,,Y,,L,04,0,1,0,0,0,0,1,0,0,"- ","- ",,,"SAN DIEGO","SAN DIEGO",-117.05492,32.549040079999997
6505572,2014,2014-07-30,3711,2014-05-13,0750,5654,,2,5,7,3711,0,0,0,,0,,"GENESEE AV","CAMPUS POINT",281.00,S,N,A,-,N,,,,,,,,,,N,4,0,1,2,A,-,03,22350,,N,C,G,A,A,H,-,A,D,0,,Y,,,Y,,A,01,0,0,1,0,0,0,1,0,0,"- ","- ",,,"SAN DIEGO","SAN DIEGO",-117.21959968,32.881548989999999
6505589,2014,2014-07-28,3711,2014-05-30,1145,6583,,5,5,7,3711,0,0,0,,0,511,"28TH ST","MAIN ST",9.00,S,N,A,-,N,,,,,,,,,,N,4,0,1,2,A,-,10,21950,A,N,G,B,B,A,-,-,A,A,0,Y,,,,Y,,-,,0,0,1,0,1,0,0,0,0,"- ","- ",,,"SAN DIEGO","SAN DIEGO",-117.13372914999999,32.692775359999999
6505621,2014,2014-07-25,3711,2014-05-26,2035,4576,,1,5,7,3711,0,0,0,,0,441,"LOGAN AV","S 46TH ST",0.00,,Y,B,-,N,,,,,,,,,,N,3,0,1,2,A,-,11,21954,A,F,G,B,D,A,H,-,C,A,0,Y,,,,Y,Y,N,60,0,1,0,0,1,0,0,0,0,"- ","- ",,,"SAN DIEGO","SAN DIEGO",-117.09586002,32.696800019999998
6505847,2014,2014-07-25,3711,2014-05-25,0007,6708,,7,5,7,3711,0,0,0,,0,242,"NEW SALEM ST","CAMINO RUIZ",28.00,W,N,A,-,N,,,,,,,,,,N,3,0,1,2,A,-,08,22107,,M,D,G,A,A,H,-,C,A,0,,Y,,,Y,,-,,0,1,0,0,0,0,1,0,0,"- ","- ",,,"SAN DIEGO","SAN DIEGO",-117.14408089,32.915687519999999
6505884,2014,2015-09-24,3711,2014-05-11,1300,7075,,7,5,7,3711,0,0,0,,0,327,"SARANAC ST","70TH ST",0.00,,Y,A,-,N,,,,,,,,,,N,3,0,1,2,A,-,05,21650,1,N,B,G,A,A,H,-,A,A,0,,Y,,,Y,,L,04,0,1,0,0,0,0,1,0,0,"- ","- ",,,"SAN DIEGO","SAN DIEGO",-117.04706012,32.770800010000002
6505896,2014,2014-07-25,3711,2014-05-21,1320,5300,,3,5,7,3711,0,0,0,,0,625,"JUAN ST","TAYLOR ST",65.00,S,N,A,-,N,,,,,,,,,,N,3,0,1,2,A,-,03,22350,,N,G,B,D,A,H,-,A,D,0,Y,,,,Y,,-,,0,1,0,0,1,0,0,0,0,"- ","- ",,,"SAN DIEGO","SAN DIEGO",-117.1984288,32.756676159999998
6508573,2014,2014-07-31,3711,2014-05-01,1823,7099,,4,5,7,3711,0,0,0,,0,834,"LANDIS ST","41ST ST",160.00,W,N,A,-,N,,,,,,,,,,N,4,0,1,2,A,-,09,21804,A,N,D,G,A,A,H,-,A,D,0,,Y,,,Y,,L,04,0,0,1,0,0,0,1,0,0,"- ","- ",,,"SAN DIEGO","SAN DIEGO",-117.10749851999999,32.745918359999997
6509485,2014,2014-08-05,3711,2014-05-01,2130,4310,,4,5,7,3711,0,0,0,,0,524,"4TH AV","A ST",0.00,,Y,A,-,N,,,,,,,,,,N,3,0,1,2,A,-,03,22350,,N,D,G,A,A,H,-,C,A,0,,Y,,,Y,,L,04,0,1,0,0,0,0,1,0,0,"- ","- ",,,"SAN DIEGO","SAN DIEGO",-117.16110012999999,32.718850089999997
6509518,2014,2014-08-05,3711,2014-05-01,2053,5133,,4,5,7,3711,0,0,0,,0,441,"MAYBERRY ST","44TH ST",27.00,E,N,A,-,N,,,,,,,,,,N,4,0,1,2,A,-,08,22107,,N,G,B,E,A,H,-,C,D,0,Y,,,,Y,,-,,0,0,1,0,1,0,0,0,0,"- ","- ",,,"SAN DIEGO","SAN DIEGO",-117.10008311999999,32.691951449999998
6514313,2014,2014-08-11,3711,2014-06-07,1652,4243,,6,5,7,3711,0,0,0,,0,124,"CALLE DE LA PLATA","AVENIDA DE LA PLAYA",0.00,,Y,A,-,N,,,,,,,,,,N,2,0,1,2,A,-,11,21950,B,N,G,B,B,A,H,-,A,D,0,Y,,,,Y,,N,60,1,0,0,0,1,0,0,0,0,"- ","- ",,,"SAN DIEGO","SAN DIEGO",-117.25659,32.853970070000003
6516342,2014,2014-08-11,3711,2014-06-16,0755,6717,,1,5,7,3711,0,0,0,,0,931,"LUSK BL","VISTA SORRENTO",54.00,E,N,A,-,N,,,,,,,,,,N,4,0,1,2,A,-,08,22107,,N,B,G,A,A,H,-,A,A,0,,Y,,,Y,,-,,0,0,1,0,0,0,1,0,0,"- ","- ",,,"SAN DIEGO","SAN DIEGO",-117.21740402,32.89872166
6516397,2014,2014-08-11,3711,2014-06-12,0747,7031,SANDI,4,5,7,3711,0,0,0,,0,111,"LIMERICK AV","TRIANA ST",0.00,,Y,A,-,N,,,,,,,,,,N,3,0,1,2,A,-,10,21950,A,N,D,G,A,A,H,-,A,A,0,,Y,,,Y,,A,01,0,1,0,0,0,0,1,0,0,"- ","- ",,,"SAN DIEGO","SAN DIEGO",-117.17888006,32.829430109999997
6518530,2014,2014-08-07,3711,2014-05-31,0615,7070,,6,5,7,3711,0,0,0,,0,712,"BORDER VILLAGE RD","E SAN YSIDRO",90.00,W,N,A,-,N,,,,,,,,,,N,3,0,1,2,A,-,10,21950,A,M,G,B,D,A,H,-,B,-,0,Y,,,,Y,,-,,0,1,0,0,1,0,0,0,0,"- ","- ",,,"SAN DIEGO","SAN DIEGO",-117.03902717,32.5509749
6519202,2014,2016-02-08,3711,2014-06-05,1510,5866,SDPD,4,5,7,3711,0,0,0,,0,725,"PALM AV","RT 805",27.00,N,N,A,-,Y,SD,11,805,-,-,2.669,R,1,N,N,4,0,1,2,A,-,"- ",,,N,D,G,A,A,H,-,A,A,0,,Y,,,Y,,L,04,0,0,1,0,0,0,1,0,0,"- ","- ",,,"SAN DIEGO","SAN DIEGO",-117.03766890999999,32.580486710000002
6519218,2014,2014-08-08,3711,2014-06-05,0017,7009,,4,5,7,3711,0,0,0,,0,618,"SUNSET CLIFFS BL","GUIZOT ST",301.00,N,N,A,-,N,,,,,,,,,,N,4,0,1,2,A,-,08,22107,,M,G,B,E,A,H,-,C,D,0,Y,,,,Y,,-,,0,0,1,0,1,0,0,0,0,"- ","- ",,,"SAN DIEGO","SAN DIEGO",-117.25564552,32.72842232
6520181,2014,2014-08-08,3711,2014-06-07,1930,5989,,6,5,7,3711,0,0,0,,0,122,"GRAND AV","CASS AV",0.00,,Y,A,-,N,,,,,,,,,,N,3,0,1,2,A,-,08,22107,,M,B,G,A,A,H,-,A,A,0,,Y,,,Y,,-,,0,1,0,0,0,0,1,0,0,"- ","- ",,,"SAN DIEGO","SAN DIEGO",-117.25126002,32.795530079999999