CASE_ID,ACCIDENT_YEAR,PROC_DATE,JURIS,COLLISION_DATE,COLLISION_TIME,OFFICER_ID,REPORTING_DISTRICT,DAY_OF_WEEK,CHP_SHIFT,POPULATION,CNTY_CITY_LOC,SPECIAL_COND,BEAT_TYPE,CHP_BEAT_TYPE,CITY_DIVISION_LAPD,CHP_BEAT_CLASS,BEAT_NUMBER,PRIMARY_RD,SECONDARY_RD,DISTANCE,DIRECTION,INTERSECTION,WEATHER_1,WEATHER_2,STATE_HWY_IND,CALTRANS_COUNTY,CALTRANS_DISTRICT,STATE_ROUTE,ROUTE_SUFFIX,POSTMILE_PREFIX,POSTMILE,LOCATION_TYPE,RAMP_INTERSECTION,SIDE_OF_HWY,TOW_AWAY,COLLISION_SEVERITY,NUMBER_KILLED,NUMBER_INJURED,PARTY_COUNT,PRIMARY_COLL_FACTOR,PCF_CODE_OF_VIOL,PCF_VIOL_CATEGORY,PCF_VIOLATION,PCF_VIOL_SUBSECTION,HIT_AND_RUN,TYPE_OF_COLLISION,MVIW,PED_ACTION,ROAD_SURFACE,ROAD_COND_1,ROAD_COND_2,LIGHTING,CONTROL_DEVICE,CHP_ROAD_TYPE,PEDESTRIAN_ACCIDENT,BICYCLE_ACCIDENT,MOTORCYCLE_ACCIDENT,TRUCK_ACCIDENT,NOT_PRIVATE_PROPERTY,ALCOHOL_INVOLVED,STWD_VEHTYPE_AT_FAULT,CHP_VEHTYPE_AT_FAULT,COUNT_SEVERE_INJ,COUNT_VISIBLE_INJ,COUNT_COMPLAINT_PAIN,COUNT_PED_KILLED,COUNT_PED_INJURED,COUNT_BICYCLIST_KILLED,COUNT_BICYCLIST_INJURED,COUNT_MC_KILLED,COUNT_MC_INJURED,PRIMARY_RAMP,SECONDARY_RAMP,LATITUDE,LONGITUDE,COUNTY,CITY,POINT_X,POINT_Y
6523571,2014,2014-07-18,3711,2014-04-24,2040,6469,,4,5,7,3711,0,0,0,,0,451,"COLLEGE AV","COLLEGE GROVE DR",3.00,E,N,A,-,N,,,,,,,,,,N,4,0,1,2,A,-,11,21456,B,N,D,G,A,A,H,-,C,A,0,,Y,,,Y,,L,04,0,0,1,0,0,0,1,0,0,"- ","- ",,,"SAN DIEGO","SAN DIEGO",-117.05363156,32.744355919999997
6523913,2014,2014-07-17,3711,2014-04-10,1110,6167,SD,4,5,7,3711,0,0,0,,0,124,"NAUTILUS ST","LA JOLLA SCENIC DR",500.00,W,N,A,-,N,,,,,,,,,,N,4,0,1,2,A,-,08,22107,,N,B,G,A,A,H,-,A,D,0,,Y,,,Y,,-,,0,0,1,0,0,0,1,0,0,"- ","- ",,,"SAN DIEGO","SAN DIEGO",-117.2508387,32.833772940000003
6524146,2014,2016-02-12,3711,2014-04-21,1438,4116,,1,5,7,3711,0,0,0,,0,321,"ALVARADO CANYON RD","FAIRMONT AV",6.00,E,N,A,-,N,,,,,,,,,,N,4,0,1,1,A,-,08,22107,,N,E,G,A,A,H,-,A,A,0,,Y,,,Y,Y,L,04,0,0,1,0,0,0,1,0,0,"- ","- ",,,"SAN DIEGO","SAN DIEGO",-117.10153218000001,32.780193400000002
6524433,2014,2014-08-04,3711,2014-05-10,0940,5133,,6,5,7,3711,0,0,0,,0,,"FEDERAL BL","EUCLID AV",346.00,W,N,A,-,N,,,,,,,,,,N,3,0,1,2,A,-,11,21956,A,N,G,B,D,A,H,-,A,D,0,Y,,,,Y,,N,60,0,1,0,0,1,0,0,0,0,"- ","- ",,,"SAN DIEGO","SAN DIEGO",-117.08607116,32.721420000000002
6524465,2014,2014-08-04,3711,2014-05-09,2040,6717,,5,5,7,3711,0,0,0,,0,441,"OCEAN VIEW BL","36TH ST",500.00,S,N,A,-,N,,,,,,,,,,N,3,0,1,2,A,-,08,22107,,M,G,B,B,A,H,-,E,A,0,Y,,,,Y,,-,,0,1,0,0,1,0,0,0,0,"- ","- ",,,"SAN DIEGO","SAN DIEGO",-117.11678999999999,32.701250000000002
6524942,2014,2014-08-11,3711,2014-06-03,1343,6394,,2,5,7,3711,0,0,0,,0,313,"CONVOY ST","VICKERS ST",0.00,,Y,A,-,N,,,,,,,,,,N,3,0,1,2,A,-,21,22106,,N,G,B,B,A,H,-,A,D,0,Y,,,,Y,,-,,0,1,0,0,1,0,0,0,0,"- ","- ",,,"SAN DIEGO","SAN DIEGO",-117.1536201,32.828010050000003
6524965,2014,2014-08-08,3711,2014-06-10,1630,6653,,2,5,7,3711,0,0,0,,0,833,"UNIVERSITY AV","47TH ST",0.00,,Y,A,-,N,,,,,,,,,,N,4,0,1,2,A,-,09,21802,A,M,D,G,A,A,H,-,A,A,0,,Y,,,Y,,-,,0,0,1,0,0,0,1,0,0,"- ","- ",,,"SAN DIEGO","SAN DIEGO",-117.09333006,32.749570079999998
6524981,2014,2014-08-08,3711,2014-06-07,1624,6000,,6,5,7,3711,0,0,0,,0,832,"42ND ST","ORANGE AV",233.00,N,N,A,-,N,,,,,,,,,,N,3,0,1,2,A,-,05,21650,1,N,A,G,A,A,H,-,A,D,0,,Y,,,Y,,L,04,0,1,0,0,0,0,1,0,0,"- ","- ",,,"SAN DIEGO","SAN DIEGO",-117.10506650000001,32.753838129999998
6524994,2014,2014-08-11,3711,2014-06-08,0920,6657,SANDI,7,5,7,3711,0,0,0,,0,522,"1ST AV","W MARKET ST",0.00,,Y,A,-,N,,,,,,,,,,N,4,0,1,2,A,-,10,21950,A,N,G,B,B,A,H,-,A,A,0,Y,,,,Y,,-,,0,0,1,0,1,0,0,0,0,"- ","- ",,,"SAN DIEGO","SAN DIEGO",-117.16379000000001,32.711510089999997
6529265,2014,2014-08-11,3711,2014-06-13,0500,6389,,5,5,7,3711,0,0,0,,0,524,"B ST","B ST 1000",15.00,N,N,B,-,N,,,,,,,,,,N,4,0,1,2,A,-,07,21658,A,N,C,G,A,A,H,-,B,A,0,,Y,,,Y,,L,04,0,0,1,0,0,0,1,0,0,"- ","- ",,,"SAN DIEGO","SAN DIEGO",-117.15562195,32.717825900000001
6532967,2014,2014-07-26,3711,2014-01-16,1830,6292,,4,5,7,3711,0,0,0,,0,521,"17TH ST","K ST",0.00,,Y,A,-,N,,,,,,,,,,N,3,0,1,2,A,-,11,21954,A,N,G,B,D,A,H,-,C,D,0,Y,,,,Y,,N,60,0,1,0,0,1,0,0,0,0,"- ","- ",,,"SAN DIEGO","SAN DIEGO",-117.14853013,32.708350009999997
6538426,2014,2014-08-12,3711,2014-06-13,2005,4491,,5,5,7,3711,0,0,0,,0,521,J,6TH,0.00,,Y,A,-,N,,,,,,,,,,N,4,0,1,2,A,-,10,21950,A,N,G,B,B,A,H,-,B,A,0,Y,,,,Y,,-,,0,0,1,0,1,0,0,0,0,"- ","- ",,,"SAN DIEGO","SAN DIEGO",-117.15920004,32.70940006
6538458,2014,2014-08-12,3711,2014-06-23,2242,5755,,1,5,7,3711,0,0,0,,0,233,"DUFRESNE PL","13166 DUFRESNE PL",15.00,N,N,A,-,N,,,,,,,,,,N,4,0,1,2,A,-,21,22106,,N,H,B,E,A,H,-,C,D,0,Y,,,,Y,,-,,0,0,1,0,1,0,0,0,0,"- ","- ",,,"SAN DIEGO","SAN DIEGO",,
6539471,2014,2014-08-16,3711,2014-06-09,1521,6294,,1,5,7,3711,0,0,0,,0,524,"WEST BROADWAY","STATE ST",96.00,E,N,B,-,N,,,,,,,,,,N,3,0,1,2,A,-,17,22517,,N,H,G,A,A,H,-,A,D,0,,Y,,,Y,,-,,0,1,0,0,0,0,1,0,0,"- ","- ",,,"SAN DIEGO","SAN DIEGO",-117.16618892,32.715760000000003
6539542,2014,2014-09-23,3711,2014-06-19,1505,5702,SANDI,4,5,7,3711,0,0,0,,0,934,"CARMEL COUNTRY RD","CARMEL CREEK",3.00,W,N,A,-,N,,,,,,,,,,N,3,0,1,2,A,-,11,21456,B,N,G,B,B,A,H,-,A,A,0,Y,,,,Y,,N,60,0,1,0,0,1,0,0,0,0,"- ","- ",,,"SAN DIEGO","SAN DIEGO",-117.22690660000001,32.947156049999997
6539558,2014,2014-08-28,3711,2014-06-19,1534,6772,SANDI,4,5,7,3711,0,0,0,,0,833,"UNIVERSITY AV","UNIVERSITY AV 4500",8.00,S,N,A,-,N,,,,,,,,,,N,3,0,1,2,A,-,08,22107,,N,D,G,A,A,H,-,A,D,0,,Y,,,Y,Y,L,04,0,1,0,0,0,0,1,0,0,"- ","- ",,,"SAN DIEGO","SAN DIEGO",,
6539570,2014,2014-09-23,3711,2014-06-19,1617,5046,,4,5,7,3711,0,0,0,,0,521,"A ST","11TH AV",0.00,,Y,A,-,N,,,,,,,,,,N,3,0,1,2,A,-,12,21453,A,N,D,G,A,A,H,-,A,A,0,,Y,,,Y,,L,04,0,1,0,0,0,0,1,0,0,"- ","- ",,,"SAN DIEGO","SAN DIEGO",-117.15473005,32.718860040000003
6539586,2014,2014-08-28,3711,2014-06-10,1915,7000,,2,5,7,3711,0,0,0,,0,721,"THERMAL AV","DAHLIA AV",0.00,,Y,A,-,N,,,,,,,,,,N,3,0,2,2,A,-,03,22350,,N,C,B,-,A,H,-,A,D,0,Y,,,,Y,,-,,0,2,0,0,1,0,0,0,0,"- ","- ",,,"SAN DIEGO","SAN DIEGO",-117.09699000000001,32.582910009999999
6543592,2014,2014-08-12,3711,2014-06-27,1728,4823,"SAN D",5,5,7,3711,0,0,0,,0,529,"4TH AV","UPAS ST",20.00,S,N,A,-,N,,,,,,,,,,N,2,0,1,2,A,-,11,21954,A,N,G,B,D,A,H,-,A,D,0,Y,,,,Y,,N,60,1,0,0,0,1,0,0,0,0,"- ","- ",,,"SAN DIEGO","SAN DIEGO",-117.16127,32.74074521
6544973,2014,2014-08-19,3711,2014-06-21,1159,6064,SANDI,6,5,7,3711,0,0,0,,0,,"5TH AV","HARBOR DR",98.00,N,N,A,-,N,,,,,,,,,,N,3,0,1,2,A,-,09,21804,A,N,G,G,A,A,-,-,A,A,0,,Y,,,Y,,L,04,0,1,0,0,0,0,1,0,0,"- ","- ",,,"SAN DIEGO","SAN DIEGO",-117.1603999,32.707070100000003
6545018,2014,2014-08-19,3711,2014-06-26,1233,3777,,4,5,7,3711,0,0,0,,0,813,"EL CAJON BL","ILLINOIS ST",8.00,E,N,A,-,N,,,,,,,,,,Y,3,0,1,2,A,-,11,21456,B,N,G,B,B,A,H,-,A,A,0,Y,,,,Y,,N,60,0,1,0,0,1,0,0,0,0,"- ","- ",,,"SAN DIEGO","SAN DIEGO",-117.12767407,32.755409790000002
6545068,2014,2014-08-20,3711,2014-06-28,2230,5388,,6,5,7,3711,0,0,0,,0,625,"PACIFIC HWY","PACIFIC HWY 4700",0.00,,N,A,-,N,,,,,,,,,,N,3,0,1,2,A,-,11,21954,A,M,G,B,D,A,H,-,C,D,0,Y,,,,Y,Y,N,60,0,1,0,0,1,0,0,0,0,"- ","- ",,,"SAN DIEGO","SAN DIEGO",-117.20207602000001,32.758628950000002
6545108,2014,2014-08-19,3711,2014-06-30,1500,6998,,1,5,7,3711,0,0,0,,0,313,"CONVOY ST","CONVOY ST 4647",0.00,E,N,A,-,N,,,,,,,,,,N,3,0,1,2,A,-,05,21650,1,N,D,G,A,A,H,-,A,D,0,,Y,,,Y,,L,04,0,1,0,0,0,0,1,0,0,"- ","- ",,,"SAN DIEGO","SAN DIEGO",-117.15502381,32.825402510000004
6546922,2014,2014-08-18,3711,2014-07-01,2101,7114,SD,2,5,7,3711,0,0,0,,0,113,"CHIPPEWA CT","EPANOW AV",92.00,E,N,A,-,N,,,,,,,,,,N,3,0,1,2,A,-,03,22350,,N,C,G,A,A,H,-,C,D,0,,Y,,,Y,,L,04,0,1,0,0,0,0,1,0,0,"- ","- ",,,"SAN DIEGO","SAN DIEGO",-117.20248156,32.813626450000001
6546930,2014,2014-08-29,3711,2014-06-26,1356,6372,,4,5,7,3711,0,0,0,,0,839,"UNIVERSITY AV","WABASH ST",63.00,W,N,A,-,N,,,,,,,,,,N,3,0,1,2,A,-,06,21754,,N,B,G,A,A,H,-,A,A,0,,Y,,,Y,,L,04,0,1,0,0,0,0,1,0,0,"- ","- ",,,"SAN DIEGO","SAN DIEGO",-117.12093745,32.74907237
6551404,2014,2014-08-12,3711,2014-06-18,1609,7001,SDPD,3,5,7,3711,0,0,0,,0,611,"WEST SIDEWALK","MIDWAY DR 2900",0.00,,N,A,-,N,,,,,,,,,,N,3,0,1,2,A,-,"- ",,,N,D,G,A,A,-,-,A,D,0,,Y,,,Y,,L,04,0,1,0,0,0,0,1,0,0,"- ","- ",,,"SAN DIEGO","SAN DIEGO",-117.20503628,32.748986389999999
6553854,2014,2014-08-20,3711,2014-07-09,2124,HB5372,,3,5,7,3711,0,0,0,,0,503,"HARBOR ISLAND DR","NORTH HARBOR DR",157.00,S,N,A,-,N,,,,,,,,,,N,3,0,1,2,A,-,09,21803,A,F,D,G,A,A,H,-,C,A,0,,Y,,,Y,Y,A,01,0,1,0,0,0,0,1,0,0,"- ","- ",,,"SAN DIEGO","SAN DIEGO",-117.19523232,32.728861479999999
6559316,2014,2014-08-25,3711,2014-07-02,1847,4653,,3,5,7,3711,0,0,0,,0,452,"65TH ST","65TH ST 6500",0.00,,N,A,-,N,,,,,,,,,,N,2,0,1,2,A,-,11,21954,A,N,G,B,D,A,H,-,A,A,0,Y,,,,Y,,N,60,1,0,0,0,1,0,0,0,0,"- ","- ",,,"SAN DIEGO","SAN DIEGO",,
6560089,2014,2014-08-21,3711,2014-07-05,2035,4386,,6,5,7,3711,0,0,0,,0,627,"5TH AV","ROBINSON ST",0.00,,Y,A,-,N,,,,,,,,,,N,3,0,1,2,A,-,08,22107,,N,D,G,A,A,H,-,C,A,0,,Y,,,Y,,-,,0,1,0,0,0,0,1,0,0,"- ","- ",,,"SAN DIEGO","SAN DIEGO",-117.16041009,32.746940119999998
6560090,2014,2014-08-21,3711,2014-07-02,0930,6814,,3,5,7,3711,0,0,0,,0,531,"PARK BL","UPAS ST",15.00,N,N,A,-,N,,,,,,,,,,N,4,0,1,2,A,-,08,22107,,N,B,G,A,A,H,-,A,A,0,,Y,,,Y,,-,,0,0,1,0,0,0,1,0,0,"- ","- ",,,"SAN DIEGO","SAN DIEGO",-117.14752151,32.741181070000003
6560124,2014,2014-08-28,3711,2014-07-08,1649,7145,,2,5,7,3711,0,0,0,,0,115,"ACCESS RD","CARGILL AV",0.00,,Y,A,-,N,,,,,,,,,,N,4,0,1,2,A,-,11,21950,B,N,G,B,E,A,H,-,A,D,0,Y,,,,Y,,N,60,0,0,1,0,1,0,0,0,0,"- ","- ",,,"SAN DIEGO","SAN DIEGO",,
6560138,2014,2014-08-26,3711,2014-07-03,0530,7027,,4,5,7,3711,0,0,0,,0,,"FROST ST","CHILDREN'S WY",0.00,,Y,B,-,N,,,,,,,,,,N,4,0,1,2,A,-,10,21950,A,N,G,B,B,A,H,-,B,D,0,Y,,,,Y,,-,,0,0,1,0,1,0,0,0,0,"- ","- ",,,"SAN DIEGO","SAN DIEGO",-117.15106993000001,32.800240029999998
6560172,2014,2014-08-21,3711,2014-07-06,1915,7067,,7,5,7,3711,0,0,0,,0,627,"WASHINGTON ST","3RD AV",6.00,W,N,A,-,N,,,,,,,,,,N,4,0,1,2,A,-,10,21950,A,N,G,B,D,A,H,-,A,A,0,Y,,,,Y,,-,,0,0,1,0,1,0,0,0,0,"- ","- ",,,"SAN DIEGO","SAN DIEGO",-117.16275945,32.749979680000003
6560177,2014,2014-08-26,3711,2014-07-04,0811,6831,,5,5,7,3711,0,0,0,,0,721,"CORONADO AV","ATWATER ST",81.00,W,N,B,-,N,,,,,,,,,,N,3,0,1,2,A,-,"- ",,,N,H,G,A,A,H,-,A,D,0,,Y,,,Y,,-,"- ",0,1,0,0,0,0,1,0,0,"- ","- ",,,"SAN DIEGO","SAN DIEGO",-117.09983200000001,32.576504229999998
6560188,2014,2014-08-21,3711,2014-07-06,2059,7145,,7,5,7,3711,0,0,0,,0,115,"NOBEL DR","COSTA VERDE DR",14.00,W,N,A,-,N,,,,,,,,,,N,4,0,1,2,A,-,10,21950,A,N,G,B,B,A,H,-,C,A,0,Y,,,,Y,,-,,0,0,1,0,1,0,0,0,0,"- ","- ",,,"SAN DIEGO","SAN DIEGO",-117.21659270000001,32.866623140000002
6560489,2014,2014-08-13,3711,2014-06-30,1230,7075,,1,5,7,3711,0,0,0,,0,326,"MONTEZUMA RD",CAMPANILE,60.00,W,N,A,-,N,,,,,,,,,,N,4,0,1,2,A,-,05,21650,1,N,B,G,A,A,H,-,A,D,0,,Y,,,Y,,L,04,0,0,1,0,0,0,1,0,0,"- ","- ",,,"SAN DIEGO","SAN DIEGO",-117.07211452999999,32.770710000000001
6565199,2014,2014-08-15,3711,2014-06-26,2113,4576,,4,5,7,3711,0,0,0,,0,841,"UNIVERSITY AV","COLLEGE AV",88.00,E,N,B,-,N,,,,,,,,,,N,2,0,1,2,A,-,11,21954,A,N,G,B,D,A,H,-,C,A,0,Y,,,,Y,Y,N,60,1,0,0,0,1,0,0,0,0,"- ","- ",,,"SAN DIEGO","SAN DIEGO",-117.0642115,32.752941360000001
6567932,2014,2014-08-25,3711,2014-07-12,1045,5226,,6,5,7,3711,0,0,0,,0,515,"IMPERIAL AV","27TH ST",18.00,E,N,A,-,N,,,,,,,,,,N,3,0,1,2,A,-,10,21950,A,N,-,B,D,A,H,-,A,A,0,Y,,,,Y,,-,,0,1,0,0,1,0,0,0,0,"- ","- ",,,"SAN DIEGO","SAN DIEGO",-117.13593168,32.70637
6567936,2014,2014-08-25,3711,2014-07-14,1220,7010,,1,5,7,3711,0,0,0,,0,,"F ST","8TH AV",0.00,,Y,A,-,N,,,,,,,,,,N,4,0,1,2,A,-,08,22107,,N,G,B,B,A,H,-,A,A,0,Y,,,,Y,,-,,0,0,1,0,1,0,0,0,0,"- ","- ",,,"SAN DIEGO","SAN DIEGO",-117.15742011,32.713640030000001
6568000,2014,2014-08-25,3711,2014-07-15,0557,6329,SDSUP,2,5,7,3711,0,0,0,,0,839,"UNIVERSITY AV","UNIVERSITY AV 3450",15.00,S,N,B,-,N,,,,,,,,,,N,3,0,1,2,A,-,10,21950,C,N,G,B,B,A,H,-,A,A,0,Y,,,,Y,,-,,0,1,0,0,1,0,0,0,0,"- ","- ",,,"SAN DIEGO","SAN DIEGO",,
6570831,2014,2014-08-28,3711,2014-07-21,1529,4653,,1,5,7,3711,0,0,0,,0,826,"ALTADENA AV","TROJAN AV",0.00,,Y,A,-,N,,,,,,,,,,N,3,0,1,2,A,-,12,22450,A,N,D,G,A,A,H,-,A,A,0,,Y,,,Y,,L,04,0,1,0,0,0,0,1,0,0,"- ","- ",,,"SAN DIEGO","SAN DIEGO",-117.08578008000001,32.754900050000003
6570843,2014,2014-08-28,3711,2014-07-18,0938,6430,SANDI,5,5,7,3711,0,0,0,,0,126,"NORTH TORREY PINES RD","SALK INSTITUTE RD",42.00,N,N,B,-,N,,,,,,,,,,N,3,0,1,2,A,-,08,22107,,N,C,G,A,A,H,-,A,A,0,,Y,,,Y,,L,04,0,1,0,0,0,0,1,0,0,"- ","- ",,,"SAN DIEGO","SAN DIEGO",-117.243915,32.886204990000003
6570850,2014,2014-08-28,3711,2014-07-16,1139,5300,,3,5,7,3711,0,0,0,,0,614,"CASTELAR ST","WEST POINT LOMA BL",8.00,S,N,A,-,N,,,,,,,,,,N,4,0,1,2,A,-,12,22450,A,N,D,G,A,A,H,-,A,A,0,,Y,,,Y,,-,,0,0,1,0,0,0,1,0,0,"- ","- ",,,"SAN DIEGO","SAN DIEGO",-117.23840803,32.75073055
6570854,2014,2014-08-28,3711,2014-07-19,1526,6000,,6,5,7,3711,0,0,0,,0,813,"UNIVERSITY AV","ALABAMA ST",0.00,,Y,B,-,N,,,,,,,,,,N,3,0,1,2,A,-,10,21950,A,N,G,B,B,A,H,-,A,A,0,Y,,,,Y,,A,01,0,1,0,0,1,0,0,0,0,"- ","- ",,,"SAN DIEGO","SAN DIEGO",-117.14251,32.748440109999997
6570855,2014,2014-09-03,3711,2014-07-20,1114,5585,,7,5,7,3711,0,0,0,,0,614,"SUNSET CLIFFS BL","WEST POINT LOMA BL",108.00,E,N,A,-,N,,,,,,,,,,N,3,0,1,2,A,-,08,22107,,N,D,G,A,A,H,-,A,D,0,,Y,,,Y,,-,,0,1,0,0,0,0,1,0,0,"- ","- ",,,"SAN DIEGO","SAN DIEGO",-117.24205971000001,32.751176579999999
6572803,2014,2014-09-02,3711,2014-07-23,1719,6576,MIDCI,3,5,7,3711,0,0,0,,0,833,"UNIVERSITY AV","CHAMOUNE AV",6.00,E,N,A,-,N,,,,,,,,,,N,3,0,1,2,A,-,10,21950,A,M,G,B,B,A,H,-,A,A,0,Y,,,,Y,,-,,0,1,0,0,1,0,0,0,0,"- ","- ",,,"SAN DIEGO","SAN DIEGO",-117.09656056,32.749599629999999
6573165,2014,2014-08-29,3711,2014-07-17,1753,HB5247,,4,5,7,3711,0,0,0,,0,504,"NORTH HARBOR DR","N HARBOR DR 950",18.20,E,N,A,-,N,,,,,,,,,,N,3,0,1,2,A,-,08,22107,,N,D,G,A,A,H,-,A,D,0,,Y,,,Y,,A,01,0,1,0,0,0,0,1,0,0,"- ","- ",,,"SAN DIEGO","SAN DIEGO",,
6580604,2014,2014-09-02,3711,2014-07-17,1018,6718,,4,5,7,3711,0,0,0,,0,232,"HIGHLAND RANCH RD","EASTBOURNE DR",6.00,S,N,A,-,N,,,,,,,,,,N,4,0,1,2,A,-,10,21950,A,N,G,B,B,A,H,-,A,A,0,Y,,,,Y,,-,,0,0,1,0,1,0,0,0,0,"- ","- ",,,"SAN DIEGO","SAN DIEGO",-117.07235764000001,32.981217289999996
6580618,2014,2014-09-02,3711,2014-07-23,1341,6855,,3,5,7,3711,0,0,0,,0,611,"ROSECRANS ST","MIDWAY DR",200.00,N,N,A,-,N,,,,,,,,,,N,4,0,1,2,A,-,"- ",,,N,D,G,A,A,H,-,A,D,0,,Y,,,Y,,L,04,0,0,1,0,0,0,1,0,0,"- ","- ",,,"SAN DIEGO","SAN DIEGO",-117.20579669,32.750147980000001
6580624,2014,2014-09-02,3711,2014-07-25,2342,6768,,5,5,7,3711,0,0,0,,0,831,"POLK AV","45TH ST",100.00,E,N,A,-,N,,,,,,,,,,N,4,0,1,2,A,-,21,22106,,N,G,B,E,A,H,-,C,D,0,Y,,,,Y,Y,A,01,0,0,1,0,1,0,0,0,0,"- ","- ",,,"SAN DIEGO","SAN DIEGO",-117.09731587,32.751387049999998
6580685,2014,2014-09-03,3711,2014-07-24,1718,5983,,4,5,7,3711,0,0,0,,0,831,"UNIVERSITY AV","45TH ST",0.00,,Y,A,-,N,,,,,,,,,,N,4,0,1,2,A,-,10,21950,A,N,G,B,D,A,H,-,A,D,0,Y,,,,Y,Y,A,01,0,0,1,0,1,0,0,0,0,"- ","- ",,,"SAN DIEGO","SAN DIEGO",-117.0976501,32.749610050000001
6580712,2014,2014-09-08,3711,2014-07-24,1450,5348,,4,5,7,3711,0,0,0,,0,511,"NATIONAL AV","CESAR CHAVEZ",225.00,E,N,A,-,N,,,,,,,,,,N,4,0,1,2,A,-,05,21650,1,N,B,G,A,A,-,-,A,D,0,,Y,,,Y,,-,"- ",0,0,1,0,0,0,1,0,0,"- ","- ",,,"SAN DIEGO","SAN DIEGO",-117.1444881,32.700236539999999
6580896,2014,2014-08-11,3711,2014-06-10,1320,6830,,2,5,7,3711,0,0,0,,0,111,DERRICK,GENESSE,189.00,E,N,A,-,N,,,,,,,,,,N,3,0,1,2,A,-,09,21801,A,N,G,B,D,A,H,-,A,D,0,Y,,,,Y,,-,,0,1,0,0,1,0,0,0,0,"- ","- ",,,"SAN DIEGO","SAN DIEGO",-117.18359900999999,32.823199629999998
6582344,2014,2014-08-18,3711,2014-07-08,0549,6526,,2,5,7,3711,0,0,0,,0,511,"HARBOR DR","HARBOR DR BRIDGE",250.00,E,N,A,-,N,,,,,,,,,,N,2,0,1,2,A,-,08,22107,,F,C,G,A,A,H,-,B,D,0,,Y,,,Y,,-,,1,0,0,0,0,0,1,0,0,"- ","- ",,,"SAN DIEGO","SAN DIEGO",,
6582368,2014,2014-08-18,3711,2014-07-27,0725,6628,,7,5,7,3711,0,0,0,,0,526,"1ST AV","BEECH ST",0.00,,Y,A,-,N,,,,,,,,,,N,4,0,1,2,A,-,10,21950,A,N,G,B,B,A,H,-,A,D,0,Y,,,,Y,,-,,0,0,1,0,1,0,0,0,0,"- ","- ",,,"SAN DIEGO","SAN DIEGO",-117.16386011,32.720900100000001
6582395,2014,2014-08-20,3711,2014-07-16,1937,6461,SANDI,3,5,7,3711,0,0,0,,0,122,"LA JOLLA BL",TURQUOISE,4.00,W,N,A,-,N,,,,,,,,,,N,4,0,1,2,A,-,03,22350,,N,D,G,A,A,H,-,A,D,0,,Y,,,Y,,L,04,0,0,1,0,0,0,1,0,0,"- ","- ",,,"SAN DIEGO","SAN DIEGO",-117.26239282,32.80801829
6582399,2014,2014-08-18,3711,2014-07-31,1756,4523,,4,5,7,3711,0,0,0,,0,124,"LA JOLLA SHORES DR","LA JOLLA SHORES LN",1056.00,E,N,A,-,N,,,,,,,,,,N,3,0,1,2,A,-,08,22107,,N,B,G,A,A,H,-,A,D,0,,Y,,,Y,,L,04,0,1,0,0,0,0,1,0,0,"- ","- ",,,"SAN DIEGO","SAN DIEGO",-117.24912707,32.86911508
6583964,2014,2014-08-18,3711,2014-07-26,1346,HB4132,,6,5,7,3711,0,0,0,,0,503,"NORTH HARBOR DR","COAST GUARD TAXIWAY",300.00,W,N,A,-,N,,,,,,,,,,N,3,0,2,2,C,-,18,,,N,A,G,A,-,H,-,A,D,0,,Y,,,Y,,-,"- ",0,1,1,0,0,0,2,0,0,"- ","- ",,,"SAN DIEGO","SAN DIEGO",-117.18296349000001,32.728241269999998
6585815,2014,2014-08-19,3711,2014-07-27,0059,5198,,7,5,7,3711,0,0,0,,0,122,"GRAND AV",BOND,180.00,E,N,B,-,N,,,,,,,,,,N,3,0,1,2,A,-,11,21954,A,N,G,B,D,A,H,-,D,D,0,Y,,,,Y,,N,60,0,1,0,0,1,0,0,0,0,"- ","- ",,,"SAN DIEGO","SAN DIEGO",-117.21947652999999,32.802492770000001
6587472,2014,2016-01-05,3711,2014-08-04,1442,6465,SD,1,5,7,3711,0,0,0,,0,315,"RIO SAN DIEGO","QUALCOMM WY",17.00,E,N,A,-,N,,,,,,,,,,,3,0,1,2,A,-,12,21453,A,N,H,G,A,A,H,-,A,A,0,,Y,,,Y,,L,04,0,1,0,0,0,0,1,0,0,"- ","- ",,,"SAN DIEGO","SAN DIEGO",-117.14122636,32.775680729999998
6587503,2014,2014-09-08,3711,2014-08-01,2045,5007,,5,5,7,3711,0,0,0,,0,512,"SOUTH 28TH ST","FRANKLIN AV",21.00,N,N,A,-,N,,,,,,,,,,N,3,0,1,2,A,-,"- ",,,N,B,B,D,A,H,-,C,D,0,Y,,,,Y,,N,60,0,1,0,0,1,0,0,0,0,"- ","- ",,,"SAN DIEGO","SAN DIEGO",-117.13387,32.702487529999999
6589682,2014,2014-09-04,3711,2014-08-08,0827,6677,,5,5,7,3711,0,0,0,,0,124,"PROSPECT PL","CAVE ST",0.00,,Y,B,-,N,,,,,,,,,,N,4,0,1,2,A,-,08,22107,,N,D,G,A,A,H,-,A,D,0,,Y,,,Y,,-,,0,0,1,0,0,0,1,0,0,"- ","- ",,,"SAN DIEGO","SAN DIEGO",-117.27040013,32.848460029999998
6589713,2014,2014-09-08,3711,2014-08-02,0208,6726,,6,5,7,3711,0,0,0,,0,813,"EL CAJON BL",OREGON,20.00,E,N,A,-,N,,,,,,,,,,N,4,0,1,2,A,-,11,21954,A,M,G,B,D,A,H,-,C,A,0,Y,,,,Y,,-,,0,0,1,0,1,0,0,0,0,"- ","- ",,,"SAN DIEGO","SAN DIEGO",-117.13506517,32.755380520000003