CASE_ID,ACCIDENT_YEAR,PROC_DATE,JURIS,COLLISION_DATE,COLLISION_TIME,OFFICER_ID,REPORTING_DISTRICT,DAY_OF_WEEK,CHP_SHIFT,POPULATION,CNTY_CITY_LOC,SPECIAL_COND,BEAT_TYPE,CHP_BEAT_TYPE,CITY_DIVISION_LAPD,CHP_BEAT_CLASS,BEAT_NUMBER,PRIMARY_RD,SECONDARY_RD,DISTANCE,DIRECTION,INTERSECTION,WEATHER_1,WEATHER_2,STATE_HWY_IND,CALTRANS_COUNTY,CALTRANS_DISTRICT,STATE_ROUTE,ROUTE_SUFFIX,POSTMILE_PREFIX,POSTMILE,LOCATION_TYPE,RAMP_INTERSECTION,SIDE_OF_HWY,TOW_AWAY,COLLISION_SEVERITY,NUMBER_KILLED,NUMBER_INJURED,PARTY_COUNT,PRIMARY_COLL_FACTOR,PCF_CODE_OF_VIOL,PCF_VIOL_CATEGORY,PCF_VIOLATION,PCF_VIOL_SUBSECTION,HIT_AND_RUN,TYPE_OF_COLLISION,MVIW,PED_ACTION,ROAD_SURFACE,ROAD_COND_1,ROAD_COND_2,LIGHTING,CONTROL_DEVICE,CHP_ROAD_TYPE,PEDESTRIAN_ACCIDENT,BICYCLE_ACCIDENT,MOTORCYCLE_ACCIDENT,TRUCK_ACCIDENT,NOT_PRIVATE_PROPERTY,ALCOHOL_INVOLVED,STWD_VEHTYPE_AT_FAULT,CHP_VEHTYPE_AT_FAULT,COUNT_SEVERE_INJ,COUNT_VISIBLE_INJ,COUNT_COMPLAINT_PAIN,COUNT_PED_KILLED,COUNT_PED_INJURED,COUNT_BICYCLIST_KILLED,COUNT_BICYCLIST_INJURED,COUNT_MC_KILLED,COUNT_MC_INJURED,PRIMARY_RAMP,SECONDARY_RAMP,LATITUDE,LONGITUDE,COUNTY,CITY,POINT_X,POINT_Y
6589752,2014,2016-01-05,3711,2014-08-08,1223,6583,SANDI,5,5,7,3711,0,0,0,,0,511,"MAIN ST","SOUTH 28TH ST",270.00,E,N,A,-,N,,,,,,,,,,N,4,0,1,3,A,-,09,21804,A,N,B,B,-,A,H,-,A,D,0,Y,,,,Y,,-,,0,0,1,0,1,0,0,0,0,"- ","- ",,,"SAN DIEGO","SAN DIEGO",-117.13285535,32.692801850000002
6589925,2014,2014-08-22,3711,2014-07-24,1704,5866,SDPD,4,5,7,3711,0,0,0,,0,722,"PALM AV","SATURN BL",0.00,,Y,A,-,N,,,,,,,,,,N,3,0,1,2,A,-,09,21453,B,N,-,B,B,A,H,-,A,A,0,Y,,,,Y,,-,,0,1,0,0,1,0,0,0,0,"- ","- ",,,"SAN DIEGO","SAN DIEGO",-117.09263007,32.583740059999997
6589935,2014,2016-01-05,3711,2014-07-04,2129,6621,SANDI,5,5,7,3711,0,0,0,,0,123,"E MISSION BAY","E MISSION BAY  1700",200.00,W,N,A,-,N,,,,,,,,,,N,4,0,1,2,A,-,10,21950,A,N,-,B,C,A,H,-,C,A,0,Y,,,,Y,,-,,0,0,1,0,1,0,0,0,0,"- ","- ",,,"SAN DIEGO","SAN DIEGO",,
6592567,2014,2014-09-04,3711,2014-08-05,2210,7029,,2,5,7,3711,0,0,0,,0,827,UNIVERSITY,"52ND ST",210.00,E,N,A,-,N,,,,,,,,,,N,3,0,1,2,A,-,08,22107,,N,B,G,A,A,H,-,C,D,0,,Y,,,Y,,L,04,0,1,0,0,0,0,1,0,0,"- ","- ",,,"SAN DIEGO","SAN DIEGO",-117.08290938,32.749091989999997
6592591,2014,2014-09-04,3711,2014-08-06,1440,4386,,3,5,7,3711,0,0,0,,0,624,"EL CAJON BL","TEXAS ST",0.00,,Y,A,-,N,,,,,,,,,,N,4,0,1,2,A,-,11,21950,B,N,D,B,D,A,D,-,A,A,0,Y,,,,Y,,N,60,0,0,1,0,1,0,0,0,0,"- ","- ",,,"SAN DIEGO","SAN DIEGO",-117.13885012,32.755380010000003
6592599,2014,2014-09-04,3711,2014-08-04,0940,5585,,1,5,7,3711,0,0,0,,0,721,"SATURN BL","695 SATURN BL",10.00,W,N,A,-,N,,,,,,,,,,N,4,0,1,2,A,-,08,22107,,N,G,B,F,A,H,-,A,D,0,Y,,,,Y,,-,,0,0,1,0,1,0,0,0,0,"- ","- ",,,"SAN DIEGO","SAN DIEGO",,
6592640,2014,2014-09-04,3711,2014-08-05,1800,6774,,2,5,7,3711,0,0,0,,0,615,"CANON ST","ROSECRANS ST",68.00,W,N,A,-,N,,,,,,,,,,N,4,0,1,2,A,-,08,22107,,N,D,G,A,A,H,-,A,D,0,,Y,,,Y,,-,,0,0,1,0,0,0,1,0,0,"- ","- ",,,"SAN DIEGO","SAN DIEGO",-117.23207069999999,32.72163664
6595502,2014,2014-09-25,3711,2014-08-05,1635,4892,,2,5,7,3711,0,0,0,,0,617,"CATALINA BL","GARDEN LN",105.00,S,N,A,-,N,,,,,,,,,,N,4,0,1,2,A,-,"- ",,,N,B,G,A,A,H,-,A,D,0,,Y,,,Y,,-,,0,0,1,0,0,0,1,0,0,"- ","- ",,,"SAN DIEGO","SAN DIEGO",-117.24812,32.7134
6595517,2014,2014-09-25,3711,2014-08-06,1646,7123,,3,5,7,3711,0,0,0,,0,441,"OCEANVIEW BL","SOUTH 38TH ST",4.00,W,N,A,-,N,,,,,,,,,,N,4,0,1,2,A,-,"- ",,,N,G,B,B,A,H,-,A,A,0,Y,,,,Y,,-,,0,0,1,0,1,0,0,0,0,"- ","- ",,,"SAN DIEGO","SAN DIEGO",-117.11252296000001,32.701269879999998
6600724,2014,2014-09-08,3711,2014-08-13,2119,6982,,3,5,7,3711,0,0,0,,0,115,"VISION DR","EASTER WY",300.00,E,N,A,-,N,,,,,,,,,,N,4,0,1,3,A,-,21,22106,,N,G,B,E,A,H,-,D,D,0,Y,,,,Y,,-,,0,0,1,0,1,0,0,0,0,"- ","- ",,,"SAN DIEGO","SAN DIEGO",-117.21112309,32.88107231
6600740,2014,2014-09-03,3711,2014-08-03,1220,6686,SD,7,5,7,3711,0,0,0,,0,813,"HOWARD AV","ARIZONA ST",0.00,,Y,A,-,N,,,,,,,,,,N,3,0,1,2,-,-,"- ",,,N,D,G,A,A,H,-,A,A,0,,Y,,,Y,Y,-,"- ",0,1,0,0,0,0,1,0,0,"- ","- ",,,"SAN DIEGO","SAN DIEGO",-117.13759001,32.754040019999998
6601106,2014,2014-09-08,3711,2014-08-11,1450,6402,,1,5,7,3711,0,0,0,,0,514,"22ND ST","IMPERIAL AV",158.00,N,N,A,-,N,,,,,,,,,,N,3,0,1,2,A,-,21,22106,,N,C,B,A,A,H,-,A,D,0,,,,,Y,,-,,0,1,0,0,0,0,0,0,0,"- ","- ",,,"SAN DIEGO","SAN DIEGO",-117.1439642,32.706722800000001
6601166,2014,2014-09-04,3711,2014-08-09,2239,6876,,6,5,7,3711,0,0,0,,0,824,"EL CAJON BL","45TH ST",94.00,E,N,A,-,N,,,,,,,,,,N,2,0,1,2,A,-,11,21954,A,N,G,B,D,A,H,-,C,D,0,Y,,,,Y,Y,N,60,1,0,0,0,1,0,0,0,0,"- ","- ",,,"SAN DIEGO","SAN DIEGO",-117.09732969,32.75534313
6601189,2014,2014-09-04,3711,2014-08-18,1832,4653,,1,5,7,3711,0,0,0,,0,242,"MARBURY AV","MIRA MESA BL",0.00,,Y,B,-,N,,,,,,,,,,N,3,0,2,3,A,-,10,21950,A,N,G,B,B,A,H,-,A,A,0,Y,,,,Y,,A,01,0,2,0,0,2,0,0,0,0,"- ","- ",,,"SAN DIEGO","SAN DIEGO",-117.12986008,32.916110080000003
6601197,2014,2014-09-09,3711,2014-08-03,1900,4362,,7,5,7,3711,0,0,0,,0,121,"SAN LUIS REY PL","STRAND WY",168.00,E,N,A,-,N,,,,,,,,,,N,4,0,1,2,A,-,11,21950,B,N,G,B,D,A,H,-,A,D,0,Y,,,,Y,,N,60,0,0,1,0,1,0,0,0,0,"- ","- ",,,"SAN DIEGO","SAN DIEGO",-117.25097561,32.761456330000001
6601735,2014,2014-09-10,3711,2014-08-25,1131,6852,,1,5,7,3711,0,0,0,,0,313,"CLAIREMONT MESA BL","MERCURY ST",400.00,E,N,A,-,N,,,,,,,,,,N,3,0,1,2,A,-,05,21650,1,N,D,G,A,A,H,-,A,-,0,,Y,,,Y,,L,04,0,1,0,0,0,0,1,0,0,"- ","- ",,,"SAN DIEGO","SAN DIEGO",-117.14760232,32.83287
6601741,2014,2014-09-10,3711,2014-08-12,1825,5916,,2,5,7,3711,0,0,0,,0,123,"FIESTA ISLAND RD","FIESTA ISLAND RD 1000",0.00,,Y,B,-,N,,,,,,,,,,Y,2,0,11,12,A,-,17,21657,,N,A,G,A,A,H,-,A,D,0,,Y,,,Y,,A,01,2,7,2,0,0,0,11,0,0,"- ","- ",,,"SAN DIEGO","SAN DIEGO",-117.22203165000001,32.780072840000003
6605428,2014,2014-10-07,3711,2014-08-17,1911,6957,,7,5,7,3711,0,0,0,,0,124,"COPA DE ORO DR","RUTGERS RD",30.00,N,N,A,-,N,,,,,,,,,,N,3,0,1,2,B,-,22,,,N,D,B,E,A,H,-,A,D,0,Y,,,,Y,,N,60,0,1,0,0,1,0,0,0,0,"- ","- ",,,"SAN DIEGO","SAN DIEGO",-117.25550972000001,32.817235029999999
6606276,2014,2014-10-14,9645,2014-06-19,0008,17499,,4,3,7,3711,0,1,1,,2,003,"RT 5","6TH AV",352.00,S,N,A,-,Y,SD,11,5,-,R,16.240,H,-,S,N,1,1,0,2,A,-,11,21954,A,F,G,B,D,A,H,-,C,D,1,Y,,,,Y,,N,60,0,0,0,1,0,0,0,0,0,"- ","- ",32.72278,-117.15946,"SAN DIEGO","SAN DIEGO",-117.15826151,32.723404459999998
6609970,2014,2014-09-10,3711,2014-08-22,1641,4849,,5,5,7,3711,0,0,0,,0,524,"WEST ASH ST","FRONT ST",0.00,,Y,A,-,N,,,,,,,,,,N,3,0,1,2,A,-,11,21950,B,N,G,B,B,A,H,-,A,A,0,Y,,,,Y,,-,,0,1,0,0,1,0,0,0,0,"- ","- ",,,"SAN DIEGO","SAN DIEGO",-117.16475011,32.719860019999999
6609986,2014,2015-11-09,3711,2014-08-25,1200,7188,,1,5,7,3711,0,0,0,,0,613,"WEST POINT LOMA BL","RUE D' ORLEANS",0.00,,Y,-,-,N,,,,,,,,,,N,3,0,1,2,A,-,10,21950,A,M,A,B,B,A,H,-,A,A,0,Y,,,,Y,,-,99,0,1,0,0,1,0,0,0,0,"- ","- ",,,"SAN DIEGO","SAN DIEGO",-117.22806009999999,32.752680060000003
6611619,2014,2014-09-19,3711,2014-08-12,1430,6576,MIDCI,2,5,7,3711,0,0,0,,0,813,"EL CAJON BL","KANSAS ST",150.00,E,N,A,-,N,,,,,,,,,,N,3,0,1,2,A,-,03,22350,,N,C,G,A,A,A,-,A,A,0,,Y,,,Y,,L,04,0,1,0,0,0,0,1,0,0,"- ","- ",,,"SAN DIEGO","SAN DIEGO",-117.13093373,32.755400000000002
6611890,2014,2014-09-23,3711,2014-08-28,2052,5393,,4,5,7,3711,0,0,0,,0,315,"FRIARS RD","NORTHSIDE DR",510.00,E,N,A,-,N,,,,,,,,,,N,2,0,1,2,A,-,11,21954,A,N,G,B,D,A,H,-,D,D,0,Y,,,,Y,Y,N,60,1,0,0,0,1,0,0,0,0,"- ","- ",,,"SAN DIEGO","SAN DIEGO",-117.12660207,32.78497565
6612265,2014,2014-09-17,3711,2014-08-26,1329,5197,,2,5,7,3711,0,0,0,,0,524,"W A ST","1ST AV",0.00,,Y,A,-,N,,,,,,,,,,N,3,0,1,2,A,-,10,21950,A,N,G,B,B,A,H,-,A,A,0,Y,,,,Y,,A,01,0,1,0,0,1,0,0,0,0,"- ","- ",,,"SAN DIEGO","SAN DIEGO",-117.16384005,32.71883004
6613388,2014,2014-09-30,3711,2014-09-03,1712,5953,,3,5,7,3711,0,0,0,,0,516,"J ST","33RD ST",0.00,,Y,A,-,N,,,,,,,,,,N,3,0,2,2,A,-,12,22450,A,N,H,B,B,A,H,-,A,A,0,Y,Y,,,Y,,L,04,0,2,0,0,1,0,1,0,0,"- ","- ",,,"SAN DIEGO","SAN DIEGO",-117.12225006,32.710000100000002
6619632,2014,2014-10-27,3711,2014-09-02,1620,7189,,2,5,7,3711,0,0,0,,0,838,"WILSON AV","EL CAJON BL",0.00,,Y,-,-,N,,,,,,,,,,Y,3,0,1,2,A,-,09,21802,A,N,-,G,A,-,-,-,-,D,0,,Y,,,Y,,A,01,0,1,0,0,0,0,1,0,0,"- ","- ",,,"SAN DIEGO","SAN DIEGO",-117.11683001,32.75530011
6629333,2014,2014-10-09,3711,2014-09-10,1150,7048,,3,5,7,3711,0,0,0,,0,122,"LAW ST",CASS,0.00,,Y,A,-,N,,,,,,,,,,N,3,0,1,2,A,-,09,21800,A,M,B,G,A,A,H,-,A,A,0,,Y,,,Y,Y,-,,0,1,0,0,0,0,1,0,0,"- ","- ",,,"SAN DIEGO","SAN DIEGO",-117.25355003999999,32.802970109999997
6629337,2014,2014-10-09,3711,2014-09-09,0855,6391,,2,5,7,3711,0,0,0,,0,838,"UNIVERSITY AV","35TH ST",5.00,E,N,A,-,N,,,,,,,,,,N,3,0,1,2,A,-,11,21456,B,N,D,G,A,A,H,-,A,A,0,,Y,,,Y,,L,04,0,1,0,0,0,0,1,0,0,"- ","- ",,,"SAN DIEGO","SAN DIEGO",-117.11803379,32.749759869999998
6629347,2014,2014-10-09,3711,2014-09-09,1419,6192,,2,5,7,3711,0,0,0,,0,242,"ACAMA ST","ACAMA CT",70.00,W,N,A,-,N,,,,,,,,,,N,3,0,1,2,A,-,09,21804,A,N,A,G,A,A,H,-,A,D,0,,Y,,,Y,,L,04,0,1,0,0,0,0,1,0,0,"- ","- ",,,"SAN DIEGO","SAN DIEGO",-117.15546734,32.926636940000002
6629717,2014,2014-09-29,3711,2014-09-11,1939,4490,,4,5,7,3711,0,0,0,,0,327,"MONTEZUMA RD","E CAMPUS DR",0.00,,Y,A,-,N,,,,,,,,,,N,3,0,1,2,A,-,05,21651,B,N,D,G,A,A,H,-,C,A,0,,Y,,,Y,,L,04,0,1,0,0,0,0,1,0,0,"- ","- ",,,"SAN DIEGO","SAN DIEGO",-117.06724009,32.77071007
6629729,2014,2014-10-07,3711,2014-09-13,1908,7024,3711,6,5,7,3711,0,0,0,,0,312,"TIERRASANTA BL","ESPLENDENTE BL",18.00,W,N,A,-,N,,,,,,,,,,N,3,0,1,2,A,-,08,22107,,N,B,G,A,A,H,-,A,A,0,,Y,,,Y,,A,01,0,1,0,0,0,0,1,0,0,"- ","- ",,,"SAN DIEGO","SAN DIEGO",-117.10117667999999,32.82305186
6629733,2014,2016-01-05,3711,2014-09-11,2110,6775,,4,5,7,3711,0,0,0,,0,621,"LINDA VISTA RD","ULRIC ST",15.00,N,N,A,-,N,,,,,,,,,,,3,0,2,3,A,-,11,21950,B,N,G,B,B,A,H,-,C,A,0,Y,,,,Y,,-,,0,2,0,0,2,0,0,0,0,"- ","- ",,,"SAN DIEGO","SAN DIEGO",-117.1702861,32.786540960000004
6629749,2014,2014-09-29,3711,2014-09-04,1723,7147,,4,5,7,3711,0,0,0,,0,622,"LINDA VISTA RD","NAPA ST",180.00,W,N,A,-,N,,,,,,,,,,N,3,0,1,2,A,-,11,21954,A,N,G,B,D,A,H,-,A,D,0,Y,,,,Y,,N,60,0,1,0,0,1,0,0,0,0,"- ","- ",,,"SAN DIEGO","SAN DIEGO",-117.19737105,32.764939509999998
6629868,2014,2014-09-30,3711,2014-09-16,0715,7185,,2,5,7,3711,0,0,0,,0,524,"1ST AV","A ST",100.00,W,N,A,-,N,,,,,,,,,,N,3,0,1,2,A,-,10,21950,A,N,G,B,B,A,H,-,A,A,0,Y,,,,Y,,-,,0,1,0,0,1,0,0,0,0,"- ","- ",,,"SAN DIEGO","SAN DIEGO",-117.16383999999999,32.718829999999997
6629879,2014,2014-09-30,3711,2014-09-07,1800,7008,"SAN D",7,5,7,3711,0,0,0,,0,242,"WESTVIEW PKWY","MARKET CENTER DRIVEWAY 9400",150.00,N,N,A,-,N,,,,,,,,,,N,3,0,1,2,A,-,11,21955,,N,A,B,C,A,H,-,A,A,0,Y,,,,Y,,N,60,0,1,0,0,1,0,0,0,0,"- ","- ",,,"SAN DIEGO","SAN DIEGO",-117.12049304999999,32.915397059999997
6629892,2014,2014-10-14,3711,2014-09-16,1640,4527,,2,5,7,3711,0,0,0,,0,523,"4TH AV",ISLAND,33.00,S,N,A,-,N,,,,,,,,,,N,3,0,1,2,A,-,11,21954,A,N,G,B,D,A,H,-,A,D,0,Y,,,,Y,,-,"- ",0,1,0,0,1,0,0,0,0,"- ","- ",,,"SAN DIEGO","SAN DIEGO",-117.16102857,32.710349610000002
6629903,2014,2014-09-29,3711,2014-09-12,0750,6562,MC1,5,5,7,3711,0,0,0,,0,824,"FAIRMONT AV","MONTEZUMA RD",0.00,,Y,A,-,N,,,,,,,,,,N,3,0,1,2,A,-,08,22107,,N,H,G,A,A,H,-,A,D,0,,Y,,,Y,,L,04,0,1,0,0,0,0,1,0,0,"- ","- ",,,"SAN DIEGO","SAN DIEGO",-117.09717003,32.772450030000002
6630676,2014,2016-05-24,9645,2014-09-04,2050,19410,,4,2,7,3711,0,1,1,,2,005,"RT 5","RT 8",800.00,N,N,A,-,Y,SD,11,5,-,R,20.312,R,3,S,Y,4,0,1,2,A,-,21,22106,,N,D,G,A,A,H,-,C,D,1,,Y,,,Y,,L,04,0,0,1,0,0,0,1,0,0,TO,"- ",32.762610000000002,-117.20511999999999,"SAN DIEGO","SAN DIEGO",-117.20493227,32.762749220000003
6631099,2014,2014-11-03,3711,2014-09-14,1937,4310,,7,5,7,3711,0,0,0,,0,126,"GILMAN DR","VIA ALICANTE",937.00,S,N,A,-,N,,,,,,,,,,N,2,0,1,2,A,-,08,22107,,F,G,B,E,A,H,-,D,D,0,Y,,,,Y,,-,99,1,0,0,0,1,0,0,0,0,"- ","- ",,,"SAN DIEGO","SAN DIEGO",-117.23717864,32.859809630000001
6632362,2014,2014-10-14,3711,2014-09-08,0636,1028,,1,5,7,3711,0,0,0,,0,001,"3RD ST","H AV",16.00,W,N,A,-,N,,,,,,,,,,N,3,0,1,2,A,-,09,21802,A,N,G,B,B,A,H,-,A,A,0,Y,,,,Y,,A,01,0,1,0,0,1,0,0,0,0,"- ","- ",,,"SAN DIEGO","SAN DIEGO",-117.1796458,32.698260529999999
6638317,2014,2014-10-08,3711,2014-09-20,1441,7136,,6,5,7,3711,0,0,0,,0,524,"UNION ST","B ST",9.00,N,N,A,-,N,,,,,,,,,,N,3,0,1,2,A,-,12,22450,A,M,G,B,D,A,H,-,A,A,0,Y,,,,Y,,-,,0,1,0,0,1,0,0,0,0,"- ","- ",,,"SAN DIEGO","SAN DIEGO",-117.16563023,32.717784649999999
6640613,2014,2014-10-13,3711,2014-09-10,1130,5197,,3,5,7,3711,0,0,0,,0,524,"INDIA ST","WEST ASH ST",0.00,,Y,A,-,N,,,,,,,,,,N,4,0,1,2,D,-,00,,,N,G,B,B,A,H,-,A,D,0,Y,,,,Y,,-,"- ",0,0,1,0,1,0,0,0,0,"- ","- ",,,"SAN DIEGO","SAN DIEGO",-117.16831006,32.719850010000002
6644864,2014,2014-10-20,3711,2014-09-25,1525,7136,,4,5,7,3711,0,0,0,,0,521,"6TH AV","ISLAND AV",30.00,S,N,A,-,N,,,,,,,,,,N,4,0,1,2,A,-,11,21950,B,N,G,B,D,A,H,-,A,A,0,Y,,,,Y,,-,"- ",0,0,1,0,1,0,0,0,0,"- ","- ",,,"SAN DIEGO","SAN DIEGO",-117.15920921,32.710357819999999
6646808,2014,2014-10-17,3711,2014-09-29,1930,6329,SANDI,1,5,7,3711,0,0,0,,0,834,"THOM AV","38TH ST",8.00,W,N,B,-,N,,,,,,,,,,N,3,0,1,2,A,-,08,22107,,N,-,G,A,A,H,-,B,D,0,,Y,,,Y,,-,,0,1,0,0,0,0,1,0,0,"- ","- ",,,"SAN DIEGO","SAN DIEGO",-117.1119759,32.740321129999998
6646847,2014,2014-10-09,3711,2014-09-27,1430,6059,,6,5,7,3711,0,0,0,,0,518,"CEDAR ST","31ST ST",0.00,,Y,A,-,N,,,,,,,,,,N,3,0,1,2,A,-,12,22450,A,N,D,G,A,A,H,-,A,D,0,,Y,,,Y,,L,04,0,1,0,0,0,0,1,0,0,"- ","- ",,,"SAN DIEGO","SAN DIEGO",-117.12753006,32.722310049999997
6647132,2014,2014-10-23,3711,2014-09-12,0708,6819,,5,5,7,3711,0,0,0,,0,447,"ALTADENA AV","EUCLID AV",8.00,W,N,A,-,N,,,,,,,,,,N,3,0,1,2,D,-,00,,,N,A,G,A,A,H,-,A,A,0,,Y,,,Y,,-,"- ",0,1,0,0,0,0,1,0,0,"- ","- ",,,"SAN DIEGO","SAN DIEGO",-117.08999,32.736980000000003
6647889,2014,2014-10-31,3711,2014-09-21,0105,4495,,7,5,7,3711,0,0,0,,0,524,"F ST","6TH AV",0.00,,Y,A,-,N,,,,,,,,,,N,4,0,1,2,A,-,11,21456,B,N,G,B,B,A,H,-,C,A,0,Y,,,,Y,Y,N,60,0,0,1,0,1,0,0,0,0,"- ","- ",,,"SAN DIEGO","SAN DIEGO",-117.15923012,32.713630119999998
6650924,2014,2014-10-10,3711,2014-09-30,0940,6439,,2,5,7,3711,0,0,0,,0,521,"PARK BL","ISLAND AV",0.00,,Y,A,-,N,,,,,,,,,,N,4,0,1,2,A,-,11,21456,B,M,A,B,B,A,H,-,A,A,0,Y,,,,Y,,N,60,0,0,1,0,1,0,0,0,0,"- ","- ",,,"SAN DIEGO","SAN DIEGO",-117.15373003000001,32.710450039999998
6650932,2014,2014-10-10,3711,2014-09-29,1724,5491,,1,5,7,3711,0,0,0,,0,524,"5TH AV","ASH ST",12.00,N,N,A,-,N,,,,,,,,,,N,3,0,1,2,A,-,11,21950,B,N,-,B,B,A,H,-,A,A,0,Y,,,,Y,,-,,0,1,0,0,1,0,0,0,0,"- ","- ",,,"SAN DIEGO","SAN DIEGO",-117.16019065,32.719922869999998
6650959,2014,2014-10-09,3711,2014-09-28,1412,5209,,7,5,7,3711,0,0,0,,0,115,"GENESEE AV",RADCLIFFE,20.00,S,N,A,-,N,,,,,,,,,,N,3,0,1,2,A,-,09,21801,A,N,D,G,A,A,H,-,A,D,0,,Y,,,Y,,A,01,0,1,0,0,0,0,1,0,0,"- ","- ",,,"SAN DIEGO","SAN DIEGO",-117.20397131,32.852195700000003
6656903,2014,2014-11-12,3711,2014-09-24,0919,4823,SD,3,5,7,3711,0,0,0,,0,515,"25TH ST","MARKET ST",0.00,,Y,A,-,N,,,,,,,,,,N,3,0,2,3,A,-,11,21456,B,N,G,B,B,A,H,-,A,A,0,Y,,,,Y,,N,60,0,2,0,0,2,0,0,0,0,"- ","- ",,,"SAN DIEGO","SAN DIEGO",-117.14027009,32.71160012
6659230,2014,2014-11-26,3711,2014-09-28,1931,5972,,7,5,7,3711,0,0,0,,0,831,"ORANGE AV","46TH ST",0.00,,Y,A,-,N,,,,,,,,,,N,3,0,2,3,A,-,10,21950,A,N,G,B,B,A,H,-,E,D,0,Y,,,,Y,Y,A,01,0,2,0,0,2,0,0,0,0,"- ","- ",,,"SAN DIEGO","SAN DIEGO",-117.09546002,32.75312005
6661857,2014,2014-12-15,3711,2014-10-01,1156,6104,,3,5,7,3711,0,0,0,,0,611,"SPORTS ARENA BL","KEMPER ST",540.00,E,N,A,-,N,,,,,,,,,,N,4,0,1,2,A,-,05,21650,1,N,D,G,A,A,H,-,A,D,0,,Y,,,Y,,L,04,0,0,1,0,0,0,1,0,0,"- ","- ",,,"SAN DIEGO","SAN DIEGO",-117.21210051,32.753676579999997
6661905,2014,2014-12-12,3711,2014-10-01,1700,5046,,3,5,7,3711,0,0,0,,0,122,"INGRAHAM ST","THOMAS AV",0.00,,Y,A,-,N,,,,,,,,,,N,3,0,1,2,A,-,05,21650,1,N,A,G,A,A,H,-,A,A,0,,Y,,,Y,,L,04,0,1,0,0,0,0,1,0,0,"- ","- ",,,"SAN DIEGO","SAN DIEGO",-117.23995007000001,32.796860090000003
6661948,2014,2014-11-12,3711,2014-09-16,1335,3268,,2,5,7,3711,0,0,0,,0,124,"NAUTILUS ST","NEPTUNE AV",15.00,E,N,A,-,N,,,,,,,,,,N,3,0,1,2,A,-,00,23103,A,N,G,B,-,A,H,-,A,D,0,Y,,,,Y,,-,,0,1,0,0,1,0,0,0,0,"- ","- ",,,"SAN DIEGO","SAN DIEGO",-117.28062301999999,32.83090077
6661952,2014,2016-01-05,3711,2014-09-30,2130,6686,,2,5,7,3711,0,0,0,,0,813,"31ST ST","NORTH PARK WY",0.00,,Y,A,-,N,,,,,,,,,,N,4,0,1,2,A,-,09,21802,A,N,D,G,A,A,H,-,C,A,0,,Y,,,Y,,-,,0,0,1,0,0,0,1,0,0,"- ","- ",,,"SAN DIEGO","SAN DIEGO",-117.12716011000001,32.74744012
6661956,2014,2014-12-02,3711,2014-09-25,0730,6459,122,4,5,7,3711,0,0,0,,0,122,"MAGNOLIA AV","2800 MAGNOLIA AV",0.00,,-,A,-,N,,,,,,,,,,N,3,0,1,2,A,-,11,21950,B,N,G,B,D,A,H,-,A,D,0,Y,,,,Y,,-,"- ",0,1,0,0,1,0,0,0,0,"- ","- ",,,"SAN DIEGO","SAN DIEGO",-116.96232677,32.825045060000001
6664580,2014,2016-02-23,3711,2014-10-05,1956,6886,SD,7,5,7,3711,0,0,0,,0,828,"UNIVERSITY AV","UNIVERSITY AV 4900 BLOCK",0.00,,-,A,-,N,,,,,,,,,,N,4,0,1,2,A,-,11,21954,A,N,G,B,D,A,H,-,C,D,0,Y,,,,Y,,N,60,0,0,1,0,1,0,0,0,0,"- ","- ",,,"SAN DIEGO","SAN DIEGO",,
6666854,2014,2014-12-02,3711,2014-10-02,1110,7185,,4,5,7,3711,0,0,0,,0,524,"C ST","14TH ST",70.00,W,N,A,-,N,,,,,,,,,,N,3,0,1,2,A,I,"- ",,,N,G,B,E,A,H,-,A,D,0,Y,,,,Y,,N,60,0,1,0,0,1,0,0,0,0,"- ","- ",,,"SAN DIEGO","SAN DIEGO",-117.15217683,32.716790000000003
6668813,2014,2014-12-15,3711,2014-10-11,0230,6892,,6,5,7,3711,0,0,0,,0,627,"UNIVERSITY AV","8TH AV",0.00,,Y,B,-,N,,,,,,,,,,N,3,0,1,2,A,-,08,22102,,N,A,G,A,A,-,-,C,A,0,,Y,,,Y,,-,,0,1,0,0,0,0,1,0,0,"- ","- ",,,"SAN DIEGO","SAN DIEGO",-117.15741989,32.748390039999997
6672418,2014,2014-12-17,3711,2014-10-03,0037,3815,,5,5,7,3711,0,0,0,,0,122,"GRAND AV","LAMONT ST",239.00,E,N,A,-,N,,,,,,,,,,Y,3,0,1,2,A,-,11,21954,A,N,G,B,D,A,H,-,C,D,0,Y,,,,Y,Y,N,60,0,1,0,0,1,0,0,0,0,"- ","- ",,,"SAN DIEGO","SAN DIEGO",-117.23410349,32.799467079999999
6672419,2014,2015-01-29,3711,2014-10-14,0728,5611,,2,5,7,3711,0,0,0,,0,242,"BLACK MOUNTAIN RD","HILLERY DR",528.00,S,N,B,-,N,,,,,,,,,,N,4,0,1,2,A,-,"- ",,,N,D,G,A,A,H,-,A,A,0,,Y,,,Y,,L,04,0,0,1,0,0,0,1,0,0,"- ","- ",,,"SAN DIEGO","SAN DIEGO",-117.12435775,32.911424359999998
6672426,2014,2015-02-09,3711,2014-10-12,1319,6259,,7,5,7,3711,0,0,0,,0,441,"SOUTH 43RD ST","NATIONAL AV",0.00,,Y,A,-,N,,,,,,,,,,N,3,0,1,2,A,-,10,21950,A,N,D,B,B,A,H,-,A,A,0,Y,,,,Y,,-,,0,1,0,0,1,0,0,0,0,"- ","- ",,,"SAN DIEGO","SAN DIEGO",-117.1025801,32.696450110000001