CASE_ID,ACCIDENT_YEAR,PROC_DATE,JURIS,COLLISION_DATE,COLLISION_TIME,OFFICER_ID,REPORTING_DISTRICT,DAY_OF_WEEK,CHP_SHIFT,POPULATION,CNTY_CITY_LOC,SPECIAL_COND,BEAT_TYPE,CHP_BEAT_TYPE,CITY_DIVISION_LAPD,CHP_BEAT_CLASS,BEAT_NUMBER,PRIMARY_RD,SECONDARY_RD,DISTANCE,DIRECTION,INTERSECTION,WEATHER_1,WEATHER_2,STATE_HWY_IND,CALTRANS_COUNTY,CALTRANS_DISTRICT,STATE_ROUTE,ROUTE_SUFFIX,POSTMILE_PREFIX,POSTMILE,LOCATION_TYPE,RAMP_INTERSECTION,SIDE_OF_HWY,TOW_AWAY,COLLISION_SEVERITY,NUMBER_KILLED,NUMBER_INJURED,PARTY_COUNT,PRIMARY_COLL_FACTOR,PCF_CODE_OF_VIOL,PCF_VIOL_CATEGORY,PCF_VIOLATION,PCF_VIOL_SUBSECTION,HIT_AND_RUN,TYPE_OF_COLLISION,MVIW,PED_ACTION,ROAD_SURFACE,ROAD_COND_1,ROAD_COND_2,LIGHTING,CONTROL_DEVICE,CHP_ROAD_TYPE,PEDESTRIAN_ACCIDENT,BICYCLE_ACCIDENT,MOTORCYCLE_ACCIDENT,TRUCK_ACCIDENT,NOT_PRIVATE_PROPERTY,ALCOHOL_INVOLVED,STWD_VEHTYPE_AT_FAULT,CHP_VEHTYPE_AT_FAULT,COUNT_SEVERE_INJ,COUNT_VISIBLE_INJ,COUNT_COMPLAINT_PAIN,COUNT_PED_KILLED,COUNT_PED_INJURED,COUNT_BICYCLIST_KILLED,COUNT_BICYCLIST_INJURED,COUNT_MC_KILLED,COUNT_MC_INJURED,PRIMARY_RAMP,SECONDARY_RAMP,LATITUDE,LONGITUDE,COUNTY,CITY,POINT_X,POINT_Y
6672431,2014,2014-12-16,3711,2014-10-14,1445,7162,,2,5,7,3711,0,0,0,,0,714,"RAIL CT","SAN YSIDRO BL",129.00,E,N,A,-,N,,,,,,,,,,N,4,0,1,2,D,-,00,,,N,G,B,F,A,H,-,A,D,0,Y,,,,Y,,-,"- ",0,0,1,0,1,0,0,0,0,"- ","- ",,,"SAN DIEGO","SAN DIEGO",-117.02852208,32.543888979999998
6675222,2014,2014-12-09,3711,2014-10-27,1930,7184,,1,5,7,3711,0,0,0,,0,S12,"GREGORY ST","WEBSTER AV",150.00,S,N,A,-,N,,,,,,,,,,N,4,0,1,2,A,-,21,22106,,N,G,B,E,A,E,H,C,D,0,Y,,,,Y,,-,,0,0,1,0,1,0,0,0,0,"- ","- ",,,"SAN DIEGO","SAN DIEGO",-117.12187826,32.704009229999997
6678214,2017,2019-04-05,3711,2017-11-13,0235,6553,,1,5,7,3711,0,0,0,,0,313,"LIGHTWAVE AV","ARIVA WY",129.00,E,N,A,-,N,,,,,,,,,,N,1,1,0,2,C,-,18,,,N,G,B,E,A,H,-,C,D,0,Y,,,Y,Y,,-,"- ",0,0,0,1,0,0,0,0,0,"- ","- ",,,"SAN DIEGO","SAN DIEGO",-117.1391952,32.829024680000003
6678217,2017,2019-04-05,3711,2017-11-22,2041,4576,,3,5,7,3711,0,0,0,,0,441,"LOGAN AV","SOUTH 47TH ST",53.00,W,N,A,-,N,,,,,,,,,,N,1,1,0,2,A,-,11,21954,A,F,G,B,D,A,H,-,C,A,0,Y,,,,Y,,N,60,0,0,0,1,0,0,0,0,0,"- ","- ",,,"SAN DIEGO","SAN DIEGO",-117.09392167999999,32.69679172
6678272,2014,2015-12-30,3711,2014-09-30,2200,3792,3711,2,5,7,3711,0,0,0,,0,437,"APPIAN DR","WOODMAN ST",134.00,E,N,-,-,N,,,,,,,,,,N,1,1,0,2,D,-,00,,,F,G,B,E,A,H,-,C,D,0,Y,,,,Y,Y,-,"- ",0,0,0,1,0,0,0,0,0,"- ","- ",,,"SAN DIEGO","SAN DIEGO",-117.03966607,32.677338429999999
6679956,2014,2014-12-22,3711,2014-10-23,2039,6800,,4,5,7,3711,0,0,0,,0,628,"INDIA ST","WEST WASHINGTON ST",0.00,,Y,A,-,N,,,,,,,,,,N,3,0,1,2,A,-,"- ",,,N,G,B,D,A,H,-,C,D,0,Y,,,,Y,,-,,0,1,0,0,1,0,0,0,0,"- ","- ",,,"SAN DIEGO","SAN DIEGO",-117.18129012999999,32.743280059999996
6680468,2014,2014-12-12,3711,2014-10-17,2044,6648,,5,5,7,3711,0,0,0,,0,813,"UNIVERSITY AV","32ND ST",0.00,,Y,A,-,N,,,,,,,,,,N,3,0,1,2,A,-,05,21202,A,N,A,G,A,A,H,-,C,A,0,,Y,,,Y,Y,L,04,0,1,0,0,0,0,1,0,0,"- ","- ",,,"SAN DIEGO","SAN DIEGO",-117.12521005000001,32.748500010000001
6680801,2014,2014-12-12,3711,2014-10-16,1625,6423,,4,5,7,3711,0,0,0,,0,451,"54TH ST","ELM ST",134.00,S,N,A,-,N,,,,,,,,,,N,3,0,1,2,A,-,11,21954,A,N,G,B,D,A,H,-,D,D,0,Y,,,,Y,,N,60,0,1,0,0,1,0,0,0,0,"- ","- ",,,"SAN DIEGO","SAN DIEGO",-117.08492,32.7241
6681372,2014,2014-12-15,3711,2014-10-20,1444,6395,SD,1,5,7,3711,0,0,0,,0,712,"BEYER BL","W PARK AV",0.00,,Y,A,-,N,,,,,,,,,,N,3,0,1,2,A,-,11,21950,B,N,G,B,B,A,H,-,A,A,0,Y,,,,Y,,N,60,0,1,0,0,1,0,0,0,0,"- ","- ",,,"SAN DIEGO","SAN DIEGO",-117.04454,32.558320019999996
6681388,2014,2014-12-15,3711,2014-10-18,1752,6009,ESTRN,6,5,7,3711,0,0,0,,0,315,"CAMINO DE LA REINA","QUALCOMM WY",0.00,,Y,A,-,N,,,,,,,,,,N,3,0,1,2,A,-,11,21456,B,N,G,B,-,A,H,-,B,A,0,Y,,,,Y,,N,60,0,1,0,0,1,0,0,0,0,"- ","- ",,,"SAN DIEGO","SAN DIEGO",-117.14019003,32.772020070000003
6688921,2014,2014-12-26,3711,2014-10-23,1629,8824,,4,5,7,3711,0,0,0,,0,313,"CLAIREMONT MESA BL","KEARNY VILLA RD",0.00,,Y,A,-,N,,,,,,,,,,N,4,0,1,2,A,-,12,21453,A,N,D,G,A,A,H,-,A,A,0,,Y,,,Y,,L,04,0,0,1,0,0,0,1,0,0,"- ","- ",,,"SAN DIEGO","SAN DIEGO",-117.13842006,32.831530100000002
6689155,2014,2014-12-22,3711,2014-10-21,0710,7103,,2,5,7,3711,0,0,0,,0,437,"DUSK DR","PERTH PL",600.00,N,N,B,-,N,,,,,,,,,,N,3,0,1,2,A,-,11,21954,A,N,G,B,D,A,H,-,A,D,0,Y,,,,Y,,N,60,0,1,0,0,1,0,0,0,0,"- ","- ",,,"SAN DIEGO","SAN DIEGO",-117.04986663,32.679920070000001
6689195,2014,2014-12-22,3711,2014-10-23,0800,6043,,4,5,7,3711,0,0,0,,0,234,"WEST BERNARDO DR","POBLADO RD",15.00,S,N,A,-,N,,,,,,,,,,N,4,0,1,3,A,-,10,21950,A,N,G,B,B,A,H,-,A,A,0,Y,,,,Y,,A,01,0,0,1,0,1,0,0,0,0,"- ","- ",,,"SAN DIEGO","SAN DIEGO",-117.08242405,33.026329220000001
6689199,2014,2014-12-22,3711,2014-10-23,1249,7165,,4,5,7,3711,0,0,0,,0,813,"EL CAJON BL","OREGON ST",200.00,E,N,A,-,N,,,,,,,,,,N,4,0,1,2,A,-,17,22517,,N,H,G,A,A,H,-,A,D,0,,Y,,,Y,,-,,0,0,1,0,0,0,1,0,0,"- ","- ",,,"SAN DIEGO","SAN DIEGO",-117.13448167,32.755385189999998
6690564,2014,2014-12-24,3711,2014-10-22,0728,5498,,3,5,7,3711,0,0,0,,0,723,"PALM AV","PICCARD AV",17.00,E,N,A,-,N,,,,,,,,,,N,4,0,1,2,A,-,10,21950,A,N,G,B,B,A,H,-,A,A,0,Y,,,,Y,,A,01,0,0,1,0,1,0,0,0,0,"- ","- ",,,"SAN DIEGO","SAN DIEGO",-117.05042501,32.583819269999999
6690583,2014,2014-12-24,3711,2014-10-23,1601,6332,,4,5,7,3711,0,0,0,,0,831,"UNIVERSITY AV","47TH ST",3.00,E,N,A,-,N,,,,,,,,,,N,3,0,1,2,A,-,08,22107,,M,B,B,D,-,H,-,A,-,0,Y,,,,Y,,-,,0,1,0,0,1,0,0,0,0,"- ","- ",,,"SAN DIEGO","SAN DIEGO",-117.09332028,32.749569809999997
6690596,2014,2014-12-24,3711,2014-10-17,0924,6871,,5,5,7,3711,0,0,0,,0,451,"EUCLID AV","FEDERAL BL",0.00,,Y,B,-,N,,,,,,,,,,N,3,0,1,2,A,-,10,21950,A,N,G,B,B,A,H,-,A,A,0,Y,,,,Y,,-,,0,1,0,0,1,0,0,0,0,"- ","- ",,,"SAN DIEGO","SAN DIEGO",-117.08495001,32.721420090000002
6695167,2014,2015-01-07,3711,2014-11-03,1643,4821,,1,5,7,3711,0,0,0,,0,313,"CLAIREMONT MESA BL","KEARNY MESA RD",35.00,W,N,A,-,N,,,,,,,,,,N,3,0,1,2,A,-,08,22107,,N,D,G,A,A,H,-,A,D,0,,Y,,,Y,,A,01,0,1,0,0,0,0,1,0,0,"- ","- ",,,"SAN DIEGO","SAN DIEGO",-117.14364356,32.832920000000001
6695352,2014,2016-02-23,3711,2014-10-29,1035,6992,,3,5,7,3711,0,0,0,,0,521,"17TH ST","K ST",169.00,S,N,A,-,N,,,,,,,,,,N,4,0,1,2,A,-,21,22106,,N,G,B,D,A,H,-,A,D,0,Y,,,,Y,,-,,0,0,1,0,1,0,0,0,0,"- ","- ",,,"SAN DIEGO","SAN DIEGO",-117.14854341,32.707887190000001
6696986,2014,2014-12-31,3711,2014-10-30,1256,5491,SANDI,4,5,7,3711,0,0,0,,0,525,"WEST BROADWAY","COLUMBIA ST",0.00,,Y,A,-,N,,,,,,,,,,N,4,0,1,2,A,-,10,21950,A,N,G,B,B,A,H,-,A,A,0,Y,,,,Y,,-,,0,0,1,0,1,0,0,0,0,"- ","- ",,,"SAN DIEGO","SAN DIEGO",-117.16742012,32.715760080000003
6699471,2014,2014-12-01,3711,2014-09-29,2250,6640,"SAN D",1,5,7,3711,0,0,0,,0,327,"MONTEZUMA RD","LADORNA ST",210.00,W,N,A,-,N,,,,,,,,,,N,4,0,1,2,A,-,10,21950,C,M,G,B,E,A,H,-,C,D,0,Y,,,,Y,,-,99,0,0,1,0,1,0,0,0,0,"- ","- ",,,"SAN DIEGO","SAN DIEGO",-117.05968385,32.769597599999997
6701059,2014,2015-01-08,3711,2014-11-09,1612,8892,SANDI,7,5,7,3711,0,0,0,,0,531,"PARK BL","PRESIDENTS WY",528.00,N,N,A,-,N,,,,,,,,,,N,3,0,1,2,A,-,08,22107,,N,B,B,E,A,H,-,A,D,0,Y,,,,Y,,D,22,0,1,0,0,1,0,0,0,0,"- ","- ",,,"SAN DIEGO","SAN DIEGO",-117.1496191,32.726758859999997
6701061,2014,2015-01-08,3711,2014-11-11,1305,7121,SD,2,5,7,3711,0,0,0,,0,627,"5TH AV","WASHINGTON ST",0.00,,Y,B,-,N,,,,,,,,,,N,4,0,1,2,A,-,10,21950,A,N,G,B,B,A,H,-,A,A,0,Y,,,,Y,,A,01,0,0,1,0,1,0,0,0,0,"- ","- ",,,"SAN DIEGO","SAN DIEGO",-117.16083003,32.75000009
6701065,2014,2015-01-08,3711,2014-11-10,1153,5985,,1,5,7,3711,0,0,0,,0,524,"1ST AV","A AV",100.00,W,N,A,-,N,,,,,,,,,,N,3,0,1,2,A,-,10,21950,A,N,G,B,B,A,H,-,A,A,0,Y,,,,Y,,A,07,0,1,0,0,1,0,0,0,0,"- ","- ",,,"SAN DIEGO","SAN DIEGO",-117.16383999999999,32.718829999999997
6701097,2014,2015-01-08,3711,2014-11-10,1600,4654,,1,5,7,3711,0,0,0,,0,327,"MONTEZUMA RD","ART ST",255.00,E,N,A,-,N,,,,,,,,,,N,3,0,1,2,A,-,09,21801,A,N,-,G,A,A,H,-,A,D,0,,Y,,,Y,,-,,0,1,0,0,0,0,1,0,0,"- ","- ",,,"SAN DIEGO","SAN DIEGO",-117.06248178,32.770114679999999
6703718,2014,2015-01-08,3711,2014-11-06,1525,7196,,4,5,7,3711,0,0,0,,0,312,MONTEZUMA,"63RD AV",110.00,W,N,A,-,N,,,,,,,,,,N,3,0,1,2,A,-,05,21650,1,N,A,G,A,A,H,-,A,A,0,,Y,,,Y,,L,04,0,1,0,0,0,0,1,0,0,"- ","- ",,,"SAN DIEGO","SAN DIEGO",-117.06474909000001,32.770531599999998
6703878,2014,2015-01-09,9645,2014-11-06,0755,012460,,4,1,7,3711,0,3,5,,2,024,"DOVE CANYON RD","CAMINO SAN BERNARDO",3.00,N,N,A,-,N,,,,,,,,,,N,4,0,1,2,A,-,10,21950,A,N,G,B,B,A,H,-,A,A,0,Y,,,,Y,,D,22,0,0,1,0,1,0,0,0,0,"- ","- ",33.01032,-117.11178,"SAN DIEGO","SAN DIEGO",-117.11156355,33.010217650000001
6705280,2014,2016-02-23,3711,2014-10-30,0759,7000,,4,5,7,3711,0,0,0,,0,713,"SIEMPRE VIVA RD","OTAY CENTER DR",3.00,E,N,A,-,N,,,,,,,,,,N,3,0,1,2,A,-,09,21802,A,N,G,B,B,A,H,-,A,A,0,Y,,,,Y,,-,,0,1,0,0,1,0,0,0,0,"- ","- ",,,"SAN DIEGO","SAN DIEGO",-116.94242192999999,32.55406456
6705500,2014,2015-01-08,3711,2014-11-04,1107,5600,,2,5,7,3711,0,0,0,,0,115,"GENESEE AV","REGENTS AV",0.00,,Y,A,-,N,,,,,,,,,,N,3,0,1,2,A,-,12,21453,A,M,G,B,B,A,H,-,A,A,0,Y,,,,Y,,-,99,0,1,0,0,1,0,0,0,0,"- ","- ",,,"SAN DIEGO","SAN DIEGO",-117.21816011,32.880820030000002
6705508,2014,2015-01-07,3711,2014-11-05,1603,7199,,3,5,7,3711,0,0,0,,0,122,"FANUEL ST","GARNET AV",0.00,,Y,A,-,N,,,,,,,,,,N,4,0,1,2,A,-,10,21950,A,N,G,B,B,A,H,-,A,A,0,Y,,,,Y,,A,01,0,0,1,0,1,0,0,0,0,"- ","- ",,,"SAN DIEGO","SAN DIEGO",-117.24635001999999,32.798530049999997
6705519,2014,2015-01-08,3711,2014-11-01,0216,6513,,6,5,7,3711,0,0,0,,0,521,"11TH AV","F ST",85.00,N,N,B,-,N,,,,,,,,,,Y,3,0,1,2,A,-,11,21954,A,N,G,B,D,A,H,-,C,D,0,Y,,,,Y,Y,N,60,0,1,0,0,1,0,0,0,0,"- ","- ",,,"SAN DIEGO","SAN DIEGO",-117.15469,32.713872850000001
6706125,2014,2014-12-03,3711,2014-10-12,0119,5972,,7,5,7,3711,0,0,0,,0,614,"SUNSET CLIFFS BL","POINT LOMA BL",0.00,,Y,A,-,N,,,,,,,,,,N,2,0,1,2,A,-,12,21453,A,F,G,G,A,A,H,-,C,A,0,,Y,,,Y,Y,-,99,1,0,0,0,0,0,1,0,0,"- ","- ",,,"SAN DIEGO","SAN DIEGO",-117.24227012,32.750940100000001
6708048,2014,2015-01-20,3711,2014-11-12,0730,6925,,3,5,7,3711,0,0,0,,0,312,"SANTO RD","PORTO CT",9.00,S,N,B,-,N,,,,,,,,,,N,4,0,2,3,A,-,11,21456,B,N,G,B,B,A,H,-,A,A,0,Y,,,,Y,,N,60,0,0,2,0,2,0,0,0,0,"- ","- ",,,"SAN DIEGO","SAN DIEGO",-117.10403134000001,32.825755370000003
6710893,2014,2015-01-07,3711,2014-11-07,1254,6063,,5,5,7,3711,0,0,0,,0,122,"MISSION BAY DR",GLENDORA,78.00,S,N,A,-,N,,,,,,,,,,N,3,0,1,2,A,-,08,22107,,N,C,G,A,A,H,-,A,D,0,,Y,,,Y,,L,04,0,1,0,0,0,0,1,0,0,"- ","- ",,,"SAN DIEGO","SAN DIEGO",-117.2148548,32.801565830000001
6710910,2014,2015-01-23,3711,2014-11-13,1945,8824,SANDI,4,5,7,3711,0,0,0,,0,614,"SUNSET CLIFFS BL","LONG BRANCH AV",24.00,S,N,A,-,N,,,,,,,,,,N,3,0,1,2,A,-,11,21950,B,N,G,B,D,A,H,-,C,D,0,Y,,,,Y,,N,60,0,1,0,0,1,0,0,0,0,"- ","- ",,,"SAN DIEGO","SAN DIEGO",-117.24427459,32.748626119999997
6713283,2014,2015-01-09,3711,2014-11-13,1813,5046,,4,5,7,3711,0,0,0,,0,437,"PARADISE VALLEY RD","BRIARWOOD RD",0.00,,Y,A,-,N,,,,,,,,,,N,3,0,2,3,A,-,11,21456,B,M,G,B,B,A,H,-,C,A,0,Y,,,,Y,,N,60,0,2,0,0,2,0,0,0,0,"- ","- ",,,"SAN DIEGO","SAN DIEGO",-117.03679012000001,32.691760090000002
6718326,2015,2015-03-16,3711,2015-01-07,1720,4243,,3,5,7,3711,0,0,0,,0,234,"RANCHO BERNARDO RD","ACENA DR",0.00,,Y,A,-,N,,,,,,,,,,N,1,1,0,2,A,-,10,21950,A,N,G,B,B,A,H,-,B,A,0,Y,,,,Y,,A,01,0,0,0,1,0,0,0,0,0,"- ","- ",,,"SAN DIEGO","SAN DIEGO",-117.07014001,33.02257006
6718329,2015,2015-03-16,3711,2015-01-15,1554,5046,,4,5,7,3711,0,0,0,,0,627,"RICHMOND ST","ESSEX ST",0.00,,Y,A,-,N,,,,,,,,,,Y,1,1,0,2,A,-,10,21950,A,N,G,B,B,A,H,-,A,A,0,Y,,,,Y,,A,01,0,0,0,1,0,0,0,0,0,"- ","- ",,,"SAN DIEGO","SAN DIEGO",-117.15122006999999,32.747440079999997
6718338,2015,2017-04-04,3711,2015-01-12,1120,5838,,1,5,7,3711,0,0,0,,0,721,"RT 75","16TH ST",872.00,W,N,A,-,Y,SD,11,75,-,-,9.880,H,-,N,Y,1,1,1,2,A,-,11,21954,A,N,G,B,D,A,H,-,A,D,0,Y,,Y,,Y,Y,N,60,0,1,0,1,0,0,0,0,1,"- ","- ",,,"SAN DIEGO","SAN DIEGO",-117.102467,32.583952600000003
6718629,2017,2018-02-20,3711,2017-12-11,2116,6146,,1,5,7,3711,0,0,0,,0,826,"EL CAJON BL","50TH ST",66.00,W,N,A,-,N,,,,,,,,,,N,1,1,0,2,A,-,11,21954,A,N,G,B,D,A,H,-,C,D,0,Y,,,,Y,,N,60,0,0,0,1,0,0,0,0,0,"- ","- ",,,"SAN DIEGO","SAN DIEGO",-117.08704138,32.756762080000001
6720346,2014,2014-12-04,3711,2014-09-27,2038,6702,,6,5,7,3711,0,0,0,,0,528,"INDIA ST","W IVY ST",0.00,,Y,A,-,N,,,,,,,,,,N,4,0,1,2,A,-,08,22107,,N,B,G,A,A,H,-,D,D,0,,Y,,,Y,Y,L,04,0,0,1,0,0,0,1,0,0,"- ","- ",,,"SAN DIEGO","SAN DIEGO",-117.16983007,32.727380089999997
6721832,2014,2015-01-13,3711,2014-11-21,0802,7025,,5,5,7,3711,0,0,0,,0,313,"MURPHY CANYON RD","CLAIREMONT MESA BL",3168.00,S,N,B,-,N,,,,,,,,,,N,3,0,1,3,A,-,21,22106,,N,C,B,E,A,H,-,A,D,0,Y,,,,Y,,-,,0,1,0,0,1,0,0,0,0,"- ","- ",,,"SAN DIEGO","SAN DIEGO",-117.11914504000001,32.824669059999998
6727930,2014,2015-01-14,3711,2014-11-30,2000,6693,,7,5,7,3711,0,0,0,,0,313,"RAYTHEON RD","CONVOY ST",0.00,,Y,A,-,N,,,,,,,,,,N,4,0,3,4,A,-,"- ",,,N,G,B,B,A,H,-,C,D,0,Y,,,,Y,,-,,0,0,3,0,3,0,0,0,0,"- ","- ",,,"SAN DIEGO","SAN DIEGO",-117.15326012,32.830860100000002
6727950,2014,2015-01-14,3711,2014-11-25,1740,7227,,2,5,7,3711,0,0,0,,0,721,"SATURN BL","ELM AV",528.00,S,N,A,-,N,,,,,,,,,,N,4,0,1,2,A,-,11,21955,,N,G,B,D,A,H,-,C,D,0,Y,,,,Y,,N,60,0,0,1,0,1,0,0,0,0,"- ","- ",,,"SAN DIEGO","SAN DIEGO",-117.09267920000001,32.5791738
6727970,2014,2015-01-15,3711,2014-11-25,1105,4491,,2,5,7,3711,0,0,0,,0,433,65TH,HERRICK,50.00,S,N,A,-,N,,,,,,,,,,N,4,0,1,2,A,-,21,22106,,N,G,B,E,A,H,-,A,D,0,Y,,,,Y,,-,,0,0,1,0,1,0,0,0,0,"- ","- ",,,"SAN DIEGO","SAN DIEGO",-117.05807483,32.711283119999997
6731745,2014,2015-02-12,3711,2014-12-05,0644,5540,,5,5,7,3711,0,0,0,,0,S12,"32ND ST","OCEAN VIEW BL",0.00,,Y,A,-,N,,,,,,,,,,Y,3,0,1,2,A,-,00,12500,A,N,-,B,B,A,H,-,A,A,0,Y,,,,Y,,-,,0,1,0,0,1,0,0,0,0,"- ","- ",,,"SAN DIEGO","SAN DIEGO",-117.12519012,32.70119004
6731802,2014,2015-01-22,3711,2014-11-29,0828,6774,SANDI,6,5,7,3711,0,0,0,,0,813,"33RD ST","LANDIS ST",56.00,N,N,A,-,N,,,,,,,,,,N,2,0,1,2,A,-,21,22106,,N,G,B,E,A,H,-,A,D,0,Y,,,,Y,,A,07,1,0,0,0,1,0,0,0,0,"- ","- ",,,"SAN DIEGO","SAN DIEGO",-117.12284,32.745723400000003
6731842,2014,2015-01-29,3711,2014-12-10,1300,7065,,3,5,7,3711,0,0,0,,0,825,"FAIRMOUNT AV","ALVARADO CYN RD",96.00,S,N,A,-,N,,,,,,,,,,N,4,0,1,2,A,-,08,22107,,N,D,G,A,A,H,-,A,D,0,,Y,,,Y,,L,04,0,0,1,0,0,0,1,0,0,"- ","- ",,,"SAN DIEGO","SAN DIEGO",-117.10161981,32.779949029999997
6731869,2014,2015-01-30,3711,2014-12-03,1920,4939,,3,5,7,3711,0,0,0,,0,821,"COLLEGE AV","ACORN ST",0.00,,Y,C,-,N,,,,,,,,,,N,4,0,1,2,A,-,03,22350,,N,G,B,B,B,H,-,C,A,0,Y,,,,Y,,-,,0,0,1,0,1,0,0,0,0,"- ","- ",,,"SAN DIEGO","SAN DIEGO",-117.06638012000001,32.759590039999999
6731874,2014,2015-01-29,3711,2014-12-08,1431,5953,,1,5,7,3711,0,0,0,,0,511,"CESAR E CHAVEZ PKWY","NATIONAL AV",10.00,S,N,A,-,N,,,,,,,,,,N,3,0,1,2,A,-,10,21950,A,N,G,B,B,A,H,-,A,A,0,Y,,,,Y,,-,,0,1,0,0,1,0,0,0,0,"- ","- ",,,"SAN DIEGO","SAN DIEGO",-117.14506031000001,32.700638650000002
6731885,2014,2015-02-17,3711,2014-12-05,1015,6284,839,5,5,7,3711,0,0,0,,0,,"UNIVERSITY AV",CHEROKEE,3.00,W,N,B,-,N,,,,,,,,,,N,4,0,1,2,A,-,05,21650,1,N,D,G,A,A,H,-,A,D,0,,Y,,,Y,,L,04,0,0,1,0,0,0,1,0,0,"- ","- ",,,"SAN DIEGO","SAN DIEGO",-117.11434972000001,32.749720160000003
6731909,2014,2016-02-23,3711,2014-12-06,1820,7118,CENTR,6,5,7,3711,0,0,0,,0,527,"6TH ST","MAPLE ST",0.00,,Y,A,-,N,,,,,,,,,,N,3,0,1,2,A,-,11,21950,B,N,G,B,D,A,H,-,C,A,0,Y,,,,Y,,N,60,0,1,0,0,1,0,0,0,0,"- ","- ",,,"SAN DIEGO","SAN DIEGO",-117.15945005,32.73241007
6738691,2014,2015-01-29,3711,2014-12-07,1030,5985,,7,5,7,3711,0,0,0,,0,521,BROADWAY,"PARK BL",0.00,,Y,A,-,N,,,,,,,,,,N,3,0,1,2,A,-,11,21950,B,N,G,B,B,A,H,-,A,A,0,Y,,,,Y,,N,60,0,1,0,0,1,0,0,0,0,"- ","- ",,,"SAN DIEGO","SAN DIEGO",-117.15377006,32.715740099999998
6738961,2014,2015-01-29,3711,2014-11-21,1545,6734,,5,5,7,3711,0,0,0,,0,613,"WEST POINT LOMA BL","GROTON ST",4.00,E,N,A,-,N,,,,,,,,,,N,4,0,1,2,A,-,12,21453,A,N,D,B,D,A,H,-,A,A,0,Y,,,,Y,,-,,0,0,1,0,1,0,0,0,0,"- ","- ",,,"SAN DIEGO","SAN DIEGO",-117.22192803,32.754344209999999
6738966,2014,2015-01-16,3711,2014-11-22,2330,7207,,6,5,7,3711,0,0,0,,0,813,30TH,"GUNN ST",0.00,,Y,A,-,N,,,,,,,,,,N,4,0,1,2,A,-,10,21950,A,M,G,B,B,A,H,-,C,D,0,Y,,,,Y,,-,,0,0,1,0,1,0,0,0,0,"- ","- ",,,"SAN DIEGO","SAN DIEGO",-117.13008013,32.746320040000001
6738982,2014,2015-01-29,3711,2014-11-19,1600,7208,,3,5,7,3711,0,0,0,,0,242,"CAPRICORN WY","CAMINO RUIZ",0.00,,Y,A,-,N,,,,,,,,,,N,4,0,1,3,A,-,10,21950,A,N,G,B,B,A,H,-,A,A,0,Y,,,,Y,,-,,0,0,1,0,1,0,0,0,0,"- ","- ",,,"SAN DIEGO","SAN DIEGO",-117.14394004,32.925050089999999
6739493,2014,2015-01-23,3711,2014-11-21,2154,7168,,5,5,7,3711,0,0,0,,0,122,"OLNEY ST","GRAND AV",0.00,,Y,A,-,N,,,,,,,,,,N,4,0,1,2,A,-,10,21950,A,N,G,B,B,A,H,-,C,A,0,Y,,,,Y,,-,,0,0,1,0,1,0,0,0,0,"- ","- ",,,"SAN DIEGO","SAN DIEGO",-117.22929000000001,32.800350109999997
6748375,2014,2015-01-30,3711,2014-12-12,1915,5672,,5,5,7,3711,0,0,0,,0,313,"KEARNY MESA RD","ARMOUR ST",133.00,S,N,B,-,N,,,,,,,,,,Y,3,0,1,2,A,-,11,21954,A,N,G,B,D,B,H,-,D,D,0,Y,,,,Y,,N,60,0,1,0,0,1,0,0,0,0,"- ","- ",,,"SAN DIEGO","SAN DIEGO",-117.14907322000001,32.819616199999999
6748387,2014,2015-01-30,3711,2014-12-05,1705,6960,,5,5,7,3711,0,0,0,,0,111,"BALBOA AV","SHOPPING CENTER DRIVEWAY",0.00,,Y,A,-,N,,,,,,,,,,N,4,0,1,2,A,-,10,21950,A,N,G,B,B,A,H,-,C,A,0,Y,,,,Y,,A,01,0,0,1,0,1,0,0,0,0,"- ","- ",,,"SAN DIEGO","SAN DIEGO",-117.17997283,32.819882640000003
6749070,2014,2015-01-30,3711,2014-12-13,0214,7123,,6,5,7,3711,0,0,0,,0,933,"MANGO DR","DEL MAR HEIGHTS",0.00,,Y,C,-,N,,,,,,,,,,N,4,0,1,2,D,-,00,,,M,G,B,B,B,H,-,C,A,0,Y,,,,Y,,-,"- ",0,0,1,0,1,0,0,0,0,"- ","- ",,,"SAN DIEGO","SAN DIEGO",-117.24742005,32.94873012
6750342,2014,2015-02-05,3711,2014-11-20,2053,7199,,4,5,7,3711,0,0,0,,0,437,"WOODMAN ST",WINDWARD,164.00,N,N,A,-,N,,,,,,,,,,N,4,0,1,2,A,-,11,21954,A,N,G,B,E,A,H,-,C,A,0,Y,,,,Y,,N,60,0,0,1,0,1,0,0,0,0,"- ","- ",,,"SAN DIEGO","SAN DIEGO",-117.04929471,32.693916809999997
6765407,2014,2015-02-02,3711,2014-12-11,2337,5198,,4,5,7,3711,0,0,0,,0,243,"MIRAMAR RD","PRODUCTION AV",75.00,E,N,B,-,N,,,,,,,,,,N,2,0,1,2,A,-,11,21954,A,F,G,B,E,A,D,-,C,A,0,Y,,,,Y,Y,N,60,1,0,0,0,1,0,0,0,0,"- ","- ",,,"SAN DIEGO","SAN DIEGO",-117.16463176000001,32.878772400000003