CASE_ID,ACCIDENT_YEAR,PROC_DATE,JURIS,COLLISION_DATE,COLLISION_TIME,OFFICER_ID,REPORTING_DISTRICT,DAY_OF_WEEK,CHP_SHIFT,POPULATION,CNTY_CITY_LOC,SPECIAL_COND,BEAT_TYPE,CHP_BEAT_TYPE,CITY_DIVISION_LAPD,CHP_BEAT_CLASS,BEAT_NUMBER,PRIMARY_RD,SECONDARY_RD,DISTANCE,DIRECTION,INTERSECTION,WEATHER_1,WEATHER_2,STATE_HWY_IND,CALTRANS_COUNTY,CALTRANS_DISTRICT,STATE_ROUTE,ROUTE_SUFFIX,POSTMILE_PREFIX,POSTMILE,LOCATION_TYPE,RAMP_INTERSECTION,SIDE_OF_HWY,TOW_AWAY,COLLISION_SEVERITY,NUMBER_KILLED,NUMBER_INJURED,PARTY_COUNT,PRIMARY_COLL_FACTOR,PCF_CODE_OF_VIOL,PCF_VIOL_CATEGORY,PCF_VIOLATION,PCF_VIOL_SUBSECTION,HIT_AND_RUN,TYPE_OF_COLLISION,MVIW,PED_ACTION,ROAD_SURFACE,ROAD_COND_1,ROAD_COND_2,LIGHTING,CONTROL_DEVICE,CHP_ROAD_TYPE,PEDESTRIAN_ACCIDENT,BICYCLE_ACCIDENT,MOTORCYCLE_ACCIDENT,TRUCK_ACCIDENT,NOT_PRIVATE_PROPERTY,ALCOHOL_INVOLVED,STWD_VEHTYPE_AT_FAULT,CHP_VEHTYPE_AT_FAULT,COUNT_SEVERE_INJ,COUNT_VISIBLE_INJ,COUNT_COMPLAINT_PAIN,COUNT_PED_KILLED,COUNT_PED_INJURED,COUNT_BICYCLIST_KILLED,COUNT_BICYCLIST_INJURED,COUNT_MC_KILLED,COUNT_MC_INJURED,PRIMARY_RAMP,SECONDARY_RAMP,LATITUDE,LONGITUDE,COUNTY,CITY,POINT_X,POINT_Y
6765415,2014,2015-02-02,3711,2014-12-15,1604,6009,EASTE,1,5,7,3711,0,0,0,,0,321,"RANCHO MISSION RD","FRIARS RD",528.00,S,N,A,-,N,,,,,,,,,,N,4,0,1,2,A,-,11,21956,A,N,D,B,D,A,H,-,B,D,0,Y,,,,Y,,N,60,0,0,1,0,1,0,0,0,0,"- ","- ",,,"SAN DIEGO","SAN DIEGO",-117.10834964999999,32.787987970000003
6767072,2014,2015-02-05,3711,2014-12-20,2145,5972,,6,5,7,3711,0,0,0,,0,115,"GENESEE AV","LA JOLLA VILLAGE DR",0.00,,Y,A,-,N,,,,,,,,,,N,3,0,1,2,A,-,11,21456,B,N,G,B,B,A,H,-,C,A,0,Y,,,,Y,Y,N,60,0,1,0,0,1,0,0,0,0,"- ","- ",,,"SAN DIEGO","SAN DIEGO",-117.21416013,32.872610039999998
6767076,2014,2015-02-05,3711,2014-12-24,1341,6812,,3,5,7,3711,0,0,0,,0,111,"BALBOA AV","MOUNT ABERNATHY AV",0.00,,Y,A,-,N,,,,,,,,,,N,4,0,1,2,A,-,10,21950,A,M,D,G,A,A,H,-,A,A,0,,Y,,,Y,,-,,0,0,1,0,0,0,1,0,0,"- ","- ",,,"SAN DIEGO","SAN DIEGO",-117.17614002000001,32.820390019999998
6767083,2014,2015-02-09,3711,2014-12-22,2219,7176,,1,5,7,3711,0,0,0,,0,122,"MISSION BL","EMERALD ST",124.00,N,N,A,-,N,,,,,,,,,,N,3,0,2,3,A,-,03,22350,,N,G,B,D,-,H,-,C,D,0,Y,,,,Y,Y,-,,0,2,0,0,2,0,0,0,0,"- ","- ",,,"SAN DIEGO","SAN DIEGO",-117.25615677,32.798739750000003
6767091,2014,2015-02-05,3711,2014-12-23,1805,6671,,2,5,7,3711,0,0,0,,0,124,"JENNER ST","COAST BL S",18.00,E,N,A,-,N,,,,,,,,,,N,4,0,2,3,A,-,10,21950,A,N,G,B,B,A,H,-,D,D,0,Y,,,,Y,Y,-,,0,0,2,0,2,0,0,0,0,"- ","- ",,,"SAN DIEGO","SAN DIEGO",-117.27645745,32.847238439999998
6767099,2014,2015-02-19,3711,2014-12-05,2240,6549,,5,5,7,3711,0,0,0,,0,122,"MISSION BL","THOMAS AV",0.00,,Y,A,-,N,,,,,,,,,,N,3,0,1,2,D,-,00,,,N,D,B,D,A,H,-,C,D,0,Y,,,,Y,Y,-,"- ",0,1,0,0,1,0,0,0,0,"- ","- ",,,"SAN DIEGO","SAN DIEGO",-117.25459003,32.793630049999997
6767603,2014,2015-02-05,3711,2014-12-17,0312,7084,S1,3,5,7,3711,0,0,0,,0,722,"CORONADO AV","GREEN BAY ST",25.00,W,N,A,F,N,,,,,,,,,,N,3,0,2,3,A,-,10,21950,A,N,G,B,B,B,H,-,A,A,0,Y,,,,Y,,-,,0,1,1,0,2,0,0,0,0,"- ","- ",,,"SAN DIEGO","SAN DIEGO",-117.08842088,32.57649
6767634,2014,2015-02-05,3711,2014-12-18,0945,7204,,4,5,7,3711,0,0,0,,0,621,"ULRIC CT","LINDA VISTA RD",10.00,S,Y,A,-,N,,,,,,,,,,N,3,0,1,2,A,-,11,21954,A,N,G,B,D,A,H,-,A,A,0,Y,,,,Y,,N,60,0,1,0,0,1,0,0,0,0,"- ","- ",,,"SAN DIEGO","SAN DIEGO",-117.17025983000001,32.786489940000003
6771046,2014,2015-02-10,3711,2014-12-29,0820,6986,,1,5,7,3711,0,0,0,,0,242,"CARROLL CANYON RD","MAYA LINDA RD",0.00,,Y,A,-,N,,,,,,,,,,,4,0,1,2,A,-,10,21950,A,N,G,B,B,A,H,-,A,A,0,Y,,,,Y,,-,,0,0,1,0,1,0,0,0,0,"- ","- ",,,"SAN DIEGO","SAN DIEGO",-117.11797998999999,32.903370109999997
6771061,2014,2015-02-10,3711,2014-12-23,1300,7103,,2,5,7,3711,0,0,0,,0,437,"SKYLINE DR","SOUTH LAUSANNE DR",84.00,E,N,A,-,N,,,,,,,,,,Y,4,0,1,2,A,-,11,21950,B,N,G,B,D,A,H,-,A,D,0,Y,,,,Y,,N,60,0,0,1,0,1,0,0,0,0,"- ","- ",,,"SAN DIEGO","SAN DIEGO",-117.04008073999999,32.703876880000003
6774507,2015,2015-02-27,3711,2015-01-05,1626,7031,SD,1,5,7,3711,0,0,0,,0,122,"GARNET AV","EVERTS ST",0.00,,Y,A,-,N,,,,,,,,,,N,4,0,1,2,A,-,09,21801,A,N,D,G,A,A,H,-,A,A,0,,Y,,,Y,,-,"- ",0,0,1,0,0,0,1,0,0,"- ","- ",,,"SAN DIEGO","SAN DIEGO",-117.24817011,32.798140099999998
6775180,2015,2015-02-20,3711,2015-01-03,1710,5312,,6,5,7,3711,0,0,0,,0,517,"19TH ST","B ST",0.00,,Y,A,-,N,,,,,,,,,,N,3,0,1,2,A,-,12,21453,A,N,D,G,A,A,H,-,C,A,0,,Y,,,Y,,L,04,0,1,0,0,0,0,1,0,0,"- ","- ",,,"SAN DIEGO","SAN DIEGO",-117.14677007,32.717870009999999
6782386,2015,2015-02-24,3711,2015-01-03,1735,7042,,6,5,7,3711,0,0,0,,0,624,"PARK BL",HOWARD,48.00,N,N,A,-,N,,,,,,,,,,N,3,0,4,5,A,-,08,22107,,N,G,B,F,A,H,-,C,D,0,Y,,,,Y,,-,,0,2,2,0,2,0,0,0,0,"- ","- ",,,"SAN DIEGO","SAN DIEGO",-117.14642000000001,32.754161490000001
6783363,2015,2015-03-18,3711,2015-02-12,1213,6702,,4,5,7,3711,0,0,0,,0,712,"BEYER BL","WEST PARK",0.00,,Y,A,F,N,,,,,,,,,,N,2,0,1,2,A,-,11,21954,A,N,G,B,E,A,H,-,A,A,0,Y,,,,Y,,N,60,1,0,0,0,1,0,0,0,0,"- ","- ",,,"SAN DIEGO","SAN DIEGO",-117.04454,32.558320019999996
6784173,2015,2015-02-23,3711,2015-01-05,1548,5417,,1,5,7,3711,0,0,0,,0,243,"CAMINO RUIZ","MIRALANI DR",0.00,,Y,A,-,N,,,,,,,,,,N,3,0,1,2,A,-,12,21453,A,N,D,G,A,A,H,-,A,A,0,,Y,,,Y,,L,04,0,1,0,0,0,0,1,0,0,"- ","- ",,,"SAN DIEGO","SAN DIEGO",-117.13637005,32.896770050000001
6785303,2015,2015-02-19,3711,2015-01-08,2004,6483,,4,5,7,3711,0,0,0,,0,824,"EL CAJON BL","47TH ST",0.00,,Y,A,-,N,,,,,,,,,,N,3,0,1,2,A,-,09,21801,A,N,D,G,A,A,H,-,C,A,0,,Y,,,Y,,-,,0,1,0,0,0,0,1,0,0,"- ","- ",,,"SAN DIEGO","SAN DIEGO",-117.09327001,32.755910030000003
6786043,2014,2015-02-17,3711,2014-12-31,2020,4884,SDPD,3,5,7,3711,0,0,0,,0,232,"HIGHLAND RANCH RD","WORLD TRADE DR",12.00,E,N,A,-,N,,,,,,,,,,N,4,0,1,2,A,-,09,21804,A,N,B,B,B,A,H,-,C,A,0,Y,,,,Y,,-,,0,0,1,0,1,0,0,0,0,"- ","- ",,,"SAN DIEGO","SAN DIEGO",-117.0740855,32.982134670000001
6786070,2014,2015-02-17,3711,2014-12-25,1345,7154,,4,5,7,3711,0,0,0,,0,614,"LONG BRANCH AV","BACON ST",15.00,E,N,A,-,N,,,,,,,,,,N,4,0,1,2,A,-,10,21950,A,N,G,B,D,A,H,-,A,D,0,Y,,,,Y,,-,,0,0,1,0,1,0,0,0,0,"- ","- ",,,"SAN DIEGO","SAN DIEGO",-117.24759041999999,32.750776119999998
6786075,2014,2015-02-18,3711,2014-12-30,0815,6930,,2,5,7,3711,0,0,0,,0,,"PACIFIC HWY","WEST BROADWAY",280.00,N,N,A,-,N,,,,,,,,,,N,3,0,1,2,A,-,08,22107,,N,H,G,A,A,H,-,A,D,0,,Y,,,Y,,-,"- ",0,1,0,0,0,0,1,0,0,"- ","- ",,,"SAN DIEGO","SAN DIEGO",-117.17104999999999,32.71655672
6789087,2015,2015-02-27,3711,2015-01-28,1112,6366,,3,5,7,3711,0,0,0,,0,838,"33RD ST","EL CAJON BL",0.00,,Y,B,-,N,,,,,,,,,,N,2,0,1,2,A,-,10,21950,A,N,G,B,B,A,H,-,A,A,0,Y,,,,Y,,A,01,1,0,0,0,1,0,0,0,0,"- ","- ",,,"SAN DIEGO","SAN DIEGO",-117.12223007999999,32.755210060000003
6789987,2015,2015-02-19,3711,2015-01-14,0623,7083,,3,5,7,3711,0,0,0,,0,313,"CLAIRE MONT MESA BL","OVERLAND AV",0.00,,Y,A,-,N,,,,,,,,,,N,4,0,1,2,A,-,08,22107,,N,G,B,E,A,H,-,B,A,0,Y,,,Y,Y,,F,21,0,0,1,0,1,0,0,0,0,"- ","- ",,,"SAN DIEGO","SAN DIEGO",-117.13100009,32.831500050000002
6790019,2015,2015-02-20,3711,2015-01-12,1630,6009,EASTE,1,5,7,3711,0,0,0,,0,313,"RUFFIN RD",AERO,2640.00,N,N,A,-,N,,,,,,,,,,N,4,0,1,2,A,-,"- ",,,N,D,G,A,A,H,-,A,A,0,,Y,,,Y,,L,04,0,0,1,0,0,0,1,0,0,"- ","- ",,,"SAN DIEGO","SAN DIEGO",-117.12974,32.80988
6790186,2015,2015-02-24,3711,2015-01-13,1035,7005,,2,5,7,3711,0,0,0,,0,813,"UNIVERSITY AV","IDAHO ST",120.00,W,N,B,-,N,,,,,,,,,,N,4,0,1,2,A,-,08,22107,,M,B,G,-,A,-,-,A,D,0,Y,,,,Y,,-,,0,0,1,0,1,0,0,0,0,"- ","- ",,,"SAN DIEGO","SAN DIEGO",-117.13425898,32.748460000000001
6790233,2015,2015-02-24,3711,2015-01-12,2140,7186,3711,1,5,7,3711,0,0,0,,0,521,"11TH AV","G ST",0.00,,Y,A,-,N,,,,,,,,,,N,4,0,1,2,A,-,10,21950,A,N,G,B,B,A,H,-,C,A,0,Y,,,,Y,,-,,0,0,1,0,1,0,0,0,0,"- ","- ",,,"SAN DIEGO","SAN DIEGO",-117.15469003,32.712600029999997
6792663,2015,2015-03-03,3711,2015-01-16,1750,7136,,5,5,7,3711,0,0,0,,0,521,"17TH ST","J ST",5.00,S,N,A,-,N,,,,,,,,,,N,3,0,1,2,A,-,10,21950,A,M,G,B,B,A,H,-,C,A,0,Y,,,,Y,,-,,0,1,0,0,1,0,0,0,0,"- ","- ",,,"SAN DIEGO","SAN DIEGO",-117.14854080000001,32.70938632
6792665,2015,2015-02-24,3711,2015-01-17,2250,6381,,6,5,7,3711,0,0,0,,0,821,AMHERST,"68TH ST",300.00,E,N,A,-,N,,,,,,,,,,N,3,0,1,2,A,-,10,21950,,M,G,B,E,A,H,-,D,D,0,Y,,,,Y,,-,,0,1,0,0,1,0,0,0,0,"- ","- ",,,"SAN DIEGO","SAN DIEGO",-117.05048789999999,32.767560609999997
6792667,2015,2015-02-24,3711,2015-01-17,2500,5388,,6,5,7,3711,0,0,0,,0,611,"KURTZ ST","KURTZ ST 2700",0.00,,Y,A,-,N,,,,,,,,,,N,3,0,1,2,A,-,08,22107,,M,G,B,E,A,H,-,C,D,0,Y,,,,Y,Y,-,,0,1,0,0,1,0,0,0,0,"- ","- ",,,"SAN DIEGO","SAN DIEGO",-117.20063924999999,32.75032787
6793461,2015,2015-02-27,3711,2015-01-19,1948,7000,,1,5,7,3711,0,0,0,,0,721,"CORONADO AV","THERMAL AV",0.00,,Y,A,-,N,,,,,,,,,,N,4,0,1,2,A,-,03,22350,,M,G,B,B,A,H,-,C,A,0,Y,,,,Y,,-,99,0,0,1,0,1,0,0,0,0,"- ","- ",,,"SAN DIEGO","SAN DIEGO",-117.09705012000001,32.576510110000001
6793545,2015,2015-02-23,3711,2015-01-21,2157,4653,,3,5,7,3711,0,0,0,,0,811,"ADAMS AV","WILSON AV",0.00,,Y,A,-,N,,,,,,,,,,N,4,0,1,2,A,-,10,21950,A,N,G,B,B,A,H,-,C,A,0,Y,,,,Y,,A,01,0,0,1,0,1,0,0,0,0,"- ","- ",,,"SAN DIEGO","SAN DIEGO",-117.1162101,32.76330007
6793547,2015,2016-04-07,3711,2015-01-16,1133,5762,,5,5,7,3711,0,0,0,,0,322,"WARING RD","GREENBRIER AV",0.00,,Y,A,-,N,,,,,,,,,,N,3,0,1,3,A,-,12,21453,A,N,G,B,B,A,H,-,A,A,0,Y,,,,Y,,A,01,0,1,0,0,1,0,0,0,0,"- ","- ",,,"SAN DIEGO","SAN DIEGO",-117.07845002000001,32.794990060000003
6793548,2015,2015-02-23,3711,2015-01-19,1030,4965,,1,5,7,3711,0,0,0,,0,812,"ADAMS AV","36TH ST",0.00,,Y,A,-,N,,,,,,,,,,N,4,0,1,2,A,-,10,21950,A,N,G,B,B,A,H,-,A,A,0,Y,,,,Y,,-,,0,0,1,0,1,0,0,0,0,"- ","- ",,,"SAN DIEGO","SAN DIEGO",-117.11518009,32.76333004
6795098,2014,2016-02-23,3711,2014-12-30,1740,4507,SANDI,2,5,7,3711,0,0,0,,0,115,"TOWNE CENTRE","GOLDEN HAVEN",0.00,,Y,B,C,N,,,,,,,,,,N,4,0,1,2,A,-,"- ",,,N,A,B,B,B,H,-,C,A,0,Y,,,,Y,,-,,0,0,1,0,1,0,0,0,0,"- ","- ",,,"SAN DIEGO","SAN DIEGO",-117.20704007000001,32.870010039999997
6795780,2015,2015-02-23,3711,2015-01-20,1938,6978,SANDI,2,5,7,3711,0,0,0,,0,122,"GRAND AV","NOYES ST",6.00,W,N,A,-,N,,,,,,,,,,N,3,0,1,2,A,-,"- ",,,N,A,B,D,A,H,-,C,D,0,Y,,,,Y,,N,60,0,1,0,0,1,0,0,0,0,"- ","- ",,,"SAN DIEGO","SAN DIEGO",-117.23112882,32.799945819999998
6795808,2015,2015-02-23,3711,2015-01-22,1745,7016,MC,4,5,7,3711,0,0,0,,0,839,"UNIVERSITY AV","37TH ST",120.00,W,N,A,-,N,,,,,,,,,,N,3,0,1,2,A,-,06,21750,,N,H,G,A,A,H,-,C,D,0,,Y,,,Y,,L,04,0,1,0,0,0,0,1,0,0,"- ","- ",,,"SAN DIEGO","SAN DIEGO",-117.11349898,32.74973
6802338,2015,2015-02-25,3711,2015-01-20,1139,5876,WESTE,2,5,7,3711,0,0,0,,0,622,"HOTEL CIRCLE NORTH","HOTEL CIRCLE NORTH 1660",0.00,,N,A,-,N,,,,,,,,,,N,3,0,1,2,A,-,05,21650,1,N,D,G,A,A,H,-,A,A,0,,Y,,,Y,,L,04,0,1,0,0,0,0,1,0,0,"- ","- ",,,"SAN DIEGO","SAN DIEGO",-117.17913866000001,32.759619170000001
6802341,2015,2015-02-25,3711,2015-01-18,1730,3815,,7,5,7,3711,0,0,0,,0,114,"CLAIREMONT MESA BL","ROLFE RD",0.00,,Y,A,-,N,,,,,,,,,,N,4,0,1,2,A,-,06,21755,,N,D,G,A,A,H,-,C,A,0,,Y,,,Y,,L,04,0,0,1,0,0,0,1,0,0,"- ","- ",,,"SAN DIEGO","SAN DIEGO",-117.20245001000001,32.82832003
6804897,2015,2015-03-03,3711,2015-01-24,1214,5678,,6,5,7,3711,0,0,0,,0,,"FEDERAL BL","FEDERAL BL 4704",0.00,,Y,A,-,N,,,,,,,,,,N,3,0,1,2,A,-,21,22106,,N,G,B,F,A,H,-,A,D,0,Y,,,,Y,Y,-,,0,1,0,0,1,0,0,0,0,"- ","- ",,,"SAN DIEGO","SAN DIEGO",-117.09317923,32.721448520000003
6805765,2015,2015-02-27,3711,2015-01-28,1717,6865,,3,5,7,3711,0,0,0,,0,433,"BROOKLYN AV","OTAY ST",180.00,W,N,B,-,N,,,,,,,,,,N,3,0,1,2,A,-,11,21954,A,M,G,B,E,A,H,-,B,D,0,Y,,,,Y,,N,60,0,1,0,0,1,0,0,0,0,"- ","- ",,,"SAN DIEGO","SAN DIEGO",-117.05949311000001,32.713138100000002
6806179,2015,2015-02-24,3711,2015-01-21,1811,6576,ML,3,5,7,3711,0,0,0,,0,813,"UNIVERSITY AV","BANCROFT ST",90.00,W,N,A,-,N,,,,,,,,,,N,3,0,1,2,A,-,03,22350,,N,C,G,A,A,H,-,C,A,0,,Y,,,Y,,L,04,0,1,0,0,0,0,1,0,0,"- ","- ",,,"SAN DIEGO","SAN DIEGO",-117.12423173000001,32.7485
6806180,2015,2015-02-24,3711,2015-01-28,0958,5342,,3,5,7,3711,0,0,0,,0,234,"BERNARDO HEIGHTS PKWY","PASEO LUCIDO",25.00,N,N,A,-,N,,,,,,,,,,N,3,0,1,2,A,-,10,21950,A,N,G,B,D,A,H,-,A,D,0,Y,,,,Y,,-,,0,1,0,0,1,0,0,0,0,"- ","- ",,,"SAN DIEGO","SAN DIEGO",-117.07560512000001,33.013498349999999
6810566,2015,2015-03-02,3711,2015-01-30,1515,6000,,5,5,7,3711,0,0,0,,0,434,"MEADOWBROOK DR","GLOAMING AV",98.00,,N,B,-,N,,,,,,,,,,N,2,0,2,3,A,-,03,22350,,N,G,B,F,A,H,-,A,D,0,Y,,,,Y,,A,07,1,1,0,0,2,0,0,0,0,"- ","- ",,,"SAN DIEGO","SAN DIEGO",-117.03591007,32.709060059999999
6810577,2015,2015-03-02,3711,2015-01-31,1800,5604,,6,5,7,3711,0,0,0,,0,614,"SUNSET CLIFFS BL",NARRAGANSETT,13.00,N,N,B,-,N,,,,,,,,,,N,4,0,1,2,A,-,11,21954,A,N,G,B,D,A,H,-,C,D,0,Y,,,,Y,Y,N,60,0,0,1,0,1,0,0,0,0,"- ","- ",,,"SAN DIEGO","SAN DIEGO",-117.24903547,32.743088960000001
6810617,2015,2015-03-02,3711,2015-01-31,1550,5315,,6,5,7,3711,0,0,0,,0,122,"INGRAHAM ST","LA PLAYA AV",10.00,S,N,A,-,N,,,,,,,,,,N,3,0,1,2,A,-,09,21801,A,N,D,G,A,A,H,-,A,A,0,,Y,,,Y,,-,,0,1,0,0,0,0,1,0,0,"- ","- ",,,"SAN DIEGO","SAN DIEGO",-117.23747191,32.788713469999998
6814087,2015,2015-02-18,3711,2015-01-08,1648,6702,,4,5,7,3711,0,0,0,,0,826,"E ALY EUCLID AV","TROJAN AV",20.00,N,N,A,-,N,,,,,,,,,,N,3,0,1,2,A,-,08,22107,,N,A,G,A,A,H,-,A,D,0,,Y,,,Y,,L,04,0,1,0,0,0,0,1,0,0,"- ","- ",,,"SAN DIEGO","SAN DIEGO",-117.09168792,32.755026649999998
6814696,2015,2015-03-24,3711,2015-02-07,1137,4310,,6,5,7,3711,0,0,0,,0,541,"11TH AV","IMPERIAL AV",85.00,S,N,A,-,N,,,,,,,,,,N,4,0,1,3,A,-,13,22515,A,N,G,B,E,A,H,-,A,D,0,Y,,,,Y,,J,48,0,0,1,0,1,0,0,0,0,"- ","- ",,,"SAN DIEGO","SAN DIEGO",-117.15461999999999,32.70603715
6815814,2015,2015-03-05,3711,2015-02-03,1920,6555,,2,5,7,3711,0,0,0,,0,813,"ILLINOIS ST","EL CAJON BL",120.00,N,N,A,-,N,,,,,,,,,,N,4,0,1,2,A,-,09,21804,A,N,D,G,A,A,A,H,A,D,0,,Y,,,Y,,L,04,0,0,1,0,0,0,1,0,0,"- ","- ",,,"SAN DIEGO","SAN DIEGO",-117.1277,32.755738710000003
6815822,2015,2015-03-05,3711,2015-02-03,0924,6443,,2,5,7,3711,0,0,0,,0,839,"UNIVERSITY AV","SWIFT AV",0.00,,Y,-,-,N,,,,,,,,,,N,4,0,1,2,A,-,10,21950,A,N,G,B,B,A,H,-,A,A,0,Y,,,,Y,,-,,0,0,1,0,1,0,0,0,0,"- ","- ",,,"SAN DIEGO","SAN DIEGO",-117.11928004000001,32.749770030000001
6820190,2015,2015-03-06,3711,2015-02-10,1645,7017,SD,2,5,7,3711,0,0,0,,0,613,"DEL MAR AV",GUIZOT,0.00,,Y,A,-,N,,,,,,,,,,N,4,0,1,2,A,-,12,22450,A,N,D,G,A,A,H,-,A,D,0,,Y,,,Y,,L,04,0,0,1,0,0,0,1,0,0,"- ","- ",,,"SAN DIEGO","SAN DIEGO",-117.24678007999999,32.736470070000003
6820195,2015,2015-03-06,3711,2015-02-06,0645,7175,,5,5,7,3711,0,0,0,,0,528,"COLUMBIA ST","W HAWTHORN ST",6.00,S,N,A,-,N,,,,,,,,,,N,3,0,1,2,A,-,10,21950,A,N,G,B,B,A,H,-,A,A,0,Y,,,,Y,,-,,0,1,0,0,1,0,0,0,0,"- ","- ",,,"SAN DIEGO","SAN DIEGO",-117.16863289,32.726654699999997
6820560,2015,2015-03-09,3711,2015-02-01,1501,7223,SANDI,7,5,7,3711,0,0,0,,0,627,"WASHINGTON ST",LINCOLN,63.00,W,N,A,-,N,,,,,,,,,,N,4,0,1,2,A,-,03,22350,,N,C,G,A,A,H,-,A,A,0,,Y,,,Y,,-,,0,0,1,0,0,0,1,0,0,"- ","- ",,,"SAN DIEGO","SAN DIEGO",-117.15063502,32.751687179999998
6820562,2015,2015-03-10,3711,2015-02-03,0619,6877,,2,5,7,3711,0,0,0,,0,722,"TOCAYO AV","HOLLISTER ST",74.00,E,N,B,-,N,,,,,,,,,,N,4,0,1,2,A,-,11,21950,B,N,G,B,D,A,H,-,A,A,0,Y,,,,Y,,N,60,0,0,1,0,1,0,0,0,0,"- ","- ",,,"SAN DIEGO","SAN DIEGO",-117.08383068000001,32.563896319999998
6820575,2015,2015-03-10,3711,2015-02-09,1437,5916,,1,5,7,3711,0,0,0,,0,627,"FRONT ST","W MONTECITO WY",73.00,N,N,B,-,N,,,,,,,,,,N,3,0,1,2,A,-,11,21954,A,N,G,B,-,A,H,-,A,D,0,Y,,,,Y,,N,60,0,1,0,0,1,0,0,0,0,"- ","- ",,,"SAN DIEGO","SAN DIEGO",-117.16499570000001,32.753049939999997
6820583,2015,2015-03-10,3711,2015-02-06,2045,7032,,5,5,7,3711,0,0,0,,0,838,"37TH ST","EL CAJON BL",30.00,S,N,A,-,N,,,,,,,,,,N,4,0,1,2,A,-,09,21801,A,N,G,B,B,A,H,-,C,A,0,Y,,,,Y,,-,,0,0,1,0,1,0,0,0,0,"- ","- ",,,"SAN DIEGO","SAN DIEGO",-117.11365000000001,32.755187820000003
6820631,2015,2015-03-11,3711,2015-02-09,1500,7007,,1,5,7,3711,0,0,0,,0,935,"BLUE DAWN TRL","AFRICAN HOLLY TRL",17.00,E,N,A,-,N,,,,,,,,,,N,4,0,1,2,D,-,00,,,M,G,B,D,A,H,-,A,D,0,Y,,,,Y,,-,"- ",0,0,1,0,1,0,0,0,0,"- ","- ",,,"SAN DIEGO","SAN DIEGO",-117.18901009,32.96577997
6821298,2015,2015-03-16,3711,2015-02-15,2005,5813,LAJOL,7,5,7,3711,0,0,0,,0,124,"AVENIDA DE LA PLAYA","LA JOLLA SHORES DR",0.00,,Y,A,-,N,,,,,,,,,,N,4,0,2,3,A,-,10,21950,A,N,G,B,B,A,H,-,C,A,0,Y,,,,Y,,-,,0,0,2,0,2,0,0,0,0,"- ","- ",,,"SAN DIEGO","SAN DIEGO",-117.25380013,32.853770040000001
6822597,2015,2015-03-12,3711,2015-02-11,2041,6391,,3,5,7,3711,0,0,0,,0,826,"ORANGE AV","EUCLID AV",6.00,E,N,A,-,N,,,,,,,,,,N,4,0,1,2,A,-,"- ",,,M,G,B,B,A,H,-,C,A,0,Y,,,,Y,,-,99,0,0,1,0,1,0,0,0,0,"- ","- ",,,"SAN DIEGO","SAN DIEGO",-117.09223055,32.753099650000003
6824608,2015,2015-03-10,3711,2015-02-11,1835,4505,,3,5,7,3711,0,0,0,,0,931,"SCRANTON RD","MOREHOUSE DR",5.00,N,N,A,-,N,,,,,,,,,,N,3,0,1,2,A,-,10,21950,A,N,B,B,B,A,H,-,C,A,0,Y,,,,Y,,A,01,0,1,0,0,1,0,0,0,0,"- ","- ",,,"SAN DIEGO","SAN DIEGO",-117.20164,32.8936037
6824610,2015,2015-03-10,3711,2015-02-11,1645,5315,,3,5,7,3711,0,0,0,,0,124,"LA JOLLA BL","GRAVILLA ST",15.00,S,N,A,-,N,,,,,,,,,,N,3,0,1,2,A,-,"- ",,,N,D,B,B,A,H,-,A,D,0,Y,,,,Y,,-,,0,1,0,0,1,0,0,0,0,"- ","- ",,,"SAN DIEGO","SAN DIEGO",-117.27707780999999,32.829028940000001
6833684,2015,2015-03-12,3711,2015-02-17,2110,6760,,2,5,7,3711,0,0,0,,0,834,"43RD ST","ORANGE AV",0.00,,Y,A,-,N,,,,,,,,,,N,3,0,1,2,A,-,08,22107,,M,G,B,-,A,H,-,C,-,0,Y,,,,Y,,-,99,0,1,0,0,1,0,0,0,0,"- ","- ",,,"SAN DIEGO","SAN DIEGO",-117.1019301,32.753170040000001
6833687,2015,2015-03-12,3711,2015-02-17,1845,6552,,2,5,7,3711,0,0,0,,0,524,"ASH ST","3RD AV",1300.00,N,N,A,-,N,,,,,,,,,,N,3,0,1,2,A,-,08,22107,,N,G,B,B,A,H,-,C,A,0,Y,,,,Y,,A,01,0,1,0,0,1,0,0,0,0,"- ","- ",,,"SAN DIEGO","SAN DIEGO",-117.16200000000001,32.719880000000003
6833697,2015,2015-03-12,3711,2015-02-10,1900,6224,SD,2,5,7,3711,0,0,0,,0,122,"GARNET AV","FANUEL ST",100.00,W,N,A,-,N,,,,,,,,,,N,4,0,1,2,A,-,"- ",,,N,D,G,A,A,H,-,C,A,0,,Y,,,Y,,L,04,0,0,1,0,0,0,1,0,0,"- ","- ",,,"SAN DIEGO","SAN DIEGO",-117.24666442,32.798462630000003
6834882,2015,2015-03-19,3711,2015-02-20,1851,6176,,5,5,7,3711,0,0,0,,0,434,"SKYLINE  DR","GREENLAWN DR",0.00,,Y,A,-,N,,,,,,,,,,N,3,0,1,2,A,-,11,21954,A,N,G,B,D,A,H,-,C,A,0,Y,,,,Y,,N,60,0,1,0,0,1,0,0,0,0,"- ","- ",,,"SAN DIEGO","SAN DIEGO",-117.02915009,32.70405006