CASE_ID,ACCIDENT_YEAR,PROC_DATE,JURIS,COLLISION_DATE,COLLISION_TIME,OFFICER_ID,REPORTING_DISTRICT,DAY_OF_WEEK,CHP_SHIFT,POPULATION,CNTY_CITY_LOC,SPECIAL_COND,BEAT_TYPE,CHP_BEAT_TYPE,CITY_DIVISION_LAPD,CHP_BEAT_CLASS,BEAT_NUMBER,PRIMARY_RD,SECONDARY_RD,DISTANCE,DIRECTION,INTERSECTION,WEATHER_1,WEATHER_2,STATE_HWY_IND,CALTRANS_COUNTY,CALTRANS_DISTRICT,STATE_ROUTE,ROUTE_SUFFIX,POSTMILE_PREFIX,POSTMILE,LOCATION_TYPE,RAMP_INTERSECTION,SIDE_OF_HWY,TOW_AWAY,COLLISION_SEVERITY,NUMBER_KILLED,NUMBER_INJURED,PARTY_COUNT,PRIMARY_COLL_FACTOR,PCF_CODE_OF_VIOL,PCF_VIOL_CATEGORY,PCF_VIOLATION,PCF_VIOL_SUBSECTION,HIT_AND_RUN,TYPE_OF_COLLISION,MVIW,PED_ACTION,ROAD_SURFACE,ROAD_COND_1,ROAD_COND_2,LIGHTING,CONTROL_DEVICE,CHP_ROAD_TYPE,PEDESTRIAN_ACCIDENT,BICYCLE_ACCIDENT,MOTORCYCLE_ACCIDENT,TRUCK_ACCIDENT,NOT_PRIVATE_PROPERTY,ALCOHOL_INVOLVED,STWD_VEHTYPE_AT_FAULT,CHP_VEHTYPE_AT_FAULT,COUNT_SEVERE_INJ,COUNT_VISIBLE_INJ,COUNT_COMPLAINT_PAIN,COUNT_PED_KILLED,COUNT_PED_INJURED,COUNT_BICYCLIST_KILLED,COUNT_BICYCLIST_INJURED,COUNT_MC_KILLED,COUNT_MC_INJURED,PRIMARY_RAMP,SECONDARY_RAMP,LATITUDE,LONGITUDE,COUNTY,CITY,POINT_X,POINT_Y
6835186,2015,2015-03-12,3711,2015-02-15,2058,6648,,7,5,7,3711,0,0,0,,0,934,"WAYNGATE PT","WINSTANLEY WY",140.00,S,N,E,-,N,,,,,,,,,,N,4,0,1,2,A,-,03,22350,,N,G,B,E,B,-,-,D,D,0,Y,,,,Y,,-,,0,0,1,0,1,0,0,0,0,"- ","- ",,,"SAN DIEGO","SAN DIEGO",-117.21136998999999,32.961410059999999
6836816,2015,2015-03-19,3711,2015-02-26,1530,4507,,4,5,7,3711,0,0,0,,0,1156,"GENESEE AV","GOVERNOR DR",6.00,N,N,A,-,N,,,,,,,,,,N,4,0,1,2,A,-,08,22107,,N,D,G,A,A,H,-,A,A,0,,Y,,,Y,,L,04,0,0,1,0,0,0,1,0,0,"- ","- ",,,"SAN DIEGO","SAN DIEGO",-117.20468501000001,32.85462588
6837091,2015,2015-03-16,3711,2015-02-25,1840,6391,,3,5,7,3711,0,0,0,,0,839,"UNIVERSITY AV","WABASH AV",0.00,,Y,A,-,N,,,,,,,,,,N,4,0,1,2,A,-,10,21950,A,N,G,B,B,A,H,-,C,A,0,Y,,,,Y,,-,,0,0,1,0,1,0,0,0,0,"- ","- ",,,"SAN DIEGO","SAN DIEGO",-117.12080012,32.749200010000003
6837747,2015,2015-03-20,3711,2015-02-07,1316,6969,,6,5,7,3711,0,0,0,,0,627,"ROBINSON AV","RICHMOND ST",165.00,W,N,A,-,N,,,,,,,,,,N,3,0,1,2,A,-,17,22517,,N,B,G,A,A,H,-,A,D,0,,Y,,,Y,,-,,0,1,0,0,0,0,1,0,0,"- ","- ",,,"SAN DIEGO","SAN DIEGO",-117.15175485,32.746417579999999
6837763,2015,2015-03-20,3711,2015-02-10,0707,6613,,2,5,7,3711,0,0,0,,0,813,"UNIVERSITY AV","TEXAS ST",120.00,E,N,A,-,N,,,,,,,,,,N,3,0,1,2,A,-,08,22107,,M,B,G,A,A,H,-,-,D,0,,Y,,,Y,,-,,0,1,0,0,0,0,1,0,0,"- ","- ",,,"SAN DIEGO","SAN DIEGO",-117.13858145,32.748449999999998
6843539,2015,2015-03-19,3711,2015-02-27,1727,5916,,5,5,7,3711,0,0,0,,0,613,"GUIZOT ST","SANTA MONICA AV",0.00,,Y,B,-,N,,,,,,,,,,N,4,0,1,2,A,-,11,21956,,N,G,B,E,A,H,-,A,D,0,Y,,,,Y,,N,60,0,0,1,0,1,0,0,0,0,"- ","- ",,,"SAN DIEGO","SAN DIEGO",-117.24167011999999,32.742380070000003
6844375,2015,2015-04-08,3711,2015-03-01,2105,7223,C2,7,5,7,3711,0,0,0,,0,S28,"KETTNER BL","W FIR",0.00,,Y,B,-,N,,,,,,,,,,N,4,0,1,2,A,-,10,21950,A,N,G,B,B,B,H,-,C,D,0,Y,,,,Y,,-,,0,0,1,0,1,0,0,0,0,"- ","- ",,,"SAN DIEGO","SAN DIEGO",-117.16940004,32.724150010000002
6844399,2015,2015-03-23,3711,2015-03-01,1050,6483,,7,5,7,3711,0,0,0,,0,832,"POLK AV","MARLBOROUGH AV",0.00,,Y,C,-,N,,,,,,,,,,N,3,0,1,2,A,-,10,21950,A,N,A,B,B,B,H,-,A,A,0,Y,,,,Y,,-,,0,1,0,0,1,0,0,0,0,"- ","- ",,,"SAN DIEGO","SAN DIEGO",-117.10567005,32.751440010000003
6845516,2015,2015-03-23,3711,2015-03-03,0658,6044,,2,5,7,3711,0,0,0,,0,126,"NORTH TORREY PINES RD","JOHN S HOPKINS",2.00,S,N,A,-,N,,,,,,,,,,N,3,0,1,2,A,-,08,22107,,N,D,G,A,A,H,-,A,A,0,,Y,,,Y,,-,,0,1,0,0,0,0,1,0,0,"- ","- ",,,"SAN DIEGO","SAN DIEGO",-117.24182992999999,32.898043440000002
6849158,2015,2015-03-23,3711,2015-03-08,1531,5856,,7,5,7,3711,0,0,0,,0,312,"MINUTEMAN ST","PATRIOT ST",140.00,N,N,A,-,N,,,,,,,,,,N,4,0,1,2,A,-,11,21954,A,N,G,B,D,A,H,-,A,D,0,Y,,,,Y,,N,60,0,0,1,0,1,0,0,0,0,"- ","- ",,,"SAN DIEGO","SAN DIEGO",-117.10889435,32.80083028
6849198,2015,2015-03-23,3711,2015-03-07,1645,6560,,6,5,7,3711,0,0,0,,0,627,"UNIVERSITY AV","8TH AV",0.00,,Y,A,-,N,,,,,,,,,,N,4,0,1,2,A,-,09,21801,A,N,G,G,A,A,H,-,A,A,0,,Y,,,Y,,-,,0,0,1,0,0,0,1,0,0,"- ","- ",,,"SAN DIEGO","SAN DIEGO",-117.15741989,32.748390039999997
6850699,2015,2015-03-20,3711,2015-03-04,1635,7095,,3,5,7,3711,0,0,0,,0,723,"BEYER BL","IRIS AV",117.00,N,N,A,-,N,,,,,,,,,,N,3,0,1,2,A,-,17,22517,,N,C,G,A,A,H,-,A,A,0,,Y,,,Y,,-,,0,1,0,0,0,0,1,0,0,"- ","- ",,,"SAN DIEGO","SAN DIEGO",-117.06388714000001,32.569508669999998
6850959,2015,2015-03-19,3711,2015-02-27,2106,5600,,5,5,7,3711,0,0,0,,0,611,"ROSECRANS ST","LYTTON ST",0.00,,Y,B,-,N,,,,,,,,,,N,2,0,1,2,A,-,11,21456,B,N,G,B,B,A,H,-,C,A,0,Y,,,,Y,,N,60,1,0,0,0,1,0,0,0,0,"- ","- ",,,"SAN DIEGO","SAN DIEGO",-117.21260003,32.744320049999999
6851236,2015,2015-04-09,3711,2015-03-04,0600,7226,"SAN D",3,5,7,3711,0,0,0,,0,512,"IMPERIAL AV","25TH AV 90",37.00,S,N,A,-,N,,,,,,,,,,N,3,0,1,2,A,-,11,21950,B,N,G,B,D,A,H,-,A,A,0,Y,,,,Y,,N,60,0,1,0,0,1,0,0,0,0,"- ","- ",,,"SAN DIEGO","SAN DIEGO",,
6852616,2015,2015-03-20,3711,2015-02-27,1218,5561,,5,5,7,3711,0,0,0,,0,313,"RUFFNER ST","DAGGET ST",0.00,,Y,B,-,N,,,,,,,,,,N,3,0,1,2,A,-,05,21650,1,N,D,G,A,A,H,-,A,-,0,,Y,,,Y,,L,04,0,1,0,0,0,0,1,0,0,"- ","- ",,,"SAN DIEGO","SAN DIEGO",-117.15727012000001,32.823580030000002
6853925,2015,2016-10-11,3711,2015-03-11,2308,4653,,3,5,7,3711,0,0,0,,0,311,"AERO DR","RT 15",0.00,,Y,B,-,Y,SD,11,15,-,R,8.524,R,4,S,N,4,0,1,2,A,-,05,21650,1,N,D,G,A,A,H,-,C,A,0,,Y,,,Y,,L,04,0,0,1,0,0,0,1,0,0,"- ",SF,,,"SAN DIEGO","SAN DIEGO",-117.11472935,32.812626280000003
6853978,2015,2015-04-09,3711,2015-03-04,0648,5876,,3,5,7,3711,0,0,0,,0,627,"10TH AV","10TH AV 3800",0.00,,Y,B,-,N,,,,,,,,,,N,4,0,1,2,A,-,09,21801,A,N,D,G,A,A,H,-,A,A,0,,Y,,,Y,,-,,0,0,1,0,0,0,1,0,0,"- ","- ",,,"SAN DIEGO","SAN DIEGO",-117.15527326,32.74766219
6854196,2014,2015-04-15,9645,2014-09-28,0345,19257,,7,3,7,3711,0,1,3,,2,006,"RT 94","32ND ST",725.00,E,N,A,-,Y,SD,11,94,-,-,2.830,H,-,E,N,1,1,0,2,A,-,11,21954,A,F,G,B,E,A,H,-,C,D,1,Y,,,,Y,Y,N,60,0,0,0,1,0,0,0,0,0,"- ","- ",32.715299999999999,-117.12344,"SAN DIEGO","SAN DIEGO",-117.12357689,32.715366760000002
6854247,2014,2015-04-16,9645,2014-12-02,0019,18652,,2,3,7,3711,0,1,1,,2,009,"RT 805","IMPERIAL AV",460.00,S,N,B,-,Y,SD,11,805,-,-,12.770,H,-,S,Y,1,1,0,2,A,-,11,21954,A,N,G,B,E,B,H,-,D,D,1,Y,,,,Y,Y,N,60,0,0,0,1,0,0,0,0,0,"- ","- ",32.70167,-117.09514,"SAN DIEGO","SAN DIEGO",-117.09885392,32.70927726
6855839,2015,2015-04-02,3711,2015-03-11,1457,7171,,3,5,7,3711,0,0,0,,0,615,"ROSECRANS ST","HARBOR DR",0.00,,Y,A,-,N,,,,,,,,,,N,4,0,1,2,A,-,10,21950,A,M,G,B,B,A,H,-,A,A,0,Y,,,,Y,,-,,0,0,1,0,1,0,0,0,0,"- ","- ",,,"SAN DIEGO","SAN DIEGO",-117.22790001,32.72618001
6856709,2015,2015-04-16,3711,2015-03-04,0722,6035,,3,5,7,3711,0,0,0,,0,831,"POLK AV","HIGHLAND AV",3.00,W,N,A,-,N,,,,,,,,,,N,4,0,1,2,A,-,12,22450,A,N,D,B,B,A,H,-,A,A,0,Y,,,,Y,,A,01,0,0,1,0,1,0,0,0,0,"- ","- ",,,"SAN DIEGO","SAN DIEGO",-117.09871972000001,32.751400089999997
6857052,2015,2016-04-07,3711,2015-03-18,1034,6613,,3,5,7,3711,0,0,0,,0,813,"MADISON AV","30TH ST",3.00,E,N,B,-,N,,,,,,,,,,N,3,0,1,2,A,-,10,21950,A,N,G,B,D,A,H,-,A,D,0,Y,,,,Y,,-,,0,1,0,0,1,0,0,0,0,"- ","- ",,,"SAN DIEGO","SAN DIEGO",-117.13020027,32.761020000000002
6857142,2015,2015-04-02,3711,2015-03-18,1420,4884,SDPD,3,5,7,3711,0,0,0,,0,2Y2,"MONTONGO ST","MIRA MESA BL",36.00,W,N,B,-,N,,,,,,,,,,N,3,0,1,2,A,-,09,21801,A,N,D,G,A,A,H,-,A,A,0,,Y,,,Y,,-,,0,1,0,0,0,0,1,0,0,"- ","- ",,,"SAN DIEGO","SAN DIEGO",-117.15224615,32.912078479999998
6857146,2015,2015-04-02,3711,2015-03-18,0647,6044,,3,5,7,3711,0,0,0,,0,124,"TORREY PINES RD","LA JOLLA SHORES",528.00,E,N,A,-,N,,,,,,,,,,N,3,0,1,2,A,-,08,22107,,N,C,G,A,A,H,-,B,A,0,,Y,,,Y,,-,,0,1,0,0,0,0,1,0,0,"- ","- ",,,"SAN DIEGO","SAN DIEGO",-117.25348391,32.850551359999997
6858967,2015,2015-04-17,3711,2015-03-16,2002,7230,,1,5,7,3711,0,0,0,,0,512,"NATIONAL AV","S 30TH ST",291.00,E,N,A,-,N,,,,,,,,,,N,3,0,1,2,A,-,11,21954,A,N,G,B,D,A,H,-,C,D,0,Y,,,,Y,,N,60,0,1,0,0,1,0,0,0,0,"- ","- ",,,"SAN DIEGO","SAN DIEGO",-117.12853729,32.695964310000001
6859038,2015,2015-03-30,3711,2015-03-13,1722,6000,,5,5,7,3711,0,0,0,,0,831,"44TH ST","ORANGE AV",9.00,S,N,A,-,N,,,,,,,,,,N,2,0,1,2,A,-,09,21804,A,N,D,G,A,A,H,-,A,D,0,,Y,,,Y,,L,04,1,0,0,0,0,0,1,0,0,"- ","- ",,,"SAN DIEGO","SAN DIEGO",-117.09977042,32.753135350000001
6859940,2015,2015-04-16,3711,2015-03-16,1745,7208,,1,5,7,3711,0,0,0,,0,326,COLLEGE,MONTEZUMA,0.00,,Y,A,-,N,,,,,,,,,,N,3,0,1,2,A,-,17,21200,A,N,D,G,A,A,H,-,A,A,0,,Y,,,Y,,L,04,0,1,0,0,0,0,1,0,0,"- ","- ",,,"SAN DIEGO","SAN DIEGO",-117.06981001,32.770710080000001
6859980,2015,2016-04-07,3711,2015-03-14,1840,6481,,6,5,7,3711,0,0,0,,0,442,"NATIONAL AV","S 40TH ST",0.00,,Y,A,-,N,,,,,,,,,,N,3,0,1,2,A,-,10,21950,A,M,G,B,D,A,H,-,A,D,0,Y,,,,Y,,-,,0,1,0,0,1,0,0,0,0,"- ","- ",,,"SAN DIEGO","SAN DIEGO",-117.10816007,32.696070050000003
6859991,2015,2015-03-27,3711,2015-03-10,1844,6842,,2,5,7,3711,0,0,0,,0,122,"PACIFIC BEACH DR","CROWN POINT DR",10.00,E,N,B,-,N,,,,,,,,,,N,3,0,1,1,A,-,12,22450,A,N,H,G,A,A,B,-,B,D,0,,Y,,,Y,,L,04,0,1,0,0,0,0,1,0,0,"- ","- ",,,"SAN DIEGO","SAN DIEGO",-117.23081873,32.795997300000003
6861402,2015,2015-04-03,3711,2015-02-27,2015,6618,,5,5,7,3711,0,0,0,,0,721,"SATURN BL","HALO ST",20.00,N,N,B,-,N,,,,,,,,,,N,4,0,1,2,A,-,00,21590,A,N,G,B,B,A,H,-,D,D,0,Y,,,,Y,,-,,0,0,1,0,1,0,0,0,0,"- ","- ",,,"SAN DIEGO","SAN DIEGO",-117.09275696,32.572884719999998
6862508,2015,2015-03-30,3711,2015-03-13,0906,4757,C1,5,5,7,3711,0,0,0,,0,521,"10TH AV","10TH AV 500",10.00,E,N,A,-,N,,,,,,,,,,N,4,0,1,2,A,-,10,21950,,N,G,B,B,A,H,-,A,A,0,Y,,,,Y,,-,,0,0,1,0,1,0,0,0,0,"- ","- ",,,"SAN DIEGO","SAN DIEGO",-117.15557188,32.710419999999999
6865882,2015,2015-04-09,3711,2015-03-25,1958,5990,SDPD,3,5,7,3711,0,0,0,,0,122,"GARNET AV","DAWES ST",150.00,E,N,A,-,N,,,,,,,,,,N,3,0,2,2,A,-,11,21950,B,N,G,B,D,A,H,-,C,D,0,Y,Y,,,Y,,N,60,0,2,0,0,1,0,1,0,0,"- ","- ",,,"SAN DIEGO","SAN DIEGO",-117.24953899,32.797832870000001
6865958,2015,2015-04-10,3711,2015-03-24,1630,7032,,2,5,7,3711,0,0,0,,0,838,"ORANGE AV","39TH ST",0.00,,Y,A,-,N,,,,,,,,,,N,3,0,1,2,A,-,03,22350,,N,G,B,B,A,H,-,A,A,0,Y,,,,Y,,-,,0,1,0,0,1,0,0,0,0,"- ","- ",,,"SAN DIEGO","SAN DIEGO",-117.11063004,32.753240040000001
6866014,2015,2015-04-16,3711,2015-03-29,1400,7119,,7,5,7,3711,0,0,0,,0,512,"VALLE AV","32ND ST",50.00,W,N,A,-,N,,,,,,,,,,N,4,0,1,2,A,-,11,21950,B,N,G,B,D,A,H,-,A,D,0,Y,,,,Y,,N,60,0,0,1,0,1,0,0,0,0,"- ","- ",,,"SAN DIEGO","SAN DIEGO",-117.12535198,32.700139249999999
6866070,2015,2015-04-14,3711,2015-03-29,1000,5734,SANDI,7,5,7,3711,0,0,0,,0,243,"KEARNY VILLA RD","CANDIDA ST",0.00,,Y,A,-,N,,,,,,,,,,N,4,0,1,2,A,-,08,22108,,N,B,G,A,A,H,-,A,D,0,,Y,,,Y,,A,01,0,0,1,0,0,0,1,0,0,"- ","- ",,,"SAN DIEGO","SAN DIEGO",-117.12126004,32.897230010000001
6869397,2015,2015-04-08,3711,2015-03-19,1550,7155,,4,5,7,3711,0,0,0,,0,821,"70TH ST","COLONY RD",0.00,,Y,-,-,N,,,,,,,,,,N,3,0,1,2,A,-,11,21954,A,N,G,B,D,-,-,-,-,D,0,Y,,,,Y,,N,60,0,1,0,0,1,0,0,0,0,"- ","- ",,,"SAN DIEGO","SAN DIEGO",-117.04678002999999,32.76599006
6870384,2015,2016-10-04,3711,2015-03-10,0600,6966,,2,5,7,3711,0,0,0,,0,723,"PALM AV","RT 805",0.00,,Y,A,-,Y,SD,11,805,-,-,2.731,R,3,S,N,3,0,1,2,A,-,"- ",,,M,B,B,B,A,H,-,C,A,0,Y,,,,Y,,N,60,0,1,0,0,1,0,0,0,0,"- ",SO,,,"SAN DIEGO","SAN DIEGO",-117.03769386,32.581459180000003
6875917,2015,2016-04-07,3711,2015-03-24,1724,7216,,2,5,7,3711,0,0,0,,0,122,"DAWES ST","THOMAS AV",55.00,S,N,A,-,N,,,,,,,,,,N,3,0,1,2,A,-,08,22107,,N,C,G,A,A,H,-,A,D,0,,Y,,,Y,Y,A,01,0,1,0,0,0,0,1,0,0,"- ","- ",,,"SAN DIEGO","SAN DIEGO",-117.24908017,32.794733119999997
6877418,2015,2016-10-07,9645,2015-03-24,1745,014565,,2,2,7,3711,0,1,1,,2,007,"RT 5","VIA DE LA VALLE",28.00,N,N,A,-,Y,SD,11,5,-,R,36.496,R,3,N,N,2,0,1,2,A,-,10,21950,A,N,G,B,C,A,H,-,A,A,0,Y,,,,Y,,A,01,1,0,0,0,1,0,0,0,0,FR,"- ",,,"SAN DIEGO","SAN DIEGO",-117.25411723000001,32.982987860000001
6877507,2015,2015-04-14,3711,2015-03-26,1621,6430,"SAN D",4,5,7,3711,0,0,0,,0,124,"LAJOLLA SHORES DR","CALLE FRESCOTA",82.00,S,N,A,-,N,,,,,,,,,,N,3,0,1,3,A,-,17,22517,,N,-,G,A,A,H,-,A,D,0,,Y,,,Y,,-,,0,1,0,0,0,0,1,0,0,"- ","- ",,,"SAN DIEGO","SAN DIEGO",-117.2535862,32.857135759999998
6878722,2015,2015-04-17,3711,2015-04-03,1150,6734,,5,5,7,3711,0,0,0,,0,611,"ROSECRANS ST","KURTZ ST",30.00,N,N,A,-,N,,,,,,,,,,N,4,0,1,2,A,-,09,21804,A,N,D,G,A,A,H,-,A,D,0,,Y,,,Y,,L,04,0,0,1,0,0,0,1,0,0,"- ","- ",,,"SAN DIEGO","SAN DIEGO",-117.20382177,32.752375829999998
6879733,2015,2015-04-20,3711,2015-03-29,1037,6774,,7,5,7,3711,0,0,0,,0,934,"DEL MAR HEIGHTS RD","HARTFIELD AV",528.00,E,N,A,-,N,,,,,,,,,,N,3,0,1,2,A,-,08,22107,,N,B,G,A,A,H,-,A,D,0,,Y,,,Y,,L,04,0,1,0,0,0,0,1,0,0,"- ","- ",,,"SAN DIEGO","SAN DIEGO",-117.2281953,32.95619731
6882243,2015,2015-04-24,3711,2015-04-07,1020,6796,,2,5,7,3711,0,0,0,,0,452,"SKYLINE DR",VALENCIA,17.00,W,N,A,-,N,,,,,,,,,,N,3,0,1,2,A,-,08,22100,A,N,B,G,A,A,H,-,A,A,0,,Y,,,Y,,-,,0,1,0,0,0,0,1,0,0,"- ","- ",,,"SAN DIEGO","SAN DIEGO",-117.06954496,32.70144706
6882344,2015,2015-04-22,3711,2015-04-01,1058,6395,,3,5,7,3711,0,0,0,,0,724,"HOLLISTER ST","MAIN ST",187.00,S,N,A,-,N,,,,,,,,,,N,4,0,1,2,A,-,09,21804,A,N,D,G,A,A,H,-,A,D,0,,Y,,,Y,,A,01,0,0,1,0,0,0,1,0,0,"- ","- ",,,"SAN DIEGO","SAN DIEGO",-117.08410197000001,32.594328050000001
6882348,2015,2015-04-22,3711,2015-04-02,1730,4527,,4,5,7,3711,0,0,0,,0,523,"MARKET PL",4TH,60.00,E,N,A,-,N,,,,,,,,,,N,3,0,1,2,A,-,11,21456,B,N,-,B,B,A,H,-,A,A,0,Y,,,,Y,,-,"- ",0,1,0,0,1,0,0,0,0,"- ","- ",,,"SAN DIEGO","SAN DIEGO",-117.16086573,32.71147637
6882356,2015,2015-04-22,3711,2015-04-02,1658,6865,,4,5,7,3711,0,0,0,,0,432,"EUCLID AV","GROVELAND DR",50.00,S,N,A,-,N,,,,,,,,,,N,4,0,1,2,A,-,09,21804,A,N,D,G,A,A,H,-,A,D,0,,Y,,,Y,,-,,0,0,1,0,0,0,1,0,0,"- ","- ",,,"SAN DIEGO","SAN DIEGO",-117.08505155,32.707563049999997
6883944,2015,2015-04-21,3711,2015-04-04,1910,6936,,6,5,7,3711,0,0,0,,0,613,"WEST POINT LOMA BL","GROTON ST",6.00,W,N,A,-,N,,,,,,,,,,N,3,0,1,2,A,-,12,21453,A,N,D,G,A,A,H,-,C,A,0,,Y,,,Y,,L,04,0,1,0,0,0,0,1,0,0,"- ","- ",,,"SAN DIEGO","SAN DIEGO",-117.22195773999999,32.754333250000002
6883953,2015,2015-04-21,3711,2015-04-06,1520,6064,SD,1,5,7,3711,0,0,0,,0,521,"16TH ST","16TH ST 455",0.00,,Y,A,-,N,,,,,,,,,,N,4,0,1,2,A,-,11,21950,B,N,B,B,F,A,-,-,A,D,0,Y,,,,Y,Y,N,60,0,0,1,0,1,0,0,0,0,"- ","- ",,,"SAN DIEGO","SAN DIEGO",-117.14945108000001,32.709928759999997
6883958,2015,2015-04-21,3711,2015-04-05,1230,7167,,7,5,7,3711,0,0,0,,0,721,"SATURN BL","PALM BL",4.00,N,N,A,-,N,,,,,,,,,,Y,4,0,1,2,A,-,10,21950,A,N,G,B,B,A,H,-,A,A,0,Y,,,,Y,,-,,0,0,1,0,1,0,0,0,0,"- ","- ",,,"SAN DIEGO","SAN DIEGO",-117.09262819,32.583750850000001
6886097,2015,2015-04-28,3711,2015-04-10,1505,7156,,5,5,7,3711,0,0,0,,0,511,"MAIN ST","RIGEL ST",0.00,,Y,A,-,N,,,,,,,,,,N,3,0,1,2,A,-,05,21651,B,N,D,G,A,A,H,-,A,D,0,,Y,,,Y,Y,L,04,0,1,0,0,0,0,1,0,0,"- ","- ",,,"SAN DIEGO","SAN DIEGO",-117.12199,32.690070040000002
6886101,2015,2015-04-28,3711,2015-04-11,0850,3661,TRAFF,6,5,7,3711,0,0,0,,0,233,"SALMON RIVER RD","PASEO MONTALBAN",0.00,,Y,A,-,N,,,,,,,,,,N,2,0,1,2,A,-,10,21950,A,N,G,B,B,A,H,-,A,A,0,Y,,,,Y,,A,01,1,0,0,0,1,0,0,0,0,"- ","- ",,,"SAN DIEGO","SAN DIEGO",-117.12280006,32.959860059999997
6886128,2015,2015-04-23,3711,2015-04-03,0952,5734,SANDI,5,5,7,3711,0,0,0,,0,242,"BLACK MOUNTAIN RD","MIRA MESA BL",0.00,,Y,A,-,N,,,,,,,,,,N,4,0,1,2,A,-,05,21650,1,N,D,G,A,A,H,-,A,D,0,,Y,,,Y,,L,04,0,0,1,0,0,0,1,0,0,"- ","- ",,,"SAN DIEGO","SAN DIEGO",-117.12489004,32.917230089999997
6886132,2015,2015-04-23,3711,2015-04-08,1205,4965,SANDI,3,5,7,3711,0,0,0,,0,621,"LINDA VISTA RD",OLRICK,314.00,W,N,A,-,N,,,,,,,,,,N,3,0,1,2,A,-,08,22107,,N,B,G,A,A,H,-,A,D,0,,Y,,,Y,,-,,0,1,0,0,0,0,1,0,0,"- ","- ",,,"SAN DIEGO","SAN DIEGO",,
6886140,2015,2015-04-29,3711,2015-04-13,0815,3667,,1,5,7,3711,0,0,0,,0,624,"ADAMS AV","PANORAMA DR",101.00,W,N,A,-,N,,,,,,,,,,N,4,0,1,2,A,-,21,22106,,N,B,G,A,A,H,-,A,D,0,,Y,,,Y,,A,01,0,0,1,0,0,0,1,0,0,"- ","- ",,,"SAN DIEGO","SAN DIEGO",-117.14279823,32.762608899999996
6886397,2015,2015-04-27,3711,2015-03-30,0613,6702,,1,5,7,3711,0,0,0,,0,242,"GOLD COAST DR","WESTONHILL DR",0.00,,Y,E,-,N,,,,,,,,,,N,2,0,1,2,A,-,11,21950,B,F,G,B,B,A,H,-,B,A,0,Y,,,,Y,,N,60,1,0,0,0,1,0,0,0,0,"- ","- ",,,"SAN DIEGO","SAN DIEGO",-117.13553005999999,32.905760110000003
6886565,2015,2015-06-10,3711,2015-04-09,2100,7125,SD,4,5,7,3711,0,0,0,,0,827,"UNIVERSITY AV","SHILOH RD",22.00,W,N,A,-,N,,,,,,,,,,N,3,0,1,2,A,-,08,22107,,N,H,G,A,A,H,-,C,D,0,,Y,,,Y,,L,04,0,1,0,0,0,0,1,0,0,"- ","- ",,,"SAN DIEGO","SAN DIEGO",-117.08160131,32.749080589999998
6887610,2015,2015-04-29,3711,2015-04-01,1920,5972,,3,5,7,3711,0,0,0,,0,836,"44TH ST","OLIVE ST",189.00,S,N,A,-,N,,,,,,,,,,N,2,0,1,2,A,-,11,21954,A,N,G,B,D,A,H,-,D,D,0,Y,,,,Y,,N,60,1,0,0,0,1,0,0,0,0,"- ","- ",,,"SAN DIEGO","SAN DIEGO",-117.09975717,32.734622299999998
6887737,2015,2015-04-27,3711,2015-04-11,0855,5400,,6,5,7,3711,0,0,0,,0,321,"SAN DIEGO MISSION","RANCHO MISSION",0.00,,Y,A,-,N,,,,,,,,,,N,4,0,1,2,A,-,10,21950,A,N,G,B,B,A,H,-,A,A,0,Y,,,,Y,,-,,0,0,1,0,1,0,0,0,0,"- ","- ",,,"SAN DIEGO","SAN DIEGO",-117.11039006,32.784900090000001
6887740,2015,2015-04-27,3711,2015-04-10,1815,7254,,5,5,7,3711,0,0,0,,0,613,"WEST POINT LOMA BL","WEST POINT LOMA BL 4358",0.00,,Y,B,-,N,,,,,,,,,,N,3,0,1,2,A,-,08,22107,,N,D,G,A,A,H,-,B,-,0,,Y,,,Y,,L,04,0,1,0,0,0,0,1,0,0,"- ","- ",,,"SAN DIEGO","SAN DIEGO",-117.23082036,32.752456600000002
6887745,2015,2015-04-27,3711,2015-04-09,2008,5985,,4,5,7,3711,0,0,0,,0,451,"COLLEGE AV","STREAMVIEW DR",0.00,,Y,A,-,N,,,,,,,,,,N,2,0,2,2,A,-,11,21950,B,N,G,B,B,A,H,-,C,A,0,Y,,,,Y,,N,60,1,1,0,0,1,0,0,0,0,"- ","- ",,,"SAN DIEGO","SAN DIEGO",-117.05877009,32.745510070000002
6894564,2015,2015-05-09,3711,2015-04-17,1558,6842,,5,5,7,3711,0,0,0,,0,115,"GENESEE AV","GOVERNOR DR",470.00,N,N,A,-,N,,,,,,,,,,Y,3,0,1,2,A,-,11,21950,B,N,G,B,D,A,H,-,A,A,0,Y,,,,Y,,N,60,0,1,0,0,1,0,0,0,0,"- ","- ",,,"SAN DIEGO","SAN DIEGO",-117.20505761,32.855857389999997
6894571,2015,2015-05-11,3711,2015-04-16,2023,5985,,4,5,7,3711,0,0,0,,0,528,"COLUMBIA ST","WEST GRAPE ST",0.00,,Y,A,-,N,,,,,,,,,,N,3,0,1,2,A,-,10,21950,A,M,G,B,B,A,H,-,C,A,0,Y,,,,Y,,-,99,0,1,0,0,1,0,0,0,0,"- ","- ",,,"SAN DIEGO","SAN DIEGO",-117.16818000000001,32.725680079999997