CASE_ID,ACCIDENT_YEAR,PROC_DATE,JURIS,COLLISION_DATE,COLLISION_TIME,OFFICER_ID,REPORTING_DISTRICT,DAY_OF_WEEK,CHP_SHIFT,POPULATION,CNTY_CITY_LOC,SPECIAL_COND,BEAT_TYPE,CHP_BEAT_TYPE,CITY_DIVISION_LAPD,CHP_BEAT_CLASS,BEAT_NUMBER,PRIMARY_RD,SECONDARY_RD,DISTANCE,DIRECTION,INTERSECTION,WEATHER_1,WEATHER_2,STATE_HWY_IND,CALTRANS_COUNTY,CALTRANS_DISTRICT,STATE_ROUTE,ROUTE_SUFFIX,POSTMILE_PREFIX,POSTMILE,LOCATION_TYPE,RAMP_INTERSECTION,SIDE_OF_HWY,TOW_AWAY,COLLISION_SEVERITY,NUMBER_KILLED,NUMBER_INJURED,PARTY_COUNT,PRIMARY_COLL_FACTOR,PCF_CODE_OF_VIOL,PCF_VIOL_CATEGORY,PCF_VIOLATION,PCF_VIOL_SUBSECTION,HIT_AND_RUN,TYPE_OF_COLLISION,MVIW,PED_ACTION,ROAD_SURFACE,ROAD_COND_1,ROAD_COND_2,LIGHTING,CONTROL_DEVICE,CHP_ROAD_TYPE,PEDESTRIAN_ACCIDENT,BICYCLE_ACCIDENT,MOTORCYCLE_ACCIDENT,TRUCK_ACCIDENT,NOT_PRIVATE_PROPERTY,ALCOHOL_INVOLVED,STWD_VEHTYPE_AT_FAULT,CHP_VEHTYPE_AT_FAULT,COUNT_SEVERE_INJ,COUNT_VISIBLE_INJ,COUNT_COMPLAINT_PAIN,COUNT_PED_KILLED,COUNT_PED_INJURED,COUNT_BICYCLIST_KILLED,COUNT_BICYCLIST_INJURED,COUNT_MC_KILLED,COUNT_MC_INJURED,PRIMARY_RAMP,SECONDARY_RAMP,LATITUDE,LONGITUDE,COUNTY,CITY,POINT_X,POINT_Y
6894588,2015,2015-05-09,3711,2015-04-16,0705,7008,SANDI,4,5,7,3711,0,0,0,,0,838,"ORANGE AV","CHEROKEE AV",0.00,,Y,-,-,N,,,,,,,,,,N,4,0,1,2,A,-,09,21801,A,N,A,G,A,A,H,-,A,A,0,,Y,,,Y,,-,,0,0,1,0,0,0,1,0,0,"- ","- ",,,"SAN DIEGO","SAN DIEGO",-117.11475007,32.753270110000003
6894628,2015,2015-05-09,3711,2015-04-15,1612,7322,,3,5,7,3711,0,0,0,,0,931,"PORTOFINO DR","DEL MAR HEIGHTS RD",249.00,S,N,A,-,N,,,,,,,,,,N,4,0,1,2,A,-,09,21801,A,N,D,G,A,A,H,-,A,D,0,,Y,,,Y,,-,,0,0,1,0,0,0,1,0,0,"- ","- ",,,"SAN DIEGO","SAN DIEGO",-117.24605045,32.948246939999997
6902524,2015,2015-05-13,3711,2015-04-27,0030,6513,,1,5,7,3711,0,0,0,,0,511,"IMPERIAL AV","24TH ST",56.00,W,N,A,-,N,,,,,,,,,,N,3,0,1,2,A,-,21,22106,,M,G,B,E,A,H,-,C,D,0,Y,,,,Y,Y,-,99,0,1,0,0,1,0,0,0,0,"- ","- ",,,"SAN DIEGO","SAN DIEGO",-117.14261141999999,32.706307629999998
6903019,2015,2015-05-19,3711,2015-04-14,1742,6224,,2,5,7,3711,0,0,0,,0,122,"GARNET AV","GRESHAM ST",50.00,W,N,A,-,N,,,,,,,,,,N,4,0,1,2,A,-,21,22106,,M,D,G,A,A,H,-,A,A,0,,Y,,,Y,Y,-,,0,0,1,0,0,0,1,0,0,"- ","- ",,,"SAN DIEGO","SAN DIEGO",-117.24467677,32.798904880000002
6903035,2015,2015-05-11,3711,2015-04-11,0716,6774,,6,5,7,3711,0,0,0,,0,437,"PARADISE VALLEY RD","DEEP DELL RD",43.00,E,N,A,-,N,,,,,,,,,,N,2,0,1,2,A,-,11,21954,A,N,G,B,D,A,H,-,A,A,0,Y,,,,Y,,N,60,1,0,0,0,1,0,0,0,0,"- ","- ",,,"SAN DIEGO","SAN DIEGO",-117.02923608,32.695487759999999
6905003,2015,2015-05-28,3711,2015-04-15,0914,4864,,3,5,7,3711,0,0,0,,0,524,BROADWAY,"4TH AV",52.00,E,N,A,-,N,,,,,,,,,,N,3,0,1,2,A,-,03,22350,,N,C,G,A,A,H,-,A,A,0,,Y,,,Y,,L,04,0,1,0,0,0,0,1,0,0,"- ","- ",,,"SAN DIEGO","SAN DIEGO",-117.16089155,32.715693700000003
6909243,2015,2015-05-15,3711,2015-04-30,2200,5903,,4,5,7,3711,0,0,0,,0,832,"ORANGE AV","43RD ST",135.00,E,N,-,-,N,,,,,,,,,,,3,0,1,2,A,-,08,22107,,N,D,G,A,-,-,-,-,D,0,,Y,,,Y,,A,01,0,1,0,0,0,0,1,0,0,"- ","- ",,,"SAN DIEGO","SAN DIEGO",-117.10149239,32.753169999999997
6910540,2015,2015-05-12,3711,2015-04-20,2101,5531,521,1,5,7,3711,0,0,0,,0,521,"PARK BL","ISLAND AV",0.00,,Y,A,-,N,,,,,,,,,,N,4,0,1,2,A,-,12,21453,A,N,A,G,A,A,H,-,C,A,0,,Y,,,Y,,L,04,0,0,1,0,0,0,1,0,0,"- ","- ",,,"SAN DIEGO","SAN DIEGO",-117.15373003000001,32.710450039999998
6910544,2015,2015-05-12,3711,2015-04-18,0005,7186,3711,6,5,7,3711,0,0,0,,0,521,"6TH ST","11TH AV",0.00,,Y,A,-,N,,,,,,,,,,N,4,0,1,2,A,-,10,21950,A,N,G,B,B,A,H,-,C,A,0,Y,,,,Y,,-,,0,0,1,0,1,0,0,0,0,"- ","- ",,,"SAN DIEGO","SAN DIEGO",,
6911301,2015,2015-05-19,3711,2015-04-30,0725,6628,,4,5,7,3711,0,0,0,,0,511,"HARBOR DR","PARK BL",80.00,E,N,-,-,N,,,,,,,,,,N,3,0,1,2,A,-,17,22517,,N,H,G,A,-,-,-,-,A,0,,Y,,,Y,,-,,0,1,0,0,0,0,1,0,0,"- ","- ",,,"SAN DIEGO","SAN DIEGO",-117.15754135,32.704900119999998
6911345,2015,2015-05-16,3711,2015-04-30,1019,7024,,4,5,7,3711,0,0,0,,0,313,"LIGHTWAVE AV","KEARNY VILLA RD",3.00,E,N,A,-,N,,,,,,,,,,N,3,0,1,2,A,-,10,21950,A,N,G,B,B,A,H,-,A,A,0,Y,,,,Y,,A,01,0,1,0,0,1,0,0,0,0,"- ","- ",,,"SAN DIEGO","SAN DIEGO",-117.14206182,32.82903554
6922279,2015,2015-06-16,3711,2015-05-03,2030,5923,,7,5,7,3711,0,0,0,,0,624,"EL CAJON BL","ALABAMA ST",2.00,E,N,A,-,N,,,,,,,,,,N,3,0,1,2,A,-,11,21461,5,N,G,B,D,A,H,-,C,D,0,Y,,,,Y,,N,60,0,1,0,0,1,0,0,0,0,"- ","- ",,,"SAN DIEGO","SAN DIEGO",-117.14256352,32.755350049999997
6925926,2015,2015-06-04,3711,2015-05-11,1747,7270,SD,1,5,7,3711,0,0,0,,0,451,"PIROTTE DR","SUSAN PL",32.00,W,N,A,-,N,,,,,,,,,,N,4,0,1,2,A,-,10,21950,C,N,G,B,E,A,H,-,A,D,0,Y,,,,Y,,-,,0,0,1,0,1,0,0,0,0,"- ","- ",,,"SAN DIEGO","SAN DIEGO",-117.08504369000001,32.729211429999999
6925929,2015,2015-06-04,3711,2015-05-11,1845,7270,SD,1,5,7,3711,0,0,0,,0,444,"J ST","36TH ST",300.00,W,N,A,-,N,,,,,,,,,,N,4,0,1,2,A,-,10,21950,C,N,G,B,D,A,H,-,A,D,0,Y,,,,Y,,-,,0,0,1,0,1,0,0,0,0,"- ","- ",,,"SAN DIEGO","SAN DIEGO",-117.11754187,32.709504019999997
6925932,2015,2015-06-02,3711,2015-05-01,1815,6252,,5,5,7,3711,0,0,0,,0,627,"5TH AV","WASHINGTON ST",3.00,N,N,A,-,N,,,,,,,,,,N,4,0,1,2,A,-,10,21950,C,N,G,B,B,A,H,-,A,D,0,Y,,,,Y,,A,01,0,0,1,0,1,0,0,0,0,"- ","- ",,,"SAN DIEGO","SAN DIEGO",-117.16083476999999,32.750007160000003
6928916,2015,2015-06-16,3711,2015-05-13,1654,4116,,3,5,7,3711,0,0,0,,0,323,"DEL CERRO BL","MADRA AV",0.00,,Y,A,-,N,,,,,,,,,,N,3,0,1,2,A,-,09,21800,A,N,D,G,A,A,H,-,A,D,0,,Y,,,Y,,-,,0,1,0,0,0,0,1,0,0,"- ","- ",,,"SAN DIEGO","SAN DIEGO",-117.05932007,32.782800090000002
6928951,2015,2015-06-17,3711,2015-05-12,2016,7287,,2,5,7,3711,0,0,0,,0,121,MISSION,"SAN JOSE ST",0.00,,Y,A,-,N,,,,,,,,,,N,4,0,1,2,A,-,10,21950,A,N,G,B,A,A,H,-,B,-,0,,Y,,,Y,,A,01,0,0,1,0,0,0,1,0,0,"- ","- ",,,"SAN DIEGO","SAN DIEGO",-117.25292005999999,32.784730109999998
6934275,2015,2015-06-16,3711,2015-05-16,1640,3696,,6,5,7,3711,0,0,0,,0,124,"LA JOLLA BL","BIRD ROCK AV",298.00,S,N,B,-,N,,,,,,,,,,N,3,0,1,2,A,-,08,22107,,N,B,G,A,A,H,-,A,D,0,,Y,,,Y,,-,,0,1,0,0,0,0,1,0,0,"- ","- ",,,"SAN DIEGO","SAN DIEGO",-117.27017641,32.814821350000003
6938184,2015,2015-10-01,3711,2015-09-18,0619,4923,,5,5,7,3711,0,0,0,,0,242,"MIRA MESA BL","GREENFORD DR",0.00,,Y,A,-,N,,,,,,,,,,N,3,0,1,2,A,-,12,21453,A,N,D,G,A,A,H,-,C,A,0,,Y,,,Y,,L,04,0,1,0,0,0,0,1,0,0,"- ","- ",,,"SAN DIEGO","SAN DIEGO",-117.13297000999999,32.913870060000001
6940897,2015,2015-07-17,3711,2015-06-27,1629,7086,,6,5,7,3711,0,0,0,,0,813,"UNIVERSITY AV","OREGON ST",0.00,,Y,B,-,N,,,,,,,,,,N,3,0,1,2,A,-,12,22450,A,N,H,G,A,A,H,-,A,D,0,,Y,,,Y,,L,04,0,1,0,0,0,0,1,0,0,"- ","- ",,,"SAN DIEGO","SAN DIEGO",-117.13511004,32.74846007
6940901,2015,2015-07-17,3711,2015-06-29,1633,5985,,1,5,7,3711,0,0,0,,0,523,"6TH AV","G ST",0.00,,Y,B,-,N,,,,,,,,,,N,3,0,1,2,A,-,10,21950,A,N,G,B,B,A,H,-,A,A,0,Y,,,,Y,,D,22,0,1,0,0,1,0,0,0,0,"- ","- ",,,"SAN DIEGO","SAN DIEGO",-117.15923006,32.71257009
6941278,2015,2015-06-29,3711,2015-05-21,1750,6653,,4,5,7,3711,0,0,0,,0,831,"HIGHLAND AV","W ALLY HIGHLAND 4000",0.00,,Y,B,-,N,,,,,,,,,,N,4,0,1,2,A,-,09,21804,A,M,D,G,A,A,H,-,A,D,0,,Y,,,Y,Y,-,"- ",0,0,1,0,0,0,1,0,0,"- ","- ",,,"SAN DIEGO","SAN DIEGO",,
6943801,2015,2017-01-05,9645,2015-05-13,2224,016409,,3,3,7,3711,0,1,1,,2,017,"RT 15","H AV",1056.00,S,N,B,-,Y,SD,11,15,-,R,11.330,H,-,N,N,3,0,1,2,A,-,11,21954,A,N,G,B,E,A,H,-,C,D,1,Y,,,,Y,Y,N,60,0,1,0,0,1,0,0,0,0,"- ","- ",32.850639999999999,-117.11574,"SAN DIEGO","SAN DIEGO",-117.1154229,32.851945409999999
6947498,2015,2015-06-26,3711,2015-05-31,1045,4824,,7,5,7,3711,0,0,0,,0,233,"CARMEL MOUNTAIN RD","SUNDANCE CIR",0.00,,Y,A,-,N,,,,,,,,,,N,3,0,1,2,A,-,05,21650,1,N,D,G,A,A,H,-,A,D,0,,Y,,,Y,,L,04,0,1,0,0,0,0,1,0,0,"- ","- ",,,"SAN DIEGO","SAN DIEGO",-117.14531006,32.9568601
6947553,2015,2015-06-19,3711,2015-05-26,1418,5531,,2,5,7,3711,0,0,0,,0,524,"WEST A ST","UNION ST",0.00,,Y,A,-,N,,,,,,,,,,N,3,0,1,2,A,-,11,21456,B,N,G,B,B,A,H,-,A,A,0,Y,,,,Y,,N,60,0,1,0,0,1,0,0,0,0,"- ","- ",,,"SAN DIEGO","SAN DIEGO",-117.16564003000001,32.718840020000002
6947581,2015,2015-07-08,3711,2015-05-22,1708,7295,,5,5,7,3711,0,0,0,,0,433,"BROOKLYN AV","69TH ST",123.00,W,N,B,-,N,,,,,,,,,,,3,0,1,2,A,-,06,21750,,M,G,B,E,A,H,-,B,D,0,Y,,,,Y,,-,"- ",0,1,0,0,1,0,0,0,0,"- ","- ",,,"SAN DIEGO","SAN DIEGO",-117.04975847999999,32.713113759999999
6947962,2015,2015-07-18,3711,2015-05-27,2130,7301,,3,5,7,3711,0,0,0,,0,627,"WEST WASHINGTON ST","DOVE ST",0.00,,Y,A,-,N,,,,,,,,,,N,3,0,1,2,A,-,12,21453,A,M,A,B,B,A,H,-,C,A,0,Y,,,,Y,Y,-,,0,1,0,0,1,0,0,0,0,"- ","- ",,,"SAN DIEGO","SAN DIEGO",-117.16865011,32.749920039999999
6948762,2015,2015-06-29,3711,2015-05-30,2250,7120,,6,5,7,3711,0,0,0,,0,627,"PARK BL","PARK BL  3900",6.00,W,N,A,-,N,,,,,,,,,,N,3,0,1,2,A,-,11,21456,B,N,G,B,B,A,H,-,C,A,0,Y,,,,Y,,N,60,0,1,0,0,1,0,0,0,0,"- ","- ",,,"SAN DIEGO","SAN DIEGO",,
6949893,2015,2015-07-03,3711,2015-06-01,1925,3696,,1,5,7,3711,0,0,0,,0,124,"PROSPECT PL","PROSPECT ST",0.00,,Y,A,-,N,,,,,,,,,,N,3,0,1,2,A,-,03,22350,,N,G,B,B,A,H,-,B,A,0,Y,,,,Y,,-,,0,1,0,0,1,0,0,0,0,"- ","- ",,,"SAN DIEGO","SAN DIEGO",-117.26976006,32.848270069999998
6950256,2015,2015-07-10,3711,2015-06-03,0827,6789,SANDI,3,5,7,3711,0,0,0,,0,611,"HARBOR DR","LANNING RD",6.00,S,N,B,-,N,,,,,,,,,,N,4,0,1,2,A,-,05,21651,B,N,D,G,A,A,H,-,A,A,0,,Y,,,Y,,L,04,0,0,1,0,0,0,1,0,0,"- ","- ",,,"SAN DIEGO","SAN DIEGO",-117.21827641,32.727261179999999
6951292,2015,2015-07-06,3711,2015-05-29,1328,6753,SANDI,5,5,7,3711,0,0,0,,0,813,"30TH ST",HOWARD,2.00,S,N,A,-,N,,,,,,,,,,N,3,0,1,2,A,-,12,21453,A,N,-,G,A,A,-,-,A,A,0,,Y,,,Y,,L,04,0,1,0,0,0,0,1,0,0,"- ","- ",,,"SAN DIEGO","SAN DIEGO",-117.13020992,32.75406452
6953143,2015,2015-06-16,3711,2015-05-22,0747,6784,,5,5,7,3711,0,0,0,,0,521,"B ST","PARK BL",170.00,E,N,A,-,N,,,,,,,,,,N,3,0,1,2,A,-,17,21657,,N,G,B,D,A,H,-,A,D,0,Y,,,,Y,,-,,0,1,0,0,1,0,0,0,0,"- ","- ",,,"SAN DIEGO","SAN DIEGO",-117.15326912,32.717820000000003
6955903,2015,2015-07-10,3711,2015-06-02,1615,6962,7,2,5,7,3711,0,0,0,,0,722,"CORONADO AV",HOLLISTER,1.00,W,N,A,-,N,,,,,,,,,,N,4,0,1,2,A,-,11,21950,B,N,G,B,B,A,H,-,A,A,0,Y,,,,Y,,N,60,0,0,1,0,1,0,0,0,0,"- ","- ",,,"SAN DIEGO","SAN DIEGO",-117.08408323,32.576479999999997
6960122,2015,2015-07-02,3711,2015-06-05,1805,6104,,5,5,7,3711,0,0,0,,0,613,"WORDEN ST","BOB ST",62.00,W,N,A,-,N,,,,,,,,,,N,4,0,1,2,A,-,08,22107,,N,B,G,A,A,H,-,A,D,0,,Y,,,Y,,-,,0,0,1,0,0,0,1,0,0,"- ","- ",,,"SAN DIEGO","SAN DIEGO",-117.22474973999999,32.749700259999997
6965586,2015,2015-07-14,3711,2015-06-17,0749,6156,SD,3,5,7,3711,0,0,0,,0,115,GENESEE,"GENESEE AV",2.00,W,N,A,-,N,,,,,,,,,,N,4,0,1,2,A,-,09,21801,A,N,B,G,A,A,H,-,A,A,0,,Y,,,Y,,-,,0,0,1,0,0,0,1,0,0,"- ","- ",,,"SAN DIEGO","SAN DIEGO",-117.24035000000001,32.891739999999999
6965590,2015,2015-07-14,3711,2015-06-17,1502,6176,,3,5,7,3711,0,0,0,,0,436,"LISBON ST","71ST ST",6.00,E,N,A,-,N,,,,,,,,,,N,3,0,1,2,A,-,11,21950,B,N,G,B,D,A,H,-,A,D,0,Y,,,,Y,,N,60,0,1,0,0,1,0,0,0,0,"- ","- ",,,"SAN DIEGO","SAN DIEGO",-117.04601056,32.712060000000001
6965898,2015,2015-07-15,3711,2015-06-11,0030,7298,,4,5,7,3711,0,0,0,,0,521,ISLAND,9TH,13.00,E,N,B,-,N,,,,,,,,,,N,4,0,1,2,A,-,10,21950,A,M,G,B,B,B,H,-,C,D,0,Y,,,,Y,,-,,0,0,1,0,1,0,0,0,0,"- ","- ",,,"SAN DIEGO","SAN DIEGO",-117.15644788,32.710430459999998
6965910,2015,2015-07-15,3711,2015-06-13,1140,4691,,6,5,7,3711,0,0,0,,0,241,"CAMINITO VISTA PACIFICA","ELECTRICAL BOX",9.00,E,N,A,-,N,,,,,,,,,,N,4,0,1,2,A,-,21,22106,,N,G,B,E,A,H,-,A,D,0,Y,,,,Y,,-,,0,0,1,0,1,0,0,0,0,"- ","- ",,,"SAN DIEGO","SAN DIEGO",,
6970226,2015,2015-07-07,3711,2015-06-16,1036,6978,SANDI,2,5,7,3711,0,0,0,,0,121,"OCEAN FRONT WALK","SANTA BARBARA PL",10.00,N,N,B,-,N,,,,,,,,,,,3,0,1,2,D,-,00,,,N,A,B,-,A,H,-,A,D,0,Y,Y,,,Y,,-,"- ",0,1,0,0,1,0,0,0,0,"- ","- ",,,"SAN DIEGO","SAN DIEGO",-117.25302158,32.77416736
6975621,2015,2015-07-06,3711,2015-06-22,2207,8861,,1,5,7,3711,0,0,0,,0,614,"CABLE ST","WEST POINT LOMA BL",29.00,S,N,A,-,N,,,,,,,,,,N,4,0,1,2,A,-,10,21950,A,N,G,B,B,A,H,-,C,D,0,Y,,,,Y,,A,01,0,0,1,0,1,0,0,0,0,"- ","- ",,,"SAN DIEGO","SAN DIEGO",-117.24437201000001,32.751563840000003
6978423,2015,2015-07-15,3711,2015-06-22,0933,5838,,1,5,7,3711,0,0,0,,0,315,"TEXAS ST","CAMINO DEL RIO SOUTH",0.00,,Y,A,-,N,,,,,,,,,,N,4,0,1,2,A,-,08,21717,,N,D,G,A,A,H,-,A,A,0,,Y,,,Y,,A,01,0,0,1,0,0,0,1,0,0,"- ","- ",,,"SAN DIEGO","SAN DIEGO",-117.13927009,32.767300079999998
6978560,2015,2015-07-13,3711,2015-06-28,1143,6082,,7,5,7,3711,0,0,0,,0,124,"PROSPECT ST","JENNER ST",18.00,W,N,B,-,N,,,,,,,,,,N,4,0,1,2,A,-,09,21802,A,N,D,G,A,A,H,-,A,D,0,,Y,,,Y,,-,,0,0,1,0,0,0,1,0,0,"- ","- ",,,"SAN DIEGO","SAN DIEGO",-117.27511973,32.846921369999997
6978857,2015,2015-07-09,3711,2015-06-22,1938,4653,,1,5,7,3711,0,0,0,,0,621,"FULTON ST","LINDA VISTA RD",0.00,,Y,A,-,N,,,,,,,,,,Y,3,0,1,2,A,-,10,21950,A,N,G,B,B,A,H,-,B,A,0,Y,,,,Y,,A,08,0,1,0,0,1,0,0,0,0,"- ","- ",,,"SAN DIEGO","SAN DIEGO",-117.16756006999999,32.789940080000001
6978868,2015,2015-07-14,3711,2015-06-17,1604,7123,SANDI,3,5,7,3711,0,0,0,,0,724,"OUTER RD","CORONADO AV",236.00,N,N,A,-,N,,,,,,,,,,N,4,0,1,2,A,-,09,21804,A,M,G,B,D,A,H,-,A,D,0,Y,,,,Y,Y,-,,0,0,1,0,1,0,0,0,0,"- ","- ",,,"SAN DIEGO","SAN DIEGO",-117.08092592,32.576931020000004
6980248,2015,2016-06-06,3711,2015-06-27,1820,6775,,6,5,7,3711,0,0,0,,0,233,"CARMEL MOUNTAIN RD","TWIN TRAILS DR",10.00,W,N,A,-,N,,,,,,,,,,,4,0,1,2,A,-,10,21950,A,N,G,B,B,A,H,-,A,A,0,Y,,,,Y,,-,,0,0,1,0,1,0,0,0,0,"- ","- ",,,"SAN DIEGO","SAN DIEGO",-117.13404237,32.96348236
6989707,2015,2015-07-18,3711,2015-07-04,2025,4759,"SAN D",6,5,7,3711,0,0,0,,0,122,"GRAND AV","FANUEL ST",0.00,,Y,B,-,N,,,,,,,,,,N,3,0,1,2,A,-,11,21456,B,N,D,B,B,A,H,-,C,A,0,Y,,,,Y,Y,N,60,0,1,0,0,1,0,0,0,0,"- ","- ",,,"SAN DIEGO","SAN DIEGO",-117.24580012,32.796720120000003
6989719,2015,2015-07-18,3711,2015-07-01,0655,7309,,3,5,7,3711,0,0,0,,0,832,"COPELAND AV","EL CAJON BL",0.00,,Y,B,-,N,,,,,,,,,,N,4,0,1,2,A,-,11,21456,B,N,H,G,A,A,H,-,A,A,0,,Y,,,Y,,L,04,0,0,1,0,0,0,1,0,0,"- ","- ",,,"SAN DIEGO","SAN DIEGO",-117.10404002999999,32.755210060000003
6991397,2015,2015-07-29,3711,2015-07-08,1945,8275,SD,3,5,7,3711,0,0,0,,0,439,"ALPHA ST","ALPHA ST 3998",0.00,,-,-,-,N,,,,,,,,,,N,4,0,1,2,A,-,08,22107,,M,A,B,B,A,H,-,A,D,0,Y,,,,Y,,-,,0,0,1,0,1,0,0,0,0,"- ","- ",,,"SAN DIEGO","SAN DIEGO",-117.10817903,32.692341599999999
6993258,2015,2015-08-05,3711,2015-07-20,0625,6040,3711,1,5,7,3711,0,0,0,,0,813,"FLORIDA ST",FLORIDA,0.00,,Y,-,-,N,,,,,,,,,,N,4,0,1,2,A,-,12,22450,A,N,D,G,A,A,H,-,A,-,0,,Y,,,Y,,L,04,0,0,1,0,0,0,1,0,0,"- ","- ",,,"SAN DIEGO","SAN DIEGO",-117.14379009,32.76246003
6993625,2015,2015-08-29,3711,2015-07-15,1000,5300,,3,5,7,3711,0,0,0,,0,432,"STEVENS WY","IMPERIAL AV",0.00,,Y,A,-,N,,,,,,,,,,N,4,0,1,2,A,-,10,21950,A,N,G,B,B,A,H,-,A,A,0,Y,,,,Y,,-,,0,0,1,0,1,0,0,0,0,"- ","- ",,,"SAN DIEGO","SAN DIEGO",-117.07316006000001,32.708600099999998
6993647,2015,2015-07-31,3711,2015-07-16,1120,6969,SANDI,4,5,7,3711,0,0,0,,0,626,"SAN DIEGO  AV","WEST WASHINGTON ST",21.00,E,N,A,-,N,,,,,,,,,,N,3,0,1,2,A,-,10,21950,A,N,G,B,B,A,H,-,A,A,0,Y,,,,Y,,-,,0,1,0,0,1,0,0,0,0,"- ","- ",,,"SAN DIEGO","SAN DIEGO",-117.18186013,32.742762620000001
6994447,2015,2015-08-29,3711,2015-07-17,1941,6532,,5,5,7,3711,0,0,0,,0,614,"SUNSET CLIFFS BL","NEWPORT AV",0.00,,Y,A,-,N,,,,,,,,,,N,3,0,1,2,A,-,10,21950,A,N,G,B,B,A,H,-,A,A,0,Y,,,,Y,,-,,0,1,0,0,1,0,0,0,0,"- ","- ",,,"SAN DIEGO","SAN DIEGO",-117.24762001000001,32.744740020000002
6994646,2015,2015-08-07,3711,2015-07-20,0914,5485,,1,5,7,3711,0,0,0,,0,721,"SATURN BL","PALM AV",214.00,N,N,A,-,N,,,,,,,,,,N,4,0,1,2,A,-,05,21650,1,N,-,G,A,A,H,-,A,D,0,,Y,,,Y,,L,04,0,0,1,0,0,0,1,0,0,"- ","- ",,,"SAN DIEGO","SAN DIEGO",-117.0926,32.5843244
6995940,2015,2015-08-04,3711,2015-07-19,2142,7257,,7,5,7,3711,0,0,0,,0,523,BROADWAY,"5TH ST",45.00,W,N,A,-,N,,,,,,,,,,N,4,0,1,2,A,-,11,21456,B,N,H,B,A,A,H,-,C,A,0,,,,,Y,,-,,0,0,1,0,0,0,0,0,0,"- ","- ",,,"SAN DIEGO","SAN DIEGO",-117.16029577,32.7157068
6995963,2015,2015-08-10,3711,2015-07-17,1800,4527,,5,5,7,3711,0,0,0,,0,528,COLUMBIA,"W HAWTHORN",6.00,S,N,A,-,N,,,,,,,,,,N,3,0,1,2,A,-,10,21950,A,N,B,B,B,A,H,-,A,A,0,Y,,,,Y,,-,,0,1,0,0,1,0,0,0,0,"- ","- ",,,"SAN DIEGO","SAN DIEGO",-117.16863289,32.726654699999997
6996690,2015,2015-08-12,3711,2015-04-18,1121,6671,,6,5,7,3711,0,0,0,,0,122,"GRAND AV","INGRAHAM ST",12.00,E,N,A,-,N,,,,,,,,,,N,4,0,1,2,A,-,"- ",,,N,D,G,A,A,H,-,A,A,0,,Y,,,Y,,L,04,0,0,1,0,0,0,1,0,0,"- ","- ",,,"SAN DIEGO","SAN DIEGO",-117.24024239000001,32.797938459999997
7000642,2015,2015-07-28,3711,2015-07-08,1650,6513,,3,5,7,3711,0,0,0,,0,621,"LINDA VISTA RD","ULRIC ST",743.00,N,N,A,-,N,,,,,,,,,,N,3,0,1,2,A,-,09,21804,A,N,D,G,A,A,H,-,A,A,0,,Y,,,Y,,L,04,0,1,0,0,0,0,1,0,0,"- ","- ",,,"SAN DIEGO","SAN DIEGO",-117.16916778,32.788270420000003
7000646,2015,2015-07-28,3711,2015-07-10,2125,6540,,5,5,7,3711,0,0,0,,0,524,"11TH AV","C ST",3.00,S,N,A,-,N,,,,,,,,,,N,4,0,1,2,A,-,10,21950,A,M,G,B,B,A,H,-,B,A,0,Y,,,,Y,,-,99,0,0,1,0,1,0,0,0,0,"- ","- ",,,"SAN DIEGO","SAN DIEGO",-117.15470999999999,32.716781779999998
7000658,2015,2015-07-28,3711,2015-07-11,1740,6979,3711,6,5,7,3711,0,0,0,,0,121,"MISSION BL",VENTURA,20.00,E,N,A,-,N,,,,,,,,,,N,3,0,1,2,A,-,03,22350,,M,D,G,A,A,H,-,A,A,0,,Y,,,Y,,-,99,0,1,0,0,0,0,1,0,0,"- ","- ",,,"SAN DIEGO","SAN DIEGO",-117.25121772,32.771985239999999
7000686,2015,2015-07-28,3711,2015-07-13,2055,5812,,1,5,7,3711,0,0,0,,0,115,"CAMINO GLORITA","CAMINO HUERTA",176.00,E,N,A,-,N,,,,,,,,,,N,4,0,1,2,A,-,03,22350,,N,G,B,E,A,H,-,C,D,0,Y,,,,Y,Y,A,01,0,0,1,0,1,0,0,0,0,"- ","- ",,,"SAN DIEGO","SAN DIEGO",-117.21640858000001,32.86039916
7000715,2015,2015-07-29,3711,2015-07-01,1012,6753,SANDI,3,5,7,3711,0,0,0,,0,821,"70TH ST","MOHAWK ST",1.00,N,N,A,-,N,,,,,,,,,,N,3,0,1,2,A,-,10,21950,A,N,G,B,B,A,H,-,A,D,0,Y,,,,Y,,-,,0,1,0,0,1,0,0,0,0,"- ","- ",,,"SAN DIEGO","SAN DIEGO",-117.04711,32.769762739999997
7004171,2015,2015-08-07,3711,2015-07-27,1953,6493,,1,5,7,3711,0,0,0,,0,311,"CASTLE GLEN DR","VILLAGE CIR",600.00,N,N,A,-,N,,,,,,,,,,N,3,0,1,2,A,-,11,21954,A,N,G,B,E,A,H,-,B,D,0,Y,,,,Y,,N,60,0,1,0,0,1,0,0,0,0,"- ","- ",,,"SAN DIEGO","SAN DIEGO",-117.130531,32.806615000000001
7004178,2015,2015-08-10,3711,2015-07-14,0300,6939,,2,5,7,3711,0,0,0,,0,613,"TENNYSON ST","WABASKA DR",0.00,,Y,A,-,N,,,,,,,,,,N,3,0,1,2,D,-,00,,,M,C,G,A,A,H,-,C,A,0,,Y,,,Y,,-,"- ",0,1,0,0,0,0,1,0,0,"- ","- ",,,"SAN DIEGO","SAN DIEGO",-117.23246009,32.740060069999998