CASE_ID,ACCIDENT_YEAR,PROC_DATE,JURIS,COLLISION_DATE,COLLISION_TIME,OFFICER_ID,REPORTING_DISTRICT,DAY_OF_WEEK,CHP_SHIFT,POPULATION,CNTY_CITY_LOC,SPECIAL_COND,BEAT_TYPE,CHP_BEAT_TYPE,CITY_DIVISION_LAPD,CHP_BEAT_CLASS,BEAT_NUMBER,PRIMARY_RD,SECONDARY_RD,DISTANCE,DIRECTION,INTERSECTION,WEATHER_1,WEATHER_2,STATE_HWY_IND,CALTRANS_COUNTY,CALTRANS_DISTRICT,STATE_ROUTE,ROUTE_SUFFIX,POSTMILE_PREFIX,POSTMILE,LOCATION_TYPE,RAMP_INTERSECTION,SIDE_OF_HWY,TOW_AWAY,COLLISION_SEVERITY,NUMBER_KILLED,NUMBER_INJURED,PARTY_COUNT,PRIMARY_COLL_FACTOR,PCF_CODE_OF_VIOL,PCF_VIOL_CATEGORY,PCF_VIOLATION,PCF_VIOL_SUBSECTION,HIT_AND_RUN,TYPE_OF_COLLISION,MVIW,PED_ACTION,ROAD_SURFACE,ROAD_COND_1,ROAD_COND_2,LIGHTING,CONTROL_DEVICE,CHP_ROAD_TYPE,PEDESTRIAN_ACCIDENT,BICYCLE_ACCIDENT,MOTORCYCLE_ACCIDENT,TRUCK_ACCIDENT,NOT_PRIVATE_PROPERTY,ALCOHOL_INVOLVED,STWD_VEHTYPE_AT_FAULT,CHP_VEHTYPE_AT_FAULT,COUNT_SEVERE_INJ,COUNT_VISIBLE_INJ,COUNT_COMPLAINT_PAIN,COUNT_PED_KILLED,COUNT_PED_INJURED,COUNT_BICYCLIST_KILLED,COUNT_BICYCLIST_INJURED,COUNT_MC_KILLED,COUNT_MC_INJURED,PRIMARY_RAMP,SECONDARY_RAMP,LATITUDE,LONGITUDE,COUNTY,CITY,POINT_X,POINT_Y
7004212,2015,2015-08-07,3711,2015-07-26,0742,6702,,7,5,7,3711,0,0,0,,0,517,BROADWAY,"30TH ST",0.00,,Y,A,-,N,,,,,,,,,,N,4,0,1,2,A,-,10,21950,A,N,G,B,B,A,H,-,A,A,0,Y,,,,Y,,A,01,0,0,1,0,1,0,0,0,0,"- ","- ",,,"SAN DIEGO","SAN DIEGO",-117.12959005,32.715870049999999
7004236,2015,2015-08-07,3711,2015-07-26,2050,6967,SD,7,5,7,3711,0,0,0,,0,813,"28TH ST",PALM,400.00,N,N,A,-,N,,,,,,,,,,N,3,0,1,2,A,-,08,22103,,N,C,G,A,A,H,-,C,D,0,,Y,,,Y,,L,04,0,1,0,0,0,0,1,0,0,"- ","- ",,,"SAN DIEGO","SAN DIEGO",-117.13361279,32.736725700000001
7006456,2015,2016-01-14,3711,2015-09-23,2001,5972,,3,5,7,3711,0,0,0,,0,529,"4TH AV","SPRUCE ST",20.00,N,N,A,-,N,,,,,,,,,,N,1,1,0,2,C,-,18,,,F,G,B,D,A,H,-,C,D,0,Y,,,,Y,Y,-,"- ",0,0,0,1,0,0,0,0,0,"- ","- ",,,"SAN DIEGO","SAN DIEGO",-117.16127,32.738744789999998
7006528,2015,2015-12-30,3711,2015-10-28,2127,6553,,3,5,7,3711,0,0,0,,0,615,"ROSECRANS ST","QUIMBY ST",15.00,N,N,B,-,N,,,,,,,,,,Y,1,1,0,2,A,-,11,21954,A,N,G,B,D,A,H,-,C,D,0,Y,,,,Y,Y,N,60,0,0,0,1,0,0,0,0,0,"- ","- ",,,"SAN DIEGO","SAN DIEGO",-117.22324188,32.731643519999999
7006758,2015,2016-01-08,3711,2015-11-19,2053,5972,,4,5,7,3711,0,0,0,,0,113,"CLAIREMONT DR","HIAWATHA WY",111.00,N,N,A,-,N,,,,,,,,,,Y,1,1,0,2,A,-,11,21954,A,F,G,B,D,A,H,-,C,D,0,Y,,,,Y,,N,60,0,0,0,1,0,0,0,0,0,"- ","- ",,,"SAN DIEGO","SAN DIEGO",-117.20427771,32.820319099999999
7010521,2015,2015-08-04,3711,2015-07-22,1850,4523,,3,5,7,3711,0,0,0,,0,124,"LA JOLLA BL","CARLA WY",128.00,S,N,A,-,N,,,,,,,,,,N,3,0,1,2,A,-,08,22107,,N,B,G,A,A,H,-,A,A,0,,Y,,,Y,,L,04,0,1,0,0,0,0,1,0,0,"- ","- ",,,"SAN DIEGO","SAN DIEGO",-117.26426162,32.809067669999997
7010534,2015,2015-08-04,3711,2015-07-12,1239,6959,,7,5,7,3711,0,0,0,,0,824,"EL CAJON BL","ALTADENA AV",0.00,,Y,A,-,N,,,,,,,,,,N,3,0,2,3,A,-,10,21950,,N,G,B,B,A,H,-,C,D,0,Y,,,,Y,,-,,0,1,1,0,2,0,0,0,0,"- ","- ",,,"SAN DIEGO","SAN DIEGO",-117.08575001,32.756950089999997
7010723,2015,2016-07-19,3711,2015-08-03,1054,7216,,1,5,7,3711,0,0,0,,0,122,"GARNET AV","KENDALL ST",21.00,E,N,A,-,N,,,,,,,,,,N,3,0,1,2,A,-,09,21801,A,N,D,G,A,A,H,-,A,D,0,,Y,,,Y,,D,22,0,1,0,0,0,0,1,0,0,"- ","- ",,,"SAN DIEGO","SAN DIEGO",-117.23708436,32.80060538
7011936,2015,2015-08-11,3711,2015-07-13,0929,6252,TRAFF,1,5,7,3711,0,0,0,,0,627,"WEST WASHINGTON ST","EAGLE ST",92.00,E,N,A,-,N,,,,,,,,,,N,3,0,1,2,A,-,09,21804,A,N,D,G,A,A,H,-,A,D,0,,Y,,,Y,,A,01,0,1,0,0,0,0,1,0,0,"- ","- ",,,"SAN DIEGO","SAN DIEGO",-117.16927176,32.749920000000003
7019803,2015,2015-09-16,3711,2015-07-26,0110,6366,,7,5,7,3711,0,0,0,,0,521,BROADWAY,"11TH ST",0.00,,Y,A,-,N,,,,,,,,,,N,3,0,1,2,A,-,11,21456,B,N,G,B,B,A,H,-,C,A,0,Y,,,,Y,,N,60,0,1,0,0,1,0,0,0,0,"- ","- ",,,"SAN DIEGO","SAN DIEGO",-117.15473013,32.715740029999999
7022212,2015,2015-08-18,3711,2015-07-10,1512,7202,,5,5,7,3711,0,0,0,,0,611,"FORDHAM ST","3300 FORDHAM ST",8.00,E,N,A,-,N,,,,,,,,,,N,4,0,1,2,A,-,03,22350,,N,D,G,A,A,C,D,A,A,0,,Y,,,Y,,L,04,0,0,1,0,0,0,1,0,0,"- ","- ",,,"SAN DIEGO","SAN DIEGO",,
7025828,2015,2017-01-28,3711,2015-08-04,2100,7162,SANDI,2,5,7,3711,0,0,0,,0,441,"OCEAN VIEW BL","RT 15",36.00,W,N,A,-,Y,SD,11,15,-,R,0.773,R,4,S,N,4,0,1,2,A,-,10,21950,A,N,G,B,B,A,H,-,C,A,0,Y,,,,Y,,-,,0,0,1,0,1,0,0,0,0,"- ",SF,,,"SAN DIEGO","SAN DIEGO",-117.12078522,32.703348519999999
7025988,2015,2015-09-03,3711,2015-08-04,1727,7317,SANDI,2,5,7,3711,0,0,0,,0,511,"CESAR E CHAVEZ PKWY","NATIONAL AV",0.00,,Y,A,-,N,,,,,,,,,,N,4,0,1,2,A,-,08,22107,,N,G,B,B,A,H,-,A,A,0,Y,,,,Y,,-,,0,0,1,0,1,0,0,0,0,"- ","- ",,,"SAN DIEGO","SAN DIEGO",-117.14504012,32.700660120000002
7026463,2015,2015-09-08,3711,2015-08-04,2020,6402,,2,5,7,3711,0,0,0,,0,528,"HAWTHORN ST","INDIA ST",6.00,S,N,A,-,N,,,,,,,,,,N,4,0,1,2,A,-,10,21950,A,N,-,B,B,A,H,-,C,A,0,Y,,,,Y,,-,,0,0,1,0,1,0,0,0,0,"- ","- ",,,"SAN DIEGO","SAN DIEGO",-117.16946806,32.726413909999998
7026664,2015,2015-09-08,3711,2015-08-08,1910,6461,,6,5,7,3711,0,0,0,,0,124,"LA JOLLA BL","BIRD ROCK AV",200.00,N,N,A,-,N,,,,,,,,,,N,4,0,1,2,A,-,11,21950,B,M,G,B,E,A,H,-,A,D,0,Y,,,,Y,,N,60,0,0,1,0,1,0,0,0,0,"- ","- ",,,"SAN DIEGO","SAN DIEGO",-117.27093279,32.81615884
7031159,2015,2015-09-01,3711,2015-08-13,0543,5133,,4,5,7,3711,0,0,0,,0,432,"EUCLID AV","NARANJA ST",0.00,,Y,A,-,N,,,,,,,,,,N,4,0,1,2,A,-,17,21451,A,N,G,B,B,-,H,-,C,A,0,Y,,,,Y,,-,,0,0,1,0,1,0,0,0,0,"- ","- ",,,"SAN DIEGO","SAN DIEGO",-117.08504008,32.708630079999999
7031164,2015,2015-09-01,3711,2015-08-14,1734,5232,,5,5,7,3711,0,0,0,,0,321,"FAIRMOUNT AV","FAIRMONT AV",24.00,E,N,A,-,N,,,,,,,,,,N,4,0,1,2,A,-,11,21955,,N,G,B,D,A,H,-,A,D,0,Y,,Y,,Y,,N,60,0,0,1,0,1,0,0,0,0,"- ","- ",,,"SAN DIEGO","SAN DIEGO",-117.10148,32.788600000000002
7031799,2015,2015-08-31,3711,2015-08-12,0930,5972,,3,5,7,3711,0,0,0,,0,524,"5TH AV","ASH ST",0.00,,Y,A,-,N,,,,,,,,,,N,4,0,1,2,A,-,10,21950,A,N,G,B,B,A,H,-,A,A,0,Y,,,,Y,,A,08,0,0,1,0,1,0,0,0,0,"- ","- ",,,"SAN DIEGO","SAN DIEGO",-117.16019006000001,32.719890020000001
7032587,2015,2015-09-04,3711,2015-08-09,1315,4824,,7,5,7,3711,0,0,0,,0,234,"POMERADO RD","FIELDSTONE DR",141.00,N,N,A,-,N,,,,,,,,,,N,3,0,1,2,A,-,17,21461,A,N,C,G,A,A,H,-,A,D,0,,Y,,,Y,,-,,0,1,0,0,0,0,1,0,0,"- ","- ",,,"SAN DIEGO","SAN DIEGO",-117.06588502,33.050556380000003
7032613,2015,2015-09-03,3711,2015-08-04,2106,7080,,2,5,7,3711,0,0,0,,0,451,"COLLEGE AV","BILLMAN ST",0.00,,Y,A,-,N,,,,,,,,,,N,3,0,1,2,A,-,11,21954,A,N,-,B,B,A,H,-,C,A,0,Y,,,,Y,,N,60,0,1,0,0,1,0,0,0,0,"- ","- ",,,"SAN DIEGO","SAN DIEGO",-117.05861002,32.745850050000001
7033468,2015,2015-08-21,3711,2015-07-30,1036,7135,,4,5,7,3711,0,0,0,,0,124,"LA JOLLA BL","NAUTILUS ST",15.00,N,N,A,-,N,,,,,,,,,,N,3,0,1,2,A,-,10,21950,A,N,G,B,B,A,H,-,A,A,0,Y,,,,Y,,A,01,0,1,0,0,1,0,0,0,0,"- ","- ",,,"SAN DIEGO","SAN DIEGO",-117.27660319,32.831849560000002
7033469,2015,2017-01-18,3711,2015-07-22,0857,6774,,3,5,7,3711,0,0,0,,0,931,"VISTA SORRENTO PKWY","MIRA SORRENTO PL",0.00,,Y,B,-,Y,SD,11,805,-,-,27.010,R,4,N,N,3,0,1,2,A,-,09,21804,A,N,D,G,A,A,H,-,A,A,0,,Y,,,Y,,L,04,0,1,0,0,0,0,1,0,0,"- ","- ",,,"SAN DIEGO","SAN DIEGO",-117.20526368,32.889903850000003
7033483,2015,2015-09-02,3711,2015-08-05,1451,6112,,3,5,7,3711,0,0,0,,0,122,"MISSION BAY DR","BUNKER HILL ST",200.00,N,N,A,-,N,,,,,,,,,,N,4,0,1,2,A,-,08,22107,,N,D,G,A,A,H,-,A,D,0,,Y,,,Y,,-,,0,0,1,0,0,0,1,0,0,"- ","- ",,,"SAN DIEGO","SAN DIEGO",-117.21688339000001,32.803261910000003
7035437,2015,2015-09-29,3711,2015-08-06,1338,6774,,4,5,7,3711,0,0,0,,0,242,"MIRA MESA BL","REAGAN RD",170.00,W,N,A,-,N,,,,,,,,,,N,4,0,1,2,A,-,21,22106,,N,H,B,A,A,H,-,A,A,0,,,,,Y,,A,01,0,0,1,0,0,0,0,0,0,"- ","- ",,,"SAN DIEGO","SAN DIEGO",-117.14974113,32.912417679999997
7037137,2015,2015-09-09,3711,2015-08-04,1737,7056,451,2,5,7,3711,0,0,0,,0,451,"COLLEGE AV","COLLEGE AV 3390",0.00,,-,A,-,N,,,,,,,,,,N,3,0,1,2,A,-,21,22106,,N,G,B,D,A,H,-,A,D,0,Y,,,,Y,,-,,0,1,0,0,1,0,0,0,0,"- ","- ",,,"SAN DIEGO","SAN DIEGO",-117.05129743000001,32.742499459999998
7037924,2015,2015-09-19,3711,2015-08-14,0655,7168,,5,5,7,3711,0,0,0,,0,241,"SPRING CANYON RD","SPRUCE RUN DR",0.00,,Y,A,-,N,,,,,,,,,,N,4,0,1,2,A,-,10,21950,A,N,G,B,B,A,H,-,A,A,0,Y,,,,Y,,-,,0,0,1,0,1,0,0,0,0,"- ","- ",,,"SAN DIEGO","SAN DIEGO",-117.08170004999999,32.924090040000003
7042940,2015,2015-09-02,3711,2015-08-05,1130,4491,,3,5,7,3711,0,0,0,,0,623,"HOTEL CIRCLE PL","HOTEL CIRCLE",528.00,W,N,A,-,N,,,,,,,,,,N,3,0,1,2,A,-,11,21954,A,N,G,B,D,A,H,-,A,D,0,Y,,,,Y,,N,60,0,1,0,0,1,0,0,0,0,"- ","- ",,,"SAN DIEGO","SAN DIEGO",-117.18833797000001,32.759948880000003
7042950,2015,2017-01-17,3711,2015-08-07,1742,6839,,5,5,7,3711,0,0,0,,0,931,"NOBEL DR","RT 805",0.00,,Y,A,-,Y,SD,11,805,-,-,25.126,R,1,N,N,3,0,1,2,A,-,05,21650,1,N,D,G,A,A,H,-,A,A,0,,Y,,,Y,,L,04,0,1,0,0,0,0,1,0,0,"- ","- ",,,"SAN DIEGO","SAN DIEGO",-117.19107006,32.865880830000002
7043015,2015,2015-09-28,3711,2015-08-17,1219,6923,,1,5,7,3711,0,0,0,,0,725,"PALM AV","RT 805",350.00,E,N,A,-,N,,,,,,,,,,N,3,0,1,2,A,-,05,21650,1,N,D,G,A,A,H,-,A,D,0,,Y,,,Y,,L,04,0,1,0,0,0,0,1,0,0,"- ",NO,,,"SAN DIEGO","SAN DIEGO",-117.09444999999999,32.69041
7043019,2015,2015-09-16,3711,2015-08-18,1711,6404,,2,5,7,3711,0,0,0,,0,116,"GARNET AV","MORAGA AV",1056.00,W,N,A,-,N,,,,,,,,,,N,3,0,1,2,A,-,05,21650,1,N,D,G,A,A,H,-,A,D,0,,Y,,,Y,,L,04,0,1,0,0,0,0,1,0,0,"- ","- ",,,"SAN DIEGO","SAN DIEGO",-117.21398771,32.807240159999999
7043026,2015,2015-08-29,3711,2015-08-15,1612,7351,SANDI,6,5,7,3711,0,0,0,,0,839,"UNIVERSITY AV","UNIVERSITY AV 3450",87.00,E,N,A,-,N,,,,,,,,,,Y,2,0,1,2,A,-,08,22107,,F,E,B,F,A,H,-,A,A,0,Y,,,,Y,Y,-,,1,0,0,0,1,0,0,0,0,"- ","- ",,,"SAN DIEGO","SAN DIEGO",,
7043073,2015,2015-09-21,3711,2015-08-18,0450,6614,,2,5,7,3711,0,0,0,,0,122,"LAMONT ST","GARNET AV",168.00,S,N,A,-,N,,,,,,,,,,N,3,0,1,2,A,-,03,22350,,N,G,B,E,A,H,-,C,D,0,Y,,,,Y,,-,,0,1,0,0,1,0,0,0,0,"- ","- ",,,"SAN DIEGO","SAN DIEGO",-117.23520176,32.800570700000002
7043727,2015,2016-07-19,3711,2015-08-24,1502,6734,,1,5,7,3711,0,0,0,,0,614,"EBERS ST","WEST POINT LOMA BL",9.00,S,N,A,-,N,,,,,,,,,,N,4,0,1,2,-,-,"- ",,,N,G,B,D,A,H,-,A,D,0,Y,,,,Y,,-,"- ",0,0,1,0,1,0,0,0,0,"- ","- ",,,"SAN DIEGO","SAN DIEGO",-117.24003186,32.750557469999997
7043878,2015,2015-09-19,3711,2015-08-23,1852,5953,,7,5,7,3711,0,0,0,,0,517,"TREAT ST","28TH ST",8.00,W,N,-,-,N,,,,,,,,,,N,3,0,1,2,A,-,10,21950,A,N,G,B,B,-,-,-,-,A,0,Y,,,,Y,,-,"- ",0,1,0,0,1,0,0,0,0,"- ","- ",,,"SAN DIEGO","SAN DIEGO",-117.13379592,32.714349560000002
7044311,2015,2015-09-10,3711,2015-08-26,1436,HB4531,,3,5,7,3711,0,0,0,,0,503,"NORTH HARBOR DR","RENT A CAR ACCESS RD",0.00,,Y,A,-,N,,,,,,,,,,N,4,0,1,2,A,-,05,21650,1,N,D,G,A,A,D,-,A,A,0,,Y,,,Y,,L,04,0,0,1,0,0,0,1,0,0,"- ","- ",,,"SAN DIEGO","SAN DIEGO",,
7047996,2015,2015-09-21,3711,2015-08-22,1200,7072,,6,5,7,3711,0,0,0,,0,115,"REGENTS RD","REGENTS RD 5600",6.00,E,N,A,-,N,,,,,,,,,,Y,3,0,1,2,A,-,12,21453,A,N,D,G,A,A,H,-,A,A,0,,Y,,,Y,,-,"- ",0,1,0,0,0,0,1,0,0,"- ","- ",,,"SAN DIEGO","SAN DIEGO",,
7049984,2015,2015-09-22,3711,2015-08-16,0056,4495,,7,5,7,3711,0,0,0,,0,122,"MISSION BAY DR","ROSEWOOD ST",57.00,S,N,A,-,N,,,,,,,,,,Y,2,0,1,2,A,-,09,21804,A,N,H,G,A,A,H,-,C,D,0,,Y,,Y,Y,Y,L,04,1,0,0,0,0,0,1,0,0,"- ","- ",,,"SAN DIEGO","SAN DIEGO",-117.21356694000001,32.800461579999997
7050069,2015,2015-12-30,3711,2015-08-24,1727,7179,,1,5,7,3711,0,0,0,,0,512,"SOUTH 28TH ST","MARCY AV",0.00,,Y,A,-,,,,,,,,,,,,4,0,1,2,A,-,09,21804,A,N,G,B,D,A,H,-,A,D,0,Y,,,,Y,,N,60,0,0,1,0,1,0,0,0,0,"- ","- ",,,"SAN DIEGO","SAN DIEGO",-117.13382005,32.697540089999997
7050070,2015,2015-12-30,3711,2015-08-18,1745,7179,,2,5,7,3711,0,0,0,,0,522,"FRONT ST","W MARKET ST",0.00,,Y,A,-,,,,,,,,,,,N,4,0,1,2,A,-,11,21955,,N,D,B,D,A,H,-,A,A,0,Y,,,,Y,,N,60,0,0,1,0,1,0,0,0,0,"- ","- ",,,"SAN DIEGO","SAN DIEGO",-117.16471004,32.711500000000001
7052864,2015,2015-09-21,3711,2015-09-01,1630,6495,SD,2,5,7,3711,0,0,0,,0,825,"EL CAJON BL 4360","EL CAJON BL",9.00,S,N,A,-,N,,,,,,,,,,N,3,0,1,2,A,-,08,22107,,N,D,G,A,A,H,-,A,A,0,,Y,,,Y,,-,,0,1,0,0,0,0,1,0,0,"- ","- ",,,"SAN DIEGO","SAN DIEGO",,
7052883,2015,2015-09-21,3711,2015-09-01,1437,5757,,2,5,7,3711,0,0,0,,0,614,"ABBOTT ST","WEST POINT LOMA BL",247.00,N,N,B,-,N,,,,,,,,,,N,4,0,1,2,A,-,11,21954,A,M,B,B,E,A,B,-,A,D,0,Y,,,,Y,,N,60,0,0,1,0,1,0,0,0,0,"- ","- ",,,"SAN DIEGO","SAN DIEGO",-117.24737,32.754179999999998
7053092,2015,2015-09-19,3711,2015-08-29,1144,7196,,6,5,7,3711,0,0,0,,0,122,"MISSION BL","SANTA CLARA PL",173.00,N,N,A,-,N,,,,,,,,,,N,4,0,1,1,A,-,08,22107,,N,F,G,A,A,H,-,A,D,0,,Y,,,Y,,L,04,0,0,1,0,0,0,1,0,0,"- ","- ",,,"SAN DIEGO","SAN DIEGO",-117.25259219,32.783013130000001
7053196,2015,2015-09-26,3711,2015-08-27,1739,7123,"SAN D",4,5,7,3711,0,0,0,,0,441,"43RD ST",NEWTON,900.00,S,N,A,-,N,,,,,,,,,,N,4,0,1,2,A,-,08,22107,,N,B,G,A,A,H,-,A,D,0,,Y,,,Y,,-,,0,0,1,0,0,0,1,0,0,"- ","- ",,,"SAN DIEGO","SAN DIEGO",-117.10244066,32.69258525
7056028,2015,2015-10-03,3711,2015-09-18,2050,7059,,5,5,7,3711,0,0,0,,0,446,"SOUTH 47TH ST",OCEANVIEW,158.00,S,N,A,-,N,,,,,,,,,,N,4,0,1,2,A,-,11,21955,,N,G,B,D,A,H,-,C,D,0,Y,,,,Y,,N,60,0,0,1,0,1,0,0,0,0,"- ","- ",,,"SAN DIEGO","SAN DIEGO",-117.09371762000001,32.69999722
7056582,2015,2015-11-24,3711,2015-11-03,0021,4310,,2,5,7,3711,0,0,0,,0,734,"41ST ST","WIGHTMAN ST",274.00,S,N,B,-,N,,,,,,,,,,N,2,0,1,2,A,-,21,22106,,N,G,B,E,B,H,-,D,D,0,Y,,,,Y,,A,01,1,0,0,0,1,0,0,0,0,"- ","- ",,,"SAN DIEGO","SAN DIEGO",-117.10696197999999,32.747039530000002
7056783,2015,2015-11-20,3711,2015-11-10,0958,7083,,2,5,7,3711,0,0,0,,0,315,"NORTHSIDE DR","NORTHSIDE DR 2318",0.00,,N,A,-,N,,,,,,,,,,N,4,0,1,2,A,-,10,21950,A,M,G,B,F,A,H,-,A,A,0,Y,,,,Y,,-,99,0,0,1,0,1,0,0,0,0,"- ","- ",,,"SAN DIEGO","SAN DIEGO",-117.12506175,32.780754629999997
7057572,2015,2015-11-25,3711,2015-10-30,0630,5747,,5,5,7,3711,0,0,0,,0,622,"MORENA BL","NORTH SIDEWALK",22.00,N,N,A,-,N,,,,,,,,,,N,3,0,1,2,A,-,03,22350,,N,A,B,C,A,H,-,B,D,0,Y,,,,Y,,-,,0,1,0,0,1,0,0,0,0,"- ","- ",,,"SAN DIEGO","SAN DIEGO",,
7057573,2015,2015-11-30,3711,2015-10-30,2126,3815,,5,5,7,3711,0,0,0,,0,327,"MONTEZUMA RD","ROCKFORD DR",210.00,E,N,A,-,N,,,,,,,,,,N,2,0,1,2,A,-,11,21954,A,N,G,B,D,A,H,-,E,D,0,Y,,,,Y,,N,60,1,0,0,0,1,0,0,0,0,"- ","- ",,,"SAN DIEGO","SAN DIEGO",-117.06815917999999,32.770715750000001
7057996,2015,2015-11-20,3711,2015-11-05,1800,7177,,4,5,7,3711,0,0,0,,0,446,"LOGAN AV","EUCLID AV",300.00,W,N,A,-,N,,,,,,,,,,N,3,0,1,2,A,-,08,22107,,N,D,G,A,A,H,-,C,A,0,,Y,,,Y,,L,04,0,1,0,0,0,0,1,0,0,"- ","- ",,,"SAN DIEGO","SAN DIEGO",-117.08606998,32.69679
7063464,2015,2015-11-19,3711,2015-11-03,2137,6976,"SAN D",2,5,7,3711,0,0,0,,0,625,"CONGRESS ST","HARNEY ST",50.00,N,N,C,-,N,,,,,,,,,,N,4,0,1,2,A,-,08,22107,,M,G,B,E,B,H,-,C,D,0,Y,,,,Y,,-,99,0,0,1,0,1,0,0,0,0,"- ","- ",,,"SAN DIEGO","SAN DIEGO",-117.19571248,32.752038929999998
7064268,2015,2015-11-06,3711,2015-10-15,1515,6339,,4,5,7,3711,0,0,0,,0,242,"MIRA MESA BL","CAM RUIZ",25.00,E,N,B,-,N,,,,,,,,,,N,3,0,1,2,A,-,11,21456,A,N,D,G,A,A,H,-,A,A,0,,Y,,,Y,,L,04,0,1,0,0,0,0,1,0,0,"- ","- ",,,"SAN DIEGO","SAN DIEGO",-117.14372724,32.912831650000001
7066783,2015,2015-09-23,3711,2015-09-05,1345,6704,,6,5,7,3711,0,0,0,,0,622,"NAPA ST","LINDA VISTA RD",144.00,W,N,A,-,N,,,,,,,,,,N,3,0,1,2,A,-,11,21955,,N,G,B,D,A,H,-,A,D,0,Y,,,,Y,,N,60,0,1,0,0,1,0,0,0,0,"- ","- ",,,"SAN DIEGO","SAN DIEGO",-117.19741264,32.765448339999999
7067289,2015,2015-09-22,3711,2015-09-07,1844,6891,,1,5,7,3711,0,0,0,,0,122,"GARNET AV","FANUEL ST",0.00,,Y,A,-,N,,,,,,,,,,N,4,0,1,2,A,-,09,21801,A,N,D,G,A,A,H,-,A,A,0,,Y,,,Y,,-,,0,0,1,0,0,0,1,0,0,"- ","- ",,,"SAN DIEGO","SAN DIEGO",-117.24635001999999,32.798530049999997
7067680,2015,2015-09-28,3711,2015-09-11,1749,6250,,5,5,7,3711,0,0,0,,0,821,"EL CAJON BL","ART ST",528.00,E,N,A,-,N,,,,,,,,,,N,3,0,1,2,A,-,10,21952,,N,D,G,A,A,H,-,A,D,0,,Y,,,Y,,A,01,0,1,0,0,0,0,1,0,0,"- ","- ",,,"SAN DIEGO","SAN DIEGO",-117.05972096000001,32.765925869999997
7068443,2015,2015-09-23,3711,2015-09-14,1850,7014,,1,5,7,3711,0,0,0,,0,712,"SAN YSIDRO BL","VIRGINIA AV",0.00,,Y,A,-,N,,,,,,,,,,N,4,0,1,2,A,-,09,21804,A,N,G,B,E,A,H,-,A,D,0,Y,,,,Y,,-,,0,0,1,0,1,0,0,0,0,"- ","- ",,,"SAN DIEGO","SAN DIEGO",-117.03643011,32.550030049999997
7069595,2015,2015-11-14,3711,2015-09-11,1902,6807,,5,5,7,3711,0,0,0,,0,725,"OCEAN VIEW HILLS PKWY","HIDDEN TRAILS RD",0.00,,Y,B,-,N,,,,,,,,,,N,3,0,1,2,A,-,12,21453,A,N,G,B,B,A,H,-,B,A,0,Y,,,,Y,,-,,0,1,0,0,1,0,0,0,0,"- ","- ",,,"SAN DIEGO","SAN DIEGO",-117.01506005,32.571460039999998
7069772,2015,2015-10-08,3711,2015-09-16,2130,7190,,3,5,7,3711,0,0,0,,0,,"IMPERIAL AV TROLLEY TRACKS","IMPERIAL AV TROLLEY TRACKS 1200",2.00,E,N,A,-,N,,,,,,,,,,N,2,0,1,1,D,-,00,,,N,F,G,A,A,A,-,C,D,0,,Y,,,Y,Y,-,"- ",1,0,0,0,0,0,1,0,0,"- ","- ",,,"SAN DIEGO","SAN DIEGO",,
7069951,2015,2015-10-08,3711,2015-09-03,2120,7067,,4,5,7,3711,0,0,0,,0,627,"UNIVERSITY AV","8TH AV",5.00,N,N,A,-,N,,,,,,,,,,N,3,0,1,2,A,-,09,21801,A,N,A,G,A,A,H,-,C,A,0,,Y,,,Y,,-,,0,1,0,0,0,0,1,0,0,"- ","- ",,,"SAN DIEGO","SAN DIEGO",-117.15740561,32.748389340000003
7072570,2015,2015-09-22,3711,2015-07-05,1224,5589,,7,5,7,3711,0,0,0,,0,126,"NORTH TORREY PINES RD","TORREY PINES SCENIC DR",0.00,,Y,A,-,N,,,,,,,,,,N,4,0,1,2,A,-,08,22107,,N,D,G,A,A,H,-,A,A,0,,Y,,,Y,,A,01,0,0,1,0,0,0,1,0,0,"- ","- ",,,"SAN DIEGO","SAN DIEGO",-117.24374003,32.887700070000001
7080164,2015,2015-09-30,3711,2015-09-15,1100,6392,SD,2,5,7,3711,0,0,0,,0,526,"CEDAR ST","2ND ST",18.00,E,N,C,-,N,,,,,,,,,,N,4,0,1,2,A,-,09,21801,A,N,H,B,D,B,H,-,A,A,0,Y,,,,Y,,-,,0,0,1,0,1,0,0,0,0,"- ","- ",,,"SAN DIEGO","SAN DIEGO",-117.16287167,32.721980000000002
7082009,2015,2015-10-17,3711,2015-09-28,2138,4310,,1,5,7,3711,0,0,0,,0,122,"INGRAHAM ST","GARNET AV",4.00,N,N,A,-,N,,,,,,,,,,N,4,0,1,2,A,-,09,21804,A,M,D,G,A,A,H,-,C,D,0,,Y,,,Y,,L,04,0,0,1,0,0,0,1,0,0,"- ","- ",,,"SAN DIEGO","SAN DIEGO",-117.24084336,32.799770580000001
7088048,2015,2015-10-09,3711,2015-09-17,0751,4823,SANDI,4,5,7,3711,0,0,0,,0,116,"CLAIREMONT DR","ERIE ST",465.00,E,N,A,-,N,,,,,,,,,,Y,2,0,1,2,A,-,06,21755,,F,B,G,A,A,H,-,A,D,0,,Y,,,Y,,-,99,1,0,0,0,0,0,1,0,0,"- ","- ",,,"SAN DIEGO","SAN DIEGO",-117.20071505,32.790197620000001