CASE_ID,ACCIDENT_YEAR,PROC_DATE,JURIS,COLLISION_DATE,COLLISION_TIME,OFFICER_ID,REPORTING_DISTRICT,DAY_OF_WEEK,CHP_SHIFT,POPULATION,CNTY_CITY_LOC,SPECIAL_COND,BEAT_TYPE,CHP_BEAT_TYPE,CITY_DIVISION_LAPD,CHP_BEAT_CLASS,BEAT_NUMBER,PRIMARY_RD,SECONDARY_RD,DISTANCE,DIRECTION,INTERSECTION,WEATHER_1,WEATHER_2,STATE_HWY_IND,CALTRANS_COUNTY,CALTRANS_DISTRICT,STATE_ROUTE,ROUTE_SUFFIX,POSTMILE_PREFIX,POSTMILE,LOCATION_TYPE,RAMP_INTERSECTION,SIDE_OF_HWY,TOW_AWAY,COLLISION_SEVERITY,NUMBER_KILLED,NUMBER_INJURED,PARTY_COUNT,PRIMARY_COLL_FACTOR,PCF_CODE_OF_VIOL,PCF_VIOL_CATEGORY,PCF_VIOLATION,PCF_VIOL_SUBSECTION,HIT_AND_RUN,TYPE_OF_COLLISION,MVIW,PED_ACTION,ROAD_SURFACE,ROAD_COND_1,ROAD_COND_2,LIGHTING,CONTROL_DEVICE,CHP_ROAD_TYPE,PEDESTRIAN_ACCIDENT,BICYCLE_ACCIDENT,MOTORCYCLE_ACCIDENT,TRUCK_ACCIDENT,NOT_PRIVATE_PROPERTY,ALCOHOL_INVOLVED,STWD_VEHTYPE_AT_FAULT,CHP_VEHTYPE_AT_FAULT,COUNT_SEVERE_INJ,COUNT_VISIBLE_INJ,COUNT_COMPLAINT_PAIN,COUNT_PED_KILLED,COUNT_PED_INJURED,COUNT_BICYCLIST_KILLED,COUNT_BICYCLIST_INJURED,COUNT_MC_KILLED,COUNT_MC_INJURED,PRIMARY_RAMP,SECONDARY_RAMP,LATITUDE,LONGITUDE,COUNTY,CITY,POINT_X,POINT_Y
7088060,2015,2015-10-09,3711,2015-09-23,1820,7163,MIDCI,3,5,7,3711,0,0,0,,0,814,ADAMS,"34TH ST",20.00,S,N,A,-,N,,,,,,,,,,N,4,0,1,2,A,-,00,12500,A,N,G,B,B,A,H,-,A,D,0,Y,,,,Y,,-,,0,0,1,0,1,0,0,0,0,"- ","- ",,,"SAN DIEGO","SAN DIEGO",-117.12066,32.763370000000002
7088067,2015,2015-10-09,3711,2015-09-21,0723,6437,,1,5,7,3711,0,0,0,,0,124,"SOLEDAD MOUNTAIN RD","SOLEDAD RANCHO RD",0.00,,Y,A,-,N,,,,,,,,,,N,4,0,1,2,A,-,09,21801,A,N,D,B,A,A,H,-,A,D,0,,,,,Y,,-,,0,0,1,0,0,0,0,0,0,"- ","- ",,,"SAN DIEGO","SAN DIEGO",-117.23424012,32.81506006
7088072,2015,2015-10-09,3711,2015-09-21,0740,6824,,1,5,7,3711,0,0,0,,0,529,"2ND AV","JUNIPER ST",10.00,S,N,A,-,N,,,,,,,,,,N,3,0,1,2,A,-,08,22107,,N,G,B,B,A,H,-,A,D,0,Y,,,,Y,,-,,0,1,0,0,1,0,0,0,0,"- ","- ",,,"SAN DIEGO","SAN DIEGO",-117.16300948999999,32.729272610000002
7088076,2015,2015-10-09,3711,2015-09-21,0808,6824,,1,5,7,3711,0,0,0,,0,526,"CEDAR ST","3RD AV",5.00,E,N,A,-,N,,,,,,,,,,N,3,0,1,2,A,-,03,22350,,N,G,B,B,A,H,-,A,D,0,Y,,,,Y,,-,,0,1,0,0,1,0,0,0,0,"- ","- ",,,"SAN DIEGO","SAN DIEGO",-117.1620238,32.721980000000002
7090813,2015,2016-07-18,3711,2015-09-07,1849,5600,,1,5,7,3711,0,0,0,,0,311,"HAMMOND DR","SANDROCK RD",0.00,,Y,A,-,N,,,,,,,,,,N,2,0,1,2,A,-,10,21950,A,N,G,B,B,A,H,-,A,A,0,Y,,,,Y,,A,07,1,0,0,0,1,0,0,0,0,"- ","- ",,,"SAN DIEGO","SAN DIEGO",-117.1400101,32.804400059999999
7090817,2015,2015-12-04,3711,2015-09-22,0746,5985,,2,5,7,3711,0,0,0,,0,622,"LAURETTA ST","COLUSA ST",0.00,,Y,B,-,N,,,,,,,,,,N,2,0,1,2,A,-,11,21950,B,N,G,B,E,A,H,-,A,A,0,Y,,,,Y,,N,60,1,0,0,0,1,0,0,0,0,"- ","- ",,,"SAN DIEGO","SAN DIEGO",-117.19059002,32.767730010000001
7090861,2015,2015-11-19,3711,2015-09-25,1920,7280,,5,5,7,3711,0,0,0,,0,627,"WASHINGTON ST","3RD AV",0.00,,Y,A,-,N,,,,,,,,,,N,4,0,1,2,A,-,11,21954,A,N,G,B,D,A,H,-,C,D,0,Y,,,,Y,,N,60,0,0,1,0,1,0,0,0,0,"- ","- ",,,"SAN DIEGO","SAN DIEGO",-117.16274005,32.749980000000001
7097032,2015,2015-10-19,3711,2015-10-01,0724,6621,SD,4,5,7,3711,0,0,0,,0,122,"LAMONT ST","BERYL ST",8.00,N,N,A,-,N,,,,,,,,,,N,4,0,1,2,A,-,10,21950,A,N,G,B,B,A,H,-,B,A,0,Y,,,,Y,,-,,0,0,1,0,1,0,0,0,0,"- ","- ",,,"SAN DIEGO","SAN DIEGO",-117.2373564,32.807551240000002
7097036,2015,2015-10-19,3711,2015-10-01,2057,7033,NORTH,4,5,7,3711,0,0,0,,0,115,"LEBON DR","PALMILLA DR",8.00,N,N,A,-,N,,,,,,,,,,N,3,0,1,2,A,-,10,21950,A,N,G,B,B,A,H,-,C,A,0,Y,,,,Y,,-,,0,1,0,0,1,0,0,0,0,"- ","- ",,,"SAN DIEGO","SAN DIEGO",-117.22536465,32.864787679999999
7098608,2015,2015-10-21,3711,2015-10-03,1625,6532,,6,5,7,3711,0,0,0,,0,611,"CAMINO DEL RIO W","KURTZ ST",0.00,,Y,A,-,N,,,,,,,,,,N,4,0,1,2,A,-,11,21456,B,N,G,B,D,A,H,-,A,A,0,Y,,,,Y,,N,60,0,0,1,0,1,0,0,0,0,"- ","- ",,,"SAN DIEGO","SAN DIEGO",-117.20503006,32.753020050000003
7098611,2015,2015-10-26,3711,2015-10-05,1215,7131,,1,5,7,3711,0,0,0,,0,111,"GENESEE AV",CHATEAU,30.00,N,N,B,C,N,,,,,,,,,,N,3,0,1,2,A,-,11,21955,,N,G,B,D,B,H,-,A,A,0,Y,,,,Y,,N,60,0,1,0,0,1,0,0,0,0,"- ","- ",,,"SAN DIEGO","SAN DIEGO",-117.19336463,32.828653039999999
7099487,2015,2015-10-24,3711,2015-10-02,1815,6305,,5,5,7,3711,0,0,0,,0,437,"SOUTH WOODMAN ST","BULLOCK DR",0.00,,Y,A,-,N,,,,,,,,,,N,2,0,1,2,A,-,12,21453,A,N,D,B,E,A,H,-,A,A,0,Y,,,,Y,,N,60,1,0,0,0,1,0,0,0,0,"- ","- ",,,"SAN DIEGO","SAN DIEGO",-117.04963013,32.6953101
7099492,2015,2015-10-24,3711,2015-10-11,0800,5672,,7,5,7,3711,0,0,0,,0,115,"GENESEE AV","LINDA VISTA RD",0.00,,N,A,-,N,,,,,,,,,,N,3,0,1,2,A,-,08,22107,,M,D,G,A,A,H,-,A,D,0,,Y,,,Y,,-,,0,1,0,0,0,0,1,0,0,"- ","- ",,,"SAN DIEGO","SAN DIEGO",-117.16598012,32.791560050000001
7099499,2015,2015-10-24,3711,2015-10-07,1809,6996,SD,3,5,7,3711,0,0,0,,0,432,"TRINIDAD ST","58TH ST",0.00,,Y,A,-,N,,,,,,,,,,N,3,0,1,2,A,-,10,21950,A,N,G,B,-,A,H,-,B,D,0,Y,,,,Y,,-,,0,1,0,0,1,0,0,0,0,"- ","- ",,,"SAN DIEGO","SAN DIEGO",-117.07323013,32.701470090000001
7102383,2015,2015-10-27,3711,2015-09-18,0358,5972,,5,5,7,3711,0,0,0,,0,242,"MIRA MESA BL","MIRA MESA MALL",0.00,,Y,A,-,N,,,,,,,,,,N,2,0,1,2,A,-,10,21950,A,N,G,B,B,A,H,-,C,A,0,Y,,,,Y,,A,01,1,0,0,0,1,0,0,0,0,"- ","- ",,,"SAN DIEGO","SAN DIEGO",-117.20822013,32.890070090000002
7102980,2015,2015-10-29,3711,2015-10-06,1515,6443,,2,5,7,3711,0,0,0,,0,823,"UNIVERSITY AV","UNIVERSITY SQ DY",382.00,E,N,A,-,N,,,,,,,,,,N,3,0,1,2,A,-,08,22107,,N,-,G,A,A,H,-,A,D,0,,Y,,,Y,,L,04,0,1,0,0,0,0,1,0,0,"- ","- ",,,"SAN DIEGO","SAN DIEGO",-117.06953108,32.750943710000001
7103024,2015,2015-10-29,3711,2015-10-05,1333,6795,SANDI,1,5,7,3711,0,0,0,,0,822,"EL CAJON BL","54TH ST",33.00,W,N,B,-,N,,,,,,,,,,N,3,0,1,2,A,-,"- ",,,N,C,G,A,A,H,-,A,A,0,,Y,,,Y,,L,04,0,1,0,0,0,0,1,0,0,"- ","- ",,,"SAN DIEGO","SAN DIEGO",-117.07945553,32.757825230000002
7103040,2015,2015-10-29,3711,2015-10-07,0551,5985,,3,5,7,3711,0,0,0,,0,234,"POMERADO RD","RANCHO BERNARDO RD",0.00,,Y,A,-,N,,,,,,,,,,N,4,0,1,2,A,-,10,21950,A,N,G,B,B,A,H,-,C,A,0,Y,,,,Y,,A,01,0,0,1,0,1,0,0,0,0,"- ","- ",,,"SAN DIEGO","SAN DIEGO",-117.06102002,33.018780049999997
7106401,2015,2015-11-09,3711,2015-10-14,1525,6831,,3,5,7,3711,0,0,0,,0,721,"PALM AV","THERMAL AV",0.00,,Y,A,-,N,,,,,,,,,,N,3,0,1,2,A,-,"- ",,,N,G,B,C,A,H,-,A,D,0,Y,,,,Y,Y,N,60,0,1,0,0,1,0,0,0,0,"- ","- ",,,"SAN DIEGO","SAN DIEGO",-117.09697004,32.583780109999999
7106403,2015,2016-08-10,3711,2015-10-16,0708,4940,,5,5,7,3711,0,0,0,,0,233,"CARMEL MOUNTAIN RD","SANDEVIL WY",0.00,,Y,B,C,N,,,,,,,,,,N,4,0,1,2,A,-,"- ",,,M,G,B,B,B,H,-,A,A,0,Y,,,,Y,,-,,0,0,1,0,1,0,0,0,0,"- ","- ",,,"SAN DIEGO","SAN DIEGO",-117.11988992000001,32.965470060000001
7106411,2015,2015-11-02,3711,2015-10-19,1955,6193,,1,5,7,3711,0,0,0,,0,311,"MURRAY RIDGE RD","CHALAR ST",59.00,S,N,A,-,N,,,,,,,,,,N,3,0,1,2,A,-,17,21209,A,N,A,G,A,A,H,-,C,D,0,,Y,,,Y,Y,A,01,0,1,0,0,0,0,1,0,0,"- ","- ",,,"SAN DIEGO","SAN DIEGO",-117.14447425,32.794415010000002
7106421,2015,2015-11-02,3711,2015-10-15,1645,6305,,4,5,7,3711,0,0,0,,0,446,"EUCLID AV","LOGAN AV",300.00,S,N,A,-,N,,,,,,,,,,N,4,0,1,2,A,-,12,22450,A,N,D,G,A,A,H,-,A,D,0,,Y,,,Y,,L,04,0,0,1,0,0,0,1,0,0,"- ","- ",,,"SAN DIEGO","SAN DIEGO",-117.08511944999999,32.695898300000003
7106549,2015,2015-11-03,3711,2015-10-20,0800,7365,,2,5,7,3711,0,0,0,,0,934,"DEL MAR HEIGHTS RD","CARMEL VALLEY RD",0.00,,Y,A,-,N,,,,,,,,,,N,3,0,1,2,A,-,05,21202,A,N,H,G,A,A,H,-,A,A,0,,Y,,,Y,,L,04,0,1,0,0,0,0,1,0,0,"- ","- ",,,"SAN DIEGO","SAN DIEGO",-117.19211005,32.960700090000003
7106758,2015,2015-11-05,3711,2015-10-14,1400,7042,,3,5,7,3711,0,0,0,,0,627,"4TH AV","WASHINGTON ST",9.00,N,N,A,-,N,,,,,,,,,,N,4,0,1,2,A,-,10,21950,A,M,G,B,B,A,H,-,A,A,0,Y,,,,Y,,-,"- ",0,0,1,0,1,0,0,0,0,"- ","- ",,,"SAN DIEGO","SAN DIEGO",-117.1616298,32.750014649999997
7106786,2015,2015-10-29,3711,2015-10-14,0658,5888,,3,5,7,3711,0,0,0,,0,826,"EUCLID AV","POLK AV",156.00,N,N,A,-,N,,,,,,,,,,N,3,0,1,2,A,-,17,22517,,N,H,G,A,A,H,-,A,D,0,,Y,,,Y,,-,,0,1,0,0,0,0,1,0,0,"- ","- ",,,"SAN DIEGO","SAN DIEGO",-117.09226511999999,32.75177729
7106941,2015,2015-10-29,3711,2015-10-14,1700,4527,,3,5,7,3711,0,0,0,,0,531,"6TH ST","ELM AV",48.00,W,N,A,-,N,,,,,,,,,,N,3,0,1,2,A,-,11,21950,B,N,B,B,C,A,H,-,A,A,0,Y,,,,Y,,N,60,0,1,0,0,1,0,0,0,0,"- ","- ",,,"SAN DIEGO","SAN DIEGO",-117.15943,32.7241
7107022,2015,2015-10-30,3711,2015-10-11,0510,7301,,7,5,7,3711,0,0,0,,0,612,"NIMITZ BL","POINT LOMA BL",0.00,,Y,A,-,N,,,,,,,,,,N,3,0,1,2,A,-,12,21453,A,N,D,G,A,A,H,-,C,A,0,,Y,,,Y,,L,04,0,1,0,0,0,0,1,0,0,"- ","- ",,,"SAN DIEGO","SAN DIEGO",-117.23612006,32.751240009999997
7107030,2015,2015-10-30,3711,2015-10-14,1241,4823,"SAN D",3,5,7,3711,0,0,0,,0,112,"GENESEE AV","GENESEE COURT EAST",0.00,,Y,A,-,N,,,,,,,,,,N,3,0,1,2,A,-,05,21650,1,N,D,G,A,A,H,-,A,A,0,,Y,,,Y,,L,04,0,1,0,0,0,0,1,0,0,"- ","- ",,,"SAN DIEGO","SAN DIEGO",-117.17935005,32.814190089999997
7108622,2015,2015-11-10,3711,2015-10-19,1531,7172,,1,5,7,3711,0,0,0,,0,838,"EL CAJON BL","EL CAJON BL 3800",17.00,N,N,A,-,N,,,,,,,,,,N,3,0,1,2,-,-,"- ",,,N,A,G,A,A,H,-,A,D,0,,Y,,,Y,,-,"- ",0,1,0,0,0,0,1,0,0,"- ","- ",,,"SAN DIEGO","SAN DIEGO",,
7109106,2015,2015-11-10,3711,2015-10-24,0947,7034,S1,6,5,7,3711,0,0,0,,0,712,"DEL SUR BL","DEL SUR BL 1700",7.00,W,N,A,-,N,,,,,,,,,,Y,2,0,1,5,A,-,03,22350,,N,B,B,E,A,H,-,A,D,0,Y,,,,Y,,-,,1,0,0,0,1,0,0,0,0,"- ","- ",,,"SAN DIEGO","SAN DIEGO",,
7112984,2015,2015-11-16,3711,2015-10-29,1100,7051,,4,5,7,3711,0,0,0,,0,121,"WEST MISSION BAY DR","GLEASON RD",12.00,E,N,A,-,N,,,,,,,,,,N,3,0,1,2,A,-,09,21804,A,N,D,G,A,A,H,-,A,D,0,,Y,,,Y,,L,04,0,1,0,0,0,0,1,0,0,"- ","- ",,,"SAN DIEGO","SAN DIEGO",-117.24689028,32.77115877
7113134,2015,2017-02-04,3711,2015-10-25,1130,6712,NORTH,7,5,7,3711,0,0,0,,0,116,"CLAIREMONT DR","CLAIREMONT DR 2400",0.00,,N,A,-,Y,SD,11,5,-,R,21.956,R,4,S,N,3,0,1,2,A,-,09,21802,A,M,D,G,A,A,H,-,A,-,0,,Y,,,Y,,-,,0,1,0,0,0,0,1,0,0,"- ","- ",,,"SAN DIEGO","SAN DIEGO",-117.20742684,32.78620008
7113135,2015,2015-11-06,3711,2015-10-19,1508,4495,,1,5,7,3711,0,0,0,,0,516,"ISLAND AV","30TH ST",222.00,E,N,A,-,N,,,,,,,,,,N,2,0,1,2,A,-,11,21954,A,N,G,B,D,A,H,-,A,D,0,Y,,,,Y,,N,60,1,0,0,0,1,0,0,0,0,"- ","- ",,,"SAN DIEGO","SAN DIEGO",-117.12949069,32.71058
7113137,2015,2015-11-16,3711,2015-10-27,1625,4527,,2,5,7,3711,0,0,0,,0,529,5TH,ELM,15.00,N,N,A,-,N,,,,,,,,,,N,3,0,1,2,A,-,10,21950,A,N,A,B,B,A,H,-,A,A,0,Y,,,,Y,,-,"- ",0,1,0,0,1,0,0,0,0,"- ","- ",,,"SAN DIEGO","SAN DIEGO",-117.1602408,32.72413109
7113737,2015,2015-11-13,3711,2015-10-28,1630,6449,,3,5,7,3711,0,0,0,,0,514,"19TH ST","J ST",0.00,,Y,A,-,N,,,,,,,,,,N,4,0,1,2,A,-,10,21950,A,N,G,B,B,A,H,-,A,A,0,Y,,,,Y,,A,01,0,0,1,0,1,0,0,0,0,"- ","- ",,,"SAN DIEGO","SAN DIEGO",-117.14670006999999,32.709410089999999
7113745,2015,2015-11-13,3711,2015-10-31,0954,5395,,6,5,7,3711,0,0,0,,0,627,CLEVELAND,RICHMOND,6.00,E,N,A,-,N,,,,,,,,,,N,3,0,1,2,A,-,10,21950,A,N,G,B,B,A,H,-,A,D,0,Y,,,,Y,,-,,0,1,0,0,1,0,0,0,0,"- ","- ",,,"SAN DIEGO","SAN DIEGO",-117.15122119,32.749554179999997
7113793,2015,2015-11-13,3711,2015-10-30,1630,7247,EASTE,5,5,7,3711,0,0,0,,0,311,"MURPHY CANYON RD","NORTH AV",5.00,S,N,A,-,N,,,,,,,,,,N,4,0,1,2,A,-,08,22107,,F,-,G,A,A,H,-,A,-,0,,Y,,,Y,,-,,0,0,1,0,0,0,1,0,0,"- ","- ",,,"SAN DIEGO","SAN DIEGO",,
7113825,2015,2015-11-13,3711,2015-10-27,0845,6415,,2,5,7,3711,0,0,0,,0,314,"MESA COLLEGE DR","BERGER AV",261.00,W,N,B,-,N,,,,,,,,,,N,4,0,1,2,A,-,06,21750,,N,C,G,A,A,H,-,A,A,0,,Y,,,Y,,L,04,0,0,1,0,0,0,1,0,0,"- ","- ",,,"SAN DIEGO","SAN DIEGO",-117.15284896999999,32.801959050000001
7113917,2015,2016-01-28,3711,2015-10-14,0849,5313,,3,5,7,3711,0,0,0,,0,511,"MAIN ST","MAIN ST 2100",0.00,,-,A,-,N,,,,,,,,,,N,4,0,1,2,A,-,21,22106,,N,G,B,F,A,H,-,A,D,0,Y,,,,Y,,A,01,0,0,1,0,1,0,0,0,0,"- ","- ",,,"SAN DIEGO","SAN DIEGO",-117.14330256,32.696721410000002
7114638,2015,2015-11-10,3711,2015-10-22,0739,7147,,4,5,7,3711,0,0,0,,0,621,"N JUDSON ST","HYATT ST",0.00,,Y,A,-,N,,,,,,,,,,N,3,0,1,2,A,-,08,22107,,N,G,B,B,A,H,-,A,D,0,Y,,,,Y,,-,,0,1,0,0,1,0,0,0,0,"- ","- ",,,"SAN DIEGO","SAN DIEGO",-117.16348005,32.79029001
7116203,2015,2015-11-19,3711,2015-11-04,0818,5899,,3,5,7,3711,0,0,0,,0,813,"HOWARD AV","30TH ST",6.00,E,N,B,-,N,,,,,,,,,,N,3,0,1,2,A,-,10,21950,A,N,G,B,B,A,H,-,A,A,0,Y,,,,Y,,-,,0,1,0,0,1,0,0,0,0,"- ","- ",,,"SAN DIEGO","SAN DIEGO",-117.13019054999999,32.754069999999999
7119564,2015,2015-12-01,3711,2015-11-13,1006,5985,,5,5,7,3711,0,0,0,,0,522,"G ST","3RD AV",64.00,E,N,A,-,N,,,,,,,,,,N,3,0,1,2,A,-,08,22107,,N,B,G,A,A,H,-,A,D,0,,Y,,,Y,,A,01,0,1,0,0,0,0,1,0,0,"- ","- ",,,"SAN DIEGO","SAN DIEGO",-117.16170270000001,32.71258512
7119573,2015,2015-11-30,3711,2015-11-02,0845,7057,,1,5,7,3711,0,0,0,,0,441,"LOGAN AV","45TH ST",1.00,E,N,A,-,N,,,,,,,,,,N,4,0,1,2,A,-,09,21801,A,N,G,B,B,A,H,-,A,A,0,Y,,,,Y,,-,,0,0,1,0,1,0,0,0,0,"- ","- ",,,"SAN DIEGO","SAN DIEGO",-117.09803676,32.696820000000002
7119633,2015,2015-11-25,3711,2015-11-11,1620,6646,SANDI,3,5,7,3711,0,0,0,,0,827,"50TH ST","UNIVERSITY AV",210.00,S,N,A,-,N,,,,,,,,,,N,3,0,1,2,A,-,11,21950,B,N,G,B,D,A,H,-,A,D,0,Y,,,,Y,,N,60,0,1,0,0,1,0,0,0,0,"- ","- ",,,"SAN DIEGO","SAN DIEGO",-117.08698296,32.748774789999999
7121594,2015,2015-11-20,3711,2015-10-22,1240,7332,SDPD,4,5,7,3711,0,0,0,,0,524,"7TH AV",BROADWAY,0.00,,Y,A,-,N,,,,,,,,,,N,4,0,1,2,A,-,05,21650,1,N,-,G,A,A,H,-,A,A,0,,Y,,,Y,,L,04,0,0,1,0,0,0,1,0,0,"- ","- ",,,"SAN DIEGO","SAN DIEGO",-117.15834001,32.715720009999998
7124075,2015,2015-12-01,3711,2015-11-12,1820,6495,SD,4,5,7,3711,0,0,0,,0,832,"ORANGE AV","40TH ST",2.00,E,N,A,-,N,,,,,,,,,,N,4,0,1,2,A,-,11,21950,B,M,D,B,B,A,-,-,C,A,0,Y,,,,Y,,N,60,0,0,1,0,1,0,0,0,0,"- ","- ",,,"SAN DIEGO","SAN DIEGO",-117.10940352,32.753239739999998
7125060,2015,2015-12-02,3711,2015-11-23,1923,5555,,1,5,7,3711,0,0,0,,0,529,"WEST LAUREL ST","1ST AV",15.00,E,N,A,-,N,,,,,,,,,,N,4,0,1,2,A,-,10,21950,A,N,G,B,B,A,H,-,C,A,0,Y,,,,Y,,-,,0,0,1,0,1,0,0,0,0,"- ","- ",,,"SAN DIEGO","SAN DIEGO",-117.16390138,32.731360000000002
7127715,2015,2015-12-02,3711,2015-11-20,1412,4274,,5,5,7,3711,0,0,0,,0,314,"LARKDALE AV","BIRMINGHAM WY",0.00,,Y,A,-,N,,,,,,,,,,N,4,0,1,2,A,-,10,21950,A,N,G,B,F,A,H,-,A,D,0,Y,,,,Y,,-,,0,0,1,0,1,0,0,0,0,"- ","- ",,,"SAN DIEGO","SAN DIEGO",,
7127759,2015,2015-12-21,3711,2015-11-21,1405,7032,,6,5,7,3711,0,0,0,,0,811,"ADAMS AV","39TH ST",0.00,,Y,A,-,N,,,,,,,,,,N,4,0,1,2,A,-,"- ",,,N,B,G,A,A,H,-,A,A,0,,Y,,,Y,,-,"- ",0,0,1,0,0,0,1,0,0,"- ","- ",,,"SAN DIEGO","SAN DIEGO",-117.11113002,32.763270069999997
7129020,2015,2015-12-09,3711,2015-11-24,1948,7364,SANDI,2,5,7,3711,0,0,0,,0,839,"UNIVERSITY AV","37TH ST",114.00,E,N,A,-,N,,,,,,,,,,N,3,0,1,2,A,-,11,21950,B,N,G,B,D,A,H,-,C,D,0,Y,,,,Y,Y,N,60,0,1,0,0,1,0,0,0,0,"- ","- ",,,"SAN DIEGO","SAN DIEGO",-117.11274074000001,32.749718090000002
7129040,2015,2015-12-09,3711,2015-11-17,1025,5313,,2,5,7,3711,0,0,0,,0,523,"4TH AV","E ST",0.00,,Y,A,-,N,,,,,,,,,,Y,3,0,1,2,A,-,10,21950,A,N,G,B,B,A,H,-,A,A,0,Y,,,,Y,,A,01,0,1,0,0,1,0,0,0,0,"- ","- ",,,"SAN DIEGO","SAN DIEGO",-117.16107011,32.714650050000003
7129452,2015,2015-12-08,3711,2015-11-21,1348,7181,SD,6,5,7,3711,0,0,0,,0,116,"BALBOA AV","MORAGA AV",0.00,,Y,A,-,N,,,,,,,,,,N,3,0,1,2,A,-,09,21453,B,N,D,G,A,A,H,-,A,A,0,,Y,,,Y,,L,04,0,1,0,0,0,0,1,0,0,"- ","- ",,,"SAN DIEGO","SAN DIEGO",-117.21061003,32.808000110000002
7130743,2015,2015-12-09,3711,2015-11-28,2113,7318,"SAN D",6,5,7,3711,0,0,0,,0,627,"UNIVERSITY AV","7TH AV",0.00,,Y,A,-,N,,,,,,,,,,N,4,0,1,2,A,-,11,21456,B,N,D,B,B,A,H,-,C,A,0,Y,,,,Y,Y,-,"- ",0,0,1,0,1,0,0,0,0,"- ","- ",,,"SAN DIEGO","SAN DIEGO",-117.1583699,32.748380060000002
7133833,2015,2015-12-15,3711,2015-12-02,1650,5470,,3,5,7,3711,0,0,0,,0,311,"AERO DR","AFTON RD",0.00,,Y,A,-,N,,,,,,,,,,N,4,0,1,2,A,-,08,22107,,N,D,G,A,A,H,-,B,A,0,,Y,,,Y,,A,01,0,0,1,0,0,0,1,0,0,"- ","- ",,,"SAN DIEGO","SAN DIEGO",-117.14447001000001,32.809650099999999
7135372,2015,2016-08-10,3711,2015-12-01,1750,7058,,2,5,7,3711,0,0,0,,0,721,"DORIS ST","SATURN BL",6.00,W,N,A,-,N,,,,,,,,,,N,3,0,1,2,A,-,05,21650,1,N,D,G,A,A,H,-,C,D,0,,Y,,,Y,,L,04,0,1,0,0,0,0,1,0,0,"- ","- ",,,"SAN DIEGO","SAN DIEGO",-117.09263935,32.585118710000003
7135376,2015,2015-12-10,3711,2015-12-01,2040,6304,,2,5,7,3711,0,0,0,,0,114,"CLAIREMONT MESA BL","DUBOIS DR",85.00,E,N,A,-,N,,,,,,,,,,N,3,0,1,2,A,-,11,21954,A,N,G,B,D,A,H,-,C,A,0,Y,,,,Y,Y,N,60,0,1,0,0,1,0,0,0,0,"- ","- ",,,"SAN DIEGO","SAN DIEGO",-117.19744587,32.834475699999999
7137122,2015,2015-12-17,3711,2015-12-07,1354,7341,,1,5,7,3711,0,0,0,,0,826,"ESTRELLA AV","TROJAN AV",0.00,,Y,A,-,N,,,,,,,,,,N,4,0,1,2,A,-,10,21950,A,N,G,B,B,A,H,-,A,A,0,Y,,,,Y,,A,01,0,0,1,0,1,0,0,0,0,"- ","- ",,,"SAN DIEGO","SAN DIEGO",-117.09007004,32.754930109999997
7137124,2015,2015-12-17,3711,2015-12-08,0816,7333,,2,5,7,3711,0,0,0,,0,827,"UNIVERSITY AV","52ND ST",9.00,E,N,A,-,N,,,,,,,,,,N,3,0,1,2,A,-,10,21950,A,N,G,B,B,A,H,-,A,A,0,Y,,,,Y,,-,,0,1,0,0,1,0,0,0,0,"- ","- ",,,"SAN DIEGO","SAN DIEGO",-117.08356083,32.749099659999999
7137143,2015,2015-12-17,3711,2015-12-04,0710,6586,,5,5,7,3711,0,0,0,,0,821,"EL CAJON BL","EL CAJON BL 6521",0.00,,-,A,-,N,,,,,,,,,,N,3,0,1,1,A,-,21,22106,,N,E,B,A,A,H,-,A,D,0,,,,,Y,,-,,0,1,0,0,0,0,0,0,0,"- ","- ",,,"SAN DIEGO","SAN DIEGO",-117.0584169,32.766666129999997
7137144,2015,2015-12-17,3711,2015-12-05,0020,6874,,6,5,7,3711,0,0,0,,0,512,"S EVANS",IRVING,75.00,S,N,A,-,N,,,,,,,,,,N,3,0,1,2,A,-,08,22107,,N,B,G,A,A,H,-,C,D,0,,Y,,,Y,Y,L,04,0,1,0,0,0,0,1,0,0,"- ","- ",,,"SAN DIEGO","SAN DIEGO",-117.13876574,32.7014323
7137153,2015,2015-12-17,3711,2015-12-07,0742,6887,,1,5,7,3711,0,0,0,,0,442,"S 40TH ST","BOSTON AV",12.00,S,N,A,-,N,,,,,,,,,,N,4,0,1,2,A,-,11,21954,A,N,G,B,D,A,H,-,A,D,0,Y,,,,Y,,N,60,0,0,1,0,1,0,0,0,0,"- ","- ",,,"SAN DIEGO","SAN DIEGO",-117.10813,32.693897130000003
7137154,2015,2015-12-21,3711,2015-12-07,1541,6532,,1,5,7,3711,0,0,0,,0,614,"EBERS ST","MUIR AV",0.00,,Y,A,-,N,,,,,,,,,,N,4,0,1,2,A,-,09,21801,A,N,A,G,A,A,H,-,A,D,0,,Y,,,Y,,-,,0,0,1,0,0,0,1,0,0,"- ","- ",,,"SAN DIEGO","SAN DIEGO",-117.24193002,32.748210039999996
7137181,2015,2015-12-17,3711,2015-12-07,0210,3792,3711,1,5,7,3711,0,0,0,,0,524,"7TH AV","MARKET ST",47.00,N,N,A,-,N,,,,,,,,,,N,4,0,1,2,A,-,21,22106,,M,G,B,F,-,H,-,C,D,0,Y,,,,Y,Y,A,01,0,0,1,0,1,0,0,0,0,"- ","- ",,,"SAN DIEGO","SAN DIEGO",-117.15833120000001,32.711638749999999
7141873,2015,2015-12-30,3711,2015-12-18,1738,7403,,5,5,7,3711,0,0,0,,0,433,"IMPERIAL AV","55TH ST",57.00,W,N,A,-,N,,,,,,,,,,N,3,0,1,2,A,-,11,21950,B,N,G,B,D,A,H,-,C,A,0,Y,,,,Y,,N,60,0,1,0,0,1,0,0,0,0,"- ","- ",,,"SAN DIEGO","SAN DIEGO",-117.07666764,32.707587340000003