CASE_ID,ACCIDENT_YEAR,PROC_DATE,JURIS,COLLISION_DATE,COLLISION_TIME,OFFICER_ID,REPORTING_DISTRICT,DAY_OF_WEEK,CHP_SHIFT,POPULATION,CNTY_CITY_LOC,SPECIAL_COND,BEAT_TYPE,CHP_BEAT_TYPE,CITY_DIVISION_LAPD,CHP_BEAT_CLASS,BEAT_NUMBER,PRIMARY_RD,SECONDARY_RD,DISTANCE,DIRECTION,INTERSECTION,WEATHER_1,WEATHER_2,STATE_HWY_IND,CALTRANS_COUNTY,CALTRANS_DISTRICT,STATE_ROUTE,ROUTE_SUFFIX,POSTMILE_PREFIX,POSTMILE,LOCATION_TYPE,RAMP_INTERSECTION,SIDE_OF_HWY,TOW_AWAY,COLLISION_SEVERITY,NUMBER_KILLED,NUMBER_INJURED,PARTY_COUNT,PRIMARY_COLL_FACTOR,PCF_CODE_OF_VIOL,PCF_VIOL_CATEGORY,PCF_VIOLATION,PCF_VIOL_SUBSECTION,HIT_AND_RUN,TYPE_OF_COLLISION,MVIW,PED_ACTION,ROAD_SURFACE,ROAD_COND_1,ROAD_COND_2,LIGHTING,CONTROL_DEVICE,CHP_ROAD_TYPE,PEDESTRIAN_ACCIDENT,BICYCLE_ACCIDENT,MOTORCYCLE_ACCIDENT,TRUCK_ACCIDENT,NOT_PRIVATE_PROPERTY,ALCOHOL_INVOLVED,STWD_VEHTYPE_AT_FAULT,CHP_VEHTYPE_AT_FAULT,COUNT_SEVERE_INJ,COUNT_VISIBLE_INJ,COUNT_COMPLAINT_PAIN,COUNT_PED_KILLED,COUNT_PED_INJURED,COUNT_BICYCLIST_KILLED,COUNT_BICYCLIST_INJURED,COUNT_MC_KILLED,COUNT_MC_INJURED,PRIMARY_RAMP,SECONDARY_RAMP,LATITUDE,LONGITUDE,COUNTY,CITY,POINT_X,POINT_Y
7142081,2015,2015-12-28,3711,2015-12-14,1149,6855,,1,5,7,3711,0,0,0,,0,611,"KEMPER ST","MIDWAY DR",6.00,S,N,B,-,N,,,,,,,,,,N,4,0,1,2,A,-,10,21950,A,M,G,B,B,A,H,-,A,A,0,Y,,,,Y,,-,,0,0,1,0,1,0,0,0,0,"- ","- ",,,"SAN DIEGO","SAN DIEGO",-117.21516911000001,32.752115480000001
7142102,2015,2015-12-28,3711,2015-12-08,0830,7281,SANDI,2,5,7,3711,0,0,0,,0,528,"W DATE ST","KETTNER BL",3.00,E,N,A,-,N,,,,,,,,,,N,3,0,1,2,A,-,10,21950,A,N,G,B,B,A,H,-,A,D,0,Y,,,,Y,,-,,0,1,0,0,1,0,0,0,0,"- ","- ",,,"SAN DIEGO","SAN DIEGO",-117.16918028000001,32.72298
7142103,2015,2015-12-28,3711,2015-12-09,1641,7124,,3,5,7,3711,0,0,0,,0,516,"MARKET ST","31ST ST",108.00,E,N,A,-,N,,,,,,,,,,N,3,0,1,2,A,-,11,21950,B,N,A,B,D,A,H,-,A,D,0,Y,,,,Y,,N,60,0,1,0,0,1,0,0,0,0,"- ","- ",,,"SAN DIEGO","SAN DIEGO",-117.12707007,32.711671629999998
7142109,2015,2016-08-10,3711,2015-12-12,1500,6982,,6,5,7,3711,0,0,0,,0,126,"TORREY PINES RD","NATIONAL UNIVERSITY SYSTEM DRWY",0.00,,Y,A,-,N,,,,,,,,,,N,4,0,1,2,A,-,12,21453,A,N,B,G,A,A,H,-,A,A,0,,Y,,,Y,,-,,0,0,1,0,0,0,1,0,0,"- ","- ",,,"SAN DIEGO","SAN DIEGO",-117.2445792,32.910183600000003
7142164,2015,2015-12-28,3711,2015-12-12,1800,7350,,6,5,7,3711,0,0,0,,0,521,BROADWAY,"11TH AV",0.00,,Y,A,-,N,,,,,,,,,,N,3,0,1,2,A,-,10,21950,A,N,G,B,B,A,H,-,C,A,0,Y,,,,Y,Y,-,,0,1,0,0,1,0,0,0,0,"- ","- ",,,"SAN DIEGO","SAN DIEGO",-117.15473013,32.715740029999999
7142172,2015,2015-12-28,3711,2015-12-10,0722,6857,SANDI,4,5,7,3711,0,0,0,,0,824,"ALTADENA AV","EL CAJON BL",50.00,S,N,A,-,N,,,,,,,,,,N,3,0,1,2,A,-,11,21950,B,N,G,B,D,A,H,-,A,D,0,Y,,,,Y,,N,60,0,1,0,0,1,0,0,0,0,"- ","- ",,,"SAN DIEGO","SAN DIEGO",-117.085752,32.756813049999998
7142178,2015,2016-01-05,3711,2015-12-11,2104,7318,W2,5,5,7,3711,0,0,0,,0,627,"WEST WASHINGTON ST","GOLDFINCH ST",70.00,W,N,C,-,N,,,,,,,,,,N,4,0,1,2,A,-,08,22107,,N,G,B,B,B,H,-,C,A,0,Y,,,,Y,,-,"- ",0,0,1,0,1,0,0,0,0,"- ","- ",,,"SAN DIEGO","SAN DIEGO",-117.17160675,32.749902519999999
7142231,2015,2016-01-06,3711,2015-12-03,2325,7169,,4,5,7,3711,0,0,0,,0,831,"UNIVERSITY AV",45TH,71.00,W,N,A,-,N,,,,,,,,,,Y,2,0,2,2,-,-,"- ",,,N,G,B,F,A,H,-,C,D,0,Y,,,,Y,,-,"- ",1,1,0,0,1,0,0,0,0,"- ","- ",,,"SAN DIEGO","SAN DIEGO",-117.09788014,32.749609999999997
7142360,2015,2015-12-29,3711,2015-12-11,1535,6632,MC2,5,5,7,3711,0,0,0,,0,813,"LANDIS ST","LANDIS ST 3100",7.00,S,N,A,-,N,,,,,,,,,,N,4,0,1,2,A,-,21,22106,,N,D,G,A,A,H,-,A,D,0,,Y,,,Y,,-,,0,0,1,0,0,0,1,0,0,"- ","- ",,,"SAN DIEGO","SAN DIEGO",,
7144598,2015,2016-01-05,3711,2015-12-11,0609,5838,,5,5,7,3711,0,0,0,,0,835,"FAIRMOUNT AV","HOME AV",0.00,,Y,B,-,N,,,,,,,,,,Y,2,0,1,2,A,-,12,21453,A,F,D,G,A,B,H,-,C,A,0,,Y,,,Y,,L,04,1,0,0,0,0,0,1,0,0,"- ","- ",,,"SAN DIEGO","SAN DIEGO",-117.09974004,32.728880070000002
7145888,2015,2016-01-28,3711,2015-12-14,1600,6825,,1,5,7,3711,0,0,0,,0,243,"MIRAMAR RD","CAMINO RUIZ",1900.00,W,N,A,-,N,,,,,,,,,,N,4,0,1,2,A,-,"- ",,,N,H,G,A,A,H,-,A,D,0,,Y,,,Y,,-,"- ",0,0,1,0,0,0,1,0,0,"- ","- ",,,"SAN DIEGO","SAN DIEGO",-117.13930073,32.891798950000002
7145890,2015,2016-01-27,3711,2015-12-13,0300,7319,SOUTH,7,5,7,3711,0,0,0,,0,712,"VIA ENCANTADORAS","DAIRY MART RD",2.00,E,N,A,-,N,,,,,,,,,,N,3,0,1,2,A,-,17,21712,B,M,A,B,-,A,H,-,C,D,0,Y,,,,Y,Y,N,60,0,1,0,0,1,0,0,0,0,"- ","- ",,,"SAN DIEGO","SAN DIEGO",,
7146084,2015,2016-01-08,3711,2015-12-16,1900,4527,,3,5,7,3711,0,0,0,,0,524,9TH,BROADWAY,12.00,N,N,A,-,N,,,,,,,,,,N,3,0,1,2,A,-,09,21801,A,N,D,G,A,A,H,-,E,A,0,,Y,,,Y,,-,"- ",0,1,0,0,0,0,1,0,0,"- ","- ",,,"SAN DIEGO","SAN DIEGO",-117.15651061,32.715752870000003
7146155,2015,2016-08-10,3711,2015-12-16,0540,7064,"SAN D",3,5,7,3711,0,0,0,,0,511,"HARBOR DR","BELT ST",0.00,,Y,A,-,N,,,,,,,,,,N,3,0,1,2,A,-,11,21456,B,N,G,B,B,A,H,-,B,A,0,Y,,,,Y,,N,60,0,1,0,0,1,0,0,0,0,"- ","- ",,,"SAN DIEGO","SAN DIEGO",,
7148862,2015,2016-01-06,3711,2015-11-25,1215,HB4132,,3,5,7,3711,0,0,0,,0,710,"HARBOR DR","TERMINAL ACCESS RD",0.00,,-,A,-,N,,,,,,,,,,N,4,0,1,3,B,-,22,,,N,G,B,E,-,H,-,A,D,0,Y,,,,Y,,A,01,0,0,1,0,1,0,0,0,0,"- ","- ",,,"SAN DIEGO","SAN DIEGO",,
7149363,2015,2016-01-06,3711,2015-12-21,1355,7008,SANDI,1,5,7,3711,0,0,0,,0,836,"MAPLE AV","FAIRMOUNT AV",0.00,,Y,A,-,N,,,,,,,,,,N,4,0,1,2,A,-,10,21950,A,N,G,B,B,A,H,-,A,A,0,Y,,,,Y,,-,,0,0,1,0,1,0,0,0,0,"- ","- ",,,"SAN DIEGO","SAN DIEGO",-117.10106,32.733360040000001
7150920,2015,2016-01-14,3711,2015-12-30,1730,7371,,3,5,7,3711,0,0,0,,0,838,"UNIVERSITY AV","39TH ST",135.00,W,N,A,-,N,,,,,,,,,,N,4,0,1,2,A,-,21,22106,,N,G,B,F,A,H,-,C,D,0,Y,,,,Y,,A,01,0,0,1,0,1,0,0,0,0,"- ","- ",,,"SAN DIEGO","SAN DIEGO",-117.11108758,32.749693530000002
7151264,2015,2016-01-14,3711,2015-12-31,1958,6930,,4,5,7,3711,0,0,0,,0,511,"SOUTH 28TH ST","NATIONAL AV",155.00,N,N,A,-,N,,,,,,,,,,N,4,0,1,2,A,-,11,21954,A,N,G,B,D,A,H,-,E,D,0,Y,,,,Y,Y,N,60,0,0,1,0,1,0,0,0,0,"- ","- ",,,"SAN DIEGO","SAN DIEGO",-117.13381572,32.696364379999999
7151332,2016,2016-01-14,3711,2016-01-02,1600,5315,,6,5,7,3711,0,0,0,,0,625,"INDIA ST","WEST WASHINGTON ST",70.00,S,N,A,-,N,,,,,,,,,,N,4,0,1,2,A,-,08,22107,,N,D,G,A,A,H,-,A,D,0,,Y,,,Y,,-,,0,0,1,0,0,0,1,0,0,"- ","- ",,,"SAN DIEGO","SAN DIEGO",-117.18115936,32.743123900000001
7152154,2015,2016-01-13,3711,2015-12-30,0432,6865,,3,5,7,3711,0,0,0,,0,431,"GENEVA AV","WINSTON DR",219.00,W,N,A,-,N,,,,,,,,,,N,3,0,1,2,A,-,11,21950,B,N,G,B,E,A,H,-,D,D,0,Y,,,,Y,Y,N,60,0,1,0,0,1,0,0,0,0,"- ","- ",,,"SAN DIEGO","SAN DIEGO",-117.08174944,32.716772310000003
7156172,2015,2016-01-19,3711,2015-12-15,0830,6962,7,2,5,7,3711,0,0,0,,0,722,"PALM AV","SATURN BL",581.00,W,N,A,F,N,,,,,,,,,,N,3,0,1,2,A,-,10,21950,A,N,G,G,A,A,G,-,A,A,0,,Y,,,Y,,A,01,0,1,0,0,0,0,1,0,0,"- ","- ",,,"SAN DIEGO","SAN DIEGO",-117.09450929,32.5837638
7156176,2015,2016-01-19,3711,2015-12-15,1722,6366,,2,5,7,3711,0,0,0,,0,813,"30TH ST","UNIVERSITY AV",6.00,N,N,A,-,N,,,,,,,,,,N,4,0,1,2,A,-,09,21453,B,N,G,B,B,A,H,-,B,A,0,Y,,,,Y,,A,01,0,0,1,0,1,0,0,0,0,"- ","- ",,,"SAN DIEGO","SAN DIEGO",-117.13011401999999,32.74846608
7157099,2015,2016-01-22,3711,2015-12-10,1718,6070,,4,5,7,3711,0,0,0,,0,124,"NORTH TORREY PINES RD","N TORREY PINES CT",6.00,S,N,A,-,N,,,,,,,,,,N,4,0,1,2,A,-,08,22107,,N,B,G,A,A,H,-,C,D,0,,Y,,,Y,,-,,0,0,1,0,0,0,1,0,0,"- ","- ",,,"SAN DIEGO","SAN DIEGO",-117.24103348,32.892964509999999
7158415,2016,2016-01-27,3711,2016-01-15,1531,7399,,5,5,7,3711,0,0,0,,0,723,"CORONADO AV","CORONADO AV 2135",2.00,N,N,A,-,N,,,,,,,,,,N,4,0,1,2,A,-,09,21801,A,N,D,G,A,A,H,-,A,A,0,,Y,,,Y,,A,01,0,0,1,0,0,0,1,0,0,"- ","- ",,,"SAN DIEGO","SAN DIEGO",,
7158451,2016,2016-01-27,3711,2016-01-12,1523,4495,,2,5,7,3711,0,0,0,,0,529,"LAUREL ST","3RD AV",0.00,,Y,A,-,N,,,,,,,,,,N,2,0,1,2,A,-,10,21950,A,N,G,B,B,A,H,-,A,D,0,Y,,,,Y,,A,01,1,0,0,0,1,0,0,0,0,"- ","- ",,,"SAN DIEGO","SAN DIEGO",-117.16210006,32.73137002
7158486,2016,2016-01-28,3711,2016-01-11,1548,4243,,1,5,7,3711,0,0,0,,0,114,"CLAIREMONT DR","CLAREMONT MESA BL",0.00,,Y,B,-,N,,,,,,,,,,N,3,0,1,2,A,-,12,21453,A,N,D,G,A,A,H,-,A,A,0,,Y,,,Y,,L,04,0,1,0,0,0,0,1,0,0,"- ","- ",,,"SAN DIEGO","SAN DIEGO",-117.20615013,32.827710089999997
7159856,2016,2016-01-20,3711,2016-01-04,1652,7318,SD,1,5,7,3711,0,0,0,,0,627,"UNIVERSITY AV","RICHMOND ST",2.00,E,N,B,-,N,,,,,,,,,,N,4,0,1,2,A,-,08,22107,,N,G,B,B,B,H,-,B,A,0,Y,,,,Y,,-,,0,0,1,0,1,0,0,0,0,"- ","- ",,,"SAN DIEGO","SAN DIEGO",-117.15123352000001,32.748559999999998
7165197,2016,2016-01-29,3711,2016-01-11,1518,633P,,1,5,7,3711,0,0,0,,0,242,"BLACK MOUNTAIN RD","GOLD COAST DR",5.00,N,N,A,-,N,,,,,,,,,,N,3,0,1,2,A,-,09,21453,B,N,G,B,B,A,H,-,A,A,0,Y,,,,Y,,-,,0,1,0,0,1,0,0,0,0,"- ","- ",,,"SAN DIEGO","SAN DIEGO",-117.1242003,32.905373689999998
7165621,2016,2016-01-26,3711,2016-01-09,2248,5292,"SAN D",6,5,7,3711,0,0,0,,0,528,"WEST GRAPE ST",COLUMBIA,14.00,S,N,B,-,N,,,,,,,,,,N,3,0,1,2,A,-,10,21950,A,N,G,B,B,A,H,-,C,A,0,Y,,,,Y,,-,,0,1,0,0,1,0,0,0,0,"- ","- ",,,"SAN DIEGO","SAN DIEGO",-117.16822221,32.725665929999998
7165658,2016,2016-01-25,3711,2016-01-12,0629,6837,,2,5,7,3711,0,0,0,,0,515,"28TH ST","K ST",5.00,N,N,A,-,N,,,,,,,,,,N,4,0,1,2,A,-,11,21950,B,N,G,B,B,A,H,-,A,A,0,Y,,,,Y,,N,60,0,0,1,0,1,0,0,0,0,"- ","- ",,,"SAN DIEGO","SAN DIEGO",-117.13385993,32.708473699999999
7170431,2016,2016-08-24,3711,2016-01-13,1743,5604,,3,5,7,3711,0,0,0,,0,611,"ROSECRANS ST","MIDWAY DR",100.00,N,N,A,-,N,,,,,,,,,,N,4,0,1,2,A,-,10,21952,,N,G,B,F,A,H,-,C,D,0,Y,,,,Y,,-,,0,0,1,0,1,0,0,0,0,"- ","- ",,,"SAN DIEGO","SAN DIEGO",-117.20598334,32.749923989999999
7170766,2015,2016-02-05,3711,2015-01-13,1359,7037,"SAN D",2,5,7,3711,0,0,0,,0,611,MIDWAY,"MIDWAY 3545",0.00,,-,A,-,N,,,,,,,,,,N,4,0,1,2,A,I,"- ",,,N,H,G,A,A,H,-,A,A,0,,Y,Y,,Y,,C,06,0,0,1,0,0,0,1,0,0,"- ","- ",,,"SAN DIEGO","SAN DIEGO",-117.21401632,32.751438489999998
7171840,2016,2016-02-23,3711,2016-02-04,0932,7183,SDCE,4,5,7,3711,0,0,0,,0,521,BROADWAY,"15TH ST",15.00,E,N,A,-,N,,,,,,,,,,N,4,0,1,2,A,-,00,21850,A,N,G,B,D,A,H,-,A,D,0,Y,,,,Y,,-,,0,0,1,0,1,0,0,0,0,"- ","- ",,,"SAN DIEGO","SAN DIEGO",-117.1503414,32.715740529999998
7172483,2016,2016-02-02,3711,2016-01-21,1040,5496,,4,5,7,3711,0,0,0,,0,124,"LA JOLLA VILLAGE DR","VILLA LA JOLLA DR",30.00,E,N,A,-,N,,,,,,,,,,N,4,0,1,2,A,-,21,22106,,N,G,B,F,A,H,-,A,D,0,Y,,,,Y,,-,,0,0,1,0,1,0,0,0,0,"- ","- ",,,"SAN DIEGO","SAN DIEGO",-117.23380284,32.871774289999998
7172493,2016,2016-02-02,3711,2016-01-19,0902,6304,,2,5,7,3711,0,0,0,,0,124,"COAST BL S","JENNER ST",18.00,E,N,A,-,N,,,,,,,,,,N,4,0,1,2,A,-,08,22107,,N,G,B,B,A,H,-,A,A,0,Y,,,,Y,,-,,0,0,1,0,1,0,0,0,0,"- ","- ",,,"SAN DIEGO","SAN DIEGO",-117.27646451,32.847290950000001
7175226,2016,2016-02-05,3711,2016-01-25,2306,5669,,1,5,7,3711,0,0,0,,0,611,"PACIFIC HWY","BARNETT AV",0.00,,Y,A,-,N,,,,,,,,,,N,3,0,1,2,A,-,08,22107,,N,C,G,A,A,H,-,C,D,0,,Y,,,Y,,L,04,0,1,0,0,0,0,1,0,0,"- ","- ",,,"SAN DIEGO","SAN DIEGO",-117.19582914999999,32.745795790000003
7175934,2016,2016-02-08,3711,2016-01-26,1850,7388,,2,5,7,3711,0,0,0,,0,112,"GENESEE AV","GENESEE CT E",15.00,N,N,A,-,N,,,,,,,,,,N,4,0,1,2,A,-,12,21453,A,N,D,G,A,A,H,-,C,A,0,,Y,,,Y,,L,04,0,0,1,0,0,0,1,0,0,"- ","- ",,,"SAN DIEGO","SAN DIEGO",-117.17936893,32.814227860000003
7175979,2016,2016-02-08,3711,2016-01-21,1030,7177,,4,5,7,3711,0,0,0,,0,446,"IMPERIAL AV","47TH ST",5.00,E,N,A,-,N,,,,,,,,,,Y,3,0,2,4,A,-,08,22107,,N,D,B,E,A,H,-,A,A,0,Y,,,,Y,,-,,0,1,1,0,1,0,0,0,0,"- ","- ",,,"SAN DIEGO","SAN DIEGO",-117.09368379999999,32.704149999999998
7175999,2015,2016-02-08,3711,2015-01-27,0852,5702,SANDI,2,5,7,3711,0,0,0,,0,626,"TITUS ST","TITUS ST 1845",0.00,,N,B,-,N,,,,,,,,,,N,4,0,1,2,A,-,11,21954,A,N,G,B,F,A,H,-,A,D,0,Y,,,,Y,,N,60,0,0,1,0,1,0,0,0,0,"- ","- ",,,"SAN DIEGO","SAN DIEGO",-117.18343288,32.745122010000003
7176015,2016,2016-02-24,3711,2016-01-28,1913,7044,,4,5,7,3711,0,0,0,,0,624,"MEADE AV","TEXAS ST",21.00,E,N,A,-,N,,,,,,,,,,N,3,0,1,2,A,-,09,21801,A,N,A,G,A,A,H,-,C,A,0,,Y,,,Y,,-,,0,1,0,0,0,0,1,0,0,"- ","- ",,,"SAN DIEGO","SAN DIEGO",-117.13878192,32.757240000000003
7176068,2016,2016-02-09,3711,2016-01-28,1000,6772,SANDI,4,5,7,3711,0,0,0,,0,242,"MIRA MESA BL","BLACK MOUNTAIN RD",2.00,W,N,A,-,N,,,,,,,,,,N,4,0,1,2,A,-,05,21650,,N,B,G,A,A,H,-,A,A,0,,Y,,,Y,,L,04,0,0,1,0,0,0,1,0,0,"- ","- ",,,"SAN DIEGO","SAN DIEGO",-117.12489649,32.917229910000003
7176594,2016,2016-02-03,3711,2016-01-18,1755,6034,,1,5,7,3711,0,0,0,,0,521,"11TH AV",BROADWAY,15.00,S,N,A,-,N,,,,,,,,,,,4,0,1,2,A,-,11,21456,B,M,G,B,B,A,H,-,C,A,0,Y,,,,Y,,N,60,0,0,1,0,1,0,0,0,0,"- ","- ",,,"SAN DIEGO","SAN DIEGO",-117.15472842,32.715698930000002
7176595,2016,2016-02-03,3711,2016-01-21,2255,6887,,4,5,7,3711,0,0,0,,0,444,"MARKET ST","36TH ST",5.00,E,N,A,-,N,,,,,,,,,,N,3,0,2,3,A,-,10,21950,A,M,-,B,B,A,H,-,C,A,0,Y,,,,Y,,-,,0,2,0,0,2,0,0,0,0,"- ","- ",,,"SAN DIEGO","SAN DIEGO",-117.11655380000001,32.711549789999999
7176670,2016,2016-02-09,3711,2016-01-21,1830,4527,,4,5,7,3711,0,0,0,,0,529,"5TH AV",GRAPE,21.00,N,N,B,-,N,,,,,,,,,,N,4,0,2,3,A,-,10,21950,A,M,A,B,B,A,H,-,C,A,0,Y,,,,Y,,-,,0,0,2,0,2,0,0,0,0,"- ","- ",,,"SAN DIEGO","SAN DIEGO",-117.16027,32.726257529999998
7176674,2016,2016-02-10,3711,2016-01-22,0630,7409,,5,5,7,3711,0,0,0,,0,722,"ORO VISTA RD","ORO VISTA RD 1700",0.00,,N,A,-,N,,,,,,,,,,N,4,0,1,2,A,-,11,21955,,N,G,B,D,A,H,-,D,D,0,Y,,,,Y,,N,60,0,0,1,0,1,0,0,0,0,"- ","- ",,,"SAN DIEGO","SAN DIEGO",-117.07844496,32.565863630000003
7178210,2016,2016-02-16,3711,2016-01-29,1700,6443,,5,5,7,3711,0,0,0,,0,826,"52ND ST","UNIVERSITY AV",0.00,,Y,A,-,N,,,,,,,,,,N,4,0,1,2,A,-,10,21950,A,N,G,B,B,A,H,-,A,A,0,Y,,,,Y,,-,,0,0,1,0,1,0,0,0,0,"- ","- ",,,"SAN DIEGO","SAN DIEGO",-117.08359003,32.749100030000001
7184442,2016,2016-02-25,3711,2016-01-24,0300,6715,,7,5,7,3711,0,0,0,,0,511,"NATIONAL AV","NATIONAL AV 2000",0.00,,N,B,-,N,,,,,,,,,,N,3,0,1,2,C,-,18,,,N,G,B,E,A,H,-,C,D,0,Y,,,,Y,Y,-,"- ",0,1,0,0,1,0,0,0,0,"- ","- ",,,"SAN DIEGO","SAN DIEGO",-117.14336336,32.699445040000001
7184503,2016,2016-02-19,3711,2016-02-08,1814,6511,,1,5,7,3711,0,0,0,,0,111,"ASHFORD ST","ASHFORD ST 4100",0.00,,Y,A,-,N,,,,,,,,,,N,3,0,1,2,A,-,03,22350,,M,B,B,E,A,H,-,C,D,0,Y,,,,Y,Y,-,,0,1,0,0,1,0,0,0,0,"- ","- ",,,"SAN DIEGO","SAN DIEGO",-117.16192871,32.817679630000001
7184548,2016,2016-02-25,3711,2016-02-03,1606,7404,,3,5,7,3711,0,0,0,,0,451,"BAYVIEW HEIGHTS PL","BAYVIEW HEIGHTS DR",0.00,,Y,A,-,N,,,,,,,,,,N,4,0,3,4,A,-,10,21950,A,N,G,B,B,A,H,-,A,D,0,Y,,,,Y,,A,01,0,0,3,0,3,0,0,0,0,"- ","- ",,,"SAN DIEGO","SAN DIEGO",-117.07789013,32.724030110000001
7187060,2016,2016-02-26,3711,2016-02-03,0742,6423,,3,5,7,3711,0,0,0,,0,433,"63RD ST","BROOKLYN AV",8.00,N,N,A,-,N,,,,,,,,,,N,4,0,2,3,A,-,10,21950,A,N,G,B,B,A,H,-,A,D,0,Y,,,,Y,,-,"- ",0,0,2,0,2,0,0,0,0,"- ","- ",,,"SAN DIEGO","SAN DIEGO",-117.06254016,32.713151910000001
7187075,2016,2016-02-26,3711,2016-02-13,2305,6295,SD,6,5,7,3711,0,0,0,,0,521,"13TH ST","ISLAND AV",0.00,,Y,A,-,N,,,,,,,,,,N,4,0,1,2,A,-,09,21802,A,N,D,G,A,A,H,-,C,A,0,,Y,,,Y,Y,-,,0,0,1,0,0,0,1,0,0,"- ","- ",,,"SAN DIEGO","SAN DIEGO",-117.15281001,32.710460040000001
7187080,2016,2016-02-26,3711,2016-02-12,1140,7010,,5,5,7,3711,0,0,0,,0,528,"INDIA ST","W GRAPE",45.00,N,N,A,-,N,,,,,,,,,,N,3,0,1,2,A,-,11,21955,,N,G,B,D,A,H,-,A,D,0,Y,,,,Y,,N,60,0,1,0,0,1,0,0,0,0,"- ","- ",,,"SAN DIEGO","SAN DIEGO",-117.16904239,32.725525040000001
7187086,2016,2016-02-26,3711,2016-02-08,1155,5747,,1,5,7,3711,0,0,0,,0,615,"GARRISON ST","ROSECRANS ST",0.00,,Y,A,-,N,,,,,,,,,,N,4,0,1,2,A,-,04,21703,,N,B,G,A,A,H,-,A,D,0,,Y,,,Y,,L,04,0,0,1,0,0,0,1,0,0,"- ","- ",,,"SAN DIEGO","SAN DIEGO",-117.22840001,32.725590099999998
7187094,2016,2016-02-26,3711,2016-02-14,1907,7410,W2,7,5,7,3711,0,0,0,,0,625,"SAN DIEGO  AV","WEST WASHINGTON ST",0.00,,Y,A,-,N,,,,,,,,,,N,4,0,1,2,A,-,10,21950,A,N,G,B,B,A,H,-,C,A,0,Y,,,,Y,,-,,0,0,1,0,1,0,0,0,0,"- ","- ",,,"SAN DIEGO","SAN DIEGO",-117.18192007,32.74279001
7187095,2016,2016-02-26,3711,2016-02-13,1041,6044,3711,6,5,7,3711,0,0,0,,0,122,"EMERALD ST","JEWELL ST",6.00,W,N,A,-,N,,,,,,,,,,N,4,0,1,2,A,-,10,21950,A,N,G,B,D,A,H,-,A,A,0,Y,,,,Y,,-,,0,0,1,0,1,0,0,0,0,"- ","- ",,,"SAN DIEGO","SAN DIEGO",-117.2396,32.802129999999998
7187100,2016,2016-02-26,3711,2016-02-12,1329,7198,,5,5,7,3711,0,0,0,,0,524,"1ST AV","A ST",9.00,N,N,A,-,N,,,,,,,,,,N,3,0,1,2,A,-,10,21950,A,N,G,B,B,A,H,-,A,A,0,Y,,,,Y,,-,,0,1,0,0,1,0,0,0,0,"- ","- ",,,"SAN DIEGO","SAN DIEGO",-117.16384024,32.718854649999997
7187103,2016,2016-02-26,3711,2016-02-11,1655,5627,,4,5,7,3711,0,0,0,,0,122,"GRAND AV","LAMONT ST",6.00,W,N,A,-,N,,,,,,,,,,N,3,0,1,2,A,-,12,21453,A,N,D,G,A,A,H,-,A,A,0,,Y,,,Y,,-,,0,1,0,0,0,0,1,0,0,"- ","- ",,,"SAN DIEGO","SAN DIEGO",-117.23481798,32.799183710000001
7187116,2016,2016-02-26,3711,2016-02-13,1219,7157,,6,5,7,3711,0,0,0,,0,441,"T ST","S 38TH ST",355.00,W,N,A,-,N,,,,,,,,,,N,3,0,1,2,A,-,11,21950,B,N,G,B,D,A,H,-,A,D,0,Y,,,,Y,,N,60,0,1,0,0,1,0,0,0,0,"- ","- ",,,"SAN DIEGO","SAN DIEGO",-117.11363007,32.698949999999996
7190052,2016,2018-09-25,3711,2016-02-12,1745,4243,,5,5,7,3711,0,0,0,,0,121,"SAN DIEGO  PL","MISSION BL",62.00,E,N,A,-,N,,,,,,,,,,N,1,1,0,2,A,-,03,22350,,F,G,B,E,A,H,-,B,D,0,Y,,,,Y,Y,A,01,0,0,0,1,0,0,0,0,0,"- ","- ",,,"SAN DIEGO","SAN DIEGO",-117.24852178,32.759848320000003
7190068,2016,2016-03-23,3711,2016-02-20,1756,6366,,6,5,7,3711,0,0,0,,0,312,"SANTO RD","SHIELDS ST",447.00,N,N,A,-,N,,,,,,,,,,N,1,1,2,3,A,-,07,21658,A,F,G,B,F,A,H,-,B,D,0,Y,,,,Y,,A,01,0,1,1,1,1,0,0,0,0,"- ","- ",,,"SAN DIEGO","SAN DIEGO",-117.10441897,32.817155149999998
7190082,2016,2018-09-26,3711,2016-03-11,1824,6000,,5,5,7,3711,0,0,0,,0,824,"FAIRMOUNT AV","TALMADGE CANYON ROW",341.00,S,N,B,C,N,,,,,,,,,,Y,1,1,0,2,A,-,11,21954,A,N,G,B,D,B,H,-,E,D,0,Y,,,,Y,Y,N,60,0,0,0,1,0,0,0,0,0,"- ","- ",,,"SAN DIEGO","SAN DIEGO",-117.09682309,32.766096009999998
7190310,2016,2018-09-26,3711,2016-07-18,1905,5985,,1,5,7,3711,0,0,0,,0,122,"INGRAHAM ST","FELSPAR ST",0.00,,Y,A,-,N,,,,,,,,,,N,1,1,0,2,A,-,11,21950,B,N,G,B,B,A,H,-,A,A,0,Y,,,,Y,,N,60,0,0,0,1,0,0,0,0,0,"- ","- ",,,"SAN DIEGO","SAN DIEGO",-117.24114001,32.800670070000002