CASE_ID,ACCIDENT_YEAR,PROC_DATE,JURIS,COLLISION_DATE,COLLISION_TIME,OFFICER_ID,REPORTING_DISTRICT,DAY_OF_WEEK,CHP_SHIFT,POPULATION,CNTY_CITY_LOC,SPECIAL_COND,BEAT_TYPE,CHP_BEAT_TYPE,CITY_DIVISION_LAPD,CHP_BEAT_CLASS,BEAT_NUMBER,PRIMARY_RD,SECONDARY_RD,DISTANCE,DIRECTION,INTERSECTION,WEATHER_1,WEATHER_2,STATE_HWY_IND,CALTRANS_COUNTY,CALTRANS_DISTRICT,STATE_ROUTE,ROUTE_SUFFIX,POSTMILE_PREFIX,POSTMILE,LOCATION_TYPE,RAMP_INTERSECTION,SIDE_OF_HWY,TOW_AWAY,COLLISION_SEVERITY,NUMBER_KILLED,NUMBER_INJURED,PARTY_COUNT,PRIMARY_COLL_FACTOR,PCF_CODE_OF_VIOL,PCF_VIOL_CATEGORY,PCF_VIOLATION,PCF_VIOL_SUBSECTION,HIT_AND_RUN,TYPE_OF_COLLISION,MVIW,PED_ACTION,ROAD_SURFACE,ROAD_COND_1,ROAD_COND_2,LIGHTING,CONTROL_DEVICE,CHP_ROAD_TYPE,PEDESTRIAN_ACCIDENT,BICYCLE_ACCIDENT,MOTORCYCLE_ACCIDENT,TRUCK_ACCIDENT,NOT_PRIVATE_PROPERTY,ALCOHOL_INVOLVED,STWD_VEHTYPE_AT_FAULT,CHP_VEHTYPE_AT_FAULT,COUNT_SEVERE_INJ,COUNT_VISIBLE_INJ,COUNT_COMPLAINT_PAIN,COUNT_PED_KILLED,COUNT_PED_INJURED,COUNT_BICYCLIST_KILLED,COUNT_BICYCLIST_INJURED,COUNT_MC_KILLED,COUNT_MC_INJURED,PRIMARY_RAMP,SECONDARY_RAMP,LATITUDE,LONGITUDE,COUNTY,CITY,POINT_X,POINT_Y
7190408,2016,2018-09-27,3711,2016-08-23,2245,5600,,2,5,7,3711,0,0,0,,0,627,"5TH AV","ANDERSON PL",89.00,S,N,A,-,N,,,,,,,,,,Y,1,1,0,2,A,-,11,21954,A,F,G,B,D,A,H,-,C,D,0,Y,,,,Y,Y,N,60,0,0,0,1,0,0,0,0,0,"- ","- ",,,"SAN DIEGO","SAN DIEGO",-117.1604,32.743966190000002
7190651,2016,2017-01-23,3711,2016-11-08,1744,6366,,2,5,7,3711,0,0,0,,0,313,"BALBOA AV","RUFFIN RD",460.00,W,N,A,-,N,,,,,,,,,,N,1,1,0,2,A,-,11,21954,A,N,G,B,C,A,H,-,C,D,0,Y,,,,Y,,N,60,0,0,0,1,0,0,0,0,0,"- ","- ",,,"SAN DIEGO","SAN DIEGO",-117.1289719,32.822371009999998
7191135,2016,2016-02-24,3711,2016-02-11,1710,7321,,4,5,7,3711,0,0,0,,0,122,"BUNKER HILL","W MISSION BAY",300.00,E,N,A,-,N,,,,,,,,,,N,3,0,1,2,A,-,03,22350,,N,G,B,E,A,H,-,A,D,0,Y,,,,Y,,-,,0,1,0,0,1,0,0,0,0,"- ","- ",,,"SAN DIEGO","SAN DIEGO",-117.21557980999999,32.803269229999998
7194369,2016,2016-03-10,3711,2016-02-06,1010,HB5798,,6,5,7,3711,0,0,0,,0,503,"HARBOR ISLAND DR","HARBOR DR",14.30,S,N,A,-,N,,,,,,,,,,N,4,0,1,2,A,-,09,21804,A,N,D,G,A,A,H,-,A,A,0,,Y,,Y,Y,,L,04,0,0,1,0,0,0,1,0,0,"- ","- ",,,"SAN DIEGO","SAN DIEGO",-117.19519372000001,32.729250950000001
7194594,2016,2016-03-03,3711,2016-02-19,1855,4849,SANDI,5,5,7,3711,0,0,0,,0,529,"CEDAR ST","3RD AV",0.00,,Y,A,-,N,,,,,,,,,,N,4,0,1,2,A,-,11,21950,B,N,-,B,B,A,H,-,C,A,0,Y,,,,Y,,-,,0,0,1,0,1,0,0,0,0,"- ","- ",,,"SAN DIEGO","SAN DIEGO",-117.16204011000001,32.721980029999997
7194626,2016,2016-03-03,3711,2016-02-21,1237,6422,SDPD,7,5,7,3711,0,0,0,,0,529,DATE,4TH,26.00,E,N,A,-,N,,,,,,,,,,N,4,0,1,2,A,-,08,22107,,N,-,B,D,A,H,-,A,A,0,Y,,,,Y,,-,,0,0,1,0,1,0,0,0,0,"- ","- ",,,"SAN DIEGO","SAN DIEGO",-117.16105576,32.723031499999998
7194634,2016,2016-03-03,3711,2016-02-14,1642,4495,,7,5,7,3711,0,0,0,,0,512,"SOUTH 28TH ST","LOGAN AV",0.00,,Y,A,-,N,,,,,,,,,,N,3,0,2,3,A,-,10,21950,A,N,G,B,B,A,H,-,A,A,0,Y,,,,Y,,A,01,0,2,0,0,2,0,0,0,0,"- ","- ",,,"SAN DIEGO","SAN DIEGO",-117.13382012,32.696960079999997
7196185,2016,2016-03-08,3711,2016-02-19,1928,6989,WESTE,5,5,7,3711,0,0,0,,0,624,"WASHINGTON ST","CLEVELAND AV",8.00,W,N,A,-,N,,,,,,,,,,N,3,0,1,2,A,-,10,21950,A,N,G,B,B,A,H,-,C,A,0,Y,,,,Y,,D,22,0,1,0,0,1,0,0,0,0,"- ","- ",,,"SAN DIEGO","SAN DIEGO",-117.14935331,32.752210400000003
7196205,2016,2016-03-10,3711,2016-02-18,1526,7030,,4,5,7,3711,0,0,0,,0,611,"FARRAGUT RD","CUSHING RD",1.00,E,N,A,-,N,,,,,,,,,,N,3,0,1,2,A,-,03,22350,,N,C,G,A,A,H,-,A,D,0,,Y,,,Y,,L,04,0,1,0,0,0,0,1,0,0,"- ","- ",,,"SAN DIEGO","SAN DIEGO",-117.21686731,32.732268470000001
7196247,2016,2016-03-02,3711,2016-02-19,1622,7030,,5,5,7,3711,0,0,0,,0,627,"UNIVERSITY AV","CENTRE ST",0.00,,Y,A,-,N,,,,,,,,,,N,3,0,1,2,A,-,03,22350,,N,D,G,A,A,H,-,A,D,0,,Y,,,Y,,L,04,0,1,0,0,0,0,1,0,0,"- ","- ",,,"SAN DIEGO","SAN DIEGO",-117.14838005,32.748410069999998
7196259,2016,2016-03-02,3711,2016-01-20,1836,7317,"SAN D",3,5,7,3711,0,0,0,,0,115,"GENESEE AV","APRIL CT",600.00,W,N,A,-,N,,,,,,,,,,N,3,0,1,2,A,-,09,21801,A,N,G,G,A,A,H,-,C,D,0,,Y,,,Y,,-,,0,1,0,0,0,0,1,0,0,"- ","- ",,,"SAN DIEGO","SAN DIEGO",-117.2041,32.850160000000002
7196283,2016,2016-03-02,3711,2016-02-19,1400,7059,,5,5,7,3711,0,0,0,,0,441,"ROOKWOOD DR","CATANIA ST",200.00,,N,A,-,N,,,,,,,,,,N,4,0,1,2,A,-,10,21950,A,N,B,B,B,A,H,-,A,D,0,Y,,,,Y,,-,,0,0,1,0,1,0,0,0,0,"- ","- ",,,"SAN DIEGO","SAN DIEGO",,
7196290,2016,2016-03-02,3711,2016-02-17,0843,005628,,3,5,7,3711,0,0,0,,0,111,"DIANE AV","CLAIREMONT MESA BL",0.00,,Y,A,-,N,,,,,,,,,,N,4,0,1,2,A,-,10,21950,A,N,G,B,B,A,H,-,A,A,0,Y,,,,Y,,A,01,0,0,1,0,1,0,0,0,0,"- ","- ",,,"SAN DIEGO","SAN DIEGO",-117.18705011999999,32.834530030000003
7196317,2016,2016-03-02,3711,2016-02-23,1126,7297,,2,5,7,3711,0,0,0,,0,315,"NORTHSIDE DR","FENTON PKWY MARKETPLACE",0.00,,Y,A,-,N,,,,,,,,,,N,4,0,1,2,A,-,10,21950,A,N,G,B,B,A,H,-,A,A,0,Y,,,,Y,,-,,0,0,1,0,1,0,0,0,0,"- ","- ",,,"SAN DIEGO","SAN DIEGO",-117.12664067999999,32.782900669999997
7198840,2016,2016-03-09,3711,2016-02-24,1610,7018,,3,5,7,3711,0,0,0,,0,322,"MISSION GORGE RD","ZION AV",2.00,N,N,A,-,N,,,,,,,,,,N,3,0,1,2,A,-,09,21800,A,N,D,G,A,A,H,-,A,A,0,,Y,,,Y,,-,"- ",0,1,0,0,0,0,1,0,0,"- ","- ",,,"SAN DIEGO","SAN DIEGO",-117.0975787,32.792955370000001
7199226,2016,2016-03-11,3711,2016-02-12,0705,6774,,5,5,7,3711,0,0,0,,0,511,"HARBOR DR","CESAR E CHAVEZ PKWY",12.00,N,N,A,-,N,,,,,,,,,,Y,2,0,1,2,A,-,11,21453,D,F,G,B,B,A,H,-,A,A,0,Y,,,,Y,,N,60,1,0,0,0,1,0,0,0,0,"- ","- ",,,"SAN DIEGO","SAN DIEGO",-117.14749014,32.698230760000001
7199666,2016,2018-09-27,3711,2016-05-08,2114,4310,,7,5,7,3711,0,0,0,,0,123,"MISSION BAY DR","NORTH MISSION BAY DR",70.00,N,N,A,-,Y,SD,11,5,-,R,22.745,R,4,S,Y,1,1,0,2,A,I,"- ",,,N,G,B,E,A,H,-,C,D,0,Y,,,,Y,Y,N,60,0,0,0,1,0,0,0,0,0,"- ","- ",,,"SAN DIEGO","SAN DIEGO",-117.20993995000001,32.797251770000003
7199677,2016,2016-06-23,3711,2016-05-11,2058,5600,,3,5,7,3711,0,0,0,,0,712,"DAIRY MART RD","WEST SAN YSIDRO BL",333.00,N,N,A,-,N,,,,,,,,,,Y,1,1,0,2,A,-,11,21954,A,N,G,B,D,A,H,-,D,D,0,Y,,,,Y,,N,60,0,0,0,1,0,0,0,0,0,"- ","- ",,,"SAN DIEGO","SAN DIEGO",-117.06243411,32.560541860000001
7199706,2016,2018-09-27,3711,2016-04-30,2053,6686,"SAN D",6,5,7,3711,0,0,0,,0,622,"LINDA VISTA RD","BRUNNER ST",98.00,E,N,A,-,N,,,,,,,,,,N,1,1,0,2,A,-,10,21950,A,N,A,B,D,A,H,-,C,D,0,Y,,,,Y,Y,N,60,0,0,0,1,0,0,0,0,0,"- ","- ",,,"SAN DIEGO","SAN DIEGO",-117.18955016,32.769727199999998
7199966,2017,2017-07-26,3711,2017-02-16,0606,6252,,4,5,7,3711,0,0,0,,0,242,"MIRA MESA BL","WESTMORE RD",14.00,E,N,A,-,N,,,,,,,,,,Y,1,1,1,3,A,-,12,21453,A,N,G,B,B,A,H,-,C,A,0,Y,,,,Y,,A,01,1,0,0,1,1,0,0,0,0,"- ","- ",,,"SAN DIEGO","SAN DIEGO",-117.12993602,32.916235479999997
7203859,2016,2016-03-15,3711,2016-02-26,1650,7092,SD,5,5,7,3711,0,0,0,,0,614,"WEST POINT LOMA BL","BACON ST",15.00,E,N,A,-,N,,,,,,,,,,N,4,0,1,2,A,-,12,22450,A,N,D,G,A,A,H,-,A,D,0,,Y,,,Y,,L,04,0,0,1,0,0,0,1,0,0,"- ","- ",,,"SAN DIEGO","SAN DIEGO",-117.24549681000001,32.753260439999998
7204554,2016,2016-03-10,3711,2016-02-26,2359,5984,,5,5,7,3711,0,0,0,,0,524,"A ST","1ST AV",0.00,,Y,A,-,N,,,,,,,,,,N,3,0,1,2,A,-,05,21650,1,N,D,G,A,A,H,-,C,A,0,,Y,,,Y,,L,04,0,1,0,0,0,0,1,0,0,"- ","- ",,,"SAN DIEGO","SAN DIEGO",-117.16384005,32.71883004
7209339,2016,2016-03-16,3711,2016-01-12,1500,6939,,2,5,7,3711,0,0,0,,0,616,"TALBOT ST","HARBOR VIEW DR",0.00,,Y,A,-,N,,,,,,,,,,N,3,0,1,2,A,-,09,21801,A,N,H,G,A,A,H,-,A,D,0,,Y,,,Y,,-,,0,1,0,0,0,0,1,0,0,"- ","- ",,,"SAN DIEGO","SAN DIEGO",-117.23496012,32.720620089999997
7209356,2016,2016-03-16,3711,2016-03-03,1220,5569,,4,5,7,3711,0,0,0,,0,312,"GURNARD ST","TAUSSIG ST",15.00,E,N,A,-,N,,,,,,,,,,N,3,0,1,2,A,-,10,21950,A,N,G,B,B,A,H,-,A,A,0,Y,,,,Y,,A,07,0,1,0,0,1,0,0,0,0,"- ","- ",,,"SAN DIEGO","SAN DIEGO",-117.10607443000001,32.807905609999999
7209371,2016,2016-03-16,3711,2016-03-05,1840,7306,,6,5,7,3711,0,0,0,,0,232,"STONEY PEAK DR","SEABRIDGE LN",30.00,E,N,B,-,N,,,,,,,,,,N,4,0,1,2,-,-,"- ",,,N,G,B,C,A,H,-,C,A,0,Y,,,,Y,,-,"- ",0,0,1,0,1,0,0,0,0,"- ","- ",,,"SAN DIEGO","SAN DIEGO",-117.07616,32.978360000000002
7209375,2016,2016-03-16,3711,2016-03-04,0840,4491,,5,5,7,3711,0,0,0,,0,624,ADAMS,ALABAMA,6.00,W,N,A,-,N,,,,,,,,,,N,3,0,1,2,A,-,08,22107,,N,B,G,A,A,H,-,A,D,0,,Y,,,Y,,-,,0,1,0,0,0,0,1,0,0,"- ","- ",,,"SAN DIEGO","SAN DIEGO",-117.14260727,32.762692440000002
7209390,2016,2016-03-16,3711,2016-03-07,2144,7026,,1,5,7,3711,0,0,0,,0,813,"30TH ST","NORTH PARK WY",5.00,N,N,-,-,N,,,,,,,,,,,4,0,2,3,A,-,10,21950,A,N,G,B,B,B,H,-,C,A,0,Y,,,,Y,,-,,0,0,2,0,2,0,0,0,0,"- ","- ",,,"SAN DIEGO","SAN DIEGO",-117.13008017999999,32.747363700000001
7209403,2016,2016-03-16,3711,2016-03-03,0900,6749,CA,4,5,7,3711,0,0,0,,0,824,"POLK AV","47TH ST",0.00,,Y,A,-,N,,,,,,,,,,N,3,0,1,2,A,-,17,21657,,M,-,B,-,A,H,-,A,A,0,Y,,,,Y,,N,60,0,1,0,0,1,0,0,0,0,"- ","- ",,,"SAN DIEGO","SAN DIEGO",-117.09334008,32.751360079999998
7209423,2016,2016-03-17,3711,2016-03-07,1024,7274,,1,5,7,3711,0,0,0,,0,627,"UNIVERSITY AV","VERMONT ST",0.00,,Y,C,-,N,,,,,,,,,,N,4,0,1,2,A,-,09,21801,A,N,D,G,A,B,H,-,A,A,0,,Y,,,Y,,-,,0,0,1,0,0,0,1,0,0,"- ","- ",,,"SAN DIEGO","SAN DIEGO",-117.15344002000001,32.748540009999999
7209468,2016,2016-03-16,3711,2016-02-17,1733,6629,SANDI,3,5,7,3711,0,0,0,,0,446,"SOUTH 47TH ST","SOLOLA  AV",0.00,,Y,A,-,N,,,,,,,,,,N,2,0,1,2,A,-,10,21950,A,F,G,B,D,A,H,-,A,D,0,Y,,,,Y,,-,99,1,0,0,0,1,0,0,0,0,"- ","- ",,,"SAN DIEGO","SAN DIEGO",-117.09378004,32.693600109999998
7209850,2016,2016-03-23,3711,2016-02-24,0908,6193,,3,5,7,3711,0,0,0,,0,446,"IMPERIAL AV","49TH ST",0.00,,Y,A,-,N,,,,,,,,,,N,2,0,1,2,A,-,10,21950,A,F,G,B,B,A,H,-,A,A,0,Y,,,,Y,,-,99,1,0,0,0,1,0,0,0,0,"- ","- ",,,"SAN DIEGO","SAN DIEGO",-117.0893701,32.704140100000004
7209876,2016,2016-03-22,3711,2016-03-08,1126,6200,,2,5,7,3711,0,0,0,,0,315,"FRIARS RD","FRAZEE RD",10.00,E,N,A,-,N,,,,,,,,,,N,4,0,1,2,A,-,11,21453,D,M,G,B,D,A,H,-,A,A,0,Y,,,,Y,,N,60,0,0,1,0,1,0,0,0,0,"- ","- ",,,"SAN DIEGO","SAN DIEGO",-117.15736907,32.772620930000002
8000323,2016,2016-03-28,3711,2016-03-16,0640,5702,SANDI,3,5,7,3711,0,0,0,,0,622,"LINDA VISTA RD","MARIAN WY",0.00,,Y,B,-,N,,,,,,,,,,N,4,0,1,2,A,-,08,22101,,N,G,B,B,A,H,-,B,A,0,Y,,,,Y,,-,,0,0,1,0,1,0,0,0,0,"- ","- ",,,"SAN DIEGO","SAN DIEGO",-117.19442005000001,32.76801004
8000363,2016,2016-03-28,3711,2016-03-09,1730,6671,,3,5,7,3711,0,0,0,,0,121,"OCEAN FRONT WALK","LIDO CT",24.00,S,N,A,-,N,,,,,,,,,,N,4,0,1,2,A,-,03,22350,,N,C,B,E,A,H,-,A,-,0,Y,Y,,,Y,,L,04,0,0,1,0,0,0,1,0,0,"- ","- ",,,"SAN DIEGO","SAN DIEGO",-117.25314752,32.776684279999998
8000938,2016,2016-03-30,3711,2016-03-16,2050,5046,,3,5,7,3711,0,0,0,,0,447,"EUCLID AV","LYON ST",0.00,,Y,A,-,N,,,,,,,,,,N,2,0,1,2,A,-,11,21950,B,F,G,B,D,A,H,-,C,D,0,Y,,Y,,Y,,N,60,1,0,0,0,1,0,0,0,0,"- ","- ",,,"SAN DIEGO","SAN DIEGO",-117.08496006999999,32.720200069999997
8000941,2016,2016-03-30,3711,2016-03-10,1950,7260,,4,5,7,3711,0,0,0,,0,124,"LA JOLLA BL","FORWARD ST",60.00,W,N,A,-,N,,,,,,,,,,Y,3,0,1,2,A,-,03,22350,,N,H,G,A,A,H,-,C,D,0,,Y,,,Y,,A,01,0,1,0,0,0,0,1,0,0,"- ","- ",,,"SAN DIEGO","SAN DIEGO",-117.26967394,32.814010590000002
8002845,2016,2016-04-14,3711,2016-03-18,1509,7230,,5,5,7,3711,0,0,0,,0,514,"MARKET ST","25TH ST",34.00,W,N,A,-,N,,,,,,,,,,N,3,0,2,3,A,-,21,22106,,M,E,B,F,A,H,-,A,D,0,Y,,,,Y,Y,-,,0,2,0,0,2,0,0,0,0,"- ","- ",,,"SAN DIEGO","SAN DIEGO",-117.14038017,32.711599999999997
8003154,2016,2016-03-28,3711,2016-03-08,0830,5498,,2,5,7,3711,0,0,0,,0,521,"17TH AV","MARKET ST",8.00,N,N,A,-,N,,,,,,,,,,N,4,0,1,2,A,-,10,21950,A,N,B,B,B,A,H,-,A,A,0,Y,,,,Y,,A,07,0,0,1,0,1,0,0,0,0,"- ","- ",,,"SAN DIEGO","SAN DIEGO",-117.1485504,32.71156191
8007171,2016,2016-04-07,3711,2016-03-09,1720,5972,,3,5,7,3711,0,0,0,,0,611,"PACIFIC HWY","SMITH ST",19.00,S,N,A,-,N,,,,,,,,,,N,2,0,1,2,A,-,17,21461,A,N,G,B,B,A,H,-,A,A,0,Y,,,,Y,,D,22,1,0,0,0,1,0,0,0,0,"- ","- ",,,"SAN DIEGO","SAN DIEGO",-117.20030805,32.75123894
8011133,2016,2016-04-11,3711,2016-03-28,1527,4617,,1,5,7,3711,0,0,0,,0,233,"ENTREKEN WY","AUBURN RIDGE",102.00,N,N,A,-,N,,,,,,,,,,N,3,0,1,2,A,-,11,21950,B,N,G,B,D,A,H,-,A,D,0,Y,,,,Y,,N,60,0,1,0,0,1,0,0,0,0,"- ","- ",,,"SAN DIEGO","SAN DIEGO",-117.14722999999999,32.963819999999998
8014878,2016,2016-04-06,3711,2016-03-16,1141,6193,,3,5,7,3711,0,0,0,,0,712,"BOLTON HALL RD","BORDER VILLAGE RD",95.00,S,N,A,-,N,,,,,,,,,,N,4,0,1,2,A,-,10,21952,,N,H,B,F,A,H,-,A,D,0,Y,,,,Y,,A,01,0,0,1,0,1,0,0,0,0,"- ","- ",,,"SAN DIEGO","SAN DIEGO",-117.03908,32.550789999999999
8016353,2016,2016-04-15,3711,2016-04-02,1046,7453,,6,5,7,3711,0,0,0,,0,521,"7TH AV","ISLAND AV",0.00,,Y,A,-,N,,,,,,,,,,N,4,0,1,2,A,-,10,21950,A,N,G,B,B,A,H,-,A,D,0,Y,,,,Y,,A,01,0,0,1,0,1,0,0,0,0,"- ","- ",,,"SAN DIEGO","SAN DIEGO",-117.15834009,32.7104401
8016365,2016,2017-02-18,3711,2016-04-04,1750,5672,,1,5,7,3711,0,0,0,,0,311,"AERO DR","RT 15",0.00,,Y,A,-,Y,SD,11,15,-,R,8.205,R,4,S,N,3,0,1,2,A,-,"- ",,,N,D,G,A,A,H,-,A,A,0,,Y,,,Y,,-,,0,1,0,0,0,0,1,0,0,"- ",SO,,,"SAN DIEGO","SAN DIEGO",-117.11396993,32.808064139999999
8017362,2016,2016-04-19,3711,2016-04-07,1313,6546,,4,5,7,3711,0,0,0,,0,627,"UNIVERSITY AV","RICHMOND ST",9.00,E,N,C,-,N,,,,,,,,,,N,3,0,1,2,A,-,10,21950,A,N,G,B,B,B,H,-,A,A,0,Y,,,,Y,,-,,0,1,0,0,1,0,0,0,0,"- ","- ",,,"SAN DIEGO","SAN DIEGO",-117.15121083,32.748559999999998
8017405,2016,2016-04-19,3711,2016-04-10,0926,6268,,7,5,7,3711,0,0,0,,0,832,"COPELAND AV","EL CAJON BL",0.00,,Y,B,-,N,,,,,,,,,,,4,0,1,2,A,-,09,21804,A,N,G,B,D,A,H,-,A,D,0,Y,,,,Y,,-,,0,0,1,0,1,0,0,0,0,"- ","- ",,,"SAN DIEGO","SAN DIEGO",-117.10404002999999,32.755210060000003
8020469,2016,2016-04-13,3711,2016-03-29,1947,6037,,2,5,7,3711,0,0,0,,0,446,"47TH ST","LOGAN AV",9.00,N,N,B,-,N,,,,,,,,,,N,3,0,1,2,A,-,11,21456,B,N,G,B,B,A,H,-,C,A,0,Y,,,,Y,,N,60,0,1,0,0,1,0,0,0,0,"- ","- ",,,"SAN DIEGO","SAN DIEGO",-117.09374946,32.69681465
8020920,2016,2016-04-15,3711,2016-03-29,0509,7386,,2,5,7,3711,0,0,0,,0,524,"10TH AV","B ST",0.00,N,N,A,-,N,,,,,,,,,,N,3,0,1,2,A,-,03,22350,A,N,G,B,B,A,H,-,C,A,0,Y,,,,Y,,A,01,0,1,0,0,1,0,0,0,0,"- ","- ",,,"SAN DIEGO","SAN DIEGO",-117.15562011999999,32.717820029999999
8022041,2016,2016-04-18,3711,2016-03-30,1805,7048,,3,5,7,3711,0,0,0,,0,124,"TORREY PINES RD",ARDATH,1056.00,N,N,A,-,N,,,,,,,,,,N,3,0,1,2,A,-,"- ",,,N,D,G,A,A,H,-,A,D,0,,Y,,,Y,,-,,0,1,0,0,0,0,1,0,0,"- ","- ",,,"SAN DIEGO","SAN DIEGO",-117.24721404,32.85154352
8022240,2016,2016-04-20,3711,2016-04-05,0840,6742,,2,5,7,3711,0,0,0,,0,813,"PARK BL","UNIVERSITY AV",0.00,,Y,A,-,N,,,,,,,,,,N,3,0,1,2,A,-,11,21456,B,N,G,B,B,A,H,-,A,A,0,Y,,,,Y,,N,60,0,1,0,0,1,0,0,0,0,"- ","- ",,,"SAN DIEGO","SAN DIEGO",-117.14641001,32.74845002
8023698,2016,2016-04-25,3711,2016-04-16,1235,7205,,6,5,7,3711,0,0,0,,0,315,"CAMINO DE LA REINA","CAMINO DEL ESTE",500.00,W,N,A,-,N,,,,,,,,,,N,4,0,1,2,A,-,11,21950,B,N,D,B,C,A,H,-,A,A,0,Y,,,,Y,,N,60,0,0,1,0,1,0,0,0,0,"- ","- ",,,"SAN DIEGO","SAN DIEGO",-117.14579191999999,32.770976279999999
8024155,2016,2016-04-19,3711,2016-04-08,1650,7319,,5,5,7,3711,0,0,0,,0,723,"DEL SUR BL","ARRUZA ST",0.00,,Y,B,-,N,,,,,,,,,,N,3,0,1,2,A,-,"- ",,,N,A,G,A,A,H,-,A,D,0,,Y,,,Y,,-,"- ",0,1,0,0,0,0,1,0,0,"- ","- ",,,"SAN DIEGO","SAN DIEGO",-117.05805008999999,32.57193006
8024167,2016,2016-04-20,3711,2016-04-08,0614,5886,,5,5,7,3711,0,0,0,,0,511,"SOUTH 28TH ST","MAIN ST",120.00,S,N,B,C,N,,,,,,,,,,N,4,0,1,2,A,-,10,21952,,N,G,B,C,B,H,-,B,D,0,Y,,,,Y,,-,,0,0,1,0,1,0,0,0,0,"- ","- ",,,"SAN DIEGO","SAN DIEGO",-117.13371866999999,32.692471419999997
8024802,2016,2016-05-18,3711,2016-05-09,1446,5985,,1,5,7,3711,0,0,0,,0,522,"COLUMBIA ST","WEST BROADWAY",0.00,,Y,A,-,N,,,,,,,,,,N,4,0,1,2,A,-,10,21950,A,N,G,B,B,A,H,-,A,A,0,Y,,,,Y,,A,01,0,0,1,0,1,0,0,0,0,"- ","- ",,,"SAN DIEGO","SAN DIEGO",-117.16742012,32.715760080000003
8024990,2016,2016-05-17,3711,2016-05-06,0900,6339,,5,5,7,3711,0,0,0,,0,242,"DANCY RD","ADCOCK LN",50.00,W,N,C,-,N,,,,,,,,,,N,3,0,1,2,A,-,08,22107,,F,B,B,E,B,H,-,A,D,0,Y,,,,Y,,-,,0,1,0,0,1,0,0,0,0,"- ","- ",,,"SAN DIEGO","SAN DIEGO",-117.15587542,32.90898301
8027364,2016,2016-05-02,3711,2016-04-01,2024,HB5798,,5,5,7,3711,0,0,0,,0,504,"NORTH HARBOR DR","ASH ST",13.00,W,N,A,-,N,,,,,,,,,,N,3,0,1,2,A,-,10,21950,A,N,G,B,B,A,D,-,C,A,0,Y,,,,Y,Y,A,01,0,1,0,0,1,0,0,0,0,"- ","- ",,,"SAN DIEGO","SAN DIEGO",-117.17312526000001,32.719875330000001
8027402,2016,2016-04-29,3711,2016-04-18,2008,4897,,1,5,7,3711,0,0,0,,0,126,"TORREY PINES SCENIC DR","NORTH TORREY PINES RD",735.00,W,N,A,-,N,,,,,,,,,,Y,3,0,1,2,A,-,11,21950,B,N,G,B,E,A,H,-,D,D,0,Y,,,,Y,,N,60,0,1,0,0,1,0,0,0,0,"- ","- ",,,"SAN DIEGO","SAN DIEGO",-117.24605474000001,32.888189300000001
8027854,2016,2016-04-27,3711,2016-04-15,2240,6686,,5,5,7,3711,0,0,0,,0,311,"KEARNY VILLA RD","KEARNY VILLA RD BRIDGE #57-0678",229.00,N,N,A,-,N,,,,,,,,,,N,3,0,1,2,A,-,11,21955,,F,G,B,D,A,H,-,D,D,0,Y,,,,Y,Y,N,60,0,1,0,0,1,0,0,0,0,"- ","- ",,,"SAN DIEGO","SAN DIEGO",,
8027902,2016,2016-04-26,3711,2016-04-14,2150,7124,,4,5,7,3711,0,0,0,,0,447,"EUCLID AV","MARILOU RD",21.00,S,N,A,-,N,,,,,,,,,,,3,0,1,2,A,-,11,21955,,N,G,B,D,A,H,-,C,D,0,Y,,,,Y,,N,60,0,1,0,0,1,0,0,0,0,"- ","- ",,,"SAN DIEGO","SAN DIEGO",-117.08492196,32.7222425
8028651,2016,2016-05-25,3711,2016-05-12,0343,7317,,4,5,7,3711,0,0,0,,0,122,"EVERTS ST","FELSPAR ST",0.00,,Y,A,-,N,,,,,,,,,,N,3,0,1,2,D,-,00,,,M,A,B,B,A,-,-,C,A,0,Y,,,,Y,Y,-,"- ",0,1,0,0,1,0,0,0,0,"- ","- ",,,"SAN DIEGO","SAN DIEGO",-117.24844001,32.79907008
8031058,2016,2016-05-10,3711,2016-04-27,1010,4274,,3,5,7,3711,0,0,0,,0,327,"MONTEZUMA RD","CATOCTIN DR",0.00,,Y,B,-,N,,,,,,,,,,N,3,0,1,2,A,-,12,21453,A,N,D,G,A,A,H,-,A,A,0,,Y,,,Y,,-,,0,1,0,0,0,0,1,0,0,"- ","- ",,,"SAN DIEGO","SAN DIEGO",-117.05840000000001,32.769340110000002
8031967,2016,2017-02-18,3711,2016-05-02,1805,7111,SD,1,5,7,3711,0,0,0,,0,529,"1ST ST","ELM ST",0.00,,Y,-,-,Y,SD,11,5,-,R,16.746,R,4,N,N,4,0,1,2,A,-,11,21461,5,N,G,B,D,-,-,-,-,A,0,Y,,,,Y,,N,60,0,0,1,0,1,0,0,0,0,"- ","- ",,,"SAN DIEGO","SAN DIEGO",-117.16563297,32.725086820000001
8032822,2016,2016-05-06,3711,2016-04-22,1907,7425,,5,5,7,3711,0,0,0,,0,,"MARLBOROUGH AV","WIGHTMAN ST",15.00,S,N,A,-,N,,,,,,,,,,N,3,0,1,2,A,-,00,20001,A,M,B,B,B,A,H,-,B,A,0,Y,,,,Y,Y,-,,0,1,0,0,1,0,0,0,0,"- ","- ",,,"SAN DIEGO","SAN DIEGO",-117.10572021999999,32.747738910000002