CASE_ID,ACCIDENT_YEAR,PROC_DATE,JURIS,COLLISION_DATE,COLLISION_TIME,OFFICER_ID,REPORTING_DISTRICT,DAY_OF_WEEK,CHP_SHIFT,POPULATION,CNTY_CITY_LOC,SPECIAL_COND,BEAT_TYPE,CHP_BEAT_TYPE,CITY_DIVISION_LAPD,CHP_BEAT_CLASS,BEAT_NUMBER,PRIMARY_RD,SECONDARY_RD,DISTANCE,DIRECTION,INTERSECTION,WEATHER_1,WEATHER_2,STATE_HWY_IND,CALTRANS_COUNTY,CALTRANS_DISTRICT,STATE_ROUTE,ROUTE_SUFFIX,POSTMILE_PREFIX,POSTMILE,LOCATION_TYPE,RAMP_INTERSECTION,SIDE_OF_HWY,TOW_AWAY,COLLISION_SEVERITY,NUMBER_KILLED,NUMBER_INJURED,PARTY_COUNT,PRIMARY_COLL_FACTOR,PCF_CODE_OF_VIOL,PCF_VIOL_CATEGORY,PCF_VIOLATION,PCF_VIOL_SUBSECTION,HIT_AND_RUN,TYPE_OF_COLLISION,MVIW,PED_ACTION,ROAD_SURFACE,ROAD_COND_1,ROAD_COND_2,LIGHTING,CONTROL_DEVICE,CHP_ROAD_TYPE,PEDESTRIAN_ACCIDENT,BICYCLE_ACCIDENT,MOTORCYCLE_ACCIDENT,TRUCK_ACCIDENT,NOT_PRIVATE_PROPERTY,ALCOHOL_INVOLVED,STWD_VEHTYPE_AT_FAULT,CHP_VEHTYPE_AT_FAULT,COUNT_SEVERE_INJ,COUNT_VISIBLE_INJ,COUNT_COMPLAINT_PAIN,COUNT_PED_KILLED,COUNT_PED_INJURED,COUNT_BICYCLIST_KILLED,COUNT_BICYCLIST_INJURED,COUNT_MC_KILLED,COUNT_MC_INJURED,PRIMARY_RAMP,SECONDARY_RAMP,LATITUDE,LONGITUDE,COUNTY,CITY,POINT_X,POINT_Y
8032851,2016,2016-05-16,3711,2016-04-05,1540,4495,,2,5,7,3711,0,0,0,,0,315,"CAMINO RIO SOUTH","CAM DEL RIO S CUL DE SAC",74.00,E,N,A,-,N,,,,,,,,,,N,2,0,1,2,A,-,11,21954,A,N,G,B,E,A,H,-,A,D,0,Y,,,,Y,,N,60,1,0,0,0,1,0,0,0,0,"- ","- ",,,"SAN DIEGO","SAN DIEGO",,
8032863,2016,2016-05-04,3711,2016-04-24,1822,7230,,7,5,7,3711,0,0,0,,0,515,"28TH ST","TREAT ST",0.00,,Y,B,-,N,,,,,,,,,,N,3,0,2,2,A,-,09,21802,A,N,D,G,A,A,H,-,A,D,0,,Y,,,Y,,-,,0,2,0,0,0,0,1,0,0,"- ","- ",,,"SAN DIEGO","SAN DIEGO",-117.13377001000001,32.714350039999999
8032879,2016,2016-05-06,3711,2016-04-24,0830,5480,,7,5,7,3711,0,0,0,,0,624,"ADAMS AV","ADAMS AV 1900",0.00,,-,A,-,N,,,,,,,,,,N,3,0,1,2,A,-,10,21950,,N,G,B,C,A,H,-,A,D,0,Y,,,,Y,,-,"- ",0,1,0,0,1,0,0,0,0,"- ","- ",,,"SAN DIEGO","SAN DIEGO",-117.14504331000001,32.76245591
8032904,2016,2016-05-05,3711,2016-04-26,1630,6156,SD,2,5,7,3711,0,0,0,,0,115,"LA JOLLA VILLAGE DR","VILLAGE DR",100.00,S,N,A,-,N,,,,,,,,,,N,4,0,1,2,A,-,08,22107,,N,G,B,F,A,H,-,A,D,0,Y,,,,Y,,-,,0,0,1,0,1,0,0,0,0,"- ","- ",,,"SAN DIEGO","SAN DIEGO",,
8034582,2016,2016-05-04,3711,2016-04-21,1655,6611,,4,5,7,3711,0,0,0,,0,122,"GARNET AV","MORRELL ST",0.00,,Y,A,-,N,,,,,,,,,,N,3,0,1,2,A,-,10,21950,A,N,G,B,B,A,H,-,A,D,0,Y,,,,Y,,-,,0,1,0,0,1,0,0,0,0,"- ","- ",,,"SAN DIEGO","SAN DIEGO",-117.23350001,32.801400059999999
8035221,2016,2016-05-27,3711,2016-05-16,1231,7423,,1,5,7,3711,0,0,0,,0,122,"LA PLAYA AV","INGRAHAM ST",9.00,E,N,A,-,N,,,,,,,,,,N,3,0,1,2,A,-,12,21453,A,N,D,G,A,A,H,-,A,A,0,,Y,,,Y,Y,L,04,0,1,0,0,0,0,1,0,0,"- ","- ",,,"SAN DIEGO","SAN DIEGO",-117.23745185999999,32.788746570000001
8037547,2016,2016-05-11,3711,2016-05-02,1700,4495,,1,5,7,3711,0,0,0,,0,531,"SPRUCE ST","6TH AV",0.00,,Y,A,-,N,,,,,,,,,,N,3,0,1,2,A,-,10,21950,A,N,G,B,B,A,H,-,A,D,0,Y,,,,Y,,A,01,0,1,0,0,1,0,0,0,0,"- ","- ",,,"SAN DIEGO","SAN DIEGO",-117.15942011,32.738710050000002
8037567,2016,2016-05-11,3711,2016-04-28,2040,7413,SANDI,4,5,7,3711,0,0,0,,0,827,"54TH ST","LEA ST",0.00,,Y,A,-,N,,,,,,,,,,N,3,0,1,2,A,-,10,21950,A,M,G,B,B,A,H,-,C,A,0,Y,,,,Y,,-,,0,1,0,0,1,0,0,0,0,"- ","- ",,,"SAN DIEGO","SAN DIEGO",-117.07953012999999,32.745840020000003
8037569,2016,2016-05-11,3711,2016-04-29,0845,7190,41,5,5,7,3711,0,0,0,,0,521,BROADWAY,"BROADWAY 1600",60.00,N,N,A,-,N,,,,,,,,,,N,4,0,1,2,A,-,08,22107,,N,D,G,A,A,H,-,A,A,0,,Y,,,Y,,-,"- ",0,0,1,0,0,0,1,0,0,"- ","- ",,,"SAN DIEGO","SAN DIEGO",,
8037575,2016,2016-05-13,3711,2016-04-30,1323,7136,,6,5,7,3711,0,0,0,,0,514,"19TH ST",MARKET,4.00,N,N,A,-,N,,,,,,,,,,N,3,0,1,2,A,-,10,21950,A,M,G,B,B,A,H,-,A,A,0,Y,,,,Y,,-,,0,1,0,0,1,0,0,0,0,"- ","- ",,,"SAN DIEGO","SAN DIEGO",-117.14673000000001,32.711550959999997
8037592,2016,2016-05-11,3711,2016-04-30,1500,7448,,6,5,7,3711,0,0,0,,0,521,"MARKET ST","6TH AV",0.00,,Y,A,-,N,,,,,,,,,,N,4,0,1,2,A,-,10,21950,A,N,G,B,B,A,H,-,A,A,0,Y,,,,Y,,-,,0,0,1,0,1,0,0,0,0,"- ","- ",,,"SAN DIEGO","SAN DIEGO",-117.15927007000001,32.711510060000002
8037595,2016,2016-05-12,3711,2016-04-29,0650,7441,SANDI,5,5,7,3711,0,0,0,,0,833,"UNIVERSITY AV","FAIRMONT AV",15.00,E,N,A,-,N,,,,,,,,,,N,4,0,1,2,A,-,10,21950,A,M,G,B,B,A,H,-,A,A,0,Y,,,,Y,,-,,0,0,1,0,1,0,0,0,0,"- ","- ",,,"SAN DIEGO","SAN DIEGO",-117.10085144,32.749602019999998
8037625,2016,2016-05-11,3711,2016-04-28,1131,7173,,4,5,7,3711,0,0,0,,0,521,"G ST","PARK BL",23.00,E,N,A,-,N,,,,,,,,,,N,4,0,1,2,A,-,11,21456,B,N,G,B,D,A,H,-,A,A,0,Y,,,,Y,,N,60,0,0,1,0,1,0,0,0,0,"- ","- ",,,"SAN DIEGO","SAN DIEGO",-117.15368547,32.712609999999998
8037665,2016,2016-05-13,3711,2016-04-30,1433,7231,3711,6,5,7,3711,0,0,0,,0,432,"EUCLID AV","NARANJA ST",0.00,,Y,A,-,N,,,,,,,,,,N,4,0,1,2,A,-,10,21950,A,N,-,B,B,A,H,-,A,A,0,Y,,,,Y,,-,"- ",0,0,1,0,1,0,0,0,0,"- ","- ",,,"SAN DIEGO","SAN DIEGO",-117.08504008,32.708630079999999
8046654,2016,2016-05-17,3711,2016-05-04,1920,6998,,3,5,7,3711,0,0,0,,0,931,"SCRANTON RD","SCRANTON DRWY",10.00,S,N,A,-,N,,,,,,,,,,N,3,0,1,2,A,-,11,21954,A,N,B,B,D,A,H,-,C,D,0,Y,,,,Y,Y,N,60,0,1,0,0,1,0,0,0,0,"- ","- ",,,"SAN DIEGO","SAN DIEGO",-117.20287114,32.896052619999999
8046694,2016,2016-05-17,3711,2016-05-05,0000,7169,,4,5,7,3711,0,0,0,,0,838,"UNIVERSITY AV","UNIVERSITY AV 3400",0.00,,N,A,-,N,,,,,,,,,,N,3,0,1,2,A,-,11,21950,B,M,G,B,F,A,H,-,C,D,0,Y,,,,Y,Y,N,60,0,1,0,0,1,0,0,0,0,"- ","- ",,,"SAN DIEGO","SAN DIEGO",-117.12065398999999,32.749338309999999
8046698,2016,2016-05-17,3711,2016-05-08,1905,7008,SD,7,5,7,3711,0,0,0,,0,831,"EL CAJON BL","HIGHLAND AV",0.00,,Y,A,-,N,,,,,,,,,,,4,0,1,2,A,-,"- ",,,M,D,G,A,A,H,-,A,A,0,,Y,,,Y,,L,04,0,0,1,0,0,0,1,0,0,"- ","- ",,,"SAN DIEGO","SAN DIEGO",-117.09920013,32.755100040000002
8047629,2016,2016-05-23,3711,2016-05-14,1140,7402,,6,5,7,3711,0,0,0,,0,821,"EL CAJON BL","ROLANDO BL",0.00,,Y,A,-,N,,,,,,,,,,N,4,0,1,2,D,-,00,,,M,G,B,D,A,H,-,A,A,0,Y,,,,Y,,-,"- ",0,0,1,0,1,0,0,0,0,"- ","- ",,,"SAN DIEGO","SAN DIEGO",-117.05737007,32.767000029999998
8047637,2016,2016-05-23,3711,2016-05-15,0823,6854,,7,5,7,3711,0,0,0,,0,811,"ADAMS AV","BANCROFT ST",0.00,,Y,B,-,N,,,,,,,,,,N,4,0,1,2,A,-,12,22450,A,N,G,G,A,A,A,-,A,A,0,,Y,,,Y,,-,,0,0,1,0,0,0,1,0,0,"- ","- ",,,"SAN DIEGO","SAN DIEGO",-117.12391004,32.763360050000003
8049342,2016,2016-06-02,3711,2016-05-21,0111,6366,,6,5,7,3711,0,0,0,,0,524,"KETTNER BL",BROADWAY,404.00,N,N,B,-,N,,,,,,,,,,N,4,0,1,2,C,-,18,,,N,G,B,F,A,H,-,C,D,0,Y,,,,Y,,-,"- ",0,0,1,0,1,0,0,0,0,"- ","- ",,,"SAN DIEGO","SAN DIEGO",-117.16917398,32.716876169999999
8049345,2016,2016-06-02,3711,2016-05-20,2053,7417,,5,5,7,3711,0,0,0,,0,814,"ADAMS AV","HAWLEY BL",18.00,E,N,A,-,N,,,,,,,,,,N,4,0,1,2,A,-,10,21950,A,M,G,B,B,A,H,-,C,A,0,Y,,,,Y,,-,,0,0,1,0,1,0,0,0,0,"- ","- ",,,"SAN DIEGO","SAN DIEGO",-117.11939165,32.763349460000001
8053127,2016,2016-06-13,3711,2016-05-18,2300,7154,,3,5,7,3711,0,0,0,,0,627,"10TH AV","UNIVERSITY AV",0.00,,Y,A,-,N,,,,,,,,,,N,4,0,1,2,A,-,00,21952,A,M,G,B,B,A,H,-,C,A,0,Y,,,,Y,,-,,0,0,1,0,1,0,0,0,0,"- ","- ",,,"SAN DIEGO","SAN DIEGO",-117.15528008,32.748420019999998
8053151,2016,2016-06-13,3711,2016-05-28,2015,7315,,6,5,7,3711,0,0,0,,0,813,"PARK BL","ROBINSON AV",0.00,,Y,A,-,N,,,,,,,,,,N,4,0,1,2,A,-,08,22107,,N,G,B,B,A,H,-,C,A,0,Y,,,,Y,,-,,0,0,1,0,1,0,0,0,0,"- ","- ",,,"SAN DIEGO","SAN DIEGO",-117.14628999999999,32.746440040000003
8053167,2016,2016-06-09,3711,2016-05-27,0834,7331,,5,5,7,3711,0,0,0,,0,524,"B ST","10TH AV",33.00,W,N,B,-,N,,,,,,,,,,,3,0,1,2,C,-,18,,,N,H,G,A,A,H,-,A,A,0,,Y,,,Y,,-,"- ",0,1,0,0,0,0,1,0,0,"- ","- ",,,"SAN DIEGO","SAN DIEGO",-117.15572693,32.71781885
8055248,2016,2016-06-09,3711,2016-05-25,2240,7247,,3,5,7,3711,0,0,0,,0,315,"CAMINO DEL RIO N","MISSION CENTER RD",0.00,E,N,A,-,N,,,,,,,,,,N,3,0,1,2,A,-,00,20002,A,F,D,G,A,A,H,-,C,A,0,,Y,,,Y,,A,01,0,1,0,0,0,0,1,0,0,"- ","- ",,,"SAN DIEGO","SAN DIEGO",-117.15334012,32.766860090000002
8055263,2016,2016-06-08,3711,2016-05-30,1814,5985,,1,5,7,3711,0,0,0,,0,529,"5TH AV","LAUREL ST",0.00,,Y,A,-,N,,,,,,,,,,N,3,0,1,2,A,-,10,21950,A,N,G,B,B,A,H,-,A,A,0,Y,,,,Y,,A,01,0,1,0,0,1,0,0,0,0,"- ","- ",,,"SAN DIEGO","SAN DIEGO",-117.16029002000001,32.731400059999999
8057408,2016,2016-06-20,3711,2016-05-21,1620,7459,,6,5,7,3711,0,0,0,,0,234,"16TH AV","RIOS RD",19.00,S,N,A,-,N,,,,,,,,,,N,2,0,1,2,A,-,08,22107,,M,B,G,A,A,H,-,A,A,0,,Y,,,Y,,A,01,1,0,0,0,0,0,1,0,0,"- ","- ",,,"SAN DIEGO","SAN DIEGO",,
8057446,2016,2016-06-14,3711,2016-06-02,1455,6415,,4,5,7,3711,0,0,0,,0,611,"SPORTS ARENA BL","OLLIE ST",100.00,W,N,A,-,N,,,,,,,,,,N,4,0,1,2,D,-,00,,,M,-,G,A,A,H,-,A,A,0,,Y,,,Y,,-,"- ",0,0,1,0,0,0,1,0,0,"- ","- ",,,"SAN DIEGO","SAN DIEGO",-117.22218989,32.756411810000003
8057448,2016,2016-06-14,3711,2016-06-02,1615,5315,,4,5,7,3711,0,0,0,,0,124,"GILMAN DR","VILLA LA JOLLA DR",15.00,S,N,B,-,N,,,,,,,,,,N,4,0,1,2,A,-,10,21950,,N,-,B,-,A,H,-,A,A,0,Y,,,,Y,,-,,0,0,1,0,1,0,0,0,0,"- ","- ",,,"SAN DIEGO","SAN DIEGO",-117.23621836,32.864120100000001
8057993,2016,2016-07-21,3711,2016-07-09,0659,5718,,6,5,7,3711,0,0,0,,0,242,"10700 CAMINO RUIZ","CAMINO RUIZ",75.00,S,N,B,-,N,,,,,,,,,,N,3,0,1,2,A,-,05,21202,A,N,A,G,A,A,H,-,A,D,0,,Y,,,Y,,L,04,0,1,0,0,0,0,1,0,0,"- ","- ",,,"SAN DIEGO","SAN DIEGO",,
8057997,2016,2016-07-21,3711,2016-07-10,1411,7444,,7,5,7,3711,0,0,0,,0,627,"5TH AV","UPAS ST",42.00,N,N,A,-,N,,,,,,,,,,N,4,0,1,2,A,-,04,21703,,M,C,G,A,A,H,-,A,D,0,,Y,,,Y,,A,01,0,0,1,0,0,0,1,0,0,"- ","- ",,,"SAN DIEGO","SAN DIEGO",-117.16036338000001,32.740915020000003
8059345,2016,2016-06-15,3711,2016-06-05,1740,6986,,7,5,7,3711,0,0,0,,0,234,"BLAZEWOOD WY","BLAZEWOOD PL",0.00,,Y,A,-,N,,,,,,,,,,N,3,0,1,2,A,-,00,8222,,N,D,G,A,A,H,-,A,D,0,,Y,,,Y,,L,04,0,1,0,0,0,0,1,0,0,"- ","- ",,,"SAN DIEGO","SAN DIEGO",-117.08698,33.006630059999999
8061184,2016,2016-07-21,3711,2016-07-11,2250,6961,,1,5,7,3711,0,0,0,,0,517,"F ST","22ND ST",0.00,,Y,A,-,N,,,,,,,,,,N,4,0,1,2,A,-,12,22450,A,N,D,G,A,A,H,-,D,D,0,,Y,,,Y,,L,04,0,0,1,0,0,0,1,0,0,"- ","- ",,,"SAN DIEGO","SAN DIEGO",-117.14403009,32.713710030000001
8064940,2016,2016-06-17,3711,2016-05-27,1537,7288,,5,5,7,3711,0,0,0,,0,722,"SATURN BL","ELM ST",0.00,,Y,A,-,N,,,,,,,,,,N,3,0,1,2,A,-,09,21801,A,N,G,B,B,A,H,-,A,A,0,Y,,,,Y,Y,-,,0,1,0,0,1,0,0,0,0,"- ","- ",,,"SAN DIEGO","SAN DIEGO",-117.09266,32.580620099999997
8064950,2016,2016-06-16,3711,2016-06-06,1310,7399,,1,5,7,3711,0,0,0,,0,712,"BEYER BL","CAMINITO DE LOS NINOS",63.00,W,N,A,-,N,,,,,,,,,,N,4,0,1,2,A,-,11,21956,A,N,A,B,B,A,H,-,A,A,0,Y,,Y,,Y,,C,06,0,0,1,0,1,0,0,0,0,"- ","- ",,,"SAN DIEGO","SAN DIEGO",-117.04676181000001,32.558246189999998
8064969,2016,2016-06-17,3711,2016-05-31,2033,6513,,2,5,7,3711,0,0,0,,0,611,"SPORTS ARENA BL","OLLIE ST",501.00,S,N,B,-,N,,,,,,,,,,N,2,0,1,2,A,-,11,21954,A,N,G,B,D,A,H,-,E,D,0,Y,,,,Y,,N,60,1,0,0,0,1,0,0,0,0,"- ","- ",,,"SAN DIEGO","SAN DIEGO",-117.22061287,32.755445719999997
8064986,2016,2016-06-17,3711,2016-06-03,0825,6418,,5,5,7,3711,0,0,0,,0,124,"CAMINITO BLYTHEFIELD","SOLEDAD MOUNTAIN RD",0.00,,Y,B,-,N,,,,,,,,,,N,3,0,1,2,A,-,10,21950,A,N,G,B,B,A,H,-,A,D,0,Y,,,,Y,,A,01,0,1,0,0,1,0,0,0,0,"- ","- ",,,"SAN DIEGO","SAN DIEGO",-117.24549008,32.831960019999997
8065022,2016,2016-06-17,3711,2016-06-07,1254,7314,,2,5,7,3711,0,0,0,,0,122,"GARNET AV","INGRAHAM ST",10.00,E,N,A,-,N,,,,,,,,,,N,4,0,1,2,A,-,08,22107,,M,G,B,B,A,H,-,A,A,0,Y,,,,Y,,-,,0,0,1,0,1,0,0,0,0,"- ","- ",,,"SAN DIEGO","SAN DIEGO",-117.24080872,32.799767260000003
8068094,2016,2016-06-22,3711,2016-06-11,1557,7323,,6,5,7,3711,0,0,0,,0,831,"UNIVERSITY AV","44TH ST",60.00,E,N,A,-,N,,,,,,,,,,N,3,0,1,2,A,-,21,22106,,N,G,B,F,A,H,-,A,D,0,Y,,,,Y,,A,01,0,1,0,0,1,0,0,0,0,"- ","- ",,,"SAN DIEGO","SAN DIEGO",-117.09961551000001,32.749609999999997
8068102,2016,2016-06-22,3711,2016-06-09,1423,6837,,4,5,7,3711,0,0,0,,0,524,"KETTNER BL","WEST ASH ST",5.00,S,N,B,-,N,,,,,,,,,,N,4,0,1,2,A,-,17,21451,A,N,D,G,A,A,D,-,A,A,0,,Y,,,Y,,-,,0,0,1,0,0,0,1,0,0,"- ","- ",,,"SAN DIEGO","SAN DIEGO",-117.16920987,32.7198463
8068110,2016,2016-06-22,3711,2016-06-04,0737,6995,,6,5,7,3711,0,0,0,,0,811,"ADAMS AV","36TH ST",13.00,W,N,A,-,N,,,,,,,,,,N,3,0,1,2,A,-,09,21801,A,N,D,G,A,A,H,-,A,D,0,,Y,,,Y,,-,,0,1,0,0,0,0,1,0,0,"- ","- ",,,"SAN DIEGO","SAN DIEGO",-117.11522212,32.763328770000001
8069181,2016,2016-06-29,3711,2016-06-15,1850,7489,,3,5,7,3711,0,0,0,,0,122,"MISSION BAY DR",GARNET,157.00,N,N,A,-,N,,,,,,,,,,N,4,0,1,2,A,-,09,21802,A,M,D,G,A,A,H,-,A,D,0,,Y,,,Y,,-,,0,0,1,0,0,0,1,0,0,"- ","- ",,,"SAN DIEGO","SAN DIEGO",-117.21913465,32.806556479999998
8069185,2016,2016-06-28,3711,2016-06-15,1449,7021,,3,5,7,3711,0,0,0,,0,826,"53RD ST","EL CAJON BL",0.00,,Y,A,-,N,,,,,,,,,,N,4,0,2,3,A,-,10,21950,A,M,G,B,B,A,H,-,A,A,0,Y,,,,Y,,-,,0,0,2,0,2,0,0,0,0,"- ","- ",,,"SAN DIEGO","SAN DIEGO",-117.0817301,32.757500039999996
8072107,2016,2016-06-29,3711,2016-06-19,1345,7373,,7,5,7,3711,0,0,0,,0,124,"NEPTUNE PL","PALOMAR AV",0.00,N,N,A,-,N,,,,,,,,,,Y,4,0,2,2,A,-,03,22350,,N,G,B,F,A,H,-,A,D,0,Y,,,,Y,,-,,0,0,2,0,1,0,0,0,0,"- ","- ",,,"SAN DIEGO","SAN DIEGO",-117.2793801,32.826270039999997
8072478,2016,2016-08-02,3711,2016-06-20,1009,7322,,1,5,7,3711,0,0,0,,0,714,"RAIL CT","EAST SAN YSIDRO BL",90.00,E,N,A,-,N,,,,,,,,,,N,3,0,1,2,A,-,11,21955,,N,A,B,D,A,H,-,A,A,0,Y,,,,Y,,-,"- ",0,1,0,0,1,0,0,0,0,"- ","- ",,,"SAN DIEGO","SAN DIEGO",-117.02858191,32.543983009999998
8073270,2016,2016-07-12,3711,2016-06-20,1323,5985,,1,5,7,3711,0,0,0,,0,516,"G ST","32ND ST",0.00,,Y,A,-,N,,,,,,,,,,N,2,0,1,2,A,-,11,21950,B,N,G,B,E,A,H,-,A,D,0,Y,,,Y,Y,,N,60,1,0,0,0,1,0,0,0,0,"- ","- ",,,"SAN DIEGO","SAN DIEGO",-117.12527004,32.712760090000003
8074890,2016,2016-07-06,3711,2016-06-23,0756,6989,WESTE,4,5,7,3711,0,0,0,,0,615,"ROSECRANS ST","HUGO ST",12.00,N,N,A,-,N,,,,,,,,,,N,3,0,1,2,A,-,11,21950,B,N,G,B,B,A,H,-,A,A,0,Y,,,,Y,,N,60,0,1,0,0,1,0,0,0,0,"- ","- ",,,"SAN DIEGO","SAN DIEGO",-117.22787489,32.726205110000002
8074894,2016,2016-08-30,3711,2016-06-24,2315,5813,,5,5,7,3711,0,0,0,,0,,"SPINDRIFT DR","ROSELAND DR",40.00,W,N,A,-,N,,,,,,,,,,N,3,0,1,2,A,-,11,21954,A,M,G,B,D,A,G,H,C,D,0,Y,,,,Y,,N,60,0,1,0,0,1,0,0,0,0,"- ","- ",,,"SAN DIEGO","SAN DIEGO",-117.26081601999999,32.851771139999997
8074916,2016,2016-07-05,3711,2016-06-24,1844,6451,EASTE,5,5,7,3711,0,0,0,,0,312,"ESMERALDAS DR","ESMERALDAS DR 10630",15.00,N,N,A,-,N,,,,,,,,,,N,3,0,1,2,A,-,05,21650,1,N,D,G,A,A,H,-,A,D,0,,Y,,,Y,,L,04,0,1,0,0,0,0,1,0,0,"- ","- ",,,"SAN DIEGO","SAN DIEGO",,
8075745,2016,2016-07-12,3711,2016-06-09,1715,7014,,4,5,7,3711,0,0,0,,0,725,"DEL SOL BL","SURFPOINT WY",0.00,,Y,A,-,N,,,,,,,,,,N,3,0,1,2,B,-,22,,,N,H,G,A,A,H,-,A,D,0,,Y,,,Y,,-,,0,1,0,0,0,0,1,0,0,"- ","- ",,,"SAN DIEGO","SAN DIEGO",-117.02386009999999,32.572860069999997
8079788,2016,2016-07-13,3711,2016-07-04,2255,7434,,1,5,7,3711,0,0,0,,0,122,"WILBUR AV","CASS ST",0.00,,N,A,-,N,,,,,,,,,,N,4,0,1,2,A,-,11,21954,A,N,G,B,D,A,H,-,C,D,0,Y,,,,Y,,N,60,0,0,1,0,1,0,0,0,0,"- ","- ",,,"SAN DIEGO","SAN DIEGO",-117.25409011000001,32.80483006
8081056,2016,2016-09-27,3711,2016-07-15,1645,7073,,5,5,7,3711,0,0,0,,0,,"MIDWAY DR","ROSECRANS ST",0.00,,Y,A,-,N,,,,,,,,,,N,3,0,1,2,A,-,11,21456,B,N,B,G,A,A,H,-,A,A,0,,Y,,,Y,,L,04,0,1,0,0,0,0,1,0,0,"- ","- ",,,"SAN DIEGO","SAN DIEGO",-117.20617000999999,32.749700060000002
8081530,2016,2016-07-11,3711,2016-06-28,1727,6443,,2,5,7,3711,0,0,0,,0,832,"ORANGE AV","CENTRAL AV",0.00,,Y,A,-,N,,,,,,,,,,N,3,0,1,2,A,-,10,21950,A,N,G,B,D,A,H,-,A,D,0,Y,,,,Y,,A,01,0,1,0,0,1,0,0,0,0,"- ","- ",,,"SAN DIEGO","SAN DIEGO",-117.10824006999999,32.753210029999998
8081562,2016,2016-07-26,3711,2016-06-20,1400,6303,,1,5,7,3711,0,0,0,,0,524,BROADWAY,"7TH AV",0.00,,Y,A,-,N,,,,,,,,,,N,4,0,1,2,A,-,05,21650,1,N,D,G,A,A,H,-,A,A,0,,Y,,,Y,,L,04,0,0,1,0,0,0,1,0,0,"- ","- ",,,"SAN DIEGO","SAN DIEGO",-117.15834001,32.715720009999998
8083000,2016,2016-07-15,3711,2016-07-02,1205,4283,,6,5,7,3711,0,0,0,,0,122,"MISSION BL",BAYARD,248.00,W,N,A,-,N,,,,,,,,,,N,3,0,1,3,C,-,18,,,N,B,G,A,A,H,-,A,A,0,,Y,,,Y,,-,"- ",0,1,0,0,0,0,1,0,0,"- ","- ",,,"SAN DIEGO","SAN DIEGO",,
8087288,2016,2016-07-19,3711,2016-06-30,1900,6461,SANDI,4,5,7,3711,0,0,0,,0,122,"GARNET AV",LAMONT,200.00,W,N,A,-,N,,,,,,,,,,N,3,0,1,2,A,-,00,8412,A,N,H,B,E,A,H,-,A,-,0,Y,,,,Y,,N,60,0,1,0,0,1,0,0,0,0,"- ","- ",,,"SAN DIEGO","SAN DIEGO",-117.23594481000001,32.800872470000002
8087341,2016,2016-07-20,3711,2016-07-03,2048,5152,,7,5,7,3711,0,0,0,,0,122,"LAMONT ST","GARNET AV",111.00,N,N,A,-,N,,,,,,,,,,N,3,0,1,2,A,-,00,8409,A,N,D,G,A,A,H,-,C,D,0,,Y,,,Y,,L,04,0,1,0,0,0,0,1,0,0,"- ","- ",,,"SAN DIEGO","SAN DIEGO",-117.23542571,32.801310700000002
8087351,2016,2016-07-20,3711,2016-07-07,1715,5985,,4,5,7,3711,0,0,0,,0,521,"7TH AV","ISLAND AV",0.00,,Y,A,-,N,,,,,,,,,,N,4,0,1,2,A,-,10,21950,A,M,G,B,B,A,H,-,A,A,0,Y,,,,Y,,-,99,0,0,1,0,1,0,0,0,0,"- ","- ",,,"SAN DIEGO","SAN DIEGO",-117.15834009,32.7104401
8087357,2016,2016-07-20,3711,2016-07-07,1902,6532,,4,5,7,3711,0,0,0,,0,627,"5TH AV","WASHINGTON ST",62.00,N,N,A,-,N,,,,,,,,,,N,3,0,1,2,A,-,11,21954,A,N,G,B,D,A,H,-,A,D,0,Y,,,,Y,,N,60,0,1,0,0,1,0,0,0,0,"- ","- ",,,"SAN DIEGO","SAN DIEGO",-117.16092779,32.750148379999999
8087369,2016,2016-07-26,3711,2016-07-08,1530,7018,,5,5,7,3711,0,0,0,,0,315,"CAMINO DEL RIO S","TEXAS ST",1320.00,E,N,A,-,N,,,,,,,,,,N,3,0,1,2,A,-,09,21804,A,N,G,B,C,A,H,-,A,D,0,Y,,,,Y,,A,01,0,1,0,0,1,0,0,0,0,"- ","- ",,,"SAN DIEGO","SAN DIEGO",-117.13660152,32.769593579999999
8087374,2016,2016-07-20,3711,2016-07-09,2134,6994,,6,5,7,3711,0,0,0,,0,451,"BAYVIEW HEIGHTS DR","FEDERAL BL",0.00,,Y,A,-,N,,,,,,,,,,N,3,0,1,2,A,-,"- ",,,N,G,B,E,A,H,-,C,A,0,Y,,,,Y,,N,60,0,1,0,0,1,0,0,0,0,"- ","- ",,,"SAN DIEGO","SAN DIEGO",-117.0814901,32.721560019999998
8087382,2016,2016-07-20,3711,2016-07-09,2143,8861,,6,5,7,3711,0,0,0,,0,614,"EBERS ST","WEST POINT LOMA BL",21.00,S,N,A,-,N,,,,,,,,,,N,3,0,1,2,A,-,10,21950,A,N,G,B,D,A,H,-,C,D,0,Y,,,,Y,,-,,0,1,0,0,1,0,0,0,0,"- ","- ",,,"SAN DIEGO","SAN DIEGO",-117.24004767,32.750527429999998
8087385,2016,2016-07-20,3711,2016-07-09,1654,7438,,6,5,7,3711,0,0,0,,0,523,"5TH AV","5TH AV 300",15.00,E,N,A,-,N,,,,,,,,,,N,3,0,1,2,A,-,05,21650,1,N,B,G,A,A,H,-,A,D,0,,Y,,,Y,,L,04,0,1,0,0,0,0,1,0,0,"- ","- ",,,"SAN DIEGO","SAN DIEGO",-117.16012985,32.708403109999999
8087571,2016,2016-07-25,3711,2016-07-12,2210,4759,,2,5,7,3711,0,0,0,,0,122,"EMERALD ST","CASS ST",48.00,W,N,B,-,N,,,,,,,,,,N,3,0,1,2,A,-,09,21801,A,N,D,G,A,A,H,-,D,D,0,,Y,,,Y,,A,01,0,1,0,0,0,0,1,0,0,"- ","- ",,,"SAN DIEGO","SAN DIEGO",-117.25256057999999,32.799156539999998