CASE_ID,ACCIDENT_YEAR,PROC_DATE,JURIS,COLLISION_DATE,COLLISION_TIME,OFFICER_ID,REPORTING_DISTRICT,DAY_OF_WEEK,CHP_SHIFT,POPULATION,CNTY_CITY_LOC,SPECIAL_COND,BEAT_TYPE,CHP_BEAT_TYPE,CITY_DIVISION_LAPD,CHP_BEAT_CLASS,BEAT_NUMBER,PRIMARY_RD,SECONDARY_RD,DISTANCE,DIRECTION,INTERSECTION,WEATHER_1,WEATHER_2,STATE_HWY_IND,CALTRANS_COUNTY,CALTRANS_DISTRICT,STATE_ROUTE,ROUTE_SUFFIX,POSTMILE_PREFIX,POSTMILE,LOCATION_TYPE,RAMP_INTERSECTION,SIDE_OF_HWY,TOW_AWAY,COLLISION_SEVERITY,NUMBER_KILLED,NUMBER_INJURED,PARTY_COUNT,PRIMARY_COLL_FACTOR,PCF_CODE_OF_VIOL,PCF_VIOL_CATEGORY,PCF_VIOLATION,PCF_VIOL_SUBSECTION,HIT_AND_RUN,TYPE_OF_COLLISION,MVIW,PED_ACTION,ROAD_SURFACE,ROAD_COND_1,ROAD_COND_2,LIGHTING,CONTROL_DEVICE,CHP_ROAD_TYPE,PEDESTRIAN_ACCIDENT,BICYCLE_ACCIDENT,MOTORCYCLE_ACCIDENT,TRUCK_ACCIDENT,NOT_PRIVATE_PROPERTY,ALCOHOL_INVOLVED,STWD_VEHTYPE_AT_FAULT,CHP_VEHTYPE_AT_FAULT,COUNT_SEVERE_INJ,COUNT_VISIBLE_INJ,COUNT_COMPLAINT_PAIN,COUNT_PED_KILLED,COUNT_PED_INJURED,COUNT_BICYCLIST_KILLED,COUNT_BICYCLIST_INJURED,COUNT_MC_KILLED,COUNT_MC_INJURED,PRIMARY_RAMP,SECONDARY_RAMP,LATITUDE,LONGITUDE,COUNTY,CITY,POINT_X,POINT_Y
8087582,2016,2016-07-25,3711,2016-07-13,1040,7490,"SAN D",3,5,7,3711,0,0,0,,0,325,"MISSION GORGE RD","GOLFCREST DR",0.00,,Y,A,-,N,,,,,,,,,,N,4,0,1,2,A,-,17,21451,A,N,G,G,A,A,H,-,A,A,0,,Y,,,Y,,I,11,0,0,1,0,0,0,1,0,0,"- ","- ",,,"SAN DIEGO","SAN DIEGO",-117.04711002000001,32.818090120000001
8087588,2016,2016-10-13,3711,2016-07-09,1459,7192,,6,5,7,3711,0,0,0,,0,524,"7TH AV","C ST",104.00,N,N,A,-,N,,,,,,,,,,N,4,0,1,2,A,-,17,21200,A,N,D,G,A,A,H,-,A,D,0,,Y,,,Y,,L,04,0,0,1,0,0,0,1,0,0,"- ","- ",,,"SAN DIEGO","SAN DIEGO",-117.15833000000001,32.717044899999998
8088887,2015,2016-09-14,3711,2015-12-01,1745,6955,,2,5,7,3711,0,0,0,,0,441,"S36TH ST","OCEAN VIEW BL",400.00,S,N,A,-,N,,,,,,,,,,,4,0,1,2,A,-,02,21654,A,N,A,B,D,A,H,-,D,D,0,Y,,,,Y,,N,60,0,0,1,0,1,0,0,0,0,"- ","- ",,,"SAN DIEGO","SAN DIEGO",-117.11678267000001,32.700164309999998
8090162,2016,2016-08-26,3711,2016-07-18,2038,7238,,1,5,7,3711,0,0,0,,0,614,"BACON ST","NIAGARA AV",2.00,N,N,A,-,N,,,,,,,,,,N,4,0,1,2,A,-,12,22450,,N,D,G,A,A,H,-,C,D,0,,Y,,,Y,,-,,0,0,1,0,0,0,1,0,0,"- ","- ",,,"SAN DIEGO","SAN DIEGO",-117.25175622,32.746044449999999
8090366,2016,2016-07-28,3711,2016-07-16,1845,7032,,6,5,7,3711,0,0,0,,0,826,"UNIVERSITY AV","52ND ST",0.00,,Y,A,-,N,,,,,,,,,,,4,0,1,2,A,-,11,21456,B,N,A,B,B,A,H,-,A,A,0,Y,,,,Y,,N,60,0,0,1,0,1,0,0,0,0,"- ","- ",,,"SAN DIEGO","SAN DIEGO",-117.08359003,32.749100030000001
8090907,2016,2016-07-28,3711,2016-07-15,1918,5958,,5,5,7,3711,0,0,0,,0,242,"GOLD COAST DR","BLACK MOUNTAIN RD",0.00,,Y,A,-,N,,,,,,,,,,N,4,0,1,2,A,-,21,22106,,N,A,G,A,A,H,-,A,A,0,,Y,,,Y,,-,,0,0,1,0,0,0,1,0,0,"- ","- ",,,"SAN DIEGO","SAN DIEGO",-117.12420013000001,32.90536006
8090931,2016,2016-08-15,3711,2016-07-13,1730,7281,"SAN D",3,5,7,3711,0,0,0,,0,529,"4TH AV","ELM ST",15.00,S,N,A,-,N,,,,,,,,,,N,4,0,1,2,A,-,10,21950,A,M,G,B,B,A,H,-,A,A,0,Y,,,,Y,,-,,0,0,1,0,1,0,0,0,0,"- ","- ",,,"SAN DIEGO","SAN DIEGO",-117.16113161,32.724038929999999
8090935,2016,2016-07-27,3711,2016-07-14,1948,6176,,4,5,7,3711,0,0,0,,0,441,"KEELER AV","S 44TH ST",210.00,E,N,A,-,N,,,,,,,,,,N,4,0,1,2,A,-,08,22107,,M,G,B,E,A,H,-,A,D,0,Y,,,,Y,,-,,0,0,1,0,1,0,0,0,0,"- ","- ",,,"SAN DIEGO","SAN DIEGO",-117.09946974,32.69392672
8090955,2016,2016-07-28,3711,2016-07-13,2308,7034,,3,5,7,3711,0,0,0,,0,723,"PICADOR BL","PALM AV",0.00,,N,A,-,N,,,,,,,,,,N,3,0,1,2,A,-,09,21804,A,M,H,B,F,A,H,-,C,D,0,Y,,,,Y,,-,,0,1,0,0,1,0,0,0,0,"- ","- ",,,"SAN DIEGO","SAN DIEGO",-117.06201,32.583770059999999
8091374,2016,2016-07-29,3711,2016-07-19,2230,6784,,2,5,7,3711,0,0,0,,0,517,"25TH ST","B ST",16.00,S,N,A,-,N,,,,,,,,,,N,4,0,1,2,A,-,10,21950,A,N,G,B,C,A,H,-,C,D,0,Y,,,,Y,Y,D,22,0,0,1,0,1,0,0,0,0,"- ","- ",,,"SAN DIEGO","SAN DIEGO",-117.14031882,32.717876179999998
8091486,2016,2016-07-28,3711,2016-02-02,1700,7143,,2,5,7,3711,0,0,0,,0,627,"WEST WASHINGTON ST","DOVE ST",50.00,W,N,-,-,N,,,,,,,,,,N,3,0,1,2,D,-,00,,,M,B,G,A,-,-,-,B,-,0,,Y,,,Y,,-,"- ",0,1,0,0,0,0,1,0,0,"- ","- ",,,"SAN DIEGO","SAN DIEGO",-117.16881209,32.749920000000003
8095411,2016,2016-08-02,3711,2016-07-25,1822,7015,S3,1,5,7,3711,0,0,0,,0,432,"CASTANA ST","EUCLID AV",10.00,E,N,A,-,N,,,,,,,,,,N,3,0,1,2,A,-,10,21950,A,N,G,B,D,A,H,-,A,D,0,Y,,,,Y,Y,-,,0,1,0,0,1,0,0,0,0,"- ","- ",,,"SAN DIEGO","SAN DIEGO",-117.0850377,32.705932109999999
8095552,2016,2016-08-03,3711,2016-07-25,1200,5572,,1,5,7,3711,0,0,0,,0,315,"CAMINO DEL RIO S","CAMINO DEL RIO S 477",130.00,S,N,B,-,N,,,,,,,,,,N,4,0,2,3,A,-,04,21703,,N,G,B,D,A,H,-,A,D,0,Y,,,,Y,,-,,0,0,2,0,2,0,0,0,0,"- ","- ",,,"SAN DIEGO","SAN DIEGO",,
8095557,2016,2016-08-11,3711,2016-07-23,1909,8192,,6,5,7,3711,0,0,0,,0,813,"MADISON AV","30TH ST",0.00,,Y,A,-,N,,,,,,,,,,N,4,0,1,2,A,-,10,21950,A,N,D,B,B,A,H,-,A,A,0,Y,,,,Y,,A,01,0,0,1,0,1,0,0,0,0,"- ","- ",,,"SAN DIEGO","SAN DIEGO",-117.13021010999999,32.761020029999997
8096470,2016,2016-08-29,3711,2016-05-05,0851,7118,,4,5,7,3711,0,0,0,,0,521,"14TH ST","ISLAND AV",100.00,N,N,-,-,N,,,,,,,,,,Y,2,0,1,2,A,-,01,23152,A,N,G,B,F,-,-,-,-,D,0,Y,,,,Y,,-,,1,0,0,0,1,0,0,0,0,"- ","- ",,,"SAN DIEGO","SAN DIEGO",-117.15189506999999,32.710733900000001
8096566,2016,2016-08-11,3711,2016-07-28,0655,4663,,4,5,7,3711,0,0,0,,0,245,"GREEN VALLEY CT","GREEN VALLEY CT 14189",40.00,S,N,A,-,N,,,,,,,,,,N,3,0,2,2,A,-,21,22106,,N,G,B,F,A,H,-,A,D,0,Y,,,,Y,,-,,0,2,0,0,1,0,0,0,0,"- ","- ",,,"SAN DIEGO","SAN DIEGO",,
8096609,2016,2016-08-11,3711,2016-07-27,2116,7270,SD,3,5,7,3711,0,0,0,,0,432,"IMPERIAL AV","EUCLID AV",4.00,E,N,A,-,N,,,,,,,,,,N,4,0,1,2,A,-,08,22107,,N,G,B,B,A,H,-,C,A,0,Y,,,,Y,,-,,0,0,1,0,1,0,0,0,0,"- ","- ",,,"SAN DIEGO","SAN DIEGO",-117.08498869,32.704515350000001
8096610,2016,2016-08-11,3711,2016-07-31,1218,7321,,7,5,7,3711,0,0,0,,0,111,"GENESEE AV","MT ALIFAR DR",350.00,S,N,A,-,N,,,,,,,,,,N,3,0,1,2,A,-,11,21950,B,N,G,B,D,A,H,-,A,D,0,Y,,,,Y,,N,60,0,1,0,0,1,0,0,0,0,"- ","- ",,,"SAN DIEGO","SAN DIEGO",-117.18047618999999,32.816366969999997
8096629,2016,2016-09-27,3711,2016-07-26,2107,6996,,2,5,7,3711,0,0,0,,0,438,"SEA BREEZE DR","LAUDER ST",180.00,N,N,A,-,N,,,,,,,,,,Y,3,0,1,3,A,-,03,22350,,M,B,B,E,A,H,-,D,D,0,Y,,,,Y,,-,,0,1,0,0,1,0,0,0,0,"- ","- ",,,"SAN DIEGO","SAN DIEGO",-117.06215294,32.677398119999999
8097591,2016,2016-08-17,3711,2016-07-22,0316,6513,,5,5,7,3711,0,0,0,,0,231,"POWAY RD","SPRINGHURST DR",452.00,E,N,A,-,N,,,,,,,,,,N,2,0,1,2,A,-,"- ",,A,N,G,B,E,A,H,-,C,D,0,Y,,,,Y,,N,60,1,0,0,0,1,0,0,0,0,"- ","- ",,,"SAN DIEGO","SAN DIEGO",-117.07710256999999,32.947666550000001
8101378,2016,2016-08-18,3711,2016-07-29,1358,7248,,5,5,7,3711,0,0,0,,0,611,"ROSECRANS ST","N EVERGREEN",10.00,S,N,A,-,N,,,,,,,,,,N,3,0,1,2,A,-,11,21456,B,N,G,G,A,A,H,-,A,A,0,,Y,,,Y,,L,04,0,1,0,0,0,0,1,0,0,"- ","- ",,,"SAN DIEGO","SAN DIEGO",-117.20937665,32.747164400000003
8101441,2016,2016-09-07,3711,2016-08-09,0545,7468,,2,5,7,3711,0,0,0,,0,512,"OCEAN VIEW BL","31ST ST",0.00,,Y,B,-,N,,,,,,,,,,,4,0,1,2,A,-,10,21950,A,M,G,B,B,A,H,-,B,D,0,Y,,,,Y,,-,99,0,0,1,0,1,0,0,0,0,"- ","- ",,,"SAN DIEGO","SAN DIEGO",-117.12734011000001,32.701190009999998
8101513,2016,2016-08-17,3711,2016-08-04,1050,5747,,4,5,7,3711,0,0,0,,0,615,"SCOTT ST","CANON ST",1.00,N,N,A,-,N,,,,,,,,,,N,4,0,1,2,A,-,10,21950,A,N,A,B,B,A,H,-,A,D,0,Y,,,,Y,,-,,0,0,1,0,1,0,0,0,0,"- ","- ",,,"SAN DIEGO","SAN DIEGO",-117.23081817000001,32.720892259999999
8104720,2016,2016-09-21,3711,2016-08-13,1500,7417,,6,5,7,3711,0,0,0,,0,451,"54TH FRONTAGE ST","STREAMVIEW DR",140.00,S,N,A,-,N,,,,,,,,,,N,3,0,1,2,A,-,00,83,B,N,G,B,E,A,H,-,A,D,0,Y,,,,Y,,N,60,0,1,0,0,1,0,0,0,0,"- ","- ",,,"SAN DIEGO","SAN DIEGO",-117.07931757,32.742658460000001
8105400,2016,2016-10-11,3711,2016-08-16,1234,7314,,2,5,7,3711,0,0,0,,0,123,"PEREZ COVE WY","INGRAHAM ST",320.00,E,N,A,-,N,,,,,,,,,,N,4,0,1,2,A,-,07,21658,A,N,B,G,A,A,H,-,A,D,0,,Y,,,Y,,-,"- ",0,0,1,0,0,0,1,0,0,"- ","- ",,,"SAN DIEGO","SAN DIEGO",-117.23315766,32.767415210000003
8105412,2016,2016-08-26,3711,2016-08-16,1805,8447,,2,5,7,3711,0,0,0,,0,712,"SMYTHE  AV","BEYER BL",3.00,S,N,A,-,N,,,,,,,,,,N,4,0,1,2,A,-,11,21950,B,N,G,B,B,A,H,-,A,A,0,Y,,,,Y,,N,60,0,0,1,0,1,0,0,0,0,"- ","- ",,,"SAN DIEGO","SAN DIEGO",-117.04943,32.559159999999999
8105427,2016,2016-08-26,3711,2016-08-08,2031,6146,,1,5,7,3711,0,0,0,,0,446,"HOLLY ST","WILLIE JAMES JONES AV",475.00,E,N,A,-,N,,,,,,,,,,N,2,0,1,2,A,-,11,21950,B,F,G,B,D,A,H,-,C,D,0,Y,,,,Y,,N,60,1,0,0,0,1,0,0,0,0,"- ","- ",,,"SAN DIEGO","SAN DIEGO",-117.08673124000001,32.703165849999998
8108833,2016,2016-09-13,3711,2016-08-31,1625,4884,SDPD,3,5,7,3711,0,0,0,,0,242,"MIRA MESA BL","CAMINO RUIZ",528.00,W,N,A,-,N,,,,,,,,,,N,4,0,1,2,A,-,08,22107,,N,B,G,A,A,H,-,A,A,0,,Y,,,Y,,A,07,0,0,1,0,0,0,1,0,0,"- ","- ",,,"SAN DIEGO","SAN DIEGO",-117.14571085,32.912745919999999
8108837,2016,2016-09-13,3711,2016-08-30,1720,7411,,2,5,7,3711,0,0,0,,0,526,"4TH AV","BEECH ST",5.00,S,N,A,-,N,,,,,,,,,,N,4,0,1,2,A,-,08,22107,,N,B,G,A,A,H,-,A,A,0,,Y,,,Y,,-,,0,0,1,0,0,0,1,0,0,"- ","- ",,,"SAN DIEGO","SAN DIEGO",-117.1611596,32.720896310000001
8108841,2016,2016-09-13,3711,2016-08-25,0720,7441,SANDI,4,5,7,3711,0,0,0,,0,524,"E ST","5TH AV",3.00,E,N,A,-,N,,,,,,,,,,N,3,0,1,2,A,-,11,21950,B,N,G,B,E,A,H,-,A,A,0,Y,,,,Y,,N,60,0,1,0,0,1,0,0,0,0,"- ","- ",,,"SAN DIEGO","SAN DIEGO",-117.16015028,32.714660000000002
8108853,2016,2016-09-13,3711,2016-08-31,2012,7044,,3,5,7,3711,0,0,0,,0,625,"PACIFIC HWY","OLD TOWN MTS BUS ENTRANCE",111.00,N,N,A,-,N,,,,,,,,,,N,3,0,1,2,A,-,11,21955,,N,A,B,D,A,H,-,D,A,0,Y,,,,Y,,N,60,0,1,0,0,1,0,0,0,0,"- ","- ",,,"SAN DIEGO","SAN DIEGO",,
8108877,2016,2016-09-13,3711,2016-08-30,1229,7024,,2,5,7,3711,0,0,0,,0,521,"F ST","9TH AV",5.00,W,N,A,-,N,,,,,,,,,,N,4,0,1,2,A,-,11,21456,B,N,G,B,B,A,H,-,A,A,0,Y,,,,Y,,N,60,0,0,1,0,1,0,0,0,0,"- ","- ",,,"SAN DIEGO","SAN DIEGO",-117.1565062,32.713620349999999
8110250,2016,2016-08-31,3711,2016-08-19,2050,6146,,5,5,7,3711,0,0,0,,0,833,"DWIGHT ST","HIGHLAND AV",53.00,E,N,A,-,N,,,,,,,,,,N,2,0,2,2,A,-,11,21954,A,N,G,B,D,A,H,-,C,D,0,Y,,,,Y,,N,60,1,0,1,0,1,0,0,0,0,"- ","- ",,,"SAN DIEGO","SAN DIEGO",-117.09859822,32.743989999999997
8110885,2016,2016-08-30,3711,2016-08-11,1301,6032,,4,5,7,3711,0,0,0,,0,124,"EADS AV","PEARL ST",3.00,S,N,A,-,N,,,,,,,,,,N,4,0,1,2,A,-,10,21950,A,N,D,B,B,A,H,-,A,A,0,Y,,,,Y,,-,,0,0,1,0,1,0,0,0,0,"- ","- ",,,"SAN DIEGO","SAN DIEGO",-117.27490738,32.83994208
8110912,2016,2016-08-29,3711,2016-08-17,1758,7044,,3,5,7,3711,0,0,0,,0,627,"WASHINGTON ST","9TH AV",300.00,E,N,A,-,N,,,,,,,,,,N,3,0,1,2,A,-,08,22107,,N,B,G,A,A,H,-,A,D,0,,Y,,,Y,,-,,0,1,0,0,0,0,1,0,0,"- ","- ",,,"SAN DIEGO","SAN DIEGO",-117.15542201,32.750407529999997
8110924,2016,2016-08-30,3711,2016-08-21,1718,6176,,7,5,7,3711,0,0,0,,0,,"SOUTH 43RD ST","ETA ST",0.00,,Y,A,-,N,,,,,,,,,,N,3,0,1,2,A,-,08,22107,,M,B,B,E,A,H,-,A,D,0,Y,,,,Y,,-,,0,1,0,0,1,0,0,0,0,"- ","- ",,,"SAN DIEGO","SAN DIEGO",-117.10199009999999,32.68670006
8110949,2016,2016-08-30,3711,2016-08-16,0855,7367,,2,5,7,3711,0,0,0,,0,437,"PARADISE VALLEY RD","PARADISE VALLEY RD 7700",25.00,N,N,A,-,N,,,,,,,,,,N,3,0,1,2,A,-,10,21950,A,N,A,B,B,A,H,-,A,A,0,Y,,,,Y,,-,,0,1,0,0,1,0,0,0,0,"- ","- ",,,"SAN DIEGO","SAN DIEGO",,
8110952,2016,2016-08-30,3711,2016-08-20,1643,8192,,6,5,7,3711,0,0,0,,0,831,"EL CAJON BL","MENLO AV",5.00,E,N,A,-,N,,,,,,,,,,N,4,0,1,2,A,-,10,21950,A,N,A,B,B,A,H,-,A,A,0,Y,,,,Y,,A,01,0,0,1,0,1,0,0,0,0,"- ","- ",,,"SAN DIEGO","SAN DIEGO",-117.09432404,32.755752389999998
8110955,2016,2016-08-30,3711,2016-08-12,2200,7119,,5,5,7,3711,0,0,0,,0,512,"28TH ST","IMPERIAL AV",3.00,W,N,A,-,N,,,,,,,,,,N,3,0,1,2,A,-,11,21950,B,N,G,B,B,A,H,-,C,A,0,Y,,,,Y,,N,60,0,1,0,0,1,0,0,0,0,"- ","- ",,,"SAN DIEGO","SAN DIEGO",-117.13391,32.706380000000003
8112026,2016,2016-08-31,3711,2016-08-17,1622,HB5219,,3,5,7,3711,0,0,0,,0,504,"PARK BL","PARK BL  1",0.00,,N,A,-,N,,,,,,,,,,N,4,0,1,4,A,-,21,22106,,N,G,B,E,A,H,-,A,D,0,Y,,,,Y,Y,-,,0,0,1,0,1,0,0,0,0,"- ","- ",,,"SAN DIEGO","SAN DIEGO",-117.15951382999999,32.704284180000002
8115087,2016,2016-11-03,3711,2016-08-16,1733,7266,,2,5,7,3711,0,0,0,,0,624,"WASHINGTON ST","LINCOLN AV",100.00,W,N,A,-,N,,,,,,,,,,N,4,0,1,2,A,-,11,21954,A,N,G,B,D,A,H,-,A,A,0,Y,,,,Y,,N,60,0,0,1,0,1,0,0,0,0,"- ","- ",,,"SAN DIEGO","SAN DIEGO",-117.15074146000001,32.751640459999997
8122149,2016,2016-11-14,3711,2016-08-24,2117,7066,,3,5,7,3711,0,0,0,,0,432,"EUCLID AV","IMPERIAL AV",0.00,,Y,A,-,N,,,,,,,,,,N,3,0,1,2,A,-,11,21456,B,M,G,B,B,A,H,-,C,A,0,Y,,,,Y,,N,60,0,1,0,0,1,0,0,0,0,"- ","- ",,,"SAN DIEGO","SAN DIEGO",-117.08500002,32.704510059999997
8122151,2016,2016-09-15,3711,2016-08-31,1840,6698,,3,5,7,3711,0,0,0,,0,841,"ALAMO DR","UNIVERSITY AV",18.00,S,N,A,-,N,,,,,,,,,,N,4,0,1,2,A,-,11,21950,B,N,G,B,D,A,H,-,A,A,0,Y,,,,Y,,N,60,0,0,1,0,1,0,0,0,0,"- ","- ",,,"SAN DIEGO","SAN DIEGO",-117.05396,32.755330000000001
8122296,2016,2016-09-14,3711,2016-09-03,0229,7428,SDPD,6,5,7,3711,0,0,0,,0,122,"GRAND AV","INGRAHAM ST",0.00,,Y,A,-,N,,,,,,,,,,N,2,0,1,2,A,-,11,21953,,N,G,B,B,A,H,-,C,A,0,Y,,Y,,Y,Y,N,60,1,0,0,0,1,0,0,0,0,"- ","- ",,,"SAN DIEGO","SAN DIEGO",-117.24028,32.797930030000003
8122326,2016,2017-01-21,3711,2016-08-31,1737,6999,SD,3,5,7,3711,0,0,0,,0,936,"CAMINO DEL SUR","RT 56",0.00,,Y,A,-,Y,SD,11,56,-,-,5.892,R,4,E,N,3,0,1,2,A,-,10,21950,A,N,-,G,A,A,H,-,A,-,0,,Y,,,Y,,-,,0,1,0,0,0,0,1,0,0,"- ","- ",,,"SAN DIEGO","SAN DIEGO",-117.15604227999999,32.960526880000003
8122349,2016,2016-09-15,3711,2016-08-31,2151,6389,,3,5,7,3711,0,0,0,,0,529,"HAWTHORN ST","HAWTHORN ST  100",8.00,N,N,A,-,N,,,,,,,,,,N,3,0,1,2,A,-,10,21950,A,N,G,B,B,A,G,-,C,-,0,Y,,,,Y,,-,,0,1,0,0,1,0,0,0,0,"- ","- ",,,"SAN DIEGO","SAN DIEGO",,
8123464,2016,2016-09-19,3711,2016-09-01,0014,5600,,4,5,7,3711,0,0,0,,0,327,"MONTEZUMA RD","CAMPUS DR",74.00,E,N,A,-,N,,,,,,,,,,Y,3,0,1,2,A,-,11,21950,B,N,G,B,E,A,H,-,C,A,0,Y,,,,Y,,N,60,0,1,0,0,1,0,0,0,0,"- ","- ",,,"SAN DIEGO","SAN DIEGO",-117.06700015,32.770714529999999
8124981,2016,2016-09-21,3711,2016-09-09,2240,4576,,5,5,7,3711,0,0,0,,0,313,"SHAWLINE ST","CLAIREMONT MESA BL",128.00,N,N,A,-,N,,,,,,,,,,N,4,0,1,2,A,-,09,21804,A,M,D,G,A,A,H,-,C,D,0,,Y,,,Y,Y,-,99,0,0,1,0,0,0,1,0,0,"- ","- ",,,"SAN DIEGO","SAN DIEGO",-117.16383521,32.833000609999999
8125026,2016,2016-09-21,3711,2016-09-08,0844,7158,SANDI,4,5,7,3711,0,0,0,,0,442,"36TH ST","NATIONAL AV",0.00,,Y,B,-,N,,,,,,,,,,N,3,0,1,2,A,-,10,21950,A,N,G,B,B,A,H,-,A,A,0,Y,,,,Y,,-,,0,1,0,0,1,0,0,0,0,"- ","- ",,,"SAN DIEGO","SAN DIEGO",-117.1167501,32.696010110000003
8125030,2016,2016-09-21,3711,2016-09-08,1425,7417,,4,5,7,3711,0,0,0,,0,443,"ETA ST","S 40TH ST",25.00,E,N,A,-,N,,,,,,,,,,N,4,0,3,4,A,-,21,22106,,M,A,B,E,A,H,-,A,D,0,Y,,,,Y,Y,-,,0,0,3,0,3,0,0,0,0,"- ","- ",,,"SAN DIEGO","SAN DIEGO",-117.10793903,32.686640769999997
8126529,2016,2017-02-18,3711,2016-09-03,0009,8861,,6,5,7,3711,0,0,0,,0,613,"SPORTS ARENA BL","RT 8",330.00,S,N,A,-,Y,SD,11,8,-,L,1.234,R,4,E,N,3,0,1,2,A,-,08,22107,,N,H,G,A,A,H,-,C,D,0,,Y,,,Y,,L,04,0,1,0,0,0,0,1,0,0,"- ",WF,,,"SAN DIEGO","SAN DIEGO",-117.22324123999999,32.756900379999998
8129073,2016,2016-09-26,3711,2016-09-13,1415,6542,,2,5,7,3711,0,0,0,,0,437,"CASEY ST",ATTLEBOROUGH,150.00,S,N,A,-,N,,,,,,,,,,N,3,0,1,2,A,-,11,21954,A,N,G,B,D,A,-,-,A,D,0,Y,,,,Y,Y,N,60,0,1,0,0,1,0,0,0,0,"- ","- ",,,"SAN DIEGO","SAN DIEGO",-117.03863353,32.68093081
8129288,2016,2016-09-30,3711,2016-09-13,2015,7118,,2,5,7,3711,0,0,0,,0,522,"MARKET ST","3RD AV",0.00,,N,A,-,N,,,,,,,,,,N,3,0,1,2,A,-,10,21950,A,N,G,B,B,A,H,-,C,A,0,Y,,,,Y,,-,,0,1,0,0,1,0,0,0,0,"- ","- ",,,"SAN DIEGO","SAN DIEGO",-117.16199009,32.711480119999997
8129311,2016,2016-09-28,3711,2016-09-14,0923,5985,,3,5,7,3711,0,0,0,,0,518,"GRANADA AV","DATE ST",0.00,,Y,A,-,N,,,,,,,,,,N,3,0,1,2,A,-,09,21802,A,N,H,G,A,A,H,-,A,A,0,,Y,,,Y,,D,22,0,1,0,0,0,0,1,0,0,"- ","- ",,,"SAN DIEGO","SAN DIEGO",-117.13294008,32.723420089999998
8131216,2016,2016-10-03,3711,2016-09-07,1251,7435,,3,5,7,3711,0,0,0,,0,122,"CASS ST","GRAND AV",0.00,,Y,A,-,N,,,,,,,,,,N,4,0,1,2,A,-,09,21801,A,N,D,G,A,A,H,-,A,A,0,,Y,,,Y,,A,01,0,0,1,0,0,0,1,0,0,"- ","- ",,,"SAN DIEGO","SAN DIEGO",-117.25126002,32.795530079999999
8131224,2016,2016-10-03,3711,2016-09-08,1810,4884,SDPD,4,5,7,3711,0,0,0,,0,Z33,"RANCHO PENASQUITOS BL","RANCHO PENA SQUITOS BL 13050",20.00,N,N,A,-,N,,,,,,,,,,N,4,0,1,2,A,-,11,21950,B,N,D,B,B,A,H,-,A,A,0,Y,,,,Y,,N,60,0,0,1,0,1,0,0,0,0,"- ","- ",,,"SAN DIEGO","SAN DIEGO",,
8131231,2016,2016-09-28,3711,2016-09-15,0710,6146,,4,5,7,3711,0,0,0,,0,242,"REAGAN RD","BARON LN",22.00,N,N,A,-,N,,,,,,,,,,N,4,0,1,2,A,-,10,21950,A,N,G,B,D,A,H,-,A,D,0,Y,,,,Y,,A,08,0,0,1,0,1,0,0,0,0,"- ","- ",,,"SAN DIEGO","SAN DIEGO",-117.13968727,32.909618299999998
8132323,2016,2016-10-04,3711,2016-09-24,1715,4759,"SAN D",6,5,7,3711,0,0,0,,0,122,"GRAND AV","CULVER ST",15.00,W,N,A,-,N,,,,,,,,,,N,3,0,1,2,A,-,10,21950,A,M,B,B,B,A,H,-,A,A,0,Y,,,,Y,,-,,0,1,0,0,1,0,0,0,0,"- ","- ",,,"SAN DIEGO","SAN DIEGO",-117.22567694,32.801139169999999
8132343,2016,2016-10-04,3711,2016-09-24,1910,6646,"SAN D",6,5,7,3711,0,0,0,,0,826,"52ND ST","EL CAJON BL",500.00,S,N,A,-,N,,,,,,,,,,N,3,0,1,2,A,-,08,22107,,M,G,B,F,A,H,-,C,D,0,Y,,,,Y,,-,,0,1,0,0,1,0,0,0,0,"- ","- ",,,"SAN DIEGO","SAN DIEGO",-117.08361311,32.75587058
8132351,2016,2016-10-04,3711,2016-09-23,1750,7161,,5,5,7,3711,0,0,0,,0,723,"KOSTNER DR","PALM AV",6.00,S,N,A,-,N,,,,,,,,,,,3,0,1,2,A,-,05,21650,1,N,G,G,A,A,H,-,B,A,0,,Y,,,Y,,-,"- ",0,1,0,0,0,0,1,0,0,"- ","- ",,,"SAN DIEGO","SAN DIEGO",-117.04167137,32.583703610000001
8134676,2016,2016-10-04,3711,2016-08-05,1642,HB5823,,5,5,7,3711,0,0,0,,0,504,"HARBOR DR","SIGSBEE ST",0.00,,Y,A,-,N,,,,,,,,,,N,3,0,1,2,A,-,05,21202,A,N,H,G,A,A,H,-,A,D,0,,,,,Y,,-,,0,1,0,0,0,0,0,0,0,"- ","- ",,,"SAN DIEGO","SAN DIEGO",-117.1508,32.700470009999997
8135556,2016,2016-10-06,3711,2016-09-21,1224,7162,,3,5,7,3711,0,0,0,,0,442,"ALPHA ST","40TH ST",0.00,,Y,A,-,N,,,,,,,,,,N,3,0,3,4,A,-,10,21950,A,N,G,B,B,A,H,-,A,A,0,Y,,,,Y,,-,,0,1,2,0,3,0,0,0,0,"- ","- ",,,"SAN DIEGO","SAN DIEGO",-117.10812007,32.692340110000004