CASE_ID,ACCIDENT_YEAR,PROC_DATE,JURIS,COLLISION_DATE,COLLISION_TIME,OFFICER_ID,REPORTING_DISTRICT,DAY_OF_WEEK,CHP_SHIFT,POPULATION,CNTY_CITY_LOC,SPECIAL_COND,BEAT_TYPE,CHP_BEAT_TYPE,CITY_DIVISION_LAPD,CHP_BEAT_CLASS,BEAT_NUMBER,PRIMARY_RD,SECONDARY_RD,DISTANCE,DIRECTION,INTERSECTION,WEATHER_1,WEATHER_2,STATE_HWY_IND,CALTRANS_COUNTY,CALTRANS_DISTRICT,STATE_ROUTE,ROUTE_SUFFIX,POSTMILE_PREFIX,POSTMILE,LOCATION_TYPE,RAMP_INTERSECTION,SIDE_OF_HWY,TOW_AWAY,COLLISION_SEVERITY,NUMBER_KILLED,NUMBER_INJURED,PARTY_COUNT,PRIMARY_COLL_FACTOR,PCF_CODE_OF_VIOL,PCF_VIOL_CATEGORY,PCF_VIOLATION,PCF_VIOL_SUBSECTION,HIT_AND_RUN,TYPE_OF_COLLISION,MVIW,PED_ACTION,ROAD_SURFACE,ROAD_COND_1,ROAD_COND_2,LIGHTING,CONTROL_DEVICE,CHP_ROAD_TYPE,PEDESTRIAN_ACCIDENT,BICYCLE_ACCIDENT,MOTORCYCLE_ACCIDENT,TRUCK_ACCIDENT,NOT_PRIVATE_PROPERTY,ALCOHOL_INVOLVED,STWD_VEHTYPE_AT_FAULT,CHP_VEHTYPE_AT_FAULT,COUNT_SEVERE_INJ,COUNT_VISIBLE_INJ,COUNT_COMPLAINT_PAIN,COUNT_PED_KILLED,COUNT_PED_INJURED,COUNT_BICYCLIST_KILLED,COUNT_BICYCLIST_INJURED,COUNT_MC_KILLED,COUNT_MC_INJURED,PRIMARY_RAMP,SECONDARY_RAMP,LATITUDE,LONGITUDE,COUNTY,CITY,POINT_X,POINT_Y
8138535,2016,2016-10-13,3711,2016-09-28,1035,7040,,3,5,7,3711,0,0,0,,0,825,"EDGEWARE RD","ADAMS AV",150.00,S,N,A,-,N,,,,,,,,,,N,3,0,1,2,A,-,21,22106,,N,G,B,D,A,H,-,A,D,0,Y,,,,Y,,-,,0,1,0,0,1,0,0,0,0,"- ","- ",,,"SAN DIEGO","SAN DIEGO",-117.10530934000001,32.762829199999999
8139702,2016,2016-10-06,3711,2016-09-28,1646,6412,,3,5,7,3711,0,0,0,,0,831,"POLK AV","44TH ST",174.00,E,N,A,-,N,,,,,,,,,,N,4,0,1,2,A,-,09,21804,A,N,D,G,A,A,H,-,A,-,0,,Y,,,Y,,L,04,0,0,1,0,0,0,1,0,0,"- ","- ",,,"SAN DIEGO","SAN DIEGO",-117.09923601,32.751404829999998
8141768,2016,2016-12-07,3711,2016-09-30,1930,7202,,5,5,7,3711,0,0,0,,0,433,IMPERIAL,"65TH ST",0.00,,Y,-,-,N,,,,,,,,,,N,4,0,1,2,A,-,10,21950,A,N,G,B,B,A,-,-,-,A,0,Y,,,,Y,Y,-,,0,0,1,0,1,0,0,0,0,"- ","- ",,,"SAN DIEGO","SAN DIEGO",-117.05802008000001,32.710550019999999
8141795,2016,2016-10-13,3711,2016-09-29,0445,6350,,4,5,7,3711,0,0,0,,0,522,"HARBOR DR","5TH AV",0.00,,Y,A,-,N,,,,,,,,,,N,3,0,1,2,A,-,11,21456,B,N,G,B,B,A,H,-,C,A,0,Y,,,,Y,,N,60,0,1,0,0,1,0,0,0,0,"- ","- ",,,"SAN DIEGO","SAN DIEGO",-117.16058004999999,32.706850119999999
8141831,2016,2017-02-06,3711,2016-09-29,0521,6398,,4,5,7,3711,0,0,0,,0,446,"IMPERIAL AV","47TH ST",80.00,E,N,A,-,N,,,,,,,,,,N,4,0,1,2,A,-,11,21955,,M,G,B,D,A,H,-,C,D,0,Y,,,,Y,Y,N,60,0,0,1,0,1,0,0,0,0,"- ","- ",,,"SAN DIEGO","SAN DIEGO",-117.09344082,32.704149999999998
8141948,2016,2016-10-13,3711,2016-10-03,1915,6961,,1,5,7,3711,0,0,0,,0,512,"SOUTH 32ND ST","OCEANVIEW BL",0.00,,Y,A,-,N,,,,,,,,,,N,3,0,1,2,A,-,11,21456,B,N,G,B,B,A,H,-,D,A,0,Y,,,,Y,,N,60,0,1,0,0,1,0,0,0,0,"- ","- ",,,"SAN DIEGO","SAN DIEGO",-117.12519012,32.70119004
8141968,2016,2016-10-13,3711,2016-10-01,1716,4759,SANDI,6,5,7,3711,0,0,0,,0,122,"CHALCEDONY ST","MISSION BL",3.00,W,N,-,-,N,,,,,,,,,,N,3,0,1,2,A,-,11,21950,B,N,D,G,A,-,-,-,-,D,0,,Y,,,Y,Y,-,"- ",0,1,0,0,0,0,1,0,0,"- ","- ",,,"SAN DIEGO","SAN DIEGO",-117.25692939,32.801197850000001
8141971,2016,2016-10-12,3711,2016-10-01,1520,7033,NORTH,6,5,7,3711,0,0,0,,0,313,"BALBOA AV","GERALD GRIFFIN DR",162.00,W,N,-,-,N,,,,,,,,,,N,4,0,1,2,A,-,05,21650,1,N,D,G,A,-,-,-,-,D,0,,Y,,,Y,,-,"- ",0,0,1,0,0,0,1,0,0,"- ","- ",,,"SAN DIEGO","SAN DIEGO",-117.15911239,32.821800830000001
8141980,2016,2016-10-13,3711,2016-10-01,1622,4759,SANDI,6,5,7,3711,0,0,0,,0,122,"THOMAS AV","BAYARD ST",3.00,E,N,A,-,N,,,,,,,,,,N,4,0,1,2,A,-,05,21650,1,N,D,G,A,A,H,-,A,D,0,,Y,,,Y,,L,04,0,0,1,0,0,0,1,0,0,"- ","- ",,,"SAN DIEGO","SAN DIEGO",-117.25272067,32.794042320000003
8143263,2016,2016-11-02,3711,2016-10-13,0949,6841,,4,5,7,3711,0,0,0,,0,122,"STRAND WY","STRAND WY 4100",0.00,,-,A,-,N,,,,,,,,,,N,3,0,1,2,A,-,11,21950,B,N,G,B,D,A,H,-,A,D,0,Y,,,,Y,,N,60,0,1,0,0,1,0,0,0,0,"- ","- ",,,"SAN DIEGO","SAN DIEGO",-117.1700424,32.675600629999998
8144338,2016,2016-12-03,3711,2016-07-01,2104,7386,,5,5,7,3711,0,0,0,,0,521,"17TH ST","MARKET ST",6.00,N,N,A,-,N,,,,,,,,,,N,3,0,1,2,A,-,10,21950,A,N,G,B,D,A,H,-,C,A,0,Y,,,,Y,,-,"- ",0,1,0,0,1,0,0,0,0,"- ","- ",,,"SAN DIEGO","SAN DIEGO",-117.1485503,32.711556430000002
8144987,2016,2016-12-27,3711,2016-12-03,1600,711,,6,5,7,3711,0,0,0,,0,,"KETTNER BL","CEDAR ST",0.00,,Y,A,-,N,,,,,,,,,,N,4,0,1,2,A,-,08,22107,,N,B,B,B,A,H,-,A,D,0,Y,,,,Y,,A,01,0,0,1,0,1,0,0,0,0,"- ","- ",,,"SAN DIEGO","SAN DIEGO",-117.16919008000001,32.721940099999998
8146536,2016,2016-10-31,3711,2016-09-10,0930,6252,,6,5,7,3711,0,0,0,,0,822,"UNIVERSITY AV","60TH ST",135.00,W,N,A,-,N,,,,,,,,,,N,2,0,1,2,A,-,11,21954,A,N,G,B,E,A,H,-,A,D,0,Y,,,,Y,,N,60,1,0,0,0,1,0,0,0,0,"- ","- ",,,"SAN DIEGO","SAN DIEGO",-117.06730129,32.75220496
8146663,2016,2016-10-19,3711,2016-10-08,1830,7360,,6,5,7,3711,0,0,0,,0,316,"FRIARS RD","FRIARS RD 9449",0.00,,Y,A,-,N,,,,,,,,,,N,3,0,2,3,A,-,21,22106,,N,B,B,F,A,H,-,A,D,0,Y,,,,Y,Y,A,01,0,2,0,0,2,0,0,0,0,"- ","- ",32.780700000000003,-117.1206,"SAN DIEGO","SAN DIEGO",-117.12088287,32.786512369999997
8146674,2016,2016-10-19,3711,2016-10-04,2030,7463,,2,5,7,3711,0,0,0,,0,242,"MIRA MESA BL","MIRA MESA BL 9400",0.00,,Y,A,-,N,,,,,,,,,,N,4,0,1,2,A,-,03,22350,,N,G,B,D,A,H,-,C,-,0,Y,,,,Y,,A,01,0,0,1,0,1,0,0,0,0,"- ","- ",,,"SAN DIEGO","SAN DIEGO",-117.1227318,32.917255400000002
8146690,2016,2016-10-19,3711,2016-10-05,1634,6044,,3,5,7,3711,0,0,0,,0,121,"MISSION BL","SAN LUIS OBISPO",10.00,N,N,A,-,N,,,,,,,,,,N,4,0,2,3,A,-,10,21950,A,N,G,B,B,A,H,-,A,A,0,Y,,,,Y,,-,,0,0,2,0,2,0,0,0,0,"- ","- ",,,"SAN DIEGO","SAN DIEGO",-117.25243698,32.776266749999998
8146705,2016,2016-10-18,3711,2016-10-07,2220,6391,,5,5,7,3711,0,0,0,,0,242,"COVINA PL","COVINA PL 10200",0.00,,Y,A,-,N,,,,,,,,,,N,4,0,1,2,A,-,03,22350,,N,G,B,E,A,H,-,C,-,0,Y,,,,Y,,-,,0,0,1,0,1,0,0,0,0,"- ","- ",,,"SAN DIEGO","SAN DIEGO",-117.13779995,32.904330020000003
8146714,2016,2016-10-19,3711,2016-10-08,1842,7111,SD,6,5,7,3711,0,0,0,,0,516,"MARKET ST","30TH ST",0.00,,Y,A,-,N,,,,,,,,,,N,3,0,2,3,A,-,11,21456,B,N,A,B,B,A,H,-,C,A,0,Y,,,,Y,,N,60,0,2,0,0,2,0,0,0,0,"- ","- ",,,"SAN DIEGO","SAN DIEGO",-117.1302001,32.711650050000003
8151863,2016,2016-10-26,3711,2016-10-16,0211,7435,,7,5,7,3711,0,0,0,,0,122,"GARNET AV","FANUEL ST",0.00,,Y,B,-,N,,,,,,,,,,N,4,0,1,2,A,-,11,21456,B,N,A,B,B,A,H,-,C,A,0,Y,,,,Y,Y,N,60,0,0,1,0,1,0,0,0,0,"- ","- ",,,"SAN DIEGO","SAN DIEGO",-117.24635001999999,32.798530049999997
8151864,2016,2016-12-28,3711,2016-10-11,1233,7419,CENTA,2,5,7,3711,0,0,0,,0,522,"2ND AV","G ST",0.00,,Y,A,-,N,,,,,,,,,,,4,0,1,2,A,-,11,21955,,N,A,B,D,A,H,-,A,A,0,Y,,,,Y,,N,60,0,0,1,0,1,0,0,0,0,"- ","- ",,,"SAN DIEGO","SAN DIEGO",-117.16289008,32.712570030000002
8151871,2016,2016-10-26,3711,2016-10-14,2126,64558,,5,5,7,3711,0,0,0,,0,523,"L ST","5TH AV",68.00,E,N,A,-,N,,,,,,,,,,N,4,0,1,2,A,-,08,22107,,N,A,G,A,A,H,-,C,A,0,,Y,,,Y,Y,-,,0,0,1,0,0,0,1,0,0,"- ","- ",,,"SAN DIEGO","SAN DIEGO",-117.15998983999999,32.707277339999997
8151875,2016,2017-03-04,3711,2016-10-15,2235,6192,,6,5,7,3711,0,0,0,,0,241,"RT 15","MIRA MESA BL",0.00,,Y,A,-,Y,SD,11,15,-,M,15.683,R,1,S,N,4,0,1,2,A,-,09,21453,B,N,D,G,A,A,H,-,E,A,0,,Y,,,Y,,-,,0,0,1,0,0,0,1,0,0,NF,"- ",,,"SAN DIEGO","SAN DIEGO",-117.11657083,32.913451979999998
8151901,2016,2016-10-26,3711,2016-10-12,0845,7040,,3,5,7,3711,0,0,0,,0,841,"UNIVERSITY AV","COLLEGE AV",30.00,E,N,A,-,N,,,,,,,,,,N,4,0,1,2,A,-,09,21804,A,N,D,G,A,A,H,-,A,D,0,,Y,,,Y,,-,,0,0,1,0,0,0,1,0,0,"- ","- ",,,"SAN DIEGO","SAN DIEGO",-117.06438847,32.752887739999998
8151920,2016,2016-10-31,3711,2016-10-17,0433,5968,,1,5,7,3711,0,0,0,,0,826,"EL CAJON BL","49TH ST",0.00,,Y,B,-,N,,,,,,,,,,,4,0,1,2,A,-,05,21202,A,N,C,G,A,A,H,-,C,A,0,,Y,,,Y,,L,04,0,0,1,0,0,0,1,0,0,"- ","- ",,,"SAN DIEGO","SAN DIEGO",-117.08898005,32.756490100000001
8151941,2016,2016-12-02,3711,2016-10-06,1838,7258,,4,5,7,3711,0,0,0,,0,437,"PARADISE VALLEY RD","DEEP DELL RD",0.00,,Y,A,-,N,,,,,,,,,,N,4,0,1,2,A,-,05,21202,A,N,-,G,A,A,H,-,C,A,0,,Y,,,Y,,L,04,0,0,1,0,0,0,1,0,0,"- ","- ",,,"SAN DIEGO","SAN DIEGO",-117.02935013,32.695420050000003
8151946,2016,2016-10-27,3711,2016-10-18,1800,7545,,2,5,7,3711,0,0,0,,0,832,"EL CAJON BL","MARLBOROUGH AV",0.00,,Y,A,-,N,,,,,,,,,,N,4,0,1,2,A,-,00,20002,,M,G,B,D,A,H,-,B,A,0,Y,,,,Y,Y,-,,0,0,1,0,1,0,0,0,0,"- ","- ",,,"SAN DIEGO","SAN DIEGO",-117.10615012,32.755220049999998
8151948,2016,2016-10-28,3711,2016-09-29,2000,7290,SANDI,4,5,7,3711,0,0,0,,0,326,"MONTEZUMA RD","MONTEZUMA RD 6100",0.00,,N,A,-,N,,,,,,,,,,N,4,0,1,2,A,-,10,21950,,M,G,B,B,A,H,-,C,A,0,Y,,,,Y,,A,01,0,0,1,0,1,0,0,0,0,"- ","- ",,,"SAN DIEGO","SAN DIEGO",-117.06910104000001,32.77071677
8151954,2016,2016-12-02,3711,2016-10-14,1426,7266,,5,5,7,3711,0,0,0,,0,627,"BACHMAN PL","LEWIS ST",5.00,N,N,A,-,N,,,,,,,,,,N,3,0,1,2,A,-,08,22107,,N,G,B,B,A,H,-,A,D,0,Y,,,,Y,,N,60,0,1,0,0,1,0,0,0,0,"- ","- ",,,"SAN DIEGO","SAN DIEGO",-117.16321042,32.751873689999996
8151960,2016,2016-10-28,3711,2016-09-11,0012,7064,SANDI,7,5,7,3711,0,0,0,,0,S23,"J ST","5TH AV",12.00,W,N,A,-,N,,,,,,,,,,N,4,0,1,2,A,-,"- ",,,N,G,B,B,A,H,-,C,D,0,Y,,,,Y,,N,60,0,0,1,0,1,0,0,0,0,"- ","- ",,,"SAN DIEGO","SAN DIEGO",-117.16015888,32.70937
8151961,2016,2016-10-27,3711,2016-10-10,1245,7527,,1,5,7,3711,0,0,0,,0,122,"RIVIERA DR",ROOSEVELT,45.00,N,N,A,-,N,,,,,,,,,,N,2,0,1,1,A,-,03,22350,,N,H,G,A,A,H,-,A,-,0,,Y,,,Y,,L,04,1,0,0,0,0,0,1,0,0,"- ","- ",,,"SAN DIEGO","SAN DIEGO",-117.24079745,32.790039159999999
8151966,2016,2016-10-28,3711,2016-10-18,1725,7247,,2,5,7,3711,0,0,0,,0,311,"MURPHY CANYON RD","STONECREST BL",528.00,N,N,A,-,N,,,,,,,,,,N,4,0,1,2,A,-,08,22107,,N,D,G,A,A,H,-,A,D,0,,Y,,,Y,,A,01,0,0,1,0,0,0,1,0,0,"- ","- ",,,"SAN DIEGO","SAN DIEGO",-117.11417837,32.805779649999998
8151973,2016,2016-10-27,3711,2016-10-10,1753,6327,SDPD,1,5,7,3711,0,0,0,,0,931,"SORRENTO VALLEY RD","SORRENTO VALLEY BL",75.00,N,N,A,-,N,,,,,,,,,,Y,4,0,1,2,A,-,12,21453,A,N,C,G,A,A,H,-,A,A,0,,Y,,,Y,,L,04,0,0,1,0,0,0,1,0,0,"- ","- ",,,"SAN DIEGO","SAN DIEGO",-117.22337894,32.90143569
8154950,2016,2016-11-02,3711,2016-10-07,1728,7440,,5,5,7,3711,0,0,0,,0,322,"FONTAINE ST","KEIGHLEY ST",0.00,,Y,A,-,N,,,,,,,,,,N,3,0,1,2,A,-,09,21802,A,N,H,G,A,A,H,-,A,D,0,,Y,,,Y,,A,07,0,1,0,0,0,0,1,0,0,"- ","- ",,,"SAN DIEGO","SAN DIEGO",-117.08163999999999,32.801080089999999
8155477,2016,2016-11-01,3711,2016-10-19,0739,7057,,3,5,7,3711,0,0,0,,0,437,"WOODMAN ST","ALSACIA ST",5.00,S,N,B,-,N,,,,,,,,,,N,4,0,1,2,A,-,10,21950,A,N,G,B,B,A,H,-,A,A,0,Y,,,,Y,,-,"- ",0,0,1,0,1,0,0,0,0,"- ","- ",,,"SAN DIEGO","SAN DIEGO",-117.04319400999999,32.682927280000001
8155481,2016,2016-11-01,3711,2016-10-19,0750,7535,,3,5,7,3711,0,0,0,,0,937,"ARTESIAN RD","ARTESIAN RD 8181",108.00,W,N,A,-,N,,,,,,,,,,N,4,0,1,2,A,-,03,22350,,N,G,B,E,A,H,-,A,D,0,Y,,,,Y,,A,01,0,0,1,0,1,0,0,0,0,"- ","- ",,,"SAN DIEGO","SAN DIEGO",,
8155509,2016,2016-11-01,3711,2016-10-22,1825,5226,,6,5,7,3711,0,0,0,,0,512,"MARTIN AV","BANCROFT ST",0.00,,Y,A,-,N,,,,,,,,,,N,4,0,1,2,A,-,09,21804,A,N,A,G,A,A,H,-,A,A,0,,Y,,,Y,,L,04,0,0,1,0,0,0,1,0,0,"- ","- ",,,"SAN DIEGO","SAN DIEGO",-117.12399003,32.699440109999998
8157005,2016,2016-11-02,3711,2016-10-22,0630,7291,1,6,5,7,3711,0,0,0,,0,,"WASHINGTON ST","3RD AV",0.00,,-,A,-,N,,,,,,,,,,N,3,0,1,2,A,-,11,21955,,N,G,B,D,A,H,-,B,D,0,Y,,,,Y,,N,60,0,1,0,0,1,0,0,0,0,"- ","- ",,,"SAN DIEGO","SAN DIEGO",-117.16274005,32.749980000000001
8157006,2016,2016-11-02,3711,2016-10-21,1305,6345,SD,5,5,7,3711,0,0,0,,0,243,"MIRAMAR RD","MIRA MAR RD",2.00,S,N,A,-,N,,,,,,,,,,N,3,0,1,2,A,-,05,21650,,N,D,G,A,A,H,-,A,A,0,,Y,,,Y,,L,04,0,1,0,0,0,0,1,0,0,"- ","- ",,,"SAN DIEGO","SAN DIEGO",-117.19500639,32.875919009999997
8157793,2016,2016-12-27,3711,2016-10-18,1100,HB4132,,2,5,7,3711,0,0,0,,0,504,"NORTH HARBOR DR","WEST ASH ST",0.00,,Y,A,-,N,,,,,,,,,,N,3,0,1,2,A,-,00,21760,,N,C,G,A,A,H,-,A,D,0,,Y,,,Y,,-,,0,1,0,0,0,0,1,0,0,"- ","- ",,,"SAN DIEGO","SAN DIEGO",-117.17312011,32.719840120000001
8157986,2016,2016-11-03,3711,2016-10-18,1904,5046,,2,5,7,3711,0,0,0,,0,123,"INGRAHAM ST","PEREZ COVE WY",0.00,,Y,A,-,N,,,,,,,,,,N,2,0,1,2,A,-,09,21453,C,N,B,G,A,A,H,-,C,A,0,,Y,,,Y,,L,04,1,0,0,0,0,0,1,0,0,"- ","- ",,,"SAN DIEGO","SAN DIEGO",-117.23372012999999,32.76782008
8164387,2016,2016-11-14,3711,2016-10-30,1120,6760,,7,5,7,3711,0,0,0,,0,833,"FAIRMONT AV","UNIVERSITY AV",100.00,S,N,A,-,N,,,,,,,,,,N,3,0,1,2,A,-,10,21950,C,N,A,B,F,A,H,-,A,-,0,Y,,,,Y,,D,22,0,1,0,0,1,0,0,0,0,"- ","- ",,,"SAN DIEGO","SAN DIEGO",-117.10090701999999,32.749326150000002
8164445,2016,2016-11-08,3711,2016-10-26,1339,6434,SD,3,5,7,3711,0,0,0,,0,611,"LANNING RD","LANNING RD 2900",4.00,S,N,A,-,N,,,,,,,,,,N,4,0,1,2,A,-,05,21202,A,N,D,G,A,A,H,-,A,A,0,,Y,,,Y,,L,04,0,0,1,0,0,0,1,0,0,"- ","- ",,,"SAN DIEGO","SAN DIEGO",,
8164455,2016,2016-11-08,3711,2016-10-25,1541,6641,,2,5,7,3711,0,0,0,,0,934,"DEL MAR HEIGHTS RD","VALERIO GATE RD",0.00,,Y,B,-,N,,,,,,,,,,N,3,0,1,2,A,-,11,21456,B,N,D,B,B,A,H,-,A,A,0,Y,,,,Y,,N,60,0,1,0,0,1,0,0,0,0,"- ","- ",,,"SAN DIEGO","SAN DIEGO",-117.20120072,32.961302179999997
8164478,2016,2016-11-09,3711,2016-10-20,1254,5876,WETER,4,5,7,3711,0,0,0,,0,611,"CUSHING RD","CUSHING RD 2800",0.00,,Y,A,-,N,,,,,,,,,,N,3,0,1,2,A,-,09,21801,A,N,A,G,A,A,H,-,A,A,0,,Y,,,Y,,A,07,0,1,0,0,0,0,1,0,0,"- ","- ",,,"SAN DIEGO","SAN DIEGO",-117.21179724,32.737276909999999
8167042,2018,2018-03-08,3711,2018-01-01,0126,6000,,1,5,7,3711,0,0,0,,0,722,"PALM AV","18TH ST",115.00,E,N,B,E,N,,,,,,,,,,N,1,1,0,2,A,-,11,21954,A,N,G,B,E,B,H,-,C,D,0,Y,,,,Y,Y,N,60,0,0,0,1,0,0,0,0,0,"- ","- ",,,"SAN DIEGO","SAN DIEGO",-117.09452819824219,32.583763122558594
8167053,2018,2020-05-21,3711,2018-01-15,1736,4243,,1,5,7,3711,0,0,0,,0,838,"EL CAJON BL","36TH ST",0.00,,Y,B,-,N,,,,,,,,,,N,1,1,0,2,A,-,10,21950,A,N,G,B,B,A,H,-,C,D,0,Y,,,,Y,,D,22,0,0,0,1,0,0,0,0,0,"- ","- ",,,"SAN DIEGO","SAN DIEGO",-117.11578369140625,32.755290985107422
8167570,2018,2018-06-12,3711,2018-01-06,2025,6146,,6,5,7,3711,0,0,0,,0,813,"UNIVERSITY AV","3900 BANCROFT ST",53.70,E,N,A,-,N,,,,,,,,,,Y,1,1,0,2,A,-,10,21954,B,N,G,B,D,A,H,-,C,D,0,Y,,,,Y,,A,01,0,0,0,1,0,0,0,0,0,"- ","- ",,,"SAN DIEGO","SAN DIEGO",-117.12376893,32.74849236
8169474,2016,2016-12-01,3711,2016-11-02,2242,7264,,3,5,7,3711,0,0,0,,0,624,"EL CAJON BL","MISSISSIPPI ST",0.00,,Y,A,-,N,,,,,,,,,,N,3,0,1,2,A,-,03,22350,,N,G,B,B,A,H,-,C,D,0,Y,,,,Y,,A,01,0,1,0,0,1,0,0,0,0,"- ","- ",,,"SAN DIEGO","SAN DIEGO",-117.14133007,32.75520006
8169686,2016,2017-01-04,3711,2016-11-03,0640,6208,SANDI,4,5,7,3711,0,0,0,,0,327,"ALVARADO RD","ALVARADO CT",1056.00,E,N,B,-,N,,,,,,,,,,N,2,0,1,2,A,-,"- ",,,N,A,B,E,A,C,-,C,D,0,Y,,,,Y,Y,N,60,1,0,0,0,1,0,0,0,0,"- ","- ",,,"SAN DIEGO","SAN DIEGO",-117.05887058,32.777656239999999
8169687,2016,2016-11-16,3711,2016-11-03,1255,7040,,4,5,7,3711,0,0,0,,0,823,"58TH ST","BATES ST",0.00,W,N,A,-,N,,,,,,,,,,N,4,0,1,2,A,-,09,21804,A,N,D,G,A,A,H,-,A,D,0,,Y,,,Y,,-,,0,0,1,0,0,0,1,0,0,"- ","- ",,,"SAN DIEGO","SAN DIEGO",-117.07155004000001,32.747890060000003
8169737,2016,2016-11-16,3711,2016-11-01,0912,5985,,2,5,7,3711,0,0,0,,0,522,"1ST AV","MARKET ST",0.00,,Y,A,-,N,,,,,,,,,,N,4,0,1,2,A,-,12,21453,A,N,H,G,A,A,H,-,A,A,0,,Y,,,Y,,L,04,0,0,1,0,0,0,1,0,0,"- ","- ",,,"SAN DIEGO","SAN DIEGO",-117.16379000000001,32.711510089999997
8169743,2016,2016-11-16,3711,2016-11-05,0743,5292,"SAN D",6,5,7,3711,0,0,0,,0,529,"W HAWTHORN",BRANT,9.00,N,N,A,-,N,,,,,,,,,,N,4,0,1,2,A,-,09,21802,,N,D,G,A,A,H,-,A,D,0,,Y,,,Y,,-,,0,0,1,0,0,0,1,0,0,"- ","- ",,,"SAN DIEGO","SAN DIEGO",-117.16665999999999,32.727200000000003
8169751,2016,2016-11-16,3711,2016-11-06,1546,7428,SANDI,7,5,7,3711,0,0,0,,0,121,"BAYSIDE LN","SAN JOSE PL",0.00,,Y,A,-,N,,,,,,,,,,N,3,0,1,2,A,-,09,21800,A,N,D,G,A,A,H,-,A,D,0,,Y,,,Y,,L,04,0,1,0,0,0,0,1,0,0,"- ","- ",,,"SAN DIEGO","SAN DIEGO",-117.25210010000001,32.784870099999999
8169759,2016,2016-11-16,3711,2016-11-06,1728,4759,"SAN D",7,5,7,3711,0,0,0,,0,122,"GARNET AV","JEWELL ST",352.00,W,N,B,-,N,,,,,,,,,,N,4,0,1,2,A,-,05,21650,1,N,D,G,A,A,H,-,B,D,0,,Y,,,Y,Y,L,04,0,0,1,0,0,0,1,0,0,"- ","- ",,,"SAN DIEGO","SAN DIEGO",-117.24006831,32.79993657
8170832,2016,2016-11-21,3711,2016-11-08,1819,6156,SD,2,5,7,3711,0,0,0,,0,115,"GENESEE AV","NOBEL DR",300.00,S,N,A,-,N,,,,,,,,,,N,3,0,1,2,A,-,08,22107,,M,B,G,A,A,H,-,C,D,0,,Y,,,Y,,-,99,0,1,0,0,0,0,1,0,0,"- ","- ",,,"SAN DIEGO","SAN DIEGO",-117.21339336,32.866102009999999
8172092,2016,2016-12-01,3711,2016-11-11,1619,6394,,5,5,7,3711,0,0,0,,0,315,"CAMINO DEL RIO N","RT 8",0.00,W,N,A,-,Y,,,,,,,,,,N,4,0,1,2,A,-,10,21950,A,N,G,B,B,A,H,-,A,A,0,Y,,,,Y,,-,,0,0,1,0,1,0,0,0,0,"- ",WF,,,"SAN DIEGO","SAN DIEGO",-117.15179621999999,32.766844310000003
8172100,2016,2016-12-01,3711,2016-11-12,0857,7504,,6,5,7,3711,0,0,0,,0,325,"JACKSON DR","DOREEN RD",0.00,,Y,A,-,N,,,,,,,,,,N,3,0,2,2,A,-,03,22350,,N,H,G,A,A,G,-,A,D,0,,Y,,,Y,,L,04,0,1,1,0,0,0,2,0,0,"- ","- ",,,"SAN DIEGO","SAN DIEGO",-117.05801005000001,32.81617
8172112,2016,2016-12-01,3711,2016-11-02,0623,7178,CEN,3,5,7,3711,0,0,0,,0,512,"COMMERCIAL ST","22ND ST",0.00,,Y,-,-,N,,,,,,,,,,N,2,0,1,2,A,-,11,21950,B,N,G,B,E,-,-,-,-,D,0,Y,,,,Y,,N,60,1,0,0,0,1,0,0,0,0,"- ","- ",,,"SAN DIEGO","SAN DIEGO",-117.14394012,32.705290079999997
8172331,2016,2016-11-30,3711,2016-11-11,1759,7187,,5,5,7,3711,0,0,0,,0,826,"DAWSON AV","TROJAN AV",400.00,N,N,A,-,N,,,,,,,,,,N,3,0,1,2,A,-,21,22106,,M,-,B,F,A,H,-,C,D,0,Y,,,,Y,Y,-,,0,1,0,0,1,0,0,0,0,"- ","- ",,,"SAN DIEGO","SAN DIEGO",-117.08258495,32.755965250000003
8172356,2016,2016-12-01,3711,2016-11-14,1509,7317,SANDI,1,5,7,3711,0,0,0,,0,122,"EVERTS ST","VAN NUYS ST",20.00,E,N,A,-,N,,,,,,,,,,N,3,0,1,2,A,-,09,21801,A,N,A,G,A,A,H,-,A,D,0,,Y,,,Y,,-,,0,1,0,0,0,0,1,0,0,"- ","- ",,,"SAN DIEGO","SAN DIEGO",-117.25259,32.812800000000003
8172364,2016,2016-12-01,3711,2016-11-08,1500,7413,MIDCI,2,5,7,3711,0,0,0,,0,826,"ALTADENA AV","EL CAJON BL",0.00,,Y,A,-,N,,,,,,,,,,N,4,0,1,2,A,-,10,21950,A,N,A,B,B,A,H,-,A,D,0,Y,,Y,,Y,,C,06,0,0,1,0,1,0,0,0,0,"- ","- ",,,"SAN DIEGO","SAN DIEGO",-117.08575001,32.756950089999997
8172372,2016,2016-12-01,3711,2016-11-14,1526,7280,,1,5,7,3711,0,0,0,,0,621,"MORLEY ST","ULRIC ST",0.00,,Y,A,-,N,,,,,,,,,,N,4,0,2,3,A,-,10,21950,A,N,A,B,B,A,H,-,A,D,0,Y,,,,Y,,A,01,0,0,2,0,2,0,0,0,0,"- ","- ",,,"SAN DIEGO","SAN DIEGO",-117.17075004,32.786650059999999
8172453,2016,2017-01-09,3711,2016-10-20,0808,7123,"SAN D",4,5,7,3711,0,0,0,,0,441,"S 39TH ST","FLORENCE ST",16.00,N,N,A,-,N,,,,,,,,,,Y,3,0,2,3,A,-,10,21950,A,N,G,B,B,A,H,-,A,D,0,Y,,,,Y,,-,,0,1,1,0,2,0,0,0,0,"- ","- ",,,"SAN DIEGO","SAN DIEGO",-117.11032049000001,32.69803383