CASE_ID,ACCIDENT_YEAR,PROC_DATE,JURIS,COLLISION_DATE,COLLISION_TIME,OFFICER_ID,REPORTING_DISTRICT,DAY_OF_WEEK,CHP_SHIFT,POPULATION,CNTY_CITY_LOC,SPECIAL_COND,BEAT_TYPE,CHP_BEAT_TYPE,CITY_DIVISION_LAPD,CHP_BEAT_CLASS,BEAT_NUMBER,PRIMARY_RD,SECONDARY_RD,DISTANCE,DIRECTION,INTERSECTION,WEATHER_1,WEATHER_2,STATE_HWY_IND,CALTRANS_COUNTY,CALTRANS_DISTRICT,STATE_ROUTE,ROUTE_SUFFIX,POSTMILE_PREFIX,POSTMILE,LOCATION_TYPE,RAMP_INTERSECTION,SIDE_OF_HWY,TOW_AWAY,COLLISION_SEVERITY,NUMBER_KILLED,NUMBER_INJURED,PARTY_COUNT,PRIMARY_COLL_FACTOR,PCF_CODE_OF_VIOL,PCF_VIOL_CATEGORY,PCF_VIOLATION,PCF_VIOL_SUBSECTION,HIT_AND_RUN,TYPE_OF_COLLISION,MVIW,PED_ACTION,ROAD_SURFACE,ROAD_COND_1,ROAD_COND_2,LIGHTING,CONTROL_DEVICE,CHP_ROAD_TYPE,PEDESTRIAN_ACCIDENT,BICYCLE_ACCIDENT,MOTORCYCLE_ACCIDENT,TRUCK_ACCIDENT,NOT_PRIVATE_PROPERTY,ALCOHOL_INVOLVED,STWD_VEHTYPE_AT_FAULT,CHP_VEHTYPE_AT_FAULT,COUNT_SEVERE_INJ,COUNT_VISIBLE_INJ,COUNT_COMPLAINT_PAIN,COUNT_PED_KILLED,COUNT_PED_INJURED,COUNT_BICYCLIST_KILLED,COUNT_BICYCLIST_INJURED,COUNT_MC_KILLED,COUNT_MC_INJURED,PRIMARY_RAMP,SECONDARY_RAMP,LATITUDE,LONGITUDE,COUNTY,CITY,POINT_X,POINT_Y
8178643,2016,2016-12-06,3711,2016-11-17,1442,8334,,4,5,7,3711,0,0,0,,0,437,"SKYLINE DR","BRANDYWOOD ST",0.00,,Y,A,-,N,,,,,,,,,,N,3,0,1,2,A,-,09,21800,A,N,D,G,A,A,H,-,A,A,0,,Y,,,Y,,L,04,0,1,0,0,0,0,1,0,0,"- ","- ",,,"SAN DIEGO","SAN DIEGO",-117.05130014,32.702300010000002
8178647,2016,2016-12-06,3711,2016-11-22,1544,4840,,2,5,7,3711,0,0,0,,0,615,"CHATSWORTH BL","GARRISON ST",15.00,N,N,A,-,N,,,,,,,,,,N,4,0,1,2,A,-,09,21801,A,N,D,G,A,A,H,-,A,D,0,,Y,,,Y,,-,,0,0,1,0,0,0,1,0,0,"- ","- ",,,"SAN DIEGO","SAN DIEGO",-117.23512393999999,32.732643160000002
8178653,2016,2016-12-06,3711,2016-11-16,1413,6461,,3,5,7,3711,0,0,0,,0,124,"PEARL ST",EADS,3.00,E,N,A,-,N,,,,,,,,,,N,4,0,1,2,A,-,03,22350,,N,G,B,B,A,H,-,A,A,0,Y,,,,Y,,-,,0,0,1,0,1,0,0,0,0,"- ","- ",,,"SAN DIEGO","SAN DIEGO",-117.27490063,32.839952220000001
8178654,2016,2016-12-06,3711,2016-11-18,1550,7159,,5,5,7,3711,0,0,0,,0,124,"TORREY PINES RD","PROSPECT PL",50.00,W,N,A,-,N,,,,,,,,,,N,3,0,1,2,A,-,08,22107,,F,H,G,A,A,H,-,A,D,0,,Y,,,Y,,-,,0,1,0,0,0,0,1,0,0,"- ","- ",,,"SAN DIEGO","SAN DIEGO",-117.26750468,32.847105319999997
8178657,2016,2017-01-06,3711,2016-11-18,2030,7549,,5,5,7,3711,0,0,0,,0,321,"RAINIER AV","HOLABIRD ST",15.00,E,N,A,-,N,,,,,,,,,,,4,0,1,2,A,-,11,21950,B,N,G,B,D,A,H,-,C,D,0,Y,,,,Y,,-,,0,0,1,0,1,0,0,0,0,"- ","- ",,,"SAN DIEGO","SAN DIEGO",-117.09572136,32.78979949
8178665,2016,2016-12-06,3711,2016-11-14,0851,6702,,1,5,7,3711,0,0,0,,0,,"BEYER WY","PALM AV",109.00,W,N,A,-,N,,,,,,,,,,N,3,0,1,2,A,-,08,22107,,M,C,G,A,A,H,-,A,D,0,,Y,,,Y,,L,04,0,1,0,0,0,0,1,0,0,"- ","- ",,,"SAN DIEGO","SAN DIEGO",-117.06201,32.583770000000001
8178668,2016,2016-12-06,3711,2016-11-18,1917,5089,,5,5,7,3711,0,0,0,,0,234,"WEST BERNARDO DR","W BERNARDO DR 16100",8.00,W,N,A,-,N,,,,,,,,,,N,3,0,1,2,A,-,11,21456,B,N,G,B,B,A,H,-,C,A,0,Y,,,,Y,,N,60,0,1,0,0,1,0,0,0,0,"- ","- ",,,"SAN DIEGO","SAN DIEGO",,
8179449,2016,2016-12-09,3711,2016-11-19,0016,7065,,6,5,7,3711,0,0,0,,0,523,"E ST","4TH AV",60.00,E,N,A,-,N,,,,,,,,,,N,3,0,1,2,A,-,10,21950,C,N,G,B,C,A,H,-,C,D,0,Y,,,,Y,,N,60,0,1,0,0,1,0,0,0,0,"- ","- ",,,"SAN DIEGO","SAN DIEGO",-117.16087559,32.714652139999998
8179457,2016,2016-12-09,3711,2016-11-28,1839,7413,MIDCI,1,5,7,3711,0,0,0,,0,823,"UNIVERSITY AV","60TH ST",0.00,,Y,C,E,N,,,,,,,,,,N,4,0,1,2,A,-,10,21950,A,N,G,B,B,B,H,-,C,A,0,Y,,Y,,Y,,C,06,0,0,1,0,1,0,0,0,0,"- ","- ",,,"SAN DIEGO","SAN DIEGO",-117.0669001,32.752350120000003
8179469,2016,2016-12-09,3711,2016-11-23,1803,REYES,SDPD,3,5,7,3711,0,0,0,,0,831,"ORANGE AV","FAIRMONT AV",0.00,,Y,A,-,N,,,,,,,,,,N,3,0,1,2,A,-,03,22350,,F,G,B,B,A,H,-,C,A,0,Y,,,,Y,,A,01,0,1,0,0,1,0,0,0,0,"- ","- ",,,"SAN DIEGO","SAN DIEGO",-117.10086002,32.753170089999998
8179497,2016,2016-12-09,3711,2016-11-28,1908,5046,,1,5,7,3711,0,0,0,,0,524,"C ST","6TH AV",0.00,,Y,C,-,N,,,,,,,,,,N,4,0,1,2,A,-,10,21950,A,N,G,B,B,B,H,-,C,A,0,Y,,,,Y,,A,01,0,0,1,0,1,0,0,0,0,"- ","- ",,,"SAN DIEGO","SAN DIEGO",-117.15923008,32.716750019999999
8179506,2016,2016-12-12,3711,2016-11-23,1920,7309,,3,5,7,3711,0,0,0,,0,234,"CAMINITO TIERRA DEL SOL","CALLE VIVIENDA",0.00,,Y,A,-,N,,,,,,,,,,N,3,0,1,2,A,-,17,21208,A,N,D,G,A,A,H,-,A,D,0,,Y,,,Y,,L,04,0,1,0,0,0,0,1,0,0,"- ","- ",,,"SAN DIEGO","SAN DIEGO",-117.07774003999999,33.005500060000003
8181361,2016,2017-01-05,3711,2016-11-18,1149,HB5408,,5,5,7,3711,0,0,0,,0,710,"NORTH HARBOR DR","N HARBOR DR 3665",0.00,,N,A,-,N,,,,,,,,,,N,3,0,1,2,B,-,22,,,N,G,B,E,A,H,-,A,D,0,Y,,,,Y,,A,08,0,1,0,0,1,0,0,0,0,"- ","- ",,,"SAN DIEGO","SAN DIEGO",-117.20461518,32.729489049999998
8187762,2016,2017-01-03,3711,2016-12-11,1350,7563,,7,5,7,3711,0,0,0,,0,122,"MISSION BL","GRAND AV",0.00,,Y,A,-,N,,,,,,,,,,N,3,0,1,2,A,-,12,21453,A,N,D,G,A,A,H,-,A,A,0,,Y,,,Y,,L,04,0,1,0,0,0,0,1,0,0,"- ","- ",,,"SAN DIEGO","SAN DIEGO",-117.25492005,32.794710010000003
8188750,2016,2016-12-15,3711,2016-12-04,0159,6146,,7,5,7,3711,0,0,0,,0,523,"G ST","5TH AV",3.00,W,N,A,-,N,,,,,,,,,,N,3,0,1,2,A,-,11,21456,B,M,G,B,B,A,H,-,C,A,0,Y,,,,Y,,N,60,0,1,0,0,1,0,0,0,0,"- ","- ",,,"SAN DIEGO","SAN DIEGO",-117.16014972000001,32.712569999999999
8188754,2016,2016-12-15,3711,2016-12-03,0913,7227,,6,5,7,3711,0,0,0,,0,826,"EL CAJON BL","50TH ST",5.00,E,N,A,-,N,,,,,,,,,,N,3,0,1,2,A,-,10,21950,A,N,A,B,B,A,H,-,A,D,0,Y,,,,Y,,-,,0,1,0,0,1,0,0,0,0,"- ","- ",,,"SAN DIEGO","SAN DIEGO",-117.08681403999999,32.756792369999999
8188778,2016,2016-12-15,3711,2016-12-03,1450,6339,,6,5,7,3711,0,0,0,,0,242,"MIRA MESA BL","CAM RUIZ",600.00,W,N,A,-,N,,,,,,,,,,N,4,0,1,2,A,-,21,22106,,N,G,B,F,A,H,-,A,D,0,Y,,,,Y,,-,,0,0,1,0,1,0,0,0,0,"- ","- ",,,"SAN DIEGO","SAN DIEGO",-117.14593381,32.912737829999998
8188793,2016,2016-12-15,3711,2016-12-01,1609,6646,SANDI,4,5,7,3711,0,0,0,,0,821,"EL CAJON BL","COLLEGE AV",200.00,E,N,A,-,N,,,,,,,,,,N,4,0,1,2,A,-,09,21804,,N,G,B,F,A,H,-,A,D,0,Y,,,,Y,,-,,0,0,1,0,1,0,0,0,0,"- ","- ",,,"SAN DIEGO","SAN DIEGO",-117.0664859,32.761646069999998
8188829,2016,2017-02-28,3711,2016-11-11,1555,7391,,5,5,7,3711,0,0,0,,0,725,"PALM AV",DENNERY,0.00,,Y,A,-,N,,,,,,,,,,N,3,0,1,2,A,-,17,21461,A,N,G,G,A,A,H,-,A,A,0,,Y,Y,,Y,,L,04,0,1,0,0,0,0,1,0,0,"- ","- ",,,"SAN DIEGO","SAN DIEGO",-117.03240011,32.583920079999999
8188870,2016,2016-12-14,3711,2016-11-11,1615,6642,,5,5,7,3711,0,0,0,,0,446,"EUCLID AV","IMPERIAL AV",200.00,N,N,A,-,N,,,,,,,,,,Y,4,0,3,4,A,-,08,22107,,N,G,B,F,A,H,-,A,D,0,Y,,,,Y,,A,01,0,0,3,0,2,0,0,0,0,"- ","- ",,,"SAN DIEGO","SAN DIEGO",-117.08502697999999,32.705057349999997
8189871,2016,2017-02-28,3711,2016-12-02,1416,7073,,5,5,7,3711,0,0,0,,0,611,"ROSECRANS ST","MIDWAY DR",360.00,N,N,A,-,N,,,,,,,,,,N,3,0,2,2,A,-,17,21208,,N,C,G,A,A,H,-,A,D,0,,Y,,,Y,,L,04,0,2,0,0,0,0,1,0,0,"- ","- ",,,"SAN DIEGO","SAN DIEGO",-117.20550674,32.75051139
8189920,2016,2017-03-27,3711,2016-12-05,1730,6339,,1,5,7,3711,0,0,0,,0,242,"CARROLL CANYON RD","RT 15",10.00,W,N,A,-,Y,SD,11,15,-,M,14.843,R,4,N,N,3,0,1,2,A,-,10,21950,A,N,D,G,A,A,H,-,C,A,0,,Y,,,Y,,-,,0,1,0,0,0,0,1,0,0,"- ",NF,,,"SAN DIEGO","SAN DIEGO",-117.11612798,32.901105680000001
8190002,2016,2017-01-12,3711,2016-12-07,1709,7487,"SAN D",3,5,7,3711,0,0,0,,0,114,"LAKEHURST AV","CLAIREMONT DR",0.00,,Y,A,-,N,,,,,,,,,,N,4,0,1,2,A,-,"- ",,,N,G,B,B,A,H,-,B,A,0,Y,,,,Y,,-,,0,0,1,0,1,0,0,0,0,"- ","- ",,,"SAN DIEGO","SAN DIEGO",-117.20591002,32.830830050000003
8190042,2016,2016-12-22,3711,2016-12-07,1541,6817,"SAN D",3,5,7,3711,0,0,0,,0,122,"GARNET AV","DONALDSON DR",222.00,W,N,A,-,N,,,,,,,,,,N,3,0,1,2,A,-,03,22350,,N,C,G,A,A,H,-,A,D,0,,Y,,,Y,,-,,0,1,0,0,0,0,1,0,0,"- ","- ",,,"SAN DIEGO","SAN DIEGO",-117.22679245,32.802966349999998
8192322,2016,2016-12-29,3711,2016-12-09,0832,6252,,5,5,7,3711,0,0,0,,0,622,"MORENA BL","DORCAS ST",276.00,N,N,A,-,N,,,,,,,,,,N,3,0,1,2,A,-,08,22107,,N,G,B,F,A,H,-,A,D,0,Y,,,,Y,,A,01,0,1,0,0,1,0,0,0,0,"- ","- ",,,"SAN DIEGO","SAN DIEGO",-117.20176429999999,32.770528900000002
8192570,2016,2016-12-22,3711,2016-12-09,1856,6646,"SAN D",5,5,7,3711,0,0,0,,0,826,"EL CAJON BL","WINONA AV",0.00,,Y,A,-,N,,,,,,,,,,N,4,0,1,2,A,-,10,21950,A,N,G,B,B,A,H,-,C,A,0,Y,,,,Y,,-,,0,0,1,0,1,0,0,0,0,"- ","- ",,,"SAN DIEGO","SAN DIEGO",-117.08789007999999,32.756650090000001
8193692,2016,2017-01-11,3711,2016-12-13,1812,7205,,2,5,7,3711,0,0,0,,0,312,"SANTO RD","ANTIGUA BL",0.00,,Y,A,-,N,,,,,,,,,,N,3,0,1,2,A,-,10,21950,A,N,-,B,B,A,H,-,C,A,0,Y,,,,Y,,-,,0,1,0,0,1,0,0,0,0,"- ","- ",,,"SAN DIEGO","SAN DIEGO",-117.10123003,32.833720110000002
8193761,2016,2017-01-12,3711,2016-12-14,0802,6461,,3,5,7,3711,0,0,0,,0,123,"PACIFIC BEACH DR","PACIFIC BEACH DR 2211",43.00,W,N,A,-,N,,,,,,,,,,N,3,0,1,2,A,-,08,22107,,N,D,G,A,A,H,-,A,A,0,,Y,,,Y,,L,04,0,1,0,0,0,0,1,0,0,"- ","- ",,,"SAN DIEGO","SAN DIEGO",,
8194864,2016,2017-03-24,3711,2016-12-29,1937,7172,,4,5,7,3711,0,0,0,,0,813,"30TH ST","30TH ST 3100",5.00,S,N,A,-,N,,,,,,,,,,N,4,0,1,2,A,-,09,21801,A,M,D,G,A,A,-,-,C,A,0,,Y,,,Y,,-,,0,0,1,0,0,0,1,0,0,"- ","- ",,,"SAN DIEGO","SAN DIEGO",-117.12932289,32.737395739999997
8195177,2017,2017-01-24,3711,2017-01-11,1525,7315,,3,5,7,3711,0,0,0,,0,836,"46TH ST","OLIVE ST",0.00,,-,B,C,N,,,,,,,,,,N,3,0,1,2,A,-,21,22106,,N,D,B,A,B,H,-,A,D,0,,,,,Y,,-,,0,1,0,0,0,0,0,0,0,"- ","- ",,,"SAN DIEGO","SAN DIEGO",-117.09608009,32.735140039999997
8197060,2016,2017-01-06,3711,2016-12-19,0545,1309,,1,5,7,3711,0,0,0,,0,001,"3RD ST","GLORIETTA PL",0.00,,Y,A,-,N,,,,,,,,,,N,3,0,1,2,A,-,09,21801,A,F,H,G,A,A,H,-,B,D,0,,Y,,,Y,,-,,0,1,0,0,0,0,1,0,0,"- ","- ",,,"SAN DIEGO","SAN DIEGO",-117.16894007,32.693770110000003
8198093,2016,2017-01-06,3711,2016-12-22,0840,6760,,4,5,7,3711,0,0,0,,0,838,"UNIVERSITY AV","39TH ST",0.00,,Y,C,-,N,,,,,,,,,,N,4,0,1,2,A,-,10,21950,A,N,A,B,B,B,H,-,A,A,0,Y,,,,Y,,A,01,0,0,1,0,1,0,0,0,0,"- ","- ",,,"SAN DIEGO","SAN DIEGO",-117.11065003,32.749690049999998
8198200,2016,2017-01-06,3711,2016-12-22,0944,7085,"SAN D",4,5,7,3711,0,0,0,,0,116,"MORENA BL","KNOXVILLE ST",17.00,S,N,C,-,N,,,,,,,,,,N,4,0,1,2,A,-,17,21451,A,N,D,G,A,B,H,-,A,A,0,,Y,,,Y,,A,07,0,0,1,0,0,0,1,0,0,"- ","- ",,,"SAN DIEGO","SAN DIEGO",-117.20375584999999,32.773232110000002
8199212,2016,2017-02-06,3711,2016-12-19,0859,7153,,1,5,7,3711,0,0,0,,0,126,"NORTH TORREY PINES RD","SALK INSTITUTE DR",0.00,,Y,A,F,N,,,,,,,,,,N,3,0,1,2,A,-,08,22107,,N,C,G,A,A,H,-,A,D,0,,Y,,,Y,,L,04,0,1,0,0,0,0,1,0,0,"- ","- ",,,"SAN DIEGO","SAN DIEGO",-117.24392009,32.886090090000003
8199220,2016,2017-01-19,3711,2016-12-17,1530,6817,"SAN D",6,5,7,3711,0,0,0,,0,124,"LA JOLLA BL","NAUTILUS ST",3.00,S,N,A,-,N,,,,,,,,,,N,4,0,2,3,A,-,03,22350,A,N,G,B,B,A,H,-,A,A,0,Y,,,,Y,,-,,0,0,2,0,2,0,0,0,0,"- ","- ",,,"SAN DIEGO","SAN DIEGO",-117.27658735999999,32.831802089999996
8199353,2016,2017-01-03,3711,2016-12-16,1737,7567,,5,5,7,3711,0,0,0,,0,529,"1ST AV","1ST ST 2200",0.00,,Y,A,-,N,,,,,,,,,,N,3,0,1,2,A,-,08,22107,,M,H,B,F,B,H,-,C,D,0,Y,,,,Y,Y,-,,0,1,0,0,1,0,0,0,0,"- ","- ",,,"SAN DIEGO","SAN DIEGO",-117.16393769,32.728245780000002
8203000,2016,2017-01-13,3711,2016-12-20,1850,7521,,2,5,7,3711,0,0,0,,0,628,"KETTNER BL","SASSAFRAS ST",0.00,,Y,A,-,N,,,,,,,,,,N,3,0,1,2,A,-,12,21453,A,M,H,G,A,A,-,-,C,A,0,,Y,,,Y,,L,04,0,1,0,0,0,0,1,0,0,"- ","- ",,,"SAN DIEGO","SAN DIEGO",-117.17674002,32.736870080000003
8206953,2017,2017-01-31,3711,2017-01-01,1316,7086,,7,5,7,3711,0,0,0,,0,824,"EL CAJON BL","FAIRMOUNT AV",0.00,,Y,B,-,N,,,,,,,,,,N,4,0,1,2,A,-,12,22450,A,N,D,B,B,A,H,-,A,A,0,Y,,,,Y,,-,,0,0,1,0,1,0,0,0,0,"- ","- ",,,"SAN DIEGO","SAN DIEGO",-117.10083011,32.755200070000001
8207698,2016,2017-01-13,3711,2016-12-30,2042,5929,,5,5,7,3711,0,0,0,,0,116,"MORENA BL","ASHTON ST",7.00,S,N,C,-,N,,,,,,,,,,N,4,0,1,2,A,-,10,21950,A,N,G,B,B,B,H,-,C,A,0,Y,,,,Y,,-,,0,0,1,0,1,0,0,0,0,"- ","- ",,,"SAN DIEGO","SAN DIEGO",-117.20726332,32.781741029999999
8207719,2016,2017-01-13,3711,2016-12-18,2218,6553,,7,5,7,3711,0,0,0,,0,611,"ROSECRANS ST","SPORTS ARENA BL",82.00,N,N,A,-,N,,,,,,,,,,N,2,0,2,3,A,-,10,21950,A,F,G,B,D,A,H,-,C,D,0,Y,,,,Y,Y,A,01,2,0,0,0,2,0,0,0,0,"- ","- ",,,"SAN DIEGO","SAN DIEGO",-117.20493999999999,32.751530000000002
8207726,2016,2017-01-13,3711,2016-12-31,1837,7496,,6,5,7,3711,0,0,0,,0,313,"SHAWLINE ST","CLAIREMONT MESA BL",80.00,W,N,B,C,N,,,,,,,,,,N,4,0,1,2,A,-,10,21950,A,M,G,B,D,B,H,-,C,A,0,Y,,,,Y,,-,,0,0,1,0,1,0,0,0,0,"- ","- ",,,"SAN DIEGO","SAN DIEGO",-117.16383,32.832650000000001
8207993,2017,2017-02-15,3711,2017-01-02,1500,6339,,1,5,7,3711,0,0,0,,0,242,"HILLERY DR","BLACK MOUNTAIN RD",400.00,E,N,B,-,N,,,,,,,,,,Y,3,0,1,2,A,-,08,22107,,N,D,G,A,A,H,-,A,D,0,,Y,,,Y,,L,04,0,1,0,0,0,0,1,0,0,"- ","- ",,,"SAN DIEGO","SAN DIEGO",-117.12311156,32.912865910000001
8282409,2017,2017-02-06,3711,2017-01-06,1353,7490,,5,5,7,3711,0,0,0,,0,932,"TORREY PINES RD","TORREY PINES RD 12600",0.00,,N,A,-,N,,,,,,,,,,N,4,0,1,2,A,-,00,21760,C,N,-,G,A,A,H,-,A,D,0,,Y,,,Y,,A,01,0,0,1,0,0,0,1,0,0,"- ","- ",,,"SAN DIEGO","SAN DIEGO",-117.25846767,32.927397509999999
8282671,2016,2017-01-25,3711,2016-12-27,1753,7564,"SAN D",2,5,7,3711,0,0,0,,0,242,"WESTONHILL DR",GOLDCOAST,2.00,N,N,A,-,N,,,,,,,,,,N,4,0,1,2,A,-,08,22100,,M,D,G,A,A,H,-,C,D,0,,Y,,,Y,,-,,0,0,1,0,0,0,1,0,0,"- ","- ",,,"SAN DIEGO","SAN DIEGO",-117.13553008,32.905765479999999
8282765,2017,2017-01-18,3711,2017-01-05,1849,5700,,4,5,7,3711,0,0,0,,0,512,"IMPERIAL AV","26TH ST",0.00,,Y,B,C,N,,,,,,,,,,N,4,0,1,2,A,-,10,21950,A,N,G,B,B,B,H,-,C,A,0,Y,,,,Y,,-,,0,0,1,0,1,0,0,0,0,"- ","- ",,,"SAN DIEGO","SAN DIEGO",-117.13812013,32.706360009999997
8282773,2017,2017-01-18,3711,2017-01-04,0645,6986,,3,5,7,3711,0,0,0,,0,242,"PORT ROYALE DR","ANTRIM WY",0.00,,Y,A,-,N,,,,,,,,,,N,3,0,1,2,A,-,10,21950,A,N,G,B,C,A,H,-,B,D,0,Y,,,,Y,,-,,0,1,0,0,1,0,0,0,0,"- ","- ",,,"SAN DIEGO","SAN DIEGO",-117.15136011,32.903950010000003
8282828,2017,2017-01-27,3711,2017-01-08,1515,7434,,7,5,7,3711,0,0,0,,0,512,"S 30TH ST","GREELY AV",52.00,N,N,A,-,N,,,,,,,,,,N,3,0,1,2,A,-,09,21800,A,N,D,G,A,A,H,-,A,D,0,,Y,,,Y,,L,04,0,1,0,0,0,0,1,0,0,"- ","- ",,,"SAN DIEGO","SAN DIEGO",-117.12948347,32.698152409999999
8286959,2017,2017-01-25,3711,2017-01-11,1755,7309,,3,5,7,3711,0,0,0,,0,234,"BERNARDO CENTER DR","FAIRLIE RD",0.00,,Y,A,-,N,,,,,,,,,,N,4,0,1,2,A,-,10,21950,A,N,A,B,B,A,H,-,E,D,0,Y,,,,Y,,-,"- ",0,0,1,0,1,0,0,0,0,"- ","- ",,,"SAN DIEGO","SAN DIEGO",-117.07584011,33.02876011
8289399,2017,2017-01-27,3711,2017-01-14,1750,7143,,6,5,7,3711,0,0,0,,0,524,BROADWAY,"8TH AV",7.00,E,N,A,-,N,,,,,,,,,,N,4,0,1,2,A,-,10,21950,A,N,B,B,B,A,H,-,C,A,0,Y,,,,Y,,-,,0,0,1,0,1,0,0,0,0,"- ","- ",,,"SAN DIEGO","SAN DIEGO",-117.15738732,32.715719999999997
8290627,2017,2017-02-03,3711,2017-01-18,0711,7550,SANDI,3,5,7,3711,0,0,0,,0,114,"GENESEE AV","LEHRER DR",27.00,N,N,A,-,N,,,,,,,,,,N,4,0,1,2,A,-,08,22107,,N,G,G,A,A,H,-,A,A,0,,Y,,,Y,,L,04,0,0,1,0,0,0,1,0,0,"- ","- ",,,"SAN DIEGO","SAN DIEGO",-117.19594585999999,32.83780067
8290994,2017,2017-02-02,3711,2017-01-11,1230,6403,SDPD,3,5,7,3711,0,0,0,,0,234,"CALLE SUACILLO","PASEO LUCIDO",100.00,W,N,C,-,N,,,,,,,,,,N,4,0,1,2,A,-,21,22106,,M,A,B,E,B,H,-,A,-,0,Y,,,,Y,,A,01,0,0,1,0,1,0,0,0,0,"- ","- ",,,"SAN DIEGO","SAN DIEGO",-117.06818306,32.997008469999997
8291020,2017,2017-02-03,3711,2017-01-22,1831,7364,SDPD,7,5,7,3711,0,0,0,,0,822,"UNIVERSITY AV","58TH ST",0.00,,Y,B,C,N,,,,,,,,,,N,3,0,1,2,A,-,10,21950,A,M,G,B,B,B,H,-,C,A,0,Y,,,,Y,,A,01,0,1,0,0,1,0,0,0,0,"- ","- ",,,"SAN DIEGO","SAN DIEGO",-117.07287002,32.74914003
8291022,2017,2017-02-02,3711,2017-01-13,1737,4849,,5,5,7,3711,0,0,0,,0,529,"LAUREL ST","1ST AV",0.00,,Y,B,C,N,,,,,,,,,,N,3,0,1,2,A,-,11,21950,B,M,B,B,B,B,H,-,C,A,0,Y,,,,Y,,-,,0,1,0,0,1,0,0,0,0,"- ","- ",,,"SAN DIEGO","SAN DIEGO",-117.16395012,32.73136006
8291024,2017,2017-02-03,3711,2017-01-19,0631,7290,SDPD,4,5,7,3711,0,0,0,,0,314,"BIRMINGHAM WY","BIRMINGHAM DR",4.00,N,N,B,C,N,,,,,,,,,,N,4,0,1,2,A,-,10,21952,,N,G,B,F,B,H,-,B,D,0,Y,,,,Y,,A,01,0,0,1,0,1,0,0,0,0,"- ","- ",,,"SAN DIEGO","SAN DIEGO",-117.1538,32.796770000000002
8292086,2017,2017-12-26,3711,2017-03-09,1450,7162,,4,5,7,3711,0,0,0,,0,446,"47TH ST",CASTANA,200.00,N,N,A,-,N,,,,,,,,,,N,3,0,1,2,A,-,10,21950,D,N,G,B,D,A,H,-,A,D,0,Y,,,,Y,,N,60,0,1,0,0,1,0,0,0,0,"- ","- ",,,"SAN DIEGO","SAN DIEGO",-117.09362423,32.707217810000003
8292322,2017,2017-04-24,3711,2017-02-03,1803,7429,,5,5,7,3711,0,0,0,,0,,"LOGAN AV","S 35TH ST",8.00,E,N,B,-,N,,,,,,,,,,N,4,0,1,2,A,-,10,21950,A,N,G,B,B,A,H,-,B,-,0,Y,,,,Y,,A,01,0,0,1,0,1,0,0,0,0,"- ","- ",,,"SAN DIEGO","SAN DIEGO",-117.1189,32.697020000000002
8292774,2017,2017-07-19,3711,2017-06-26,1734,7586,,1,5,7,3711,0,0,0,,0,524,"ASH ST","7TH AV",9.00,E,N,A,-,N,,,,,,,,,,N,3,0,1,2,A,-,10,21950,A,N,G,B,E,A,H,-,A,D,0,Y,,,,Y,,-,,0,1,0,0,1,0,0,0,0,"- ","- ",,,"SAN DIEGO","SAN DIEGO",-117.15836083000001,32.719900000000003
8295307,2017,2017-02-07,3711,2017-01-13,1806,4897,,5,5,7,3711,0,0,0,,0,451,"EUCLID AV","FEDERAL BL",0.00,,Y,B,C,N,,,,,,,,,,N,2,0,1,2,A,-,10,21950,A,N,G,B,B,B,H,-,C,A,0,Y,,,,Y,,A,07,1,0,0,0,1,0,0,0,0,"- ","- ",,,"SAN DIEGO","SAN DIEGO",-117.08495001,32.721420090000002
8295313,2017,2017-02-07,3711,2017-01-25,1815,7552,,3,5,7,3711,0,0,0,,0,826,"WINONA AV","ORANGE AV",72.00,S,N,A,-,N,,,,,,,,,,N,4,0,1,2,A,-,10,21950,A,N,G,B,B,A,H,-,C,D,0,Y,,,,Y,,-,,0,0,1,0,1,0,0,0,0,"- ","- ",,,"SAN DIEGO","SAN DIEGO",-117.08793228,32.752852789999999
8295357,2017,2017-02-07,3711,2017-01-24,1758,6946,,2,5,7,3711,0,0,0,,0,242,"NORTHRUP DR","CANRIGHT WY",15.00,S,N,B,-,N,,,,,,,,,,N,4,0,1,2,A,-,10,21950,A,N,G,B,C,A,H,-,C,D,0,Y,,,,Y,,-,,0,0,1,0,1,0,0,0,0,"- ","- ",,,"SAN DIEGO","SAN DIEGO",-117.15915773,32.901431819999999
8304003,2017,2017-12-26,3711,2017-01-30,0737,7391,,1,5,7,3711,0,0,0,,0,713,"SIEMPRE VIVA RD","OTAY CENTER DR",0.00,,Y,A,-,N,,,,,,,,,,N,4,0,1,2,A,-,10,21950,A,M,G,B,B,A,H,-,A,A,0,Y,,,,Y,,-,99,0,0,1,0,1,0,0,0,0,"- ","- ",,,"SAN DIEGO","SAN DIEGO",-116.94243003,32.554060020000001
8304007,2017,2017-12-26,3711,2017-01-29,1939,7373,,7,5,7,3711,0,0,0,,0,122,"MISSION BL","THOMAS AV",0.00,S,N,A,-,N,,,,,,,,,,N,4,0,1,2,A,-,11,21950,B,N,G,B,B,A,H,-,C,A,0,Y,,,,Y,Y,N,60,0,0,1,0,1,0,0,0,0,"- ","- ",,,"SAN DIEGO","SAN DIEGO",-117.25459003,32.793630049999997