CASE_ID,ACCIDENT_YEAR,PROC_DATE,JURIS,COLLISION_DATE,COLLISION_TIME,OFFICER_ID,REPORTING_DISTRICT,DAY_OF_WEEK,CHP_SHIFT,POPULATION,CNTY_CITY_LOC,SPECIAL_COND,BEAT_TYPE,CHP_BEAT_TYPE,CITY_DIVISION_LAPD,CHP_BEAT_CLASS,BEAT_NUMBER,PRIMARY_RD,SECONDARY_RD,DISTANCE,DIRECTION,INTERSECTION,WEATHER_1,WEATHER_2,STATE_HWY_IND,CALTRANS_COUNTY,CALTRANS_DISTRICT,STATE_ROUTE,ROUTE_SUFFIX,POSTMILE_PREFIX,POSTMILE,LOCATION_TYPE,RAMP_INTERSECTION,SIDE_OF_HWY,TOW_AWAY,COLLISION_SEVERITY,NUMBER_KILLED,NUMBER_INJURED,PARTY_COUNT,PRIMARY_COLL_FACTOR,PCF_CODE_OF_VIOL,PCF_VIOL_CATEGORY,PCF_VIOLATION,PCF_VIOL_SUBSECTION,HIT_AND_RUN,TYPE_OF_COLLISION,MVIW,PED_ACTION,ROAD_SURFACE,ROAD_COND_1,ROAD_COND_2,LIGHTING,CONTROL_DEVICE,CHP_ROAD_TYPE,PEDESTRIAN_ACCIDENT,BICYCLE_ACCIDENT,MOTORCYCLE_ACCIDENT,TRUCK_ACCIDENT,NOT_PRIVATE_PROPERTY,ALCOHOL_INVOLVED,STWD_VEHTYPE_AT_FAULT,CHP_VEHTYPE_AT_FAULT,COUNT_SEVERE_INJ,COUNT_VISIBLE_INJ,COUNT_COMPLAINT_PAIN,COUNT_PED_KILLED,COUNT_PED_INJURED,COUNT_BICYCLIST_KILLED,COUNT_BICYCLIST_INJURED,COUNT_MC_KILLED,COUNT_MC_INJURED,PRIMARY_RAMP,SECONDARY_RAMP,LATITUDE,LONGITUDE,COUNTY,CITY,POINT_X,POINT_Y
8304037,2017,2017-02-09,3711,2017-01-25,1350,7138,,3,5,7,3711,0,0,0,,0,824,"50TH ST","EL CAJON BL",45.00,N,N,A,-,N,,,,,,,,,,N,4,0,1,2,A,-,11,21950,B,N,G,B,E,A,H,-,A,D,0,Y,,,,Y,,N,60,0,0,1,0,1,0,0,0,0,"- ","- ",,,"SAN DIEGO","SAN DIEGO",-117.08682888,32.756913259999997
8304048,2017,2017-03-23,3711,2017-01-25,0817,7416,SANDI,3,5,7,3711,0,0,0,,0,522,"FRONT ST","W ISLAND AV",1.00,S,N,A,-,N,,,,,,,,,,N,4,0,1,2,A,-,12,21453,A,N,D,G,A,A,H,-,A,A,0,,Y,,,Y,,A,01,0,0,1,0,0,0,1,0,0,"- ","- ",,,"SAN DIEGO","SAN DIEGO",-117.16469015,32.710437259999999
8304087,2017,2017-02-08,3711,2017-01-17,2335,7281,SD,2,5,7,3711,0,0,0,,0,,"KETTNER BL","KETTNER BL  1400",0.00,,N,B,-,N,,,,,,,,,,N,4,0,1,2,A,-,10,21950,,M,G,B,D,A,H,-,C,A,0,Y,,,,Y,,-,,0,0,1,0,1,0,0,0,0,"- ","- ",,,"SAN DIEGO","SAN DIEGO",-117.16921449,32.719872670000001
8304092,2017,2017-02-08,3711,2017-01-26,1210,7553,,4,5,7,3711,0,0,0,,0,122,DIAMOND,LAMONT,0.00,,Y,A,-,N,,,,,,,,,,N,3,0,1,2,A,-,09,21802,A,N,D,G,A,A,H,-,A,D,0,,Y,,,Y,,-,,0,1,0,0,0,0,1,0,0,"- ","- ",,,"SAN DIEGO","SAN DIEGO",-117.23618001,32.803770110000002
8304127,2017,2017-02-08,3711,2017-01-14,0840,5384,,6,5,7,3711,0,0,0,,0,723,"DEL SOL BL",KOSTNER,24.00,E,N,B,F,N,,,,,,,,,,N,3,0,1,2,D,-,00,,,N,G,B,B,B,H,-,A,D,0,Y,,,,Y,,-,"- ",0,1,0,0,1,0,0,0,0,"- ","- ",,,"SAN DIEGO","SAN DIEGO",-117.04343237,32.573559400000001
8304159,2017,2017-02-08,3711,2017-01-26,1856,7344,,4,5,7,3711,0,0,0,,0,824,"MONTEZUMA RD","FAIRMONT AV",450.00,E,N,A,-,N,,,,,,,,,,N,3,0,1,2,A,-,11,21954,A,N,B,B,E,A,H,-,D,D,0,Y,,,,Y,,N,60,0,1,0,0,1,0,0,0,0,"- ","- ",,,"SAN DIEGO","SAN DIEGO",-117.095771,32.772100520000002
8305194,2017,2017-03-16,3711,2017-02-01,0720,7483,,3,5,7,3711,0,0,0,,0,314,"5400 SANTA MARGARITA ST","SANTA MARGARITA ST",0.00,,Y,A,-,N,,,,,,,,,,N,3,0,1,2,D,-,00,,,N,G,B,E,A,H,-,A,D,0,Y,,,,Y,,-,"- ",0,1,0,0,1,0,0,0,0,"- ","- ",,,"SAN DIEGO","SAN DIEGO",-117.07836896000001,32.705906949999999
8305487,2017,2017-02-27,3711,2017-01-31,1615,7460,,2,5,7,3711,0,0,0,,0,627,"6TH AV","PENNSYLVANIA AV",0.00,,Y,A,-,N,,,,,,,,,,N,3,0,1,2,A,-,09,21801,A,M,H,G,A,A,D,-,B,A,0,,Y,,,Y,,A,01,0,1,0,0,0,0,1,0,0,"- ","- ",,,"SAN DIEGO","SAN DIEGO",-117.15957,32.745130039999999
8305686,2017,2017-02-15,3711,2017-01-31,1407,7494,,2,5,7,3711,0,0,0,,0,442,"NATIONAL AV","38TH ST",14.00,W,N,A,-,N,,,,,,,,,,N,4,0,1,2,A,-,00,29150,A,M,A,B,E,A,H,-,A,A,0,Y,,,,Y,,-,,0,0,1,0,1,0,0,0,0,"- ","- ",,,"SAN DIEGO","SAN DIEGO",-117.11251535,32.69603
8305698,2017,2017-02-15,3711,2017-01-31,1600,7425,,2,5,7,3711,0,0,0,,0,124,"500 PEARL ST","PEARL ST",3.00,S,N,A,-,N,,,,,,,,,,N,4,0,1,2,A,-,04,21703,,N,C,G,A,A,H,-,A,A,0,,Y,,,Y,,L,04,0,0,1,0,0,0,1,0,0,"- ","- ",,,"SAN DIEGO","SAN DIEGO",-117.27850735,32.839117549999997
8307458,2016,2017-05-04,3711,2016-07-14,1540,7230,,4,5,7,3711,0,0,0,,0,512,"29TH ST","IMPERIAL AV",10.00,S,N,A,-,N,,,,,,,,,,N,4,0,1,2,A,-,09,21802,A,N,D,G,A,A,H,-,A,A,0,,Y,,,Y,,-,,0,0,1,0,0,0,1,0,0,"- ","- ",,,"SAN DIEGO","SAN DIEGO",-117.13209895,32.70636262
8308093,2017,2017-03-30,3711,2017-02-23,2250,4576,,4,5,7,3711,0,0,0,,0,711,"HOLLISTER ST","SUNSET AV",3696.00,S,N,A,-,N,,,,,,,,,,N,3,0,1,2,A,-,05,21202,A,N,D,G,A,A,H,-,D,D,0,,Y,,,Y,,L,04,0,1,0,0,0,0,1,0,0,"- ","- ",,,"SAN DIEGO","SAN DIEGO",-117.08409926,32.548047779999997
8313043,2017,2017-03-03,3711,2017-02-08,1846,7435,,3,5,7,3711,0,0,0,,0,124,"VIA CAPRI","VIA SIENA",60.00,S,N,E,-,N,,,,,,,,,,N,4,0,1,2,A,-,08,22107,,M,H,G,A,A,H,-,D,D,0,,Y,,,Y,,-,,0,0,1,0,0,0,1,0,0,"- ","- ",,,"SAN DIEGO","SAN DIEGO",-117.25280277,32.844252410000003
8313370,2017,2017-02-27,3711,2017-02-12,0937,7525,,7,5,7,3711,0,0,0,,0,122,"GARNET AV","JEWELL ST",0.00,,Y,A,-,N,,,,,,,,,,N,4,0,1,2,A,-,12,21453,A,N,D,G,A,A,H,-,A,A,0,,Y,,,Y,,L,04,0,0,1,0,0,0,1,0,0,"- ","- ",32.800260000000002,-117.23904,"SAN DIEGO","SAN DIEGO",-117.2389701,32.800200080000003
8313410,2017,2017-02-27,3711,2017-02-10,1226,6898,NORTH,5,5,7,3711,0,0,0,,0,122,"BAYARD ST","CHALCEDONY ST",9.00,N,N,B,-,N,,,,,,,,,,N,4,0,1,2,A,-,12,22450,,N,G,B,E,A,H,-,A,A,0,Y,,,,Y,,N,60,0,0,1,0,1,0,0,0,0,"- ","- ",,,"SAN DIEGO","SAN DIEGO",-117.25507791,32.801623730000003
8313421,2017,2017-02-27,3711,2017-02-13,1637,7562,,1,5,7,3711,0,0,0,,0,432,"OLVERA AV","S SAN JACINTO DR",150.00,E,N,A,-,N,,,,,,,,,,N,4,0,1,2,A,-,11,21950,B,N,G,B,D,A,H,-,A,D,0,Y,,,,Y,,N,60,0,0,1,0,1,0,0,0,0,"- ","- ",,,"SAN DIEGO","SAN DIEGO",-117.07923087,32.698811839999998
8316111,2017,2017-02-23,3711,2017-02-09,1606,7628,,4,5,7,3711,0,0,0,,0,521,"16TH ST","G ST",0.00,,Y,A,-,N,,,,,,,,,,N,3,0,1,2,A,-,09,21801,A,M,D,G,A,A,H,-,A,A,0,,Y,,,Y,,-,,0,1,0,0,0,0,1,0,0,"- ","- ",,,"SAN DIEGO","SAN DIEGO",-117.14949011,32.71261002
8316130,2017,2017-02-24,3711,2017-02-03,0232,4576,,5,5,7,3711,0,0,0,,0,451,"54TH ST","LAUREL ST",239.00,S,N,A,-,N,,,,,,,,,,N,2,0,1,2,A,-,11,21954,A,N,G,B,D,A,H,-,C,D,0,Y,,,,Y,,N,60,1,0,0,0,1,0,0,0,0,"- ","- ",,,"SAN DIEGO","SAN DIEGO",-117.07992557999999,32.730035479999998
8318996,2017,2017-02-27,3711,2017-02-14,1512,7183,CE,2,5,7,3711,0,0,0,,0,521,"F ST","10TH AV",4.00,W,N,A,-,N,,,,,,,,,,N,3,0,1,2,A,-,10,21950,A,N,G,B,B,A,H,-,A,A,0,Y,,,,Y,,-,,0,1,0,0,1,0,0,0,0,"- ","- ",,,"SAN DIEGO","SAN DIEGO",-117.15561296,32.713629849999997
8319390,2017,2017-03-07,3711,2017-02-15,0335,6686,,3,5,7,3711,0,0,0,,0,528,"COLUMBIA ST","HAWTHORN ST",0.00,,Y,E,-,N,,,,,,,,,,N,2,0,1,2,A,-,11,21456,B,N,B,B,B,A,H,-,C,A,0,Y,,,,Y,Y,N,60,1,0,0,0,1,0,0,0,0,"- ","- ",,,"SAN DIEGO","SAN DIEGO",-117.16864006,32.7266701
8319430,2017,2017-03-07,3711,2017-02-06,1934,7122,,1,5,7,3711,0,0,0,,0,627,"6TH AV","PENNSYLVANIA AV",0.00,,Y,C,-,N,,,,,,,,,,N,3,0,1,2,A,-,11,21456,B,N,G,B,B,B,H,-,C,A,0,Y,,,,Y,Y,N,60,0,1,0,0,1,0,0,0,0,"- ","- ",,,"SAN DIEGO","SAN DIEGO",-117.15957,32.745130039999999
8321280,2017,2017-03-10,3711,2017-02-17,2347,7467,SD,5,5,7,3711,0,0,0,,0,,"ISLAND AV","4TH AV",5.00,E,N,C,-,N,,,,,,,,,,N,4,0,1,2,A,-,10,21950,A,N,G,B,B,B,H,-,C,A,0,Y,,,,Y,,-,,0,0,1,0,1,0,0,0,0,"- ","- ",,,"SAN DIEGO","SAN DIEGO",-117.16101380000001,32.710439819999998
8323524,2017,2017-03-16,3711,2017-02-27,1647,7245,,1,5,7,3711,0,0,0,,0,512,"22ND ST","IMPERIAL AV",0.00,,Y,B,C,N,,,,,,,,,,N,4,0,1,2,A,-,09,21802,A,N,D,G,A,B,H,-,B,A,0,,Y,,,Y,,-,,0,0,1,0,0,0,1,0,0,"- ","- ",,,"SAN DIEGO","SAN DIEGO",-117.14396012,32.706290039999999
8323544,2017,2017-03-16,3711,2017-02-26,0050,6372,,7,5,7,3711,0,0,0,,0,512,"S 31ST ST","WEBSTER AV",29.00,S,N,B,-,N,,,,,,,,,,N,2,0,1,2,D,-,00,,,F,G,B,E,A,H,-,C,D,0,Y,,,,Y,Y,-,"- ",1,0,0,0,1,0,0,0,0,"- ","- ",,,"SAN DIEGO","SAN DIEGO",-117.12735000000001,32.704240560000002
8323572,2017,2017-03-16,3711,2017-02-27,2130,7480,,1,5,7,3711,0,0,0,,0,242,"GOLD COAST DR","CAMINO RUIZ",95.00,E,N,B,C,N,,,,,,,,,,N,4,0,1,2,D,-,00,,,N,G,B,F,B,H,-,C,D,0,Y,,,,Y,,-,"- ",0,0,1,0,1,0,0,0,0,"- ","- ",,,"SAN DIEGO","SAN DIEGO",-117.14588206000001,32.905321970000003
8326105,2017,2017-03-20,3711,2017-03-01,1102,6774,,3,5,7,3711,0,0,0,,0,115,"ARRIBA ST","REGENTS RD",7.00,W,N,A,-,N,,,,,,,,,,N,3,0,1,2,A,-,10,21950,A,N,G,B,B,A,H,-,A,A,0,Y,,,,Y,,D,22,0,1,0,0,1,0,0,0,0,"- ","- ",,,"SAN DIEGO","SAN DIEGO",-117.22282053000001,32.861358209999999
8326699,2017,2017-04-25,3711,2017-03-05,2359,7540,,7,5,7,3711,0,0,0,,0,813,"EL CAJON BL","KANSAS ST",21.00,W,N,A,-,N,,,,,,,,,,N,4,0,1,2,A,-,11,21955,,N,G,B,D,A,H,-,C,D,0,Y,,,,Y,Y,N,60,0,0,1,0,1,0,0,0,0,"- ","- ",,,"SAN DIEGO","SAN DIEGO",-117.13148808,32.755400000000002
8326707,2017,2017-04-25,3711,2017-03-03,0752,6833,SANDI,5,5,7,3711,0,0,0,,0,312,"SANTO RD","SHIELDS ST",0.00,,Y,A,-,N,,,,,,,,,,N,3,0,1,2,A,-,10,21950,A,N,G,B,B,A,H,-,A,A,0,Y,,,,Y,,-,,0,1,0,0,1,0,0,0,0,"- ","- ",,,"SAN DIEGO","SAN DIEGO",-117.10519011,32.81612011
8326787,2017,2017-04-05,3711,2017-03-02,0735,6702,,4,5,7,3711,0,0,0,,0,432,"EUCLID AV","NARANJA ST",0.00,,Y,A,-,N,,,,,,,,,,N,4,0,1,2,A,-,10,21950,A,N,G,B,B,A,H,-,A,A,0,Y,,,,Y,,A,01,0,0,1,0,1,0,0,0,0,"- ","- ",,,"SAN DIEGO","SAN DIEGO",-117.08504008,32.708630079999999
8328940,2017,2017-03-27,3711,2017-03-08,1554,6896,,3,5,7,3711,0,0,0,,0,,"VAN DYKE AV","ORANGE AV",0.00,,Y,A,-,N,,,,,,,,,,N,3,0,1,3,A,-,21,22106,,N,D,B,B,A,H,-,A,D,0,Y,Y,,,Y,,-,,0,1,0,0,1,0,0,0,0,"- ","- ",,,"SAN DIEGO","SAN DIEGO",-117.10318009,32.753180120000003
8328948,2017,2017-03-27,3711,2017-03-07,1523,7355,,2,5,7,3711,0,0,0,,0,821,"EL CAJON BL","COLLEGE AV",20.00,W,N,A,-,N,,,,,,,,,,N,3,0,1,2,A,-,11,21954,A,N,G,B,D,A,H,-,A,D,0,Y,,,,Y,Y,N,60,0,1,0,0,1,0,0,0,0,"- ","- ",,,"SAN DIEGO","SAN DIEGO",-117.06708637,32.761322939999999
8329107,2017,2017-03-28,3711,2017-03-06,1520,7541,,1,5,7,3711,0,0,0,,0,934,"BANFIELD LN","HARTFIELD LN",0.00,,Y,A,-,N,,,,,,,,,,N,3,0,1,2,A,-,11,21950,B,N,B,G,A,A,H,-,A,A,0,,Y,,,Y,,L,04,0,1,0,0,0,0,1,0,0,"- ","- ",,,"SAN DIEGO","SAN DIEGO",-117.23129011,32.958630059999997
8330965,2017,2017-04-05,3711,2017-03-24,1637,7519,,5,5,7,3711,0,0,0,,0,525,"FRONT ST","BROADWAY 220",0.00,,Y,A,-,N,,,,,,,,,,N,3,0,1,2,A,-,11,21456,A,N,G,B,-,A,H,-,A,A,0,Y,,,,Y,,N,60,0,1,0,0,1,0,0,0,0,"- ","- ",,,"SAN DIEGO","SAN DIEGO",-117.16474235,32.716960090000001
8334651,2017,2017-04-04,3711,2017-03-09,1946,4653,,4,5,7,3711,0,0,0,,0,441,"43RD ST","GAMMA ST",139.00,N,N,A,-,N,,,,,,,,,,N,2,0,1,2,A,-,11,21954,A,N,G,B,-,A,H,-,A,D,0,Y,,,,Y,,N,60,1,0,0,0,1,0,0,0,0,"- ","- ",,,"SAN DIEGO","SAN DIEGO",-117.10245541,32.690190729999998
8334655,2017,2017-04-04,3711,2017-03-17,1440,4892,,5,5,7,3711,0,0,0,,0,613,"NIAGARA AV","SANTA BARBARA ST",81.00,E,N,A,-,N,,,,,,,,,,N,3,0,1,2,A,-,11,21954,A,N,B,B,-,A,H,-,A,D,0,Y,,,,Y,,N,60,0,1,0,0,1,0,0,0,0,"- ","- ",,,"SAN DIEGO","SAN DIEGO",-117.2411688,32.739478149999997
8334680,2017,2017-03-30,3711,2017-03-13,1809,4643,,1,5,7,3711,0,0,0,,0,824,"44TH ST","MONROE AV",695.00,N,N,A,-,N,,,,,,,,,,N,2,0,1,2,A,-,17,22517,,N,B,G,A,A,H,-,A,D,0,,Y,,,Y,,A,01,1,0,0,0,0,0,1,0,0,"- ","- ",,,"SAN DIEGO","SAN DIEGO",-117.09852081,32.760564780000003
8334906,2017,2017-03-28,3711,2017-03-11,1400,7509,CENTR,6,5,7,3711,0,0,0,,0,521,"16TH ST","J ST",0.00,,Y,A,-,N,,,,,,,,,,N,4,0,1,2,A,-,05,21650,1,N,G,G,A,A,H,-,A,A,0,,Y,,,Y,,L,04,0,0,1,0,0,0,1,0,0,"- ","- ",,,"SAN DIEGO","SAN DIEGO",-117.14944002,32.709410089999999
8334927,2017,2017-03-29,3711,2017-03-13,1640,7425,,1,5,7,3711,0,0,0,,0,113,"DAMON AV","SANTA FE ST",250.00,W,N,A,-,N,,,,,,,,,,N,4,0,1,2,A,-,08,22107,,F,A,G,A,A,H,-,A,D,0,,Y,,,Y,Y,L,04,0,0,1,0,0,0,1,0,0,"- ","- ",,,"SAN DIEGO","SAN DIEGO",-117.21757678,32.80972096
8336227,2017,2017-04-15,3711,2017-03-19,1745,7264,,7,5,7,3711,0,0,0,,0,623,"HOTEL CIRCLE SOUTH","BACHMAN PL",340.00,E,N,A,-,N,,,,,,,,,,N,4,0,1,2,A,-,"- ",,,N,B,G,A,A,H,-,A,D,0,,Y,,,Y,,-,,0,0,1,0,0,0,1,0,0,"- ","- ",,,"SAN DIEGO","SAN DIEGO",-117.16653513999999,32.760693240000002
8337067,2017,2017-06-02,3711,2017-04-27,0922,7198,,4,5,7,3711,0,0,0,,0,541,"PARK BL","IMPERIAL AV",0.00,,Y,A,-,N,,,,,,,,,,N,3,0,1,2,A,-,12,21453,A,N,H,G,A,A,D,-,A,A,0,,Y,,,Y,,L,04,0,1,0,0,0,0,1,0,0,"- ","- ",,,"SAN DIEGO","SAN DIEGO",-117.15596011,32.706530059999999
8337330,2017,2017-04-07,3711,2017-03-22,1115,7154,,3,5,7,3711,0,0,0,,0,627,"WASHINGTON ST","3RD AV",180.00,W,N,B,-,N,,,,,,,,,,N,4,0,1,2,A,-,"- ",,I,N,D,G,A,A,H,-,A,D,0,,Y,,,Y,,L,04,0,0,1,0,0,0,1,0,0,"- ","- ",,,"SAN DIEGO","SAN DIEGO",-117.1633234,32.749970439999998
8338652,2017,2017-04-07,3711,2017-03-26,2129,7238,,7,5,7,3711,0,0,0,,0,838,"ORANGE AV","33RD ST",10.00,S,N,A,-,N,,,,,,,,,,,3,0,1,2,A,-,11,21954,A,N,A,B,D,A,H,-,C,D,0,Y,,,,Y,,N,60,0,1,0,0,1,0,0,0,0,"- ","- ",,,"SAN DIEGO","SAN DIEGO",-117.12294,32.753320000000002
8338698,2017,2017-04-10,3711,2017-03-28,1815,7006,,2,5,7,3711,0,0,0,,0,826,"TROJAN AV","51ST ST",0.00,,Y,B,-,N,,,,,,,,,,N,4,0,1,2,A,-,09,21801,A,N,B,G,A,A,H,-,B,D,0,,Y,,,Y,,-,,0,0,1,0,0,0,1,0,0,"- ","- ",,,"SAN DIEGO","SAN DIEGO",-117.08468010999999,32.754890009999997
8339121,2017,2017-12-26,3711,2017-03-15,1952,7310,SDPDS,3,5,7,3711,0,0,0,,0,721,"CORONADO AV","GAYWOOD ST",15.00,E,N,A,-,N,,,,,,,,,,N,4,0,1,3,A,-,11,21954,A,M,G,B,D,A,H,-,C,D,0,Y,,,,Y,,N,60,0,0,1,0,1,0,0,0,0,"- ","- ",,,"SAN DIEGO","SAN DIEGO",-117.10041147,32.576509999999999
8343939,2017,2017-04-17,3711,2017-02-27,1103,6632,MC1,1,5,7,3711,0,0,0,,0,627,"EL CAJON BL","TEXAS ST",81.00,W,N,B,C,N,,,,,,,,,,N,4,0,1,2,A,-,03,22350,A,N,G,B,F,B,H,-,A,D,0,Y,,,,Y,,-,,0,0,1,0,1,0,0,0,0,"- ","- ",,,"SAN DIEGO","SAN DIEGO",-117.13911256999999,32.755377850000002
8346152,2017,2017-04-18,3711,2017-04-06,1847,7390,,4,5,7,3711,0,0,0,,0,122,"FANUEL ST","GRAND AV",0.00,,Y,A,-,N,,,,,,,,,,N,3,0,1,2,A,-,10,21950,A,N,G,B,D,A,H,-,A,A,0,Y,,,,Y,,-,,0,1,0,0,1,0,0,0,0,"- ","- ",,,"SAN DIEGO","SAN DIEGO",-117.24580012,32.796720120000003
8346197,2017,2017-04-19,3711,2017-04-10,0739,6734,,1,5,7,3711,0,0,0,,0,611,"ROSECRANS ST","ROSECRANS ST 2000",0.00,,Y,A,-,N,,,,,,,,,,N,4,0,1,2,A,-,10,21950,A,N,G,B,B,A,H,-,A,A,0,Y,,,,Y,,-,,0,0,1,0,1,0,0,0,0,"- ","- ",,,"SAN DIEGO","SAN DIEGO",-117.22266286999999,32.732256810000003
8347220,2017,2017-04-17,3711,2017-04-04,1700,7570,,2,5,7,3711,0,0,0,,0,836,"MAPLE ST","FAIRMONT AV",150.00,E,N,A,-,N,,,,,,,,,,N,3,0,1,2,A,-,09,21804,A,N,D,G,A,A,H,-,A,D,0,,Y,,,Y,,L,04,0,1,0,0,0,0,1,0,0,"- ","- ",,,"SAN DIEGO","SAN DIEGO",-117.10057448000001,32.733339489999999
8349423,2017,2017-04-20,3711,2017-04-11,1820,7550,"SAN D",2,5,7,3711,0,0,0,,0,611,"MIDWAY DR","RILEY ST",0.00,,Y,A,-,N,,,,,,,,,,N,3,0,1,2,A,-,11,21954,A,M,G,B,-,A,H,-,A,D,0,Y,,,,Y,Y,N,60,0,1,0,0,1,0,0,0,0,"- ","- ",,,"SAN DIEGO","SAN DIEGO",-117.20815003,32.750370070000002
8357216,2017,2017-05-03,3711,2017-04-18,1945,7425,,2,5,7,3711,0,0,0,,0,115,"TOWNE CENTRE DR","GOLDEN HAVEN DR",0.00,,Y,A,-,N,,,,,,,,,,N,3,0,1,2,A,-,11,21950,B,N,G,B,B,A,H,-,A,A,0,Y,,,,Y,,N,60,0,1,0,0,1,0,0,0,0,"- ","- ",,,"SAN DIEGO","SAN DIEGO",-117.20704007000001,32.870010039999997
8359399,2017,2017-05-17,3711,2017-04-29,1945,6151,,6,5,7,3711,0,0,0,,0,312,"CLAIREMONT MESA BL","ANTIGUA BL",280.00,E,N,A,-,N,,,,,,,,,,Y,4,0,1,2,A,-,08,22107,,N,B,B,F,A,H,-,B,D,0,Y,,,,Y,,-,,0,0,1,0,1,0,0,0,0,"- ","- ",,,"SAN DIEGO","SAN DIEGO",-117.10840659,32.831044769999998
8360560,2017,2017-05-15,3711,2017-05-01,0719,7580,SANDI,1,5,7,3711,0,0,0,,0,524,BROADWAY,"9TH ST",3.00,E,N,A,-,N,,,,,,,,,,N,4,0,1,2,A,-,09,21801,A,N,D,G,A,A,H,-,A,A,0,,Y,,,Y,,-,,0,0,1,0,0,0,1,0,0,"- ","- ",,,"SAN DIEGO","SAN DIEGO",-117.15650028,32.715719999999997
8361502,2017,2017-05-17,3711,2017-04-30,2002,6372,,7,5,7,3711,0,0,0,,0,112,"MOUNT ETNA DR","GENESEE AV",0.00,,Y,A,-,N,,,,,,,,,,N,3,0,1,2,A,-,10,21950,A,F,G,B,B,A,H,-,C,A,0,Y,,,,Y,,-,99,0,1,0,0,1,0,0,0,0,"- ","- ",,,"SAN DIEGO","SAN DIEGO",-117.18305003,32.821360089999999
8362653,2017,2017-05-12,3711,2017-05-02,1914,7494,,2,5,7,3711,0,0,0,,0,446,"SOUTH 47TH ST","T ST",2.00,N,N,A,-,N,,,,,,,,,,N,4,0,1,2,A,-,11,21950,B,N,A,B,B,A,H,-,A,A,0,Y,,Y,,Y,,N,60,0,0,1,0,1,0,0,0,0,"- ","- ",,,"SAN DIEGO","SAN DIEGO",-117.09371003,32.698615480000001
8363302,2017,2017-05-15,3711,2017-04-27,1455,7154,,4,5,7,3711,0,0,0,,0,008,"POLK AV","MARLBOROUGH AV",17.00,E,N,A,-,N,,,,,,,,,,N,4,0,1,2,A,-,10,21950,A,M,G,B,B,A,H,-,A,D,0,Y,,,,Y,,-,99,0,0,1,0,1,0,0,0,0,"- ","- ",,,"SAN DIEGO","SAN DIEGO",-117.10561490000001,32.751439099999999
8370498,2017,2017-05-19,3711,2017-05-08,1043,7620,,1,5,7,3711,0,0,0,,0,935,"VIA DE LA VALLE","VIA DE LA VALLE 2690",0.00,,-,A,-,N,,,,,,,,,,Y,3,0,1,2,A,-,21,22106,,N,B,B,F,A,H,-,A,D,0,Y,,,,Y,,A,01,0,1,0,0,1,0,0,0,0,"- ","- ",,,"SAN DIEGO","SAN DIEGO",-117.25031734,32.98058065
8370514,2017,2017-05-19,3711,2017-05-02,0932,6303,,2,5,7,3711,0,0,0,,0,521,BROADWAY,"13TH ST",0.00,,Y,A,-,N,,,,,,,,,,N,4,0,1,2,A,-,10,21950,,N,G,B,B,A,H,-,A,A,0,Y,,,,Y,,A,01,0,0,1,0,1,0,0,0,0,"- ","- ",,,"SAN DIEGO","SAN DIEGO",-117.15287003,32.715750110000002
8371327,2017,2017-06-16,3711,2017-03-16,1800,74653,,4,5,7,3711,0,0,0,,0,838,"LINCOLN AV","33RD ST",0.00,,Y,A,-,N,,,,,,,,,,N,3,0,1,2,A,-,09,21801,A,N,D,G,A,A,H,-,A,D,0,,Y,,,Y,,A,01,0,1,0,0,0,0,1,0,0,"- ","- ",,,"SAN DIEGO","SAN DIEGO",-117.12257004,32.750350089999998
8371567,2017,2018-03-20,3711,2017-05-10,1727,7202,,3,5,7,3711,0,0,0,,0,433,"IMPERIAL AV","63RD ST",0.00,,Y,A,-,N,,,,,,,,,,N,2,0,1,2,A,-,10,21950,A,N,G,B,E,A,-,-,A,A,0,Y,,,,Y,Y,N,60,1,0,0,0,1,0,0,0,0,"- ","- ",,,"SAN DIEGO","SAN DIEGO",-117.06235008,32.710050029999998
8371890,2017,2017-05-25,3711,2017-05-11,1136,5627,,4,5,7,3711,0,0,0,,0,112,"GENESEE AV","MOUNT ALIFAN DR",4.00,S,N,A,-,N,,,,,,,,,,N,3,0,1,2,A,-,17,21451,A,N,H,G,A,A,H,-,A,A,0,,Y,,,Y,,A,01,0,1,0,0,0,0,1,0,0,"- ","- ",,,"SAN DIEGO","SAN DIEGO",-117.18090511,32.817249850000003
8371910,2017,2017-05-25,3711,2017-05-11,1209,7597,,4,5,7,3711,0,0,0,,0,122,"LORING ST","CASS ST",0.00,,Y,A,-,N,,,,,,,,,,N,4,0,1,2,A,-,09,21802,A,N,D,B,A,A,H,-,A,D,0,,Y,,,Y,,-,,0,0,1,0,0,0,1,0,0,"- ","- ",,,"SAN DIEGO","SAN DIEGO",-117.25440012,32.805800079999997
8373241,2017,2017-06-06,3711,2017-05-18,1800,6614,,4,5,7,3711,0,0,0,,0,124,"TORREY PINES RD","ARDATH LN",1140.00,N,N,A,-,N,,,,,,,,,,N,4,0,1,2,A,-,09,21801,,N,D,G,A,A,H,-,A,D,0,,Y,,,Y,,A,01,0,0,1,0,0,0,1,0,0,"- ","- ",,,"SAN DIEGO","SAN DIEGO",-117.24695658,32.851619239999998
8373257,2017,2017-06-06,3711,2017-05-22,1118,7439,,1,5,7,3711,0,0,0,,0,823,"UNIVERSITY AV","UNIVERSITY SQUARE",0.00,,Y,A,-,N,,,,,,,,,,N,3,0,1,2,A,-,12,21453,A,N,D,G,A,A,H,-,A,A,0,,Y,,,Y,,L,04,0,1,0,0,0,0,1,0,0,"- ","- ",,,"SAN DIEGO","SAN DIEGO",-117.16390002999999,32.748270069999997