CASE_ID,ACCIDENT_YEAR,PROC_DATE,JURIS,COLLISION_DATE,COLLISION_TIME,OFFICER_ID,REPORTING_DISTRICT,DAY_OF_WEEK,CHP_SHIFT,POPULATION,CNTY_CITY_LOC,SPECIAL_COND,BEAT_TYPE,CHP_BEAT_TYPE,CITY_DIVISION_LAPD,CHP_BEAT_CLASS,BEAT_NUMBER,PRIMARY_RD,SECONDARY_RD,DISTANCE,DIRECTION,INTERSECTION,WEATHER_1,WEATHER_2,STATE_HWY_IND,CALTRANS_COUNTY,CALTRANS_DISTRICT,STATE_ROUTE,ROUTE_SUFFIX,POSTMILE_PREFIX,POSTMILE,LOCATION_TYPE,RAMP_INTERSECTION,SIDE_OF_HWY,TOW_AWAY,COLLISION_SEVERITY,NUMBER_KILLED,NUMBER_INJURED,PARTY_COUNT,PRIMARY_COLL_FACTOR,PCF_CODE_OF_VIOL,PCF_VIOL_CATEGORY,PCF_VIOLATION,PCF_VIOL_SUBSECTION,HIT_AND_RUN,TYPE_OF_COLLISION,MVIW,PED_ACTION,ROAD_SURFACE,ROAD_COND_1,ROAD_COND_2,LIGHTING,CONTROL_DEVICE,CHP_ROAD_TYPE,PEDESTRIAN_ACCIDENT,BICYCLE_ACCIDENT,MOTORCYCLE_ACCIDENT,TRUCK_ACCIDENT,NOT_PRIVATE_PROPERTY,ALCOHOL_INVOLVED,STWD_VEHTYPE_AT_FAULT,CHP_VEHTYPE_AT_FAULT,COUNT_SEVERE_INJ,COUNT_VISIBLE_INJ,COUNT_COMPLAINT_PAIN,COUNT_PED_KILLED,COUNT_PED_INJURED,COUNT_BICYCLIST_KILLED,COUNT_BICYCLIST_INJURED,COUNT_MC_KILLED,COUNT_MC_INJURED,PRIMARY_RAMP,SECONDARY_RAMP,LATITUDE,LONGITUDE,COUNTY,CITY,POINT_X,POINT_Y
8373269,2017,2017-06-20,3711,2017-05-21,2244,4759,"SAN D",7,5,7,3711,0,0,0,,0,122,"PACIFIC BEACH DR","BAYARD ST",143.00,W,N,B,-,N,,,,,,,,,,N,3,0,1,2,A,-,"- ",,,M,C,G,A,A,G,-,D,D,0,,Y,,,Y,Y,-,,0,1,0,0,0,0,1,0,0,"- ","- ",,,"SAN DIEGO","SAN DIEGO",-117.25237548,32.791260899999997
8373328,2017,2017-06-06,3711,2017-05-18,2212,7598,,4,5,7,3711,0,0,0,,0,834,"WIGHTMAN ST","VAN DYKE AV",0.00,,Y,A,-,N,,,,,,,,,,N,4,0,1,2,A,-,09,21802,A,F,D,G,A,A,H,-,C,A,0,,Y,,,Y,Y,-,,0,0,1,0,0,0,1,0,0,"- ","- ",,,"SAN DIEGO","SAN DIEGO",-117.10323,32.747760110000002
8375237,2017,2017-06-06,3711,2017-05-23,2130,6628,,2,5,7,3711,0,0,0,,0,517,"J ST","19TH ST",5.00,W,N,A,-,N,,,,,,,,,,N,4,0,1,2,A,-,10,21950,A,N,G,B,B,A,H,-,C,D,0,Y,,,,Y,,-,,0,0,1,0,1,0,0,0,0,"- ","- ",,,"SAN DIEGO","SAN DIEGO",-117.1467162,32.709409999999998
8375462,2017,2017-06-08,3711,2017-05-27,1834,6969,,6,5,7,3711,0,0,0,,0,234,"RANCHO BERNARDO RD","POMERADO RD",165.00,W,N,A,-,N,,,,,,,,,,N,4,0,1,2,A,-,11,21950,B,M,G,B,D,A,H,-,A,A,0,Y,,,,Y,,N,60,0,0,1,0,1,0,0,0,0,"- ","- ",,,"SAN DIEGO","SAN DIEGO",-117.06155457,33.018742269999997
8376436,2017,2018-03-20,3711,2017-05-17,2245,7592,,3,5,7,3711,0,0,0,,0,624,"ALABAMA ST","EL CAJON BL",0.00,,Y,A,-,N,,,,,,,,,,Y,3,0,2,4,A,-,08,22107,,N,D,B,F,A,H,-,C,D,0,Y,,,,Y,,-,,0,2,0,0,2,0,0,0,0,"- ","- ",,,"SAN DIEGO","SAN DIEGO",-117.1425701,32.755350069999999
8377759,2017,2017-07-11,3711,2017-04-09,1850,6551,,7,5,7,3711,0,0,0,,0,,"MARATHON DR",SHAWN,20.00,S,N,A,-,N,,,,,,,,,,N,3,0,1,2,A,-,10,21950,A,N,G,B,D,A,H,-,A,D,0,Y,,,,Y,,-,,0,1,0,0,1,0,0,0,0,"- ","- ",,,"SAN DIEGO","SAN DIEGO",-117.12337782,32.794972430000001
8384125,2017,2017-07-24,3711,2017-05-28,1548,6259,,7,5,7,3711,0,0,0,,0,122,"MISSION WEST ALLEY","MISSION WEST ALLEY 4500",0.00,,N,A,-,N,,,,,,,,,,N,4,0,1,2,A,-,17,22517,,N,H,G,A,A,H,-,A,D,0,,Y,,,Y,,A,01,0,0,1,0,0,0,1,0,0,"- ","- ",,,"SAN DIEGO","SAN DIEGO",,
8384334,2017,2017-07-03,3711,2017-06-13,1826,6785,,2,5,7,3711,0,0,0,,0,242,"CAMINO RUIZ","ZAPATA AV",10.00,S,N,A,-,N,,,,,,,,,,N,3,0,1,2,A,-,09,21801,A,N,D,G,A,A,H,-,A,D,0,,Y,,,Y,,A,01,0,1,0,0,0,0,1,0,0,"- ","- ",,,"SAN DIEGO","SAN DIEGO",-117.14402,32.92726261
8384335,2017,2017-06-27,3711,2017-06-09,0845,6134,SANDI,5,5,7,3711,0,0,0,,0,115,"GOVERNOR DR","MERCER ST",200.00,W,N,A,-,N,,,,,,,,,,N,3,0,1,2,A,-,08,22107,,M,B,G,A,A,H,-,A,A,0,,Y,,,Y,,-,,0,1,0,0,0,0,1,0,0,"- ","- ",,,"SAN DIEGO","SAN DIEGO",-117.21042356,32.851704259999998
8384342,2017,2017-09-07,3711,2017-06-13,2124,7312,,2,5,7,3711,0,0,0,,0,327,"ALVARADO RD","RESERVOIR DR",0.00,,Y,A,-,N,,,,,,,,,,N,4,0,1,2,-,-,"- ",,,M,G,B,B,A,H,-,C,A,0,Y,,,,Y,,-,"- ",0,0,1,0,1,0,0,0,0,"- ","- ",,,"SAN DIEGO","SAN DIEGO",-117.05621012,32.777040110000002
8384343,2017,2017-06-27,3711,2017-06-13,1114,5498,,2,5,7,3711,0,0,0,,0,521,"IMPERIAL AV","15TH ST",62.00,W,N,A,-,N,,,,,,,,,,Y,4,0,1,2,C,-,18,,,N,G,B,F,A,H,-,A,D,0,Y,,,,Y,,-,"- ",0,0,1,0,1,0,0,0,0,"- ","- ",,,"SAN DIEGO","SAN DIEGO",-117.15055088,32.706288690000001
8384358,2017,2017-09-07,3711,2017-06-12,1519,7466,,1,5,7,3711,0,0,0,,0,313,"RUFFIN RD","VILLAGE GLEN DR",8.00,N,N,A,-,N,,,,,,,,,,N,3,0,1,2,A,-,10,21950,A,N,G,B,B,A,H,-,A,A,0,Y,,,,Y,,-,,0,1,0,0,1,0,0,0,0,"- ","- ",,,"SAN DIEGO","SAN DIEGO",-117.12879,32.804961910000003
8384362,2017,2017-07-03,3711,2017-06-08,1023,5429,,4,5,7,3711,0,0,0,,0,616,"BESSEMER ST","SCOTT ST",51.00,W,N,A,-,N,,,,,,,,,,N,4,0,1,3,A,-,08,22107,,N,B,B,E,A,E,-,A,D,0,Y,,,,Y,,-,,0,0,1,0,1,0,0,0,0,"- ","- ",,,"SAN DIEGO","SAN DIEGO",-117.23398829,32.718642330000002
8384369,2017,2017-07-05,3711,2017-06-14,1209,7497,,3,5,7,3711,0,0,0,,0,512,JULIAN,SAMPSON,5.00,E,N,A,-,N,,,,,,,,,,N,3,0,1,2,A,-,10,21950,A,N,G,B,B,A,H,-,A,D,0,Y,,,,Y,,A,01,0,1,0,0,1,0,0,0,0,"- ","- ",,,"SAN DIEGO","SAN DIEGO",-117.13774732,32.699611470000001
8384395,2017,2017-06-27,3711,2017-06-16,1620,6981,,5,5,7,3711,0,0,0,,0,495,"LAKIHA PALMER","EUCLID AV",0.00,,Y,A,-,N,,,,,,,,,,N,3,0,1,2,A,-,"- ",,,N,G,G,A,A,H,-,A,D,0,,Y,,,Y,,-,,0,1,0,0,0,0,1,0,0,"- ","- ",,,"SAN DIEGO","SAN DIEGO",-117.08503989,32.713770050000001
8384422,2017,2017-07-17,3711,2017-06-10,1322,7183,CENTR,6,5,7,3711,0,0,0,,0,526,"FRONT ST","WEST ASH ST",21.00,S,N,A,-,N,,,,,,,,,,N,2,0,1,2,A,-,10,21950,A,N,G,B,B,A,H,-,A,A,0,Y,,,,Y,,-,,1,0,0,0,1,0,0,0,0,"- ","- ",,,"SAN DIEGO","SAN DIEGO",-117.16474945,32.719802469999998
8384441,2017,2017-07-03,3711,2017-06-07,1347,4684,,3,5,7,3711,0,0,0,,0,111,"CONRAD AV",LONGHORN,280.00,E,N,B,-,N,,,,,,,,,,N,4,0,1,2,A,-,08,22107,,N,G,B,E,A,D,-,A,D,0,Y,,,,Y,,-,,0,0,1,0,1,0,0,0,0,"- ","- ",,,"SAN DIEGO","SAN DIEGO",-117.18178242,32.835929419999999
8386267,2017,2018-03-20,3711,2017-06-03,0240,5762,,6,5,7,3711,0,0,0,,0,321,"MISSION GORGE RD","VANDEVER AV",50.00,S,N,A,-,N,,,,,,,,,,N,3,0,1,2,A,-,11,21956,A,M,G,B,E,A,H,-,C,A,0,Y,,,,Y,Y,N,60,0,1,0,0,1,0,0,0,0,"- ","- ",,,"SAN DIEGO","SAN DIEGO",-117.09773103000001,32.78753304
8386395,2017,2018-03-20,3711,2017-05-31,1753,4386,,3,5,7,3711,0,0,0,,0,623,"HOTEL CIRCLE SOUTH","HOTEL CIRCLE CT",1161.00,W,N,B,-,N,,,,,,,,,,N,4,0,1,2,A,-,12,22450,,M,D,G,A,A,H,-,A,D,0,,Y,,,Y,,-,,0,0,1,0,0,0,1,0,0,"- ","- ",,,"SAN DIEGO","SAN DIEGO",-117.17799878,32.759006380000002
8387532,2017,2017-06-14,3711,2017-05-30,1230,5228,,2,5,7,3711,0,0,0,,0,627,"ROBINSON AV","ROBINSON AV 500",0.00,,N,A,-,N,,,,,,,,,,N,3,0,1,2,A,-,08,22107,,N,B,G,A,A,H,-,A,D,0,,Y,,,Y,,A,01,0,1,0,0,0,0,1,0,0,"- ","- ",,,"SAN DIEGO","SAN DIEGO",-117.1604079,32.746938040000003
8387536,2017,2017-06-14,3711,2017-05-31,0121,7616,,3,5,7,3711,0,0,0,,0,834,"42ND ST","UNIVERSITY AV",12.00,S,N,A,-,N,,,,,,,,,,,3,0,1,2,A,-,11,21950,B,N,G,B,D,A,H,-,C,A,0,Y,,,,Y,,N,60,0,1,0,0,1,0,0,0,0,"- ","- ",,,"SAN DIEGO","SAN DIEGO",-117.10448017,32.749637129999996
8387568,2017,2017-06-13,3711,2017-05-03,1147,6252,,3,5,7,3711,0,0,0,,0,521,"J ST","17TH ST",73.00,W,N,A,-,N,,,,,,,,,,N,4,0,1,2,D,-,00,,,N,G,B,F,A,H,-,A,D,0,Y,,,,Y,Y,-,"- ",0,0,1,0,1,0,0,0,0,"- ","- ",,,"SAN DIEGO","SAN DIEGO",-117.14877651,32.70940263
8387583,2017,2017-07-20,3711,2017-05-27,1858,7222,,6,5,7,3711,0,0,0,,0,836,"COLUMBINE ST","FAIRMOUNT AV",8.00,W,N,A,-,N,,,,,,,,,,N,4,0,1,2,A,-,10,21950,A,N,A,B,B,A,H,-,A,D,0,Y,,,,Y,,-,,0,0,1,0,1,0,0,0,0,"- ","- ",,,"SAN DIEGO","SAN DIEGO",-117.10107592,32.734340469999999
8388230,2017,2017-06-14,3711,2017-06-02,1324,7538,,5,5,7,3711,0,0,0,,0,822,"EL CAJON BL","54TH ST",0.00,,Y,A,-,N,,,,,,,,,,N,3,0,1,2,A,-,08,22107,,N,B,G,A,A,B,-,A,A,0,,Y,,,Y,,L,04,0,1,0,0,0,0,1,0,0,"- ","- ",,,"SAN DIEGO","SAN DIEGO",-117.07935006,32.757840080000001
8388876,2017,2017-06-29,3711,2017-05-28,0215,7423,,7,5,7,3711,0,0,0,,0,627,"UNIVERSITY AV","16TH AV",18.00,N,N,A,-,N,,,,,,,,,,N,3,0,1,2,A,-,11,21955,,N,A,B,D,A,H,-,C,D,0,Y,,,,Y,Y,N,60,0,1,0,0,1,0,0,0,0,"- ","- ",,,"SAN DIEGO","SAN DIEGO",,
8388933,2017,2017-06-15,3711,2017-06-01,2000,5679,,4,5,7,3711,0,0,0,,0,242,"CALLE CRISTOBAL","AVENIDA DEL GATO",18.00,E,N,A,-,N,,,,,,,,,,Y,3,0,2,4,A,-,03,22350,,N,C,B,B,A,H,-,C,A,0,Y,,,,Y,,A,01,0,2,0,0,2,0,0,0,0,"- ","- ",,,"SAN DIEGO","SAN DIEGO",-117.14940496,32.93145664
8398210,2017,2018-07-20,3711,2017-06-18,1900,7238,,7,5,7,3711,0,0,0,,0,835,"JUNIPER ST","SUMAC DR",18.00,E,N,A,-,N,,,,,,,,,,N,3,0,1,2,A,-,10,21950,A,N,D,B,E,A,H,-,A,D,0,Y,,,,Y,,N,60,0,1,0,0,1,0,0,0,0,"- ","- ",,,"SAN DIEGO","SAN DIEGO",-117.10360473999999,32.729684210000002
8399219,2017,2017-06-29,3711,2017-04-29,1354,6771,,6,5,7,3711,0,0,0,,0,123,"CEMENT LIFEFUARD TOWER","EAST MISSION BAY DR",275.00,W,N,A,-,N,,,,,,,,,,Y,3,0,1,2,A,-,03,22350,,N,G,B,F,A,H,-,A,D,0,Y,,,,Y,,-,,0,1,0,0,1,0,0,0,0,"- ","- ",,,"SAN DIEGO","SAN DIEGO",,
8400370,2017,2018-07-20,3711,2017-05-23,1909,7544,SANDI,2,5,7,3711,0,0,0,,0,811,"32 ND ST","ADAMS AV",0.00,,N,-,-,N,,,,,,,,,,N,4,0,1,2,-,-,"- ",,,N,-,B,E,-,-,-,-,-,0,Y,,,,Y,Y,-,"- ",0,0,1,0,1,0,0,0,0,"- ","- ",,,"SAN DIEGO","SAN DIEGO",-117.12496994,32.763370049999999
8400968,2017,2017-07-31,3711,2017-06-22,0911,8192,,4,5,7,3711,0,0,0,,0,813,"GRIM AV","MYRTLE AV",0.00,,Y,B,-,N,,,,,,,,,,N,3,0,1,2,A,-,12,22450,A,N,D,G,A,A,H,-,A,A,0,,Y,,,Y,,L,04,0,1,0,0,0,0,1,0,0,"- ","- ",,,"SAN DIEGO","SAN DIEGO",-117.12821013,32.741970049999999
8401039,2017,2017-08-04,3711,2017-06-23,2030,7593,SOUTH,5,5,7,3711,0,0,0,,0,445,"HILLTOP DR","HILLTOP DR 4500",0.00,,Y,A,-,N,,,,,,,,,,N,3,0,1,2,A,-,11,21954,A,N,G,B,D,A,H,-,C,D,0,Y,,,,Y,Y,N,60,0,1,0,0,1,0,0,0,0,"- ","- ",,,"SAN DIEGO","SAN DIEGO",-117.09782571,32.715065969999998
8404853,2018,2020-05-21,3711,2018-02-03,1824,5972,,6,5,7,3711,0,0,0,,0,438,"PARKSIDE AV","BEATRICE ST",29.00,E,N,A,-,N,,,,,,,,,,Y,1,1,1,3,A,-,08,22107,,F,G,B,F,A,H,-,B,D,0,Y,,,,Y,,D,22,1,0,0,1,1,0,0,0,0,"- ","- ",,,"SAN DIEGO","SAN DIEGO",-117.0491943359375,32.669803619384766
8404952,2018,2018-07-10,3711,2018-06-06,1417,5600,,3,5,7,3711,0,0,0,,0,811,"ADAMS AV","CHEROKEE AV",0.00,,Y,A,-,N,,,,,,,,,,N,1,1,0,2,A,-,10,21950,A,N,G,B,B,A,H,-,A,A,0,Y,,,,Y,,A,07,0,0,0,1,0,0,0,0,0,"- ","- ",,,"SAN DIEGO","SAN DIEGO",-117.11412048339844,32.763320922851562
8405941,2017,2017-07-19,3711,2017-07-03,0843,7321,,1,5,7,3711,0,0,0,,0,833,"FAIRMONT AV","DWIGHT AV",0.00,,Y,A,-,N,,,,,,,,,,N,4,0,1,2,A,-,10,21950,A,N,-,B,B,A,H,-,A,A,0,Y,,,,Y,,A,01,0,0,1,0,1,0,0,0,0,"- ","- ",,,"SAN DIEGO","SAN DIEGO",-117.10098004,32.74401005
8405949,2017,2017-07-19,3711,2017-07-03,1420,7641,,1,5,7,3711,0,0,0,,0,627,"BROOKES AV","PARK BL",3.00,W,N,A,-,N,,,,,,,,,,N,3,0,1,2,A,-,12,22450,A,N,D,G,A,A,H,-,A,D,0,,Y,,,Y,,A,01,0,1,0,0,0,0,1,0,0,"- ","- ",,,"SAN DIEGO","SAN DIEGO",-117.14755972,32.743279940000001
8406046,2017,2017-07-20,3711,2017-06-27,0930,7496,,2,5,7,3711,0,0,0,,0,523,"J ST","5TH AV",30.00,E,N,A,-,N,,,,,,,,,,N,4,0,1,2,A,-,10,21950,A,M,G,B,-,A,H,-,A,D,0,Y,,,,Y,,-,,0,0,1,0,1,0,0,0,0,"- ","- ",,,"SAN DIEGO","SAN DIEGO",-117.16002287000001,32.709373169999999
8406058,2017,2017-07-20,3711,2017-06-27,0752,5939,,2,5,7,3711,0,0,0,,0,233,"RANCHO PENASQUITOS BL","RANCHO PENASQUITOS BL 13350",16.00,W,N,A,-,N,,,,,,,,,,N,4,0,1,2,A,-,17,21200,A,N,D,G,A,A,H,-,A,A,0,,Y,,,Y,,L,04,0,0,1,0,0,0,1,0,0,"- ","- ",,,"SAN DIEGO","SAN DIEGO",,
8409025,2017,2017-08-17,3711,2017-07-15,2225,7600,,6,5,7,3711,0,0,0,,0,822,"EL CAJON BL","59TH ST",0.00,,Y,A,-,N,,,,,,,,,,N,3,0,1,2,A,-,21,22106,,M,G,B,B,A,H,-,C,A,0,Y,,,,Y,Y,A,01,0,1,0,0,1,0,0,0,0,"- ","- ",,,"SAN DIEGO","SAN DIEGO",-117.07050012000001,32.759710050000002
8409620,2017,2017-08-03,3711,2017-07-03,1730,7178,LEN,1,5,7,3711,0,0,0,,0,512,"OCEANVIEW BL","S 30TH ST",0.00,,Y,A,-,N,,,,,,,,,,N,3,0,1,2,A,-,08,22107,,M,G,B,F,A,H,-,A,D,0,Y,,,,Y,,-,,0,1,0,0,1,0,0,0,0,"- ","- ",,,"SAN DIEGO","SAN DIEGO",-117.12952000999999,32.701170089999998
8409632,2017,2017-08-03,3711,2017-07-04,2030,7129,,2,5,7,3711,0,0,0,,0,432,"IMPERIAL AV","SAN JACINTO",3.00,E,N,A,-,N,,,,,,,,,,N,3,0,2,2,A,-,06,21750,,M,D,G,A,A,H,-,C,A,0,,Y,,,Y,,A,07,0,2,0,0,0,0,2,0,0,"- ","- ",,,"SAN DIEGO","SAN DIEGO",-117.08264257,32.7056453
8409675,2017,2017-08-02,3711,2017-07-06,1450,6614,,4,5,7,3711,0,0,0,,0,124,"HERSCHEL AV","PROSPECT ST",8.00,E,N,A,-,N,,,,,,,,,,N,4,0,1,1,A,-,08,22107,,N,B,G,A,A,H,-,A,A,0,,Y,,,Y,,L,04,0,0,1,0,0,0,1,0,0,"- ","- ",,,"SAN DIEGO","SAN DIEGO",-117.27368205000001,32.848199129999998
8412513,2017,2017-09-09,3711,2017-08-16,1130,6629,"SAN D",3,5,7,3711,0,0,0,,0,441,"IMPERIAL AV","36TH ST",5.00,E,N,A,-,N,,,,,,,,,,N,4,0,1,2,A,-,10,21950,A,M,C,B,B,A,H,-,A,A,0,Y,,,,Y,Y,-,"- ",0,0,1,0,1,0,0,0,0,"- ","- ",,,"SAN DIEGO","SAN DIEGO",-117.11685,32.705629999999999
8412604,2017,2017-09-06,3711,2017-08-18,1226,6856,,5,5,7,3711,0,0,0,,0,614,"NARRAGANSETT AV","CABLE ST",195.00,E,N,A,-,N,,,,,,,,,,N,3,0,1,2,A,-,09,21804,A,N,D,G,A,A,H,-,A,D,0,,Y,,,Y,,L,04,0,1,0,0,0,0,1,0,0,"- ","- ",,,"SAN DIEGO","SAN DIEGO",-117.25023344,32.743800389999997
8412608,2017,2017-09-06,3711,2017-08-15,1048,8192,,2,5,7,3711,0,0,0,,0,813,"ILLINOIS ST","EL CAJON BL",0.00,,Y,B,-,N,,,,,,,,,,N,3,0,1,2,A,-,10,21950,A,N,D,B,-,A,H,-,A,A,0,Y,,,,Y,,A,01,0,1,0,0,1,0,0,0,0,"- ","- ",,,"SAN DIEGO","SAN DIEGO",-117.1277001,32.75541003
8412665,2017,2017-08-31,3711,2017-08-12,0956,7516,"SAN D",6,5,7,3711,0,0,0,,0,524,"4TH AV","B ST",15.00,E,N,A,-,N,,,,,,,,,,N,3,0,1,2,A,-,00,21953,A,N,D,G,A,A,H,-,A,A,0,,Y,,,Y,,A,01,0,1,0,0,0,0,1,0,0,"- ","- ",,,"SAN DIEGO","SAN DIEGO",-117.16108,32.717790000000001
8414001,2017,2017-08-11,3711,2017-07-24,0620,5699,,1,5,7,3711,0,0,0,,0,242,"WESTVIEW PKWY","HILLERY DR",0.00,,Y,B,-,N,,,,,,,,,,N,3,0,1,2,A,-,08,22107,,N,A,G,A,A,H,-,A,A,0,,Y,,,Y,,-,,0,1,0,0,0,0,1,0,0,"- ","- ",,,"SAN DIEGO","SAN DIEGO",-117.12027002000001,32.912900049999998
8414066,2017,2017-08-11,3711,2017-07-22,1016,7372,,6,5,7,3711,0,0,0,,0,442,"ALPHA ST","ALPHA ST 4100",15.00,N,N,A,-,N,,,,,,,,,,N,4,0,1,2,A,-,11,21950,B,N,G,B,-,A,H,-,A,D,0,Y,,,,Y,,N,60,0,0,1,0,1,0,0,0,0,"- ","- ",,,"SAN DIEGO","SAN DIEGO",,
8414070,2017,2017-08-11,3711,2017-07-28,2100,7588,,5,5,7,3711,0,0,0,,0,432,"OLVERA AV","EUCLID AV",75.00,E,N,A,-,N,,,,,,,,,,N,4,0,1,2,A,-,11,21955,,N,G,B,-,A,H,-,D,D,0,Y,,,,Y,Y,N,60,0,0,1,0,1,0,0,0,0,"- ","- ",,,"SAN DIEGO","SAN DIEGO",-117.08490609,32.697163770000003
8414457,2017,2017-09-20,3711,2017-09-08,1938,7533,"SAN D",5,5,7,3711,0,0,0,,0,613,"WEST POINT LOMA BL","ADRIAN ST",300.00,E,N,A,-,N,,,,,,,,,,N,3,0,1,2,A,-,08,22107,,M,B,G,A,A,G,-,C,D,0,,Y,,,Y,,-,,0,1,0,0,0,0,1,0,0,"- ","- ",,,"SAN DIEGO","SAN DIEGO",-117.22554482,32.753033729999999
8415692,2017,2018-05-08,3711,2017-07-02,1844,4656,SANDI,7,5,7,3711,0,0,0,,0,625,"TAYLOR ST","MORENA BL",0.00,,Y,A,-,N,,,,,,,,,,N,2,0,1,2,A,-,12,21453,A,N,D,G,A,A,H,-,A,A,0,,Y,,,Y,,L,04,1,0,0,0,0,0,1,0,0,"- ","- ",,,"SAN DIEGO","SAN DIEGO",-117.19725004999999,32.758370069999998
8415724,2017,2017-07-25,3711,2017-05-03,1054,7270,SD,3,5,7,3711,0,0,0,,0,446,"IMPERIAL AV","EUCLID AV",6.00,W,N,A,-,N,,,,,,,,,,N,4,0,1,3,A,-,03,22350,,M,C,B,B,A,H,-,A,A,0,Y,,,,Y,,-,,0,0,1,0,1,0,0,0,0,"- ","- ",,,"SAN DIEGO","SAN DIEGO",-117.08501764,32.704503099999997
8415913,2017,2017-12-05,3711,2017-10-26,0718,6686,,4,5,7,3711,0,0,0,,0,445,"MARKET ST","45TH ST",26.00,E,N,A,-,N,,,,,,,,,,N,2,0,1,2,A,-,00,21453,,N,G,B,B,A,H,-,B,A,0,Y,,,,Y,,A,01,1,0,0,0,1,0,0,0,0,"- ","- ",,,"SAN DIEGO","SAN DIEGO",-117.09778577,32.711458970000002
8418042,2017,2017-08-04,3711,2017-07-12,0600,6252,,3,5,7,3711,0,0,0,,0,615,"NIMITZ BL","ROSECRANS ST",0.00,,Y,A,-,N,,,,,,,,,,N,2,0,1,2,D,-,00,,,F,G,B,B,A,H,-,A,A,0,Y,,,,Y,,-,"- ",1,0,0,0,1,0,0,0,0,"- ","- ",,,"SAN DIEGO","SAN DIEGO",-117.22582013,32.72860008
8418046,2017,2017-08-08,3711,2017-07-23,1615,7443,,7,5,7,3711,0,0,0,,0,526,"PARK BL","RT 5",300.00,N,N,A,-,N,,,,,,,,,,N,3,0,1,2,A,-,00,20002,,M,G,B,E,A,H,-,A,D,0,Y,,,,Y,,-,,0,1,0,0,1,0,0,0,0,"- ",SF,,,"SAN DIEGO","SAN DIEGO",-117.15129,32.724179999999997
8424890,2017,2017-08-16,3711,2017-08-05,1926,7204,SD,6,5,7,3711,0,0,0,,0,122,"GARNET AV","LAMONT ST",20.00,W,N,A,-,N,,,,,,,,,,N,3,0,1,2,A,-,10,21950,A,N,G,B,B,A,H,-,A,-,0,Y,,,,Y,,D,22,0,1,0,0,1,0,0,0,0,"- ","- ",,,"SAN DIEGO","SAN DIEGO",-117.23538248,32.801005230000001
8424906,2017,2017-08-16,3711,2017-08-06,2030,7250,SUPER,7,5,7,3711,0,0,0,,0,,"FAIRMOUNT AV","44TH ST",300.00,N,N,A,-,N,,,,,,,,,,N,2,0,1,2,A,-,11,21950,B,N,G,B,D,A,H,-,D,D,0,Y,,,,Y,,N,60,1,0,0,0,1,0,0,0,0,"- ","- ",,,"SAN DIEGO","SAN DIEGO",-117.10099527,32.730526300000001
8424925,2017,2017-08-28,3711,2017-08-03,2136,7165,SD,4,5,7,3711,0,0,0,,0,,"54TH ST","UNIVERSITY AV",27.00,S,N,A,-,N,,,,,,,,,,N,4,0,1,2,A,-,11,21954,A,N,G,B,D,A,H,-,C,A,0,Y,,,,Y,,N,60,0,0,1,0,1,0,0,0,0,"- ","- ",,,"SAN DIEGO","SAN DIEGO",-117.07948125,32.748716049999999
8426600,2017,2017-08-14,3711,2017-07-30,2056,6979,3711,7,5,7,3711,0,0,0,,0,115,"REGENTS RD","MAHAILA AV",0.00,,Y,A,-,N,,,,,,,,,,N,3,0,1,2,A,-,17,21461,A,N,G,B,B,A,H,-,C,A,0,Y,,,,Y,,-,,0,1,0,0,1,0,0,0,0,"- ","- ",,,"SAN DIEGO","SAN DIEGO",-117.2184001,32.86962011
8427855,2017,2017-08-16,3711,2017-07-26,2036,7485,,3,5,7,3711,0,0,0,,0,521,"16TH ST","J ST",0.00,,Y,A,-,N,,,,,,,,,,N,3,0,1,2,A,-,10,21950,A,N,G,B,B,A,H,-,D,D,0,Y,,,,Y,,-,,0,1,0,0,1,0,0,0,0,"- ","- ",,,"SAN DIEGO","SAN DIEGO",-117.14944002,32.709410089999999
8430196,2017,2017-08-21,3711,2017-08-03,2114,6133,,4,5,7,3711,0,0,0,,0,611,"SPORTS ARENA BL","SPORTS ARENA BL 3455",4.00,E,N,A,-,N,,,,,,,,,,N,3,0,1,2,A,-,08,22107,,N,C,G,A,A,H,-,C,D,0,,Y,,,Y,,-,,0,1,0,0,0,0,1,0,0,"- ","- ",,,"SAN DIEGO","SAN DIEGO",,
8430232,2017,2017-08-21,3711,2017-08-05,1855,7397,,6,5,7,3711,0,0,0,,0,627,"UNIVERSITY AV","VERMONT ST",0.00,,Y,A,-,N,,,,,,,,,,N,3,0,1,2,A,-,11,21456,B,N,D,B,B,A,H,-,A,A,0,Y,,,,Y,,N,60,0,1,0,0,1,0,0,0,0,"- ","- ",,,"SAN DIEGO","SAN DIEGO",-117.15344002000001,32.748540009999999
8432646,2017,2017-08-22,3711,2017-08-03,0529,7602,,4,5,7,3711,0,0,0,,0,821,"EL CAJON BL","COLLEGE AV",10.00,W,N,A,-,N,,,,,,,,,,N,2,0,1,2,A,-,11,21456,B,N,G,B,B,A,H,-,A,A,0,Y,,,,Y,,N,60,1,0,0,0,1,0,0,0,0,"- ","- ",,,"SAN DIEGO","SAN DIEGO",-117.06705819,32.761336470000003
8432701,2017,2017-08-23,3711,2017-08-11,1731,8192,,5,5,7,3711,0,0,0,,0,831,"30TH ST","EL CAJON BL",300.00,N,N,A,-,N,,,,,,,,,,N,3,0,1,2,A,-,08,22107,,N,B,G,A,A,H,-,B,D,0,,Y,,,Y,,A,01,0,1,0,0,0,0,1,0,0,"- ","- ",,,"SAN DIEGO","SAN DIEGO",-117.13017000000001,32.756221779999997