CASE_ID,ACCIDENT_YEAR,PROC_DATE,JURIS,COLLISION_DATE,COLLISION_TIME,OFFICER_ID,REPORTING_DISTRICT,DAY_OF_WEEK,CHP_SHIFT,POPULATION,CNTY_CITY_LOC,SPECIAL_COND,BEAT_TYPE,CHP_BEAT_TYPE,CITY_DIVISION_LAPD,CHP_BEAT_CLASS,BEAT_NUMBER,PRIMARY_RD,SECONDARY_RD,DISTANCE,DIRECTION,INTERSECTION,WEATHER_1,WEATHER_2,STATE_HWY_IND,CALTRANS_COUNTY,CALTRANS_DISTRICT,STATE_ROUTE,ROUTE_SUFFIX,POSTMILE_PREFIX,POSTMILE,LOCATION_TYPE,RAMP_INTERSECTION,SIDE_OF_HWY,TOW_AWAY,COLLISION_SEVERITY,NUMBER_KILLED,NUMBER_INJURED,PARTY_COUNT,PRIMARY_COLL_FACTOR,PCF_CODE_OF_VIOL,PCF_VIOL_CATEGORY,PCF_VIOLATION,PCF_VIOL_SUBSECTION,HIT_AND_RUN,TYPE_OF_COLLISION,MVIW,PED_ACTION,ROAD_SURFACE,ROAD_COND_1,ROAD_COND_2,LIGHTING,CONTROL_DEVICE,CHP_ROAD_TYPE,PEDESTRIAN_ACCIDENT,BICYCLE_ACCIDENT,MOTORCYCLE_ACCIDENT,TRUCK_ACCIDENT,NOT_PRIVATE_PROPERTY,ALCOHOL_INVOLVED,STWD_VEHTYPE_AT_FAULT,CHP_VEHTYPE_AT_FAULT,COUNT_SEVERE_INJ,COUNT_VISIBLE_INJ,COUNT_COMPLAINT_PAIN,COUNT_PED_KILLED,COUNT_PED_INJURED,COUNT_BICYCLIST_KILLED,COUNT_BICYCLIST_INJURED,COUNT_MC_KILLED,COUNT_MC_INJURED,PRIMARY_RAMP,SECONDARY_RAMP,LATITUDE,LONGITUDE,COUNTY,CITY,POINT_X,POINT_Y
8432984,2017,2017-09-07,3711,2017-07-24,0255,4643,,1,5,7,3711,0,0,0,,0,627,"UNIVERSITY AV","10TH AV",16.00,W,N,B,-,N,,,,,,,,,,N,3,0,1,2,A,-,10,21954,B,N,G,B,C,A,H,-,C,A,0,Y,,,,Y,Y,J,48,0,1,0,0,1,0,0,0,0,"- ","- ",,,"SAN DIEGO","SAN DIEGO",-117.15533184,32.74841867
8433983,2017,2017-09-06,3711,2017-07-26,0058,7264,,3,5,7,3711,0,0,0,,0,628,"HANCOCK CIR","WEST WASHINGTON ST",0.00,,Y,A,-,N,,,,,,,,,,N,3,0,1,2,A,-,12,21453,A,N,G,G,A,A,H,-,C,A,0,,Y,,,Y,,L,04,0,1,0,0,0,0,1,0,0,"- ","- ",,,"SAN DIEGO","SAN DIEGO",-117.18321009,32.741990090000002
8437785,2017,2017-08-24,3711,2017-08-14,1022,6788,,1,5,7,3711,0,0,0,,0,315,"MISSION CENTER RD","MISSION CENTER CT",0.00,,Y,A,-,N,,,,,,,,,,N,3,0,1,2,A,-,05,21651,B,N,H,G,A,A,H,-,A,A,0,,Y,,,Y,Y,L,04,0,1,0,0,0,0,1,0,0,"- ","- ",,,"SAN DIEGO","SAN DIEGO",-117.15417001,32.77358006
8438147,2017,2017-10-03,3711,2017-07-20,1257,6978,"SAN D",4,5,7,3711,0,0,0,,0,121,"VENTURA PL","MISSION BL",447.00,W,N,A,-,N,,,,,,,,,,N,4,0,1,2,A,-,10,21952,,M,A,G,A,A,-,-,A,D,0,,Y,,,Y,,-,,0,0,1,0,0,0,1,0,0,"- ","- ",,,"SAN DIEGO","SAN DIEGO",-117.25266877999999,32.772018559999999
8438480,2017,2017-08-29,3711,2017-08-01,0826,5600,,2,5,7,3711,0,0,0,,0,621,"LINDA VISTA RD","FULTON ST",87.00,N,N,A,-,N,,,,,,,,,,N,2,0,1,2,A,-,11,21954,A,N,G,B,D,A,H,-,A,D,0,Y,,,,Y,,N,60,1,0,0,0,1,0,0,0,0,"- ","- ",,,"SAN DIEGO","SAN DIEGO",-117.16738017,32.790123649999998
8438525,2017,2017-09-09,3711,2017-08-16,0712,7399,,3,5,7,3711,0,0,0,,0,712,"SAN YSIDRO BL","SAN YSIDRO BL 8055",5.00,S,N,B,-,N,,,,,,,,,,N,4,0,1,2,A,-,10,21950,A,N,G,B,C,A,H,-,A,A,0,Y,,,,Y,,-,,0,0,1,0,1,0,0,0,0,"- ",SF,,,"SAN DIEGO","SAN DIEGO",,
8438529,2017,2017-09-09,3711,2017-08-14,1535,7581,SDPD,1,5,7,3711,0,0,0,,0,723,"CLAVELITA ST","PIEDRA ST",60.00,W,N,A,-,N,,,,,,,,,,N,3,0,1,2,A,-,11,21950,B,N,G,B,D,A,-,-,A,D,0,Y,,,,Y,,-,"- ",0,1,0,0,1,0,0,0,0,"- ","- ",,,"SAN DIEGO","SAN DIEGO",-117.05404171000001,32.569618290000001
8438537,2017,2017-08-29,3711,2017-08-15,2215,6734,,2,5,7,3711,0,0,0,,0,521,"14TH ST","IMPERIAL AV",98.00,N,N,A,-,N,,,,,,,,,,N,3,0,1,2,C,-,18,,,N,G,B,F,A,H,-,C,D,0,Y,,,,Y,Y,-,"- ",0,1,0,0,1,0,0,0,0,"- ","- ",,,"SAN DIEGO","SAN DIEGO",-117.15188000000001,32.70654846
8438545,2017,2017-08-29,3711,2017-08-16,0613,6628,,3,5,7,3711,0,0,0,,0,529,"6TH AV","CEDAR ST",111.00,N,N,A,-,N,,,,,,,,,,N,3,0,1,2,A,-,11,21950,B,N,G,B,D,A,H,-,A,D,0,Y,,,,Y,,N,60,0,1,0,0,1,0,0,0,0,"- ","- ",,,"SAN DIEGO","SAN DIEGO",-117.15930163,32.722274050000003
8443791,2017,2017-09-12,3711,2017-08-29,1135,6018,,2,5,7,3711,0,0,0,,0,625,"TAYLOR ST","MORENA BL",27.00,W,N,A,-,N,,,,,,,,,,N,4,0,1,2,A,-,11,21456,B,N,-,B,B,A,H,-,A,A,0,Y,,,,Y,,N,60,0,0,1,0,1,0,0,0,0,"- ","- ",,,"SAN DIEGO","SAN DIEGO",-117.1973004,32.758309519999997
8443807,2017,2017-09-12,3711,2017-08-27,2244,7464,SPD,7,5,7,3711,0,0,0,,0,832,"EL CAJON BL","MARLBOROUGH AV",23.00,S,N,A,-,N,,,,,,,,,,N,4,0,1,2,A,-,10,21950,A,M,G,B,B,A,H,-,C,A,0,Y,,,,Y,,-,,0,0,1,0,1,0,0,0,0,"- ","- ",,,"SAN DIEGO","SAN DIEGO",-117.10615,32.755220000000001
8447521,2017,2017-10-02,3711,2017-08-20,1023,7367,,7,5,7,3711,0,0,0,,0,451,"EUCLID AV","MARILOU RD",75.00,N,N,A,-,N,,,,,,,,,,N,4,0,1,2,A,-,11,21957,,N,B,B,D,A,H,-,A,A,0,Y,,,,Y,,N,60,0,0,1,0,1,0,0,0,0,"- ","- ",,,"SAN DIEGO","SAN DIEGO",-117.08492098000001,32.722505419999997
8449391,2017,2017-09-26,3711,2017-08-25,1545,5348,SANDI,5,5,7,3711,0,0,0,,0,531,"PARK BL","ZOO DR",300.00,N,N,A,-,N,,,,,,,,,,N,3,0,1,2,A,-,17,22517,,N,H,G,A,A,H,-,A,-,0,,Y,,,Y,,-,"- ",0,1,0,0,0,0,1,0,0,"- ","- ",,,"SAN DIEGO","SAN DIEGO",-117.1475155,32.74103436
8450692,2017,2018-05-08,3711,2017-09-15,1630,7592,,5,5,7,3711,0,0,0,,0,115,"LAS PALMAS SQ","COSTA VERDE BL",135.00,E,N,A,-,N,,,,,,,,,,N,3,0,1,2,A,-,08,22107,,N,G,B,D,A,H,-,A,D,0,Y,,,,Y,,-,,0,1,0,0,1,0,0,0,0,"- ","- ",,,"SAN DIEGO","SAN DIEGO",-117.21654852,32.869083760000002
8452013,2017,2017-09-23,3711,2017-09-05,1850,7640,,2,5,7,3711,0,0,0,,0,621,"MESA COLLEGE DR",ARMSTRONG,198.00,E,N,A,-,N,,,,,,,,,,N,3,0,1,2,A,-,08,22107,,N,-,G,A,A,H,-,A,D,0,,Y,,,Y,,L,04,0,1,0,0,0,0,1,0,0,"- ","- ",,,"SAN DIEGO","SAN DIEGO",-117.16392999999999,32.804259999999999
8455360,2017,2017-09-26,3711,2017-09-17,1100,4884,SDPD,7,5,7,3711,0,0,0,,0,313,"SPECTRUM CENTER BL","CENTRAL PLZ",10.00,E,N,B,-,N,,,,,,,,,,N,3,0,1,2,A,-,10,21950,A,N,D,B,B,A,H,-,A,A,0,Y,,,,Y,,D,22,0,1,0,0,1,0,0,0,0,"- ","- ",,,"SAN DIEGO","SAN DIEGO",-117.13858756,32.826400399999997
8455523,2017,2017-09-26,3711,2017-08-31,1324,6350,,4,5,7,3711,0,0,0,,0,528,"INDIA ST","HAWTHORN ST",3.00,S,N,A,-,N,,,,,,,,,,N,3,0,1,2,A,-,09,21453,B,M,G,B,B,A,H,-,A,A,0,Y,,,,Y,Y,A,01,0,1,0,0,1,0,0,0,0,"- ","- ",,,"SAN DIEGO","SAN DIEGO",-117.16944651,32.726412330000002
8455732,2017,2017-09-27,3711,2017-09-15,2210,6813,,5,5,7,3711,0,0,0,,0,811,"36TH ST","EL CAJON BL",32.00,S,N,A,-,N,,,,,,,,,,N,3,0,1,2,A,-,11,21955,,N,D,B,-,A,H,-,C,A,0,Y,,,,Y,,-,"- ",0,1,0,0,1,0,0,0,0,"- ","- ",,,"SAN DIEGO","SAN DIEGO",-117.11578,32.755202339999997
8455767,2017,2017-09-20,3711,2017-08-24,0537,6774,,4,5,7,3711,0,0,0,,0,242,"MIRA MESA BL","PARKDALE AV",9.00,W,N,B,-,N,,,,,,,,,,Y,2,0,2,2,A,-,12,21453,A,N,D,G,A,A,H,-,C,A,0,,Y,Y,,Y,,L,04,2,0,0,0,0,0,1,0,1,"- ","- ",,,"SAN DIEGO","SAN DIEGO",-117.15562562,32.91062814
8456226,2017,2017-10-05,3711,2017-09-10,1824,7161,,7,5,7,3711,0,0,0,,0,124,"COAST BL","PROSPECT PL",39.00,W,N,A,-,N,,,,,,,,,,Y,3,0,1,2,A,-,08,22107,,N,G,B,F,A,H,-,A,D,0,Y,,,,Y,Y,A,01,0,1,0,0,1,0,0,0,0,"- ","- ",,,"SAN DIEGO","SAN DIEGO",-117.26985089,32.84834437
8456256,2017,2017-09-27,3711,2017-09-09,1215,7027,,6,5,7,3711,0,0,0,,0,114,"CONRAD AV","GLASGOW DR",25.00,E,N,A,-,N,,,,,,,,,,N,4,0,1,1,A,-,11,21957,,M,G,B,E,A,H,-,A,D,0,Y,,,,Y,,N,60,0,0,1,0,1,0,0,0,0,"- ","- ",,,"SAN DIEGO","SAN DIEGO",-117.20733887999999,32.835359740000001
8457923,2017,2017-10-19,3711,2017-09-25,0831,7299,SD,1,5,7,3711,0,0,0,,0,611,"ROSECRANS ST","MOORE ST",0.00,,Y,A,-,N,,,,,,,,,,N,3,0,1,2,A,-,10,21950,A,N,G,B,B,A,H,-,A,D,0,Y,,,,Y,,I,20,0,1,0,0,1,0,0,0,0,"- ","- ",,,"SAN DIEGO","SAN DIEGO",-117.20254001000001,32.753850040000003
8458758,2017,2017-10-09,3711,2017-09-20,2148,6639,,3,5,7,3711,0,0,0,,0,811,"EL CAJON BL","35TH ST",135.00,W,N,A,-,N,,,,,,,,,,N,3,0,1,2,A,-,10,21950,A,N,D,B,D,A,H,-,C,D,0,Y,,,,Y,,N,60,0,1,0,0,1,0,0,0,0,"- ","- ",,,"SAN DIEGO","SAN DIEGO",-117.11835761,32.755303980000001
8458786,2017,2017-10-09,3711,2017-09-18,1319,6981,,1,5,7,3711,0,0,0,,0,433,"IMPERIAL AV","62ND ST",0.00,,Y,A,-,N,,,,,,,,,,N,3,0,1,2,A,-,10,21950,A,M,G,B,B,A,H,-,A,A,0,Y,,,,Y,,-,,0,1,0,0,1,0,0,0,0,"- ","- ",,,"SAN DIEGO","SAN DIEGO",-117.06392013,32.709830080000003
8458813,2017,2018-06-14,3711,2017-09-18,0840,6344,,1,5,7,3711,0,0,0,,0,313,"CLAIREMONT MESA BL","RT 163",0.00,,Y,B,-,Y,SD,11,163,-,-,8.950,R,4,S,N,3,0,1,2,A,-,09,21453,B,M,C,G,A,A,H,-,A,A,0,,Y,,,Y,,-,99,0,1,0,0,0,0,1,0,0,"- ",SF,,,"SAN DIEGO","SAN DIEGO",-117.13978632,32.834232620000002
8458959,2017,2017-10-04,3711,2017-09-20,0001,7230,,3,5,7,3711,0,0,0,,0,521,BROADWAY,"16TH ST",0.00,,Y,A,-,N,,,,,,,,,,N,4,0,1,2,A,-,12,21453,A,M,D,G,A,A,H,-,C,A,0,,Y,,,Y,,-,,0,0,1,0,0,0,1,0,0,"- ","- ",,,"SAN DIEGO","SAN DIEGO",-117.14947003,32.715750110000002
8460635,2017,2017-10-10,3711,2017-09-17,0046,7122,,7,5,7,3711,0,0,0,,0,628,"WEST WASHINGTON ST","PACIFIC HWY",175.00,N,N,A,-,N,,,,,,,,,,N,3,0,1,2,A,-,10,21950,A,F,G,B,D,A,H,-,D,D,0,Y,,,,Y,Y,N,60,0,1,0,0,1,0,0,0,0,"- ","- ",,,"SAN DIEGO","SAN DIEGO",-117.18420493000001,32.740643540000001
8460724,2017,2017-10-06,3711,2017-09-23,0143,7341,,6,5,7,3711,0,0,0,,0,122,"CASS ST","GRAND AV",0.00,,Y,A,-,N,,,,,,,,,,N,3,0,1,2,A,-,11,21456,B,N,G,B,D,A,H,-,C,A,0,Y,,,,Y,Y,N,60,0,1,0,0,1,0,0,0,0,"- ","- ",,,"SAN DIEGO","SAN DIEGO",-117.25126002,32.795530079999999
8461637,2017,2017-10-20,3711,2017-09-22,1604,7564,,5,5,7,3711,0,0,0,,0,441,"S 35TH ST","VALLE AV",0.00,,Y,A,-,N,,,,,,,,,,N,3,0,1,2,C,-,18,,,N,G,B,D,A,H,-,A,D,0,Y,,,,Y,,-,"- ",0,1,0,0,1,0,0,0,0,"- ","- ",,,"SAN DIEGO","SAN DIEGO",-117.11875009000001,32.700290109999997
8463342,2017,2017-10-30,3711,2017-08-23,1558,7574,"SAN D",3,5,7,3711,0,0,0,,0,611,"ROSECRANS ST","ROOSEVELT RD",1.00,S,N,B,-,N,,,,,,,,,,N,3,0,1,2,A,-,10,21950,A,N,G,B,B,A,H,-,A,A,0,Y,,,,Y,,A,01,0,1,0,0,1,0,0,0,0,"- ","- ",,,"SAN DIEGO","SAN DIEGO",-117.21686191000001,32.739217779999997
8464684,2017,2017-10-26,3711,2017-09-27,1615,7572,,3,5,7,3711,0,0,0,,0,326,"COLLEGE AV","UNDO PASEO",330.00,N,N,A,-,N,,,,,,,,,,N,3,0,1,2,A,-,17,22517,,N,E,G,A,A,H,-,A,D,0,,Y,,,Y,,-,,0,1,0,0,0,0,1,0,0,"- ","- ",,,"SAN DIEGO","SAN DIEGO",,
8464774,2017,2017-10-13,3711,2017-10-02,2116,7574,"SAN D",1,5,7,3711,0,0,0,,0,624,"TEXAS ST","HOWARD AV",8.00,S,N,A,-,N,,,,,,,,,,N,4,0,1,2,A,-,17,21451,A,N,G,B,D,A,H,-,C,A,0,Y,,,,Y,,A,01,0,0,1,0,1,0,0,0,0,"- ","- ",,,"SAN DIEGO","SAN DIEGO",-117.1388,32.754008089999999
8464811,2017,2017-10-13,3711,2017-09-20,0830,7451,,3,5,7,3711,0,0,0,,0,627,"WEST WASHINGTON ST","DOVE ST",0.00,,Y,B,-,N,,,,,,,,,,N,3,0,1,2,A,-,08,22107,,N,B,G,A,A,H,-,A,A,0,,Y,,,Y,,-,"- ",0,1,0,0,0,0,1,0,0,"- ","- ",,,"SAN DIEGO","SAN DIEGO",-117.16865011,32.749920039999999
8465267,2017,2017-12-04,3711,2017-10-03,0800,7639,"SAN D",2,5,7,3711,0,0,0,,0,813,"UPAS ST","UTAH ST",0.00,,Y,A,-,N,,,,,,,,,,N,3,0,1,2,A,-,09,21801,A,N,D,G,A,A,H,-,A,D,0,,Y,,,Y,,A,01,0,1,0,0,0,0,1,0,0,"- ","- ",,,"SAN DIEGO","SAN DIEGO",-117.13280003,32.74109009
8465279,2017,2017-12-04,3711,2017-10-05,0713,5627,,4,5,7,3711,0,0,0,,0,124,"LA JOLLA BL","NAUTILUS ST",0.00,,Y,A,-,N,,,,,,,,,,N,3,0,1,2,A,-,10,21950,A,N,G,B,B,A,H,-,A,A,0,Y,,,,Y,,-,,0,1,0,0,1,0,0,0,0,"- ","- ",,,"SAN DIEGO","SAN DIEGO",-117.27659002,32.831810060000002
8466184,2017,2017-10-04,3711,2017-09-23,1815,7173,CENTR,6,5,7,3711,0,0,0,,0,522,"MARKET ST","2ND AV",64.00,E,N,A,-,N,,,,,,,,,,N,3,0,1,2,A,-,08,22107,,M,B,B,E,A,H,-,A,A,0,Y,,,,Y,,A,01,0,1,0,0,1,0,0,0,0,"- ","- ",,,"SAN DIEGO","SAN DIEGO",-117.16267266,32.711513400000001
8466208,2017,2017-10-05,3711,2017-09-21,2015,7562,SD,4,5,7,3711,0,0,0,,0,114,"CLAIREMONT MESA BL","CLAIREMONT DR",34.00,W,N,A,-,N,,,,,,,,,,Y,2,0,1,2,A,-,11,21954,A,N,G,B,D,A,H,-,C,A,0,Y,,,,Y,Y,N,60,1,0,0,0,1,0,0,0,0,"- ","- ",,,"SAN DIEGO","SAN DIEGO",-117.20626032,32.827710000000003
8468590,2017,2017-11-13,3711,2017-10-06,0530,7650,,5,5,7,3711,0,0,0,,0,822,"EL CAJON BL","54TH ST",18.00,E,N,A,-,N,,,,,,,,,,N,3,0,1,2,A,-,10,21950,A,N,G,B,B,A,H,-,C,A,0,Y,,,,Y,,A,01,0,1,0,0,1,0,0,0,0,"- ","- ",,,"SAN DIEGO","SAN DIEGO",-117.0792927,32.757849290000003
8468595,2017,2017-11-08,3711,2017-10-07,1759,6842,,6,5,7,3711,0,0,0,,0,122,"MISSION BAY DR","GARNET AV",0.00,,Y,A,-,N,,,,,,,,,,Y,3,0,1,2,A,-,12,21453,A,N,D,G,A,A,H,-,A,A,0,,Y,,,Y,,L,04,0,1,0,0,0,0,1,0,0,"- ","- ",,,"SAN DIEGO","SAN DIEGO",-117.21897002,32.806150099999996
8468602,2017,2017-11-13,3711,2017-10-04,1621,6332,,3,5,7,3711,0,0,0,,0,821,"UNIVERSITY AV",CARTAGENA,17.00,E,N,A,-,N,,,,,,,,,,N,3,0,2,3,A,-,11,21950,B,N,G,B,D,A,H,-,A,D,0,Y,,,,Y,,N,60,0,2,0,0,2,0,0,0,0,"- ","- ",,,"SAN DIEGO","SAN DIEGO",-117.06210796000001,32.753575310000002
8468603,2017,2017-11-13,3711,2017-10-05,1911,7236,,4,5,7,3711,0,0,0,,0,315,"MISSION CENTER RD","CAMINO DE LA REINA",380.00,N,N,A,-,N,,,,,,,,,,N,4,0,1,2,D,-,00,,,N,E,G,A,A,H,-,C,D,0,,Y,,,Y,,-,"- ",0,0,1,0,0,0,1,0,0,"- ","- ",,,"SAN DIEGO","SAN DIEGO",-117.15422196999999,32.769142340000002
8469607,2018,2018-08-07,3711,2018-01-19,1545,7331,,5,5,7,3711,0,0,0,,0,521,"RT 5","IMPERIAL AV",222.00,N,N,C,-,Y,SD,11,5,-,R,14.709,R,4,S,Y,4,0,1,2,A,-,00,21960,A,N,G,B,D,B,H,-,A,D,0,Y,,,,Y,,N,60,0,0,1,0,1,0,0,0,0,"- ","- ",,,"SAN DIEGO","SAN DIEGO",-117.14775085449219,32.708972930908203
8471039,2017,2017-10-27,3711,2017-10-11,0821,6156,SD,3,5,7,3711,0,0,0,,0,124,"CAMINO DE LA COSTA","LA JOLLA BL",0.00,,Y,A,-,N,,,,,,,,,,N,4,0,1,2,A,-,09,21801,A,N,D,G,A,A,H,-,A,D,0,,Y,,,Y,,L,04,0,0,1,0,0,0,1,0,0,"- ","- ",,,"SAN DIEGO","SAN DIEGO",-117.27175990000001,32.81755004
8474546,2017,2017-11-07,3711,2017-10-12,1026,7619,,4,5,7,3711,0,0,0,,0,523,"J ST","4TH AV",0.00,,Y,A,-,N,,,,,,,,,,N,3,0,1,2,A,-,09,21802,A,N,A,B,C,A,H,-,A,A,0,Y,,,,Y,,A,07,0,1,0,0,1,0,0,0,0,"- ","- ",,,"SAN DIEGO","SAN DIEGO",-117.16100009,32.709370010000001
8475569,2017,2018-01-12,3711,2017-10-30,1930,7658,,1,5,7,3711,0,0,0,,0,315,"CAMINO DE LA REINA","CAMINO DE LA REINA 1400",1.00,N,N,B,-,N,,,,,,,,,,N,4,0,1,2,A,-,10,21950,A,N,G,B,D,A,H,-,C,D,0,Y,,,,Y,,A,01,0,0,1,0,1,0,0,0,0,"- ","- ",,,"SAN DIEGO","SAN DIEGO",,
8475652,2017,2017-12-02,3711,2017-10-24,1456,6070,,2,5,7,3711,0,0,0,,0,124,"FAY AV","FAY AV 7700",0.00,,N,A,-,N,,,,,,,,,,N,4,0,1,2,A,-,09,21802,B,N,-,G,A,A,H,-,A,D,0,,Y,,,Y,,L,04,0,0,1,0,0,0,1,0,0,"- ","- ",,,"SAN DIEGO","SAN DIEGO",-117.27476835,32.843351179999999
8475959,2017,2017-10-26,3711,2017-10-12,1648,6035,,4,5,7,3711,0,0,0,,0,834,"MYRTLE AV","39TH ST",21.00,E,N,A,-,N,,,,,,,,,,N,4,0,2,3,A,-,05,21650,1,N,D,G,A,A,-,-,A,D,0,,Y,,,Y,,L,04,0,0,2,0,0,0,2,0,0,"- ","- ",,,"SAN DIEGO","SAN DIEGO",-117.11060195,32.74221876
8475985,2017,2017-10-23,3711,2017-09-13,1617,7541,,3,5,7,3711,0,0,0,,0,,"WEST POINT LOMA BL","GROTON ST",0.00,,Y,A,-,N,,,,,,,,,,N,3,0,1,2,A,-,10,21950,A,M,G,B,C,A,H,-,A,A,0,Y,,,,Y,,-,99,0,1,0,0,1,0,0,0,0,"- ","- ",,,"SAN DIEGO","SAN DIEGO",-117.22194003,32.754340089999999
8478163,2017,2017-11-29,3711,2017-10-18,1740,5421,,3,5,7,3711,0,0,0,,0,933,"CARMEL VALLEY RD","VIA GRIMALDI",150.00,E,N,A,-,N,,,,,,,,,,N,3,0,1,2,A,-,09,21801,A,N,H,G,A,A,H,-,A,D,0,,Y,,,Y,,A,07,0,1,0,0,0,0,0,0,0,"- ","- ",,,"SAN DIEGO","SAN DIEGO",-117.24956644,32.93158974
8478175,2017,2017-11-29,3711,2017-10-17,0731,7452,,2,5,7,3711,0,0,0,,0,116,"MORENA BL","MORENA BL 1500",15.00,E,N,A,-,N,,,,,,,,,,N,3,0,1,2,A,-,09,21801,A,N,G,B,-,A,H,-,A,A,0,Y,,,,Y,,A,01,0,1,0,0,1,0,0,0,0,"- ","- ",,,"SAN DIEGO","SAN DIEGO",,
8478191,2017,2017-11-30,3711,2017-10-17,0625,7619,,2,5,7,3711,0,0,0,,0,523,"6TH AV","F ST",54.00,S,N,A,-,N,,,,,,,,,,N,3,0,1,2,A,-,09,21802,A,N,A,B,-,A,H,-,A,A,0,Y,,,,Y,,A,01,0,1,0,0,1,0,0,0,0,"- ","- ",,,"SAN DIEGO","SAN DIEGO",-117.15922999999999,32.713482069999998
8478220,2017,2017-12-06,3711,2017-10-20,1452,7099,,5,5,7,3711,0,0,0,,0,722,"GREENBAY ST","HEMLOCK AV",0.00,,Y,A,-,N,,,,,,,,,,Y,3,0,1,2,B,-,22,,,M,D,G,A,A,H,-,A,A,0,,Y,,,Y,,-,"- ",0,1,0,0,0,0,1,0,0,"- ","- ",,,"SAN DIEGO","SAN DIEGO",-117.08838007999999,32.570590039999999
8478452,2017,2017-11-16,3711,2017-10-12,2020,7198,,4,5,7,3711,0,0,0,,0,522,"W G ST","FRONT ST",0.00,,Y,A,-,N,,,,,,,,,,N,3,0,1,2,A,-,11,21954,A,N,G,B,D,A,H,-,C,A,0,Y,,,,Y,,N,60,0,1,0,0,1,0,0,0,0,"- ","- ",,,"SAN DIEGO","SAN DIEGO",-117.16471009,32.712540060000002
8479341,2017,2017-12-07,3711,2017-10-14,1930,7659,,6,5,7,3711,0,0,0,,0,451,"54TH ST","WESTOVER PL",198.00,N,N,A,-,N,,,,,,,,,,N,4,0,1,2,A,-,11,21954,A,N,G,B,E,A,H,-,C,D,0,Y,,,,Y,Y,N,60,0,0,1,0,1,0,0,0,0,"- ","- ",,,"SAN DIEGO","SAN DIEGO",-117.08362022999999,32.725260800000001
8480207,2017,2017-11-03,3711,2017-10-21,1000,7406,,6,5,7,3711,0,0,0,,0,122,"GARNET AV","OLNEY ST",0.00,,Y,A,-,N,,,,,,,,,,N,4,0,1,2,A,-,08,22107,,N,A,B,B,A,H,-,A,A,0,Y,,,,Y,,-,,0,0,1,0,1,0,0,0,0,"- ","- ",,,"SAN DIEGO","SAN DIEGO",-117.22986012,32.802210109999997
8481236,2017,2017-11-17,3711,2017-10-24,1518,8568,,2,5,7,3711,0,0,0,,0,831,"44TH ST","UNIVERSITY AV",269.00,N,N,A,-,N,,,,,,,,,,N,4,0,1,2,A,-,08,22107,,N,G,B,E,A,A,-,A,D,0,Y,,,,Y,,-,,0,0,1,0,1,0,0,0,0,"- ","- ",,,"SAN DIEGO","SAN DIEGO",-117.09980591,32.750346829999998
8481297,2017,2017-12-01,3711,2017-10-26,1658,4243,3711,4,5,7,3711,0,0,0,,0,437,"BRIARWOOD RD","ALTA VIEW DR",4.00,S,N,A,-,N,,,,,,,,,,N,2,0,1,2,A,-,09,21453,C,N,D,G,A,A,H,-,A,A,0,,Y,,,Y,,L,04,1,0,0,0,0,0,1,0,0,"- ","- ",,,"SAN DIEGO","SAN DIEGO",-117.03181993,32.682823110000001
8481301,2017,2017-12-01,3711,2017-10-18,0746,5600,,3,5,7,3711,0,0,0,,0,122,"ARCHER ST","EVERTS ST",0.00,,Y,A,-,N,,,,,,,,,,N,2,0,1,2,A,-,09,21802,A,N,D,G,A,A,H,-,A,A,0,,Y,,,Y,,A,07,1,0,0,0,0,0,1,0,0,"- ","- ",,,"SAN DIEGO","SAN DIEGO",-117.25268011999999,32.812090009999999
8481356,2017,2017-11-09,3711,2017-09-11,0653,6366,,1,5,7,3711,0,0,0,,0,512,"OCEAN VIEW BL","SOUTH 32ND ST",7.00,E,N,A,-,N,,,,,,,,,,N,2,0,1,2,A,-,12,21453,A,N,G,B,B,A,H,-,B,A,0,Y,,,,Y,,A,08,1,0,0,0,1,0,0,0,0,"- ","- ",,,"SAN DIEGO","SAN DIEGO",-117.12516732,32.701189999999997
8484264,2017,2017-11-17,3711,2017-11-01,1844,7626,,3,5,7,3711,0,0,0,,0,541,"7TH AV","K ST",5.00,S,N,A,-,N,,,,,,,,,,N,4,0,1,2,A,-,21,22106,,N,G,B,B,A,H,-,C,D,0,Y,,,,Y,,A,01,0,0,1,0,1,0,0,0,0,"- ","- ",,,"SAN DIEGO","SAN DIEGO",-117.15827,32.708320000000001
8484951,2017,2017-12-07,3711,2017-11-03,1541,4759,,5,5,7,3711,0,0,0,,0,122,"PACIFIC BEACH DR","FANUEL ST",6.00,E,N,B,-,N,,,,,,,,,,N,4,0,1,2,A,-,10,21950,C,N,D,G,A,A,H,-,A,D,0,,Y,,,Y,,-,,0,0,1,0,0,0,1,0,0,"- ","- ",,,"SAN DIEGO","SAN DIEGO",-117.24461118000001,32.792944169999998
8484955,2017,2017-12-07,3711,2017-11-06,1728,4849,,1,5,7,3711,0,0,0,,0,521,BROADWAY,"15TH ST",0.00,,Y,B,-,N,,,,,,,,,,N,4,0,1,2,A,-,08,22107,,N,B,G,A,A,H,-,C,A,0,,Y,,,Y,,-,,0,0,1,0,0,0,1,0,0,"- ","- ",,,"SAN DIEGO","SAN DIEGO",-117.15039011,32.715740019999998