CASE_ID,ACCIDENT_YEAR,PROC_DATE,JURIS,COLLISION_DATE,COLLISION_TIME,OFFICER_ID,REPORTING_DISTRICT,DAY_OF_WEEK,CHP_SHIFT,POPULATION,CNTY_CITY_LOC,SPECIAL_COND,BEAT_TYPE,CHP_BEAT_TYPE,CITY_DIVISION_LAPD,CHP_BEAT_CLASS,BEAT_NUMBER,PRIMARY_RD,SECONDARY_RD,DISTANCE,DIRECTION,INTERSECTION,WEATHER_1,WEATHER_2,STATE_HWY_IND,CALTRANS_COUNTY,CALTRANS_DISTRICT,STATE_ROUTE,ROUTE_SUFFIX,POSTMILE_PREFIX,POSTMILE,LOCATION_TYPE,RAMP_INTERSECTION,SIDE_OF_HWY,TOW_AWAY,COLLISION_SEVERITY,NUMBER_KILLED,NUMBER_INJURED,PARTY_COUNT,PRIMARY_COLL_FACTOR,PCF_CODE_OF_VIOL,PCF_VIOL_CATEGORY,PCF_VIOLATION,PCF_VIOL_SUBSECTION,HIT_AND_RUN,TYPE_OF_COLLISION,MVIW,PED_ACTION,ROAD_SURFACE,ROAD_COND_1,ROAD_COND_2,LIGHTING,CONTROL_DEVICE,CHP_ROAD_TYPE,PEDESTRIAN_ACCIDENT,BICYCLE_ACCIDENT,MOTORCYCLE_ACCIDENT,TRUCK_ACCIDENT,NOT_PRIVATE_PROPERTY,ALCOHOL_INVOLVED,STWD_VEHTYPE_AT_FAULT,CHP_VEHTYPE_AT_FAULT,COUNT_SEVERE_INJ,COUNT_VISIBLE_INJ,COUNT_COMPLAINT_PAIN,COUNT_PED_KILLED,COUNT_PED_INJURED,COUNT_BICYCLIST_KILLED,COUNT_BICYCLIST_INJURED,COUNT_MC_KILLED,COUNT_MC_INJURED,PRIMARY_RAMP,SECONDARY_RAMP,LATITUDE,LONGITUDE,COUNTY,CITY,POINT_X,POINT_Y
8487077,2017,2017-12-08,3711,2017-10-27,2155,8677,SAND,5,5,7,3711,0,0,0,,0,611,"CAMINO DEL RIO W","CAMINO DEL RIO W 3700",0.00,,N,A,-,N,,,,,,,,,,N,3,0,1,2,A,-,11,21955,,M,G,B,B,A,H,-,C,A,0,Y,,,,Y,,N,60,0,1,0,0,1,0,0,0,0,"- ","- ",,,"SAN DIEGO","SAN DIEGO",-117.11413085,32.777916210000001
8487079,2017,2017-11-30,3711,2017-10-26,1938,7593,SOUTH,4,5,7,3711,0,0,0,,0,722,"GROVE AV","TESORO GROVE  WY",120.00,W,N,A,-,N,,,,,,,,,,N,3,0,1,2,A,-,11,21954,A,N,G,B,D,A,H,-,C,D,0,Y,,,,Y,,N,60,0,1,0,0,1,0,0,0,0,"- ","- ",,,"SAN DIEGO","SAN DIEGO",-117.08167819000001,32.572789999999998
8487096,2017,2017-11-20,3711,2017-10-26,0740,6180,,4,5,7,3711,0,0,0,,0,832,"UNIVERSITY AV","FAIRMOUNT AV",12.00,E,N,A,-,N,,,,,,,,,,N,3,0,1,2,A,-,12,21453,A,M,-,B,B,A,H,-,A,A,0,Y,,,,Y,,-,,0,1,0,0,1,0,0,0,0,"- ","- ",,,"SAN DIEGO","SAN DIEGO",-117.10086115,32.74960162
8488510,2017,2017-12-05,3711,2017-10-29,1931,7462,,7,5,7,3711,0,0,0,,0,526,"CEDAR ST","2ND AV",0.00,,Y,A,-,N,,,,,,,,,,N,4,0,1,2,A,-,09,21802,A,N,D,G,A,A,H,-,C,D,0,,Y,,,Y,Y,L,04,0,0,1,0,0,0,1,0,0,"- ","- ",,,"SAN DIEGO","SAN DIEGO",-117.16293002,32.721980010000003
8488640,2017,2017-12-14,3711,2017-11-06,0637,5899,,1,5,7,3711,0,0,0,,0,813,"OHIO ST","HOWARD AV",4.00,S,N,A,-,N,,,,,,,,,,N,3,0,1,2,A,-,09,21802,A,N,D,G,A,A,-,-,A,A,0,,Y,,,Y,,-,,0,1,0,0,0,0,1,0,0,"- ","- ",,,"SAN DIEGO","SAN DIEGO",-117.12897949000001,32.754059050000002
8490216,2017,2017-12-11,3711,2017-11-02,1827,6781,,4,5,7,3711,0,0,0,,0,823,"COLLEGE AV","STREAMVIEW DR",0.00,,Y,A,-,N,,,,,,,,,,N,4,0,1,2,A,-,10,21950,A,M,G,B,B,A,H,-,C,A,0,Y,,,,Y,Y,-,,0,0,1,0,1,0,0,0,0,"- ","- ",,,"SAN DIEGO","SAN DIEGO",-117.05877009,32.745510070000002
8490236,2017,2017-12-11,3711,2017-11-01,1631,7658,,3,5,7,3711,0,0,0,,0,324,"NAVAJO RD","LAKE MURRAY BL",300.00,W,N,A,-,N,,,,,,,,,,N,3,0,1,2,A,-,05,21650,,N,H,G,A,A,H,-,A,D,0,,Y,,,Y,,L,04,0,1,0,0,0,0,1,0,0,"- ","- ",,,"SAN DIEGO","SAN DIEGO",-117.01142867999999,32.803006170000003
8491068,2017,2018-01-09,3711,2017-11-03,2250,7697,,5,5,7,3711,0,0,0,,0,122,"LAMONT ST","GRAND AV",150.00,N,-,A,-,N,,,,,,,,,,N,4,0,1,2,A,-,21,22106,,M,G,B,D,A,H,-,D,-,0,Y,,,,Y,Y,-,,0,0,1,0,1,0,0,0,0,"- ","- ",,,"SAN DIEGO","SAN DIEGO",-117.23492809,32.799586210000001
8494287,2017,2017-12-14,3711,2017-11-08,1415,7626,,3,5,7,3711,0,0,0,,0,523,"4TH AV","G ST",3.00,S,N,B,-,N,,,,,,,,,,N,4,0,1,2,A,-,10,21950,,N,G,B,B,A,H,-,A,A,0,Y,,,,Y,,N,60,0,0,1,0,1,0,0,0,0,"- ","- ",,,"SAN DIEGO","SAN DIEGO",-117.16106000000001,32.712561780000001
8494859,2017,2017-12-06,3711,2017-11-10,0111,MIRANDA,,5,5,7,3711,0,0,0,,0,822,"EL CAJON BL","EL CAJON  4300",50.00,E,N,A,-,N,,,,,,,,,,N,4,0,1,2,A,-,08,22107,,M,C,G,A,A,H,-,C,D,0,,Y,,,Y,,-,,0,0,1,0,0,0,1,0,0,"- ","- ",,,"SAN DIEGO","SAN DIEGO",,
8494863,2017,2018-06-08,3711,2017-11-04,0631,6789,,6,5,7,3711,0,0,0,,0,622,"PACIFIC HWY","SEA WORLD DR",474.00,S,N,A,-,N,,,,,,,,,,N,3,0,1,2,A,-,11,21950,B,N,G,B,D,A,H,-,D,D,0,Y,,,,Y,,N,60,0,1,0,0,1,0,0,0,0,"- ","- ",,,"SAN DIEGO","SAN DIEGO",-117.20713742,32.766731630000002
8496882,2017,2018-02-17,3711,2017-11-18,2158,7303,MC,6,5,7,3711,0,0,0,,0,813,"LINCOLN ST","LINCOLN ST 3000",6.00,S,N,A,-,N,,,,,,,,,,N,4,0,1,2,A,-,10,21950,A,N,A,B,B,A,H,-,C,A,0,Y,,,,Y,,-,,0,0,1,0,1,0,0,0,0,"- ","- ",,,"SAN DIEGO","SAN DIEGO",,
8496926,2017,2018-02-17,3711,2017-11-10,1429,4923,,5,5,7,3711,0,0,0,,0,242,"KARMA DR","CHANCE WY",5.00,W,N,A,-,N,,,,,,,,,,N,3,0,1,2,A,-,11,21954,A,N,G,B,D,A,H,-,A,D,0,Y,,,,Y,,N,60,0,1,0,0,1,0,0,0,0,"- ","- ",,,"SAN DIEGO","SAN DIEGO",-117.1225262,32.920050949999997
8498534,2017,2017-12-11,3711,2017-11-06,0941,HB5627,,1,5,7,3711,0,0,0,,0,503,"NORTH HARBOR DR","LIGHT POLE LO23",249.00,E,N,B,-,N,,,,,,,,,,N,3,0,1,2,A,-,03,22350,,N,C,G,A,A,H,-,A,D,0,,Y,,,Y,,A,01,0,1,0,0,0,0,1,0,0,"- ","- ",,,"SAN DIEGO","SAN DIEGO",,
8498732,2017,2017-12-26,3711,2017-11-27,1347,7540,,1,5,7,3711,0,0,0,,0,826,"EL CAJON BL","WINONA AV",19.00,W,N,A,-,N,,,,,,,,,,N,4,0,1,2,A,-,10,21950,A,N,G,B,B,A,H,-,A,A,0,Y,,,,Y,,A,08,0,0,1,0,1,0,0,0,0,"- ","- ",,,"SAN DIEGO","SAN DIEGO",-117.08795073,32.75664132
8498763,2017,2018-01-10,3711,2017-11-28,1730,5958,,2,5,7,3711,0,0,0,,0,242,"MIRA MESA BL","MIRA MESA BL 8900",0.00,,-,A,-,N,,,,,,,,,,N,4,0,1,2,A,-,09,21804,A,N,G,B,F,A,H,-,C,D,0,Y,,,,Y,,-,,0,0,1,0,1,0,0,0,0,"- ","- ",,,"SAN DIEGO","SAN DIEGO",-117.13297248000001,32.913867430000003
8499698,2017,2017-12-06,3711,2017-11-14,1829,6959,,2,5,7,3711,0,0,0,,0,822,"UNIVERSITY AV","UNIVERSITY SQUARE",6.00,E,N,A,-,N,,,,,,,,,,N,4,0,1,2,A,-,11,21456,B,N,D,B,B,A,H,-,C,A,0,Y,,,,Y,,N,60,0,0,1,0,1,0,0,0,0,"- ","- ",,,"SAN DIEGO","SAN DIEGO",-117.16388055,32.748269999999998
8499706,2017,2017-12-06,3711,2017-11-15,1220,7227,,3,5,7,3711,0,0,0,,0,824,"MARCELENA RD","EL CAJON BL",150.00,N,N,A,-,N,,,,,,,,,,N,3,0,1,2,A,-,21,22106,,N,C,B,E,A,H,-,A,D,0,Y,,,,Y,,-,,0,1,0,0,1,0,0,0,0,"- ","- ",,,"SAN DIEGO","SAN DIEGO",-117.08084153,32.758040800000003
8499716,2017,2017-12-07,3711,2017-11-19,0855,7132,242,7,5,7,3711,0,0,0,,0,,"CAMINO RUIZ","ZAPATA AV",0.00,N,N,A,-,N,,,,,,,,,,N,2,0,1,2,A,-,09,21802,A,N,D,G,A,A,H,-,A,A,0,,Y,,,Y,,-,,1,0,0,0,0,0,1,0,0,"- ","- ",,,"SAN DIEGO","SAN DIEGO",-117.14402002,32.927290030000002
8499736,2017,2017-12-07,3711,2017-11-19,0751,6774,,7,5,7,3711,0,0,0,,0,838,"UNIVERSITY AV","39TH ST",9.00,E,N,A,-,N,,,,,,,,,,N,3,0,1,2,A,-,10,21950,A,N,G,B,B,A,H,-,A,A,0,Y,,,,Y,,A,01,0,1,0,0,1,0,0,0,0,"- ","- ",,,"SAN DIEGO","SAN DIEGO",-117.11062083,32.749690000000001
8499748,2017,2017-12-07,3711,2017-11-18,1424,7618,,6,5,7,3711,0,0,0,,0,523,"MARKET ST","9TH AV",0.00,,Y,-,-,N,,,,,,,,,,N,3,0,1,2,A,-,08,22107,,N,B,G,A,A,H,-,A,D,0,,Y,,,Y,,-,,0,1,0,0,0,0,1,0,0,"- ","- ",,,"SAN DIEGO","SAN DIEGO",-117.15650008999999,32.71152009
8502915,2017,2017-12-19,3711,2017-11-12,1415,7157,,7,5,7,3711,0,0,0,,0,432,"EUCLID AV","IMPERIAL AV",9.00,W,N,A,-,N,,,,,,,,,,N,4,0,1,2,A,-,17,21451,A,N,G,B,B,A,H,-,A,A,0,Y,,,,Y,,A,07,0,0,1,0,1,0,0,0,0,"- ","- ",,,"SAN DIEGO","SAN DIEGO",-117.08500121,32.704534629999998
8506165,2017,2017-12-18,3711,2017-11-13,1955,4849,"SAN D",1,5,7,3711,0,0,0,,0,521,"MARKET ST","16TH ST",0.00,,Y,A,-,N,,,,,,,,,,N,4,0,1,2,A,-,11,21956,A,N,G,B,E,A,H,-,C,A,0,Y,,,,Y,Y,N,60,0,0,1,0,1,0,0,0,0,"- ","- ",,,"SAN DIEGO","SAN DIEGO",-117.14945001,32.711530009999997
8506193,2017,2017-12-18,3711,2017-11-21,0500,6969,,2,5,7,3711,0,0,0,,0,241,"KEARNY VILLA RD","HARRIS PLANT RD",1584.00,N,N,A,-,N,,,,,,,,,,N,3,0,1,2,A,-,03,22350,,N,C,G,A,A,H,-,D,D,0,,Y,,,Y,,L,04,0,1,0,0,0,0,1,0,0,"- ","- ",,,"SAN DIEGO","SAN DIEGO",-117.11662,32.864770149999998
8506197,2017,2017-12-18,3711,2017-11-15,1705,7561,"SAN D",3,5,7,3711,0,0,0,,0,721,"PALM AV","16TH ST",800.00,E,N,A,-,N,,,,,,,,,,N,4,0,1,2,A,-,05,21651,B,N,D,G,A,A,H,-,C,D,0,,Y,,,Y,,L,04,0,0,1,0,0,0,1,0,0,"- ","- ",,,"SAN DIEGO","SAN DIEGO",-117.09691171,32.583930000000002
8509122,2017,2018-06-29,3711,2017-11-30,0830,7673,,4,5,7,3711,0,0,0,,0,838,"UNIVERSITY AV","RT 15",3.00,E,N,B,-,Y,SD,11,15,-,M,4.755,R,4,S,N,4,0,1,2,A,-,11,21456,B,N,G,B,B,A,H,-,A,A,0,Y,,,,Y,,N,60,0,0,1,0,1,0,0,0,0,"- ",SF,,,"SAN DIEGO","SAN DIEGO",-117.1089925,32.75128248
8509134,2017,2017-12-15,3711,2017-11-29,1346,,,3,5,7,3711,0,0,0,,0,813,"32RD ST","UNIVERSITY AV",0.00,,Y,A,-,N,,,,,,,,,,,4,0,1,2,A,-,09,21453,B,N,D,G,A,A,H,-,A,A,0,,Y,,,Y,,A,07,0,0,1,0,0,0,1,0,0,"- ","- ",,,"SAN DIEGO","SAN DIEGO",-117.12520991,32.748500049999997
8509148,2017,2017-12-18,3711,2017-11-13,0605,5600,,1,5,7,3711,0,0,0,,0,113,"CLAIREMONT MESA BL","LUNA AV",0.00,,Y,A,-,N,,,,,,,,,,N,2,0,1,2,A,-,11,21456,B,N,G,B,B,A,H,-,C,A,0,Y,,,,Y,Y,N,60,1,0,0,0,1,0,0,0,0,"- ","- ",,,"SAN DIEGO","SAN DIEGO",-117.21586010999999,32.831260039999997
8509182,2017,2017-12-15,3711,2017-11-29,2130,7177,,3,5,7,3711,0,0,0,,0,314,"FROST ST","HEALTH CENTER DR",10.00,E,N,A,-,N,,,,,,,,,,N,4,0,1,2,A,-,08,22107,,M,G,B,B,A,H,-,C,A,0,Y,,,,Y,,-,,0,0,1,0,1,0,0,0,0,"- ","- ",,,"SAN DIEGO","SAN DIEGO",-117.15528756,32.800289999999997
8510867,2017,2017-12-21,3711,2017-12-01,0754,6774,,5,5,7,3711,0,0,0,,0,122,"EMERALD ST","DAWES ST",14.00,E,N,A,-,N,,,,,,,,,,N,2,0,1,2,A,-,10,21950,A,N,G,B,C,A,H,-,A,A,0,Y,,,,Y,,A,01,1,0,0,0,1,0,0,0,0,"- ","- ",,,"SAN DIEGO","SAN DIEGO",-117.25054568,32.799648380000001
8511158,2017,2017-12-20,3711,2017-11-02,1720,5611,,4,5,7,3711,0,0,0,,0,242,"CALLE CRISTOBAL","CAMINO MIRANDA",12.00,W,N,B,-,N,,,,,,,,,,N,3,0,1,2,A,-,21,22106,,N,G,B,B,A,H,-,B,A,0,Y,,,,Y,,A,01,0,1,0,0,1,0,0,0,0,"- ","- ",,,"SAN DIEGO","SAN DIEGO",-117.16488037000001,32.925669390000003
8512119,2017,2018-02-08,3711,2017-12-02,2020,5813,,6,5,7,3711,0,0,0,,0,114,"CLAIREMONT MESA BL","CLAIREMONT MESA BL 5100",0.00,,N,B,-,N,,,,,,,,,,N,4,0,1,2,D,-,00,,,N,G,B,B,A,H,-,C,A,0,Y,,,,Y,,-,"- ",0,0,1,0,1,0,0,0,0,"- ","- ",,,"SAN DIEGO","SAN DIEGO",-117.19155639,32.834435229999997
8512371,2017,2018-01-10,3711,2017-11-30,1406,7396,SANDI,4,5,7,3711,0,0,0,,0,524,"F ST","F ST 600",1.00,N,N,A,-,N,,,,,,,,,,N,4,0,1,2,A,-,10,21950,A,N,G,B,B,A,H,-,A,A,0,Y,,,,Y,,A,01,0,0,1,0,1,0,0,0,0,"- ","- ",,,"SAN DIEGO","SAN DIEGO",,
8513505,2018,2018-02-15,3711,2018-01-02,1853,7410,,2,5,7,3711,0,0,0,,0,813,"UTAH ST",UNIVERSITY,135.00,N,N,A,-,N,,,,,,,,,,N,4,0,1,2,A,-,10,21950,,N,G,B,D,A,H,-,C,D,0,Y,,,,Y,,-,"- ",0,0,1,0,1,0,0,0,0,"- ","- ",,,"SAN DIEGO","SAN DIEGO",-117.13282775878906,32.748470306396484
8514247,2017,2018-01-02,3711,2017-12-01,1714,7236,,5,5,7,3711,0,0,0,,0,315,"CAMINO DE LA REINA","CAMINO DEL ESTE",0.00,,Y,A,-,N,,,,,,,,,,N,3,0,1,2,A,-,12,21453,A,N,D,G,A,A,H,-,A,A,0,,Y,,,Y,,L,04,0,1,0,0,0,0,1,0,0,"- ","- ",37.771000000000001,-117.14409999999999,"SAN DIEGO","SAN DIEGO",-117.14419004,32.770890090000002
8514263,2017,2018-01-02,3711,2017-12-01,0733,7005,,5,5,7,3711,0,0,0,,0,3711,"HOWARD AV","UTAH ST",33.00,E,N,A,-,N,,,,,,,,,,N,3,0,1,2,A,-,10,21950,A,N,G,B,-,A,H,-,A,D,0,Y,,,,Y,,A,01,0,1,0,0,1,0,0,0,0,"- ","- ",,,"SAN DIEGO","SAN DIEGO",-117.13254304,32.754041729999997
8514271,2017,2018-01-02,3711,2017-12-01,1740,6915,,5,5,7,3711,0,0,0,,0,516,"MARKET ST","30TH ST",167.00,E,N,A,-,N,,,,,,,,,,N,3,0,1,2,A,-,11,21950,B,N,B,B,-,A,H,-,C,A,0,Y,,,,Y,Y,N,60,0,1,0,0,1,0,0,0,0,"- ","- ",,,"SAN DIEGO","SAN DIEGO",-117.12965891,32.711653900000002
8514296,2017,2017-12-19,3711,2017-12-01,1725,7120,,5,5,7,3711,0,0,0,,0,813,"EL CAJON BL","OREGON ST",2.00,W,N,A,-,N,,,,,,,,,,N,4,0,1,2,A,-,10,21950,A,N,G,B,B,A,H,-,C,A,0,Y,,,,Y,,-,,0,0,1,0,1,0,0,0,0,"- ","- ",,,"SAN DIEGO","SAN DIEGO",-117.13513648,32.755380000000002
8517052,2017,2017-12-27,3711,2017-12-09,0015,7331,,6,5,7,3711,0,0,0,,0,523,"F ST","5TH AV",6.00,E,N,A,-,N,,,,,,,,,,N,4,0,1,2,A,-,11,21456,B,N,G,B,D,A,H,-,D,A,0,Y,,,,Y,Y,N,60,0,0,1,0,1,0,0,0,0,"- ","- ",,,"SAN DIEGO","SAN DIEGO",-117.16013056,32.713620210000002
8517077,2017,2017-12-27,3711,2017-12-05,0758,8568,,2,5,7,3711,0,0,0,,0,835,"FAIRMOUNT AV","LAUREL ST",0.00,,Y,A,-,N,,,,,,,,,,N,4,0,1,2,A,-,11,21954,A,N,G,B,D,A,H,-,A,A,0,Y,,,,Y,,N,60,0,0,1,0,1,0,0,0,0,"- ","- ",,,"SAN DIEGO","SAN DIEGO",-117.10109000999999,32.73144001
8517743,2017,2018-01-10,3711,2017-11-24,0725,HB4132,,5,5,7,3711,0,0,0,,0,503,"NORTH HARBOR DR","LIBERATOR WY",0.00,,Y,A,-,N,,,,,,,,,,N,3,0,1,2,D,-,00,,,N,D,G,A,A,H,-,A,A,0,,Y,,,Y,,-,"- ",0,1,0,0,0,0,1,0,0,"- ","- ",,,"SAN DIEGO","SAN DIEGO",-117.18793002,32.728940020000003
8519475,2017,2018-01-04,3711,2017-12-12,0743,5540,,2,5,7,3711,0,0,0,,0,51Z,"NATIONAL AV","S 30TH ST",0.00,,Y,A,-,N,,,,,,,,,,N,4,0,1,2,A,-,10,21950,A,N,G,B,D,A,H,-,A,A,0,Y,,,,Y,,-,,0,0,1,0,1,0,0,0,0,"- ","- ",,,"SAN DIEGO","SAN DIEGO",-117.12948005,32.695960030000002
8521470,2017,2018-01-19,3711,2017-12-11,1130,6789,,1,5,7,3711,0,0,0,,0,622,"TECOLOTE RD","MORENA BL",15.00,W,N,A,-,N,,,,,,,,,,N,4,0,1,2,A,-,09,21804,A,N,B,G,A,A,H,-,A,A,0,,Y,,,Y,,A,01,0,0,1,0,0,0,1,0,0,"- ","- ",,,"SAN DIEGO","SAN DIEGO",-117.20292841,32.772686649999997
8521490,2017,2018-01-08,3711,2017-12-12,1909,7553,,2,5,7,3711,0,0,0,,0,813,"ARIZONA ST","EL CAJON BL",2.00,N,N,A,-,N,,,,,,,,,,N,3,0,1,2,A,-,14,21201,D,N,D,G,A,A,H,-,C,D,0,,Y,,,Y,,L,04,0,1,0,0,0,0,1,0,0,"- ","- ",,,"SAN DIEGO","SAN DIEGO",-117.13760000000001,32.755385480000001
8522262,2017,2018-01-31,3711,2017-12-05,0709,7366,,2,5,7,3711,0,0,0,,0,515,"30TH ST","ISLAND AV",0.00,,Y,A,-,N,,,,,,,,,,N,4,0,1,2,A,-,10,21950,A,N,G,B,B,A,H,-,A,A,0,Y,,,,Y,,-,,0,0,1,0,1,0,0,0,0,"- ","- ",,,"SAN DIEGO","SAN DIEGO",-117.13021002000001,32.710580110000002
8522274,2017,2018-01-08,3711,2017-12-15,1757,5755,"SAN D",5,5,7,3711,0,0,0,,0,234,"LOMICA DR","HISPANO DR",580.00,E,N,A,-,N,,,,,,,,,,N,4,0,1,2,A,-,08,22107,,N,G,B,E,A,H,-,D,D,0,Y,,,,Y,,-,,0,0,1,0,1,0,0,0,0,"- ","- ",,,"SAN DIEGO","SAN DIEGO",-117.06533832,33.010361439999997
8522436,2017,2018-01-08,3711,2017-12-13,1812,7640,,3,5,7,3711,0,0,0,,0,627,"6TH AV","UPAS ST",186.00,N,N,A,-,N,,,,,,,,,,,2,0,1,2,A,-,09,21801,A,N,-,G,A,A,H,-,C,-,0,,Y,,,Y,,-,,1,0,0,0,0,0,1,0,0,"- ","- ",,,"SAN DIEGO","SAN DIEGO",-117.15952,32.74151853
8523041,2017,2018-01-11,3711,2017-12-14,0924,7181,5D,4,5,7,3711,0,0,0,,0,111,"BEAGLE ST","BELFORD ST",0.00,,Y,A,-,N,,,,,,,,,,Y,3,0,1,3,A,-,08,22107,,N,A,B,E,A,H,-,A,D,0,Y,,,,Y,Y,-,,0,1,0,0,1,0,0,0,0,"- ","- ",,,"SAN DIEGO","SAN DIEGO",-117.16523011,32.807970089999998
8526982,2017,2018-01-17,3711,2017-12-14,1935,6434,SD,4,5,7,3711,0,0,0,,0,611,"CUSHING RD","FARRAGUT RD",80.00,S,N,A,-,N,,,,,,,,,,N,3,0,1,2,A,-,14,21201,D,N,D,G,A,A,H,-,C,D,0,,Y,,,Y,,L,04,0,1,0,0,0,0,1,0,0,"- ","- ",,,"SAN DIEGO","SAN DIEGO",-117.2170199,32.732091169999997
8531640,2017,2018-01-20,3711,2017-12-13,1703,6000,,3,5,7,3711,0,0,0,,0,529,"6TH AV","UPAS ST",149.00,S,N,A,-,N,,,,,,,,,,N,4,0,1,2,A,-,11,21954,A,N,G,B,D,A,H,-,B,D,0,Y,,,,Y,,N,60,0,0,1,0,1,0,0,0,0,"- ","- ",,,"SAN DIEGO","SAN DIEGO",-117.15942151,32.740609059999997
8534751,2018,2018-01-26,3711,2018-01-08,1825,8495,,1,5,7,3711,0,0,0,,0,529,"ELM ST","5TH AV",7.00,W,N,C,-,N,,,,,,,,,,N,4,0,1,2,A,-,10,21950,A,N,G,B,B,B,H,-,C,A,0,Y,,,,Y,,A,01,0,0,1,0,1,0,0,0,0,"- ","- ",,,"SAN DIEGO","SAN DIEGO",-117.16026306152344,32.724090576171875
8535240,2018,2018-01-23,3711,2018-01-08,1643,6891,,1,5,7,3711,0,0,0,,0,122,"MISSION BL","DIAMOND ST",0.00,,-,C,-,N,,,,,,,,,,N,4,0,1,2,A,-,03,22350,,N,D,G,A,-,H,-,E,B,0,,Y,,,Y,,-,,0,0,1,0,0,0,1,0,0,"- ","- ",32.799308776855469,-117.25626373291016,"SAN DIEGO","SAN DIEGO",-117.25633239746094,32.799331665039062
8536235,2018,2018-02-01,3711,2018-01-05,1441,7280,,5,5,7,3711,0,0,0,,0,622,"W MORENA BL","W MORENA BL 1127",0.00,,Y,A,-,N,,,,,,,,,,N,4,0,1,2,A,-,10,21950,A,N,-,B,B,A,H,-,A,A,0,Y,,,,Y,,D,22,0,0,1,0,1,0,0,0,0,"- ","- ",,,"SAN DIEGO","SAN DIEGO",-117.20117301000001,32.768135899999997
8536355,2017,2018-01-22,3711,2017-12-30,2015,5619,SOPD,6,5,7,3711,0,0,0,,0,721,"PALM AV","PALM AVE 1800",10.00,S,N,A,-,N,,,,,,,,,,N,3,0,1,2,A,-,11,21954,A,N,G,B,-,A,H,-,A,A,0,Y,,,,Y,,N,60,0,1,0,0,1,0,0,0,0,"- ","- ",,,"SAN DIEGO","SAN DIEGO",,
8536491,2018,2018-01-23,3711,2018-01-02,0759,7578,,2,5,7,3711,0,0,0,,0,611,"CUSHING RD","ROOSEVELT ST",10.00,S,N,A,-,N,,,,,,,,,,N,4,0,1,2,-,-,"- ",,,N,B,B,E,A,G,-,A,D,0,Y,Y,,,Y,,-,"- ",0,0,1,0,1,0,0,0,0,"- ","- ",,,"SAN DIEGO","SAN DIEGO",-117.21288299560547,32.736240386962891
8536515,2018,2018-01-23,3711,2018-01-02,1545,7163,SPDP,2,5,7,3711,0,0,0,,0,813,"30TH ST","LINCOLN AV",3.00,S,N,A,-,N,,,,,,,,,,N,3,0,1,2,A,-,10,21950,A,N,H,G,A,A,H,-,A,A,0,,Y,,,Y,,-,,0,1,0,0,0,0,1,0,0,"- ","- ",,,"SAN DIEGO","SAN DIEGO",-117.13015747070312,32.750320434570312
8537195,2018,2018-01-30,3711,2018-01-11,0904,6949,,4,5,7,3711,0,0,0,,0,524,"G ST","8TH AV",5.00,E,N,A,-,N,,,,,,,,,,N,3,0,1,2,A,-,10,21950,A,N,G,B,-,A,H,-,A,A,0,Y,,,,Y,,A,01,0,1,0,0,1,0,0,0,0,"- ","- ",,,"SAN DIEGO","SAN DIEGO",-117.15739440917969,32.712589263916016
8538761,2018,2018-02-01,3711,2018-01-11,2014,5757,,4,5,7,3711,0,0,0,,0,613,"VALETA ST","FAMOSA BL",0.00,,Y,B,-,N,,,,,,,,,,N,3,0,1,2,A,-,10,21950,A,M,G,B,B,A,H,-,C,D,0,Y,,,,Y,,-,,0,1,0,0,1,0,0,0,0,"- ","- ",,,"SAN DIEGO","SAN DIEGO",-117.22934722900391,32.74755859375
8538765,2018,2018-02-01,3711,2018-01-16,2105,7367,,2,5,7,3711,0,0,0,,0,431,"KELTON RD","KELTON RD 1100",5.00,N,N,A,-,N,,,,,,,,,,N,3,0,1,2,A,-,10,21950,A,N,D,B,B,A,H,-,C,A,0,Y,,,,Y,,-,,0,1,0,0,1,0,0,0,0,"- ","- ",,,"SAN DIEGO","SAN DIEGO",,
8539116,2018,2018-02-02,3711,2018-01-15,0802,7628,,1,5,7,3711,0,0,0,,0,122,"THOMAS AV","INGRAHAM ST",0.00,,Y,A,-,N,,,,,,,,,,N,4,0,1,2,A,-,08,22107,,N,G,B,B,A,H,-,A,A,0,Y,,,,Y,,I,11,0,0,1,0,1,0,0,0,0,"- ","- ",,,"SAN DIEGO","SAN DIEGO",-117.23995208740234,32.796859741210938
8539578,2018,2018-02-01,3711,2018-01-05,2000,7638,,5,5,7,3711,0,0,0,,0,315,"CAMINO DEL ESTE","CAMINO DEL RIO N",250.00,N,N,A,-,N,,,,,,,,,,N,4,0,1,2,A,-,11,21955,,N,G,B,D,A,H,-,C,D,0,Y,,,,Y,,N,60,0,0,1,0,1,0,0,0,0,"- ","- ",,,"SAN DIEGO","SAN DIEGO",-117.14385223388672,32.769607543945312
8539720,2018,2018-02-02,3711,2018-01-11,0930,7467,50,4,5,7,3711,0,0,0,,0,529,"3RD AV","LAUREL ST",15.00,N,N,A,-,N,,,,,,,,,,N,4,0,1,2,A,-,11,21950,B,N,D,B,D,A,H,-,A,D,0,Y,,,,Y,,N,60,0,0,1,0,1,0,0,0,0,"- ","- ",,,"SAN DIEGO","SAN DIEGO",-117.16210174560547,32.731410980224609