CASE_ID,ACCIDENT_YEAR,PROC_DATE,JURIS,COLLISION_DATE,COLLISION_TIME,OFFICER_ID,REPORTING_DISTRICT,DAY_OF_WEEK,CHP_SHIFT,POPULATION,CNTY_CITY_LOC,SPECIAL_COND,BEAT_TYPE,CHP_BEAT_TYPE,CITY_DIVISION_LAPD,CHP_BEAT_CLASS,BEAT_NUMBER,PRIMARY_RD,SECONDARY_RD,DISTANCE,DIRECTION,INTERSECTION,WEATHER_1,WEATHER_2,STATE_HWY_IND,CALTRANS_COUNTY,CALTRANS_DISTRICT,STATE_ROUTE,ROUTE_SUFFIX,POSTMILE_PREFIX,POSTMILE,LOCATION_TYPE,RAMP_INTERSECTION,SIDE_OF_HWY,TOW_AWAY,COLLISION_SEVERITY,NUMBER_KILLED,NUMBER_INJURED,PARTY_COUNT,PRIMARY_COLL_FACTOR,PCF_CODE_OF_VIOL,PCF_VIOL_CATEGORY,PCF_VIOLATION,PCF_VIOL_SUBSECTION,HIT_AND_RUN,TYPE_OF_COLLISION,MVIW,PED_ACTION,ROAD_SURFACE,ROAD_COND_1,ROAD_COND_2,LIGHTING,CONTROL_DEVICE,CHP_ROAD_TYPE,PEDESTRIAN_ACCIDENT,BICYCLE_ACCIDENT,MOTORCYCLE_ACCIDENT,TRUCK_ACCIDENT,NOT_PRIVATE_PROPERTY,ALCOHOL_INVOLVED,STWD_VEHTYPE_AT_FAULT,CHP_VEHTYPE_AT_FAULT,COUNT_SEVERE_INJ,COUNT_VISIBLE_INJ,COUNT_COMPLAINT_PAIN,COUNT_PED_KILLED,COUNT_PED_INJURED,COUNT_BICYCLIST_KILLED,COUNT_BICYCLIST_INJURED,COUNT_MC_KILLED,COUNT_MC_INJURED,PRIMARY_RAMP,SECONDARY_RAMP,LATITUDE,LONGITUDE,COUNTY,CITY,POINT_X,POINT_Y
8539756,2018,2018-02-02,3711,2018-01-14,0929,4759,,7,5,7,3711,0,0,0,,0,122,"PACIFIC BEACH DR","DAWES ST",0.00,,N,B,-,N,,,,,,,,,,N,4,0,1,2,A,-,10,21950,A,N,D,B,D,A,H,-,A,D,0,Y,,,,Y,,-,,0,0,1,0,1,0,0,0,0,"- ","- ",,,"SAN DIEGO","SAN DIEGO",-117.24826049804688,32.792148590087891
8543677,2018,2018-06-28,3711,2018-01-10,1500,6398,,3,5,7,3711,0,0,0,,0,438,"PARKSIDE AV","REDFORD PL",0.00,,Y,B,-,N,,,,,,,,,,N,3,0,1,2,A,-,08,22107,,N,G,B,B,A,H,-,A,D,0,Y,,,,Y,,-,,0,1,0,0,1,0,0,0,0,"- ","- ",,,"SAN DIEGO","SAN DIEGO",-117.05738067626953,32.66619873046875
8543875,2018,2018-07-30,3711,2018-01-22,1938,4576,,1,5,7,3711,0,0,0,,0,626,"HANCOCK ST","SUTHERLAND ST",311.00,S,N,A,-,Y,SD,11,5,-,R,18.637,R,1,S,N,4,0,1,2,A,-,11,21954,A,F,G,B,E,A,H,-,C,A,0,Y,,,,Y,,N,60,0,0,1,0,1,0,0,0,0,"- ","- ",,,"SAN DIEGO","SAN DIEGO",-117.18755340576172,32.744758605957031
8544405,2018,2018-02-02,3711,2018-01-17,0910,7552,,3,5,7,3711,0,0,0,,0,529,"2ND AV","ELM ST",88.00,N,N,A,-,N,,,,,,,,,,N,3,0,1,2,A,-,"- ",,,N,G,B,E,A,H,-,A,D,0,Y,,,,Y,,N,60,0,1,0,0,1,0,0,0,0,"- ","- ",,,"SAN DIEGO","SAN DIEGO",-117.1629638671875,32.724311828613281
8544433,2018,2018-02-02,3711,2018-01-19,2350,7018,,5,5,7,3711,0,0,0,,0,315,"MISSION VALLEY RD","MISSION CENTER",300.00,W,N,A,-,N,,,,,,,,,,N,4,0,1,2,D,-,00,,,M,G,B,D,A,H,-,C,D,0,Y,,,,Y,Y,-,"- ",0,0,1,0,1,0,0,0,0,"- ","- ",,,"SAN DIEGO","SAN DIEGO",-117.15573120117188,32.777732849121094
8544437,2018,2018-02-02,3711,2018-01-20,2032,4617,,6,5,7,3711,0,0,0,,0,242,"MIRA MESA",GREENFORD,0.00,,Y,A,-,N,,,,,,,,,,N,2,0,1,2,A,-,11,21456,B,N,G,B,B,A,H,-,C,A,0,Y,,,,Y,,N,60,1,0,0,0,1,0,0,0,0,"- ","- ",,,"SAN DIEGO","SAN DIEGO",-117.13297271728516,32.913871765136719
8544910,2017,2018-02-21,3711,2017-12-10,1824,5958,,7,5,7,3711,0,0,0,,0,246,"ANGELIQUE ST","ANGELIQUE ST 11730",0.00,,N,A,-,N,,,,,,,,,,N,2,0,1,2,A,-,21,22106,,N,G,B,E,A,H,-,C,D,0,Y,,,,Y,,A,01,1,0,0,0,1,0,0,0,0,"- ","- ",,,"SAN DIEGO","SAN DIEGO",-117.07276046,32.931790509999999
8546690,2018,2018-02-07,3711,2018-01-18,1930,HB5964,,4,5,7,3711,0,0,0,,0,504,"NORTH HARBOR DR","HAWTHORN ST",0.00,,Y,A,-,N,,,,,,,,,,N,4,0,1,2,A,-,17,21451,A,N,G,B,B,A,H,-,C,A,0,Y,,,,Y,,A,01,0,0,1,0,1,0,0,0,0,"- ","- ",,,"SAN DIEGO","SAN DIEGO",-117.17350006103516,32.725109100341797
8548581,2018,2018-03-05,3711,2018-02-01,2029,7644,,4,5,7,3711,0,0,0,,0,521,"F ST","PARK BL",6.00,E,N,A,-,N,,,,,,,,,,N,3,0,1,2,A,-,11,21456,B,N,G,B,B,A,H,-,C,A,0,Y,,,,Y,,N,60,0,1,0,0,1,0,0,0,0,"- ","- ",,,"SAN DIEGO","SAN DIEGO",-117.15373229980469,32.713638305664062
8549674,2018,2018-02-13,3711,2018-01-20,1645,4897,,6,5,7,3711,0,0,0,,0,822,"58TH ST","ANDROS CT",94.00,N,N,A,-,N,,,,,,,,,,N,2,0,1,2,A,-,11,21954,A,F,G,B,D,A,H,-,A,D,0,Y,,,,Y,,N,60,1,0,0,0,1,0,0,0,0,"- ","- ",,,"SAN DIEGO","SAN DIEGO",-117.07285308837891,32.750782012939453
8550414,2018,2018-03-06,3711,2018-01-24,1229,7685,,3,5,7,3711,0,0,0,,0,325,"NAVAJO RD","GOLFCREST DR",0.00,,Y,A,-,N,,,,,,,,,,N,3,0,1,2,A,-,12,21453,A,N,G,B,B,A,-,-,A,A,0,Y,,,,Y,,A,01,0,1,0,0,1,0,0,0,0,"- ","- ",,,"SAN DIEGO","SAN DIEGO",-117.03810119628906,32.804149627685547
8551612,2018,2018-02-14,3711,2018-01-31,0805,7072,,3,5,7,3711,0,0,0,,0,124,"PEARL ST","DRAPER AV",6.00,E,N,A,-,N,,,,,,,,,,N,3,0,1,2,A,-,10,21950,A,N,G,B,B,A,H,-,A,A,0,Y,,,,Y,,-,,0,1,0,0,1,0,0,0,0,"- ","- ",,,"SAN DIEGO","SAN DIEGO",-117.27609252929688,32.839675903320312
8551616,2018,2018-02-27,3711,2018-01-31,0720,9051,,3,5,7,3711,0,0,0,,0,813,"UNIVERSITY AV","UNIVERSITY AV 3200",18.00,N,N,A,-,N,,,,,,,,,,N,4,0,1,2,A,-,10,21950,A,N,G,B,B,A,H,-,A,A,0,Y,,,,Y,,-,"- ",0,0,1,0,1,0,0,0,0,"- ","- ",,,"SAN DIEGO","SAN DIEGO",,
8551665,2017,2018-02-13,3711,2017-12-12,1730,6327,,2,5,7,3711,0,0,0,,0,931,"DORNERSTOEN CT","PACIFIC HEIGHTS BL",246.00,W,N,A,-,N,,,,,,,,,,N,4,0,1,3,A,-,08,22107,,N,G,B,F,A,H,-,C,D,0,Y,,,,Y,,-,,0,0,1,0,1,0,0,0,0,"- ","- ",,,"SAN DIEGO","SAN DIEGO",-117.18994438999999,32.896927150000003
8556895,2018,2018-03-03,3711,2018-02-18,2153,,,7,5,7,3711,0,0,0,,0,122,"MISSION BAY BL","THOMAS ST",0.00,,Y,A,-,N,,,,,,,,,,N,3,0,1,2,A,-,10,21950,,M,G,B,B,A,H,-,C,A,0,Y,,,,Y,,A,01,0,1,0,0,1,0,0,0,0,"- ","- ",,,"SAN DIEGO","SAN DIEGO",-117.25462992999999,32.793710019999999
8559134,2018,2018-02-26,3711,2018-02-02,1845,7227,,5,5,7,3711,0,0,0,,0,831,"CHAMOUNE AV","CHAMOUNE AV  4200",0.00,,N,A,-,N,,,,,,,,,,N,3,0,1,2,A,-,00,84095,B,M,G,B,F,A,H,-,C,D,0,Y,Y,,,Y,,L,04,0,1,0,0,1,0,0,0,0,"- ","- ",,,"SAN DIEGO","SAN DIEGO",-117.0965758,32.753128820000001
8559154,2018,2018-02-26,3711,2018-02-01,1828,4576,,4,5,7,3711,0,0,0,,0,114,"CLAIREMONT MESA BL","GENESEE AV",357.00,W,N,A,-,N,,,,,,,,,,N,2,0,2,2,A,-,11,21954,A,N,G,B,D,A,H,-,C,D,0,Y,,,,Y,,N,60,1,0,1,0,1,0,0,0,0,"- ","- ",,,"SAN DIEGO","SAN DIEGO",-117.19606018066406,32.834480285644531
8560763,2018,2018-02-27,3711,2018-01-28,0222,6372,,7,5,7,3711,0,0,0,,0,529,"1ST AV","IVY ST",97.00,N,N,A,-,N,,,,,,,,,,N,2,0,1,2,A,-,08,22107,,F,G,B,E,A,H,-,C,D,0,Y,,,,Y,Y,A,01,1,0,0,0,1,0,0,0,0,"- ","- ",,,"SAN DIEGO","SAN DIEGO",-117.16390991210938,32.728473663330078
8560775,2018,2018-02-27,3711,2018-01-21,1544,7023,,7,5,7,3711,0,0,0,,0,614,"CABLE ST","VOLTAIRE ST",0.00,,Y,A,-,N,,,,,,,,,,N,2,0,2,3,A,-,10,21950,A,N,G,B,B,A,H,-,A,A,0,Y,,,,Y,,-,,2,0,0,0,2,0,0,0,0,"- ","- ",,,"SAN DIEGO","SAN DIEGO",-117.24488067626953,32.750961303710938
8561322,2018,2018-03-02,3711,2018-02-10,0735,7272,,6,5,7,3711,0,0,0,,0,451,"EUCLID AV","BEECH ST",50.00,S,N,A,-,N,,,,,,,,,,,3,0,1,2,A,-,10,21950,A,N,G,B,C,A,H,-,A,D,0,Y,,,,Y,,D,23,0,1,0,0,1,0,0,0,0,"- ","- ",,,"SAN DIEGO","SAN DIEGO",-117.08495330810547,32.719371795654297
8561363,2018,2018-03-06,3711,2018-02-09,0800,7431,SDPD,5,5,7,3711,0,0,0,,0,436,"COOLWATER DR","BROOKHAVEN RD",0.00,,Y,F,-,N,,,,,,,,,,N,4,0,1,2,A,-,12,22450,A,M,G,B,B,A,H,-,A,D,0,Y,,,,Y,,-,,0,0,1,0,1,0,0,0,0,"- ","- ",,,"SAN DIEGO","SAN DIEGO",-117.02912139892578,32.700359344482422
8563525,2018,2018-03-13,3711,2018-02-13,0815,7680,SDPD,2,5,7,3711,0,0,0,,0,111,"BALBOA AV","ECKSTROM AV",0.00,,Y,A,-,N,,,,,,,,,,N,3,0,1,2,A,-,03,22350,,N,B,B,B,A,H,-,C,A,0,Y,,,,Y,,A,01,0,1,0,0,1,0,0,0,0,"- ","- ",,,"SAN DIEGO","SAN DIEGO",-117.16706848144531,32.820480346679688
8563586,2018,2018-03-05,3711,2018-02-15,0910,6982,,4,5,7,3711,0,0,0,,0,113,"BALBOA AV","MORAGA AV 3700",0.00,,Y,A,-,N,,,,,,,,,,N,3,0,1,2,A,-,05,21650,A,N,G,B,-,A,H,-,A,A,0,Y,,,,Y,,A,01,0,1,0,0,1,0,0,0,0,"- ","- ",,,"SAN DIEGO","SAN DIEGO",-117.21060994,32.808000040000003
8563608,2018,2018-03-02,3711,2018-02-17,1838,6621,"SAN D",6,5,7,3711,0,0,0,,0,111,"MOUNT ALIFAN DR","MOUNT AGUILAR",8.00,W,N,A,-,N,,,,,,,,,,N,4,0,1,2,A,-,08,22107,,N,G,B,B,A,H,-,C,A,0,Y,,,,Y,,A,01,0,0,1,0,1,0,0,0,0,"- ","- ",,,"SAN DIEGO","SAN DIEGO",-117.17767333984375,32.818038940429688
8563632,2018,2018-03-02,3711,2018-02-16,1645,6451,"SAN D",5,5,7,3711,0,0,0,,0,,"CONVOY ST","ENGINEER RD",0.00,,Y,A,-,N,,,,,,,,,,N,3,0,1,2,A,-,10,21950,A,N,G,B,B,A,H,-,A,A,0,Y,,,,Y,,A,01,0,1,0,0,1,0,0,0,0,"- ","- ",32.826690673828125,-117.15438842773438,"SAN DIEGO","SAN DIEGO",-117.15428924560547,32.826778411865234
8565039,2018,2018-03-01,3711,2018-01-28,1240,6764,,7,5,7,3711,0,0,0,,0,826,"TROJAN AV","50TH ST",153.00,E,N,A,-,N,,,,,,,,,,N,2,0,1,2,A,-,09,21804,A,N,D,G,A,A,H,-,A,D,0,,Y,,,Y,,L,04,1,0,0,0,0,0,1,0,0,"- ","- ",,,"SAN DIEGO","SAN DIEGO",-117.08636474609375,32.754901885986328
8567430,2018,2018-03-16,3711,2018-02-20,2059,7143,,2,5,7,3711,0,0,0,,0,524,"A ST","9TH AV",15.00,E,N,A,-,N,,,,,,,,,,N,3,0,1,2,A,-,10,21950,A,N,D,B,A,A,H,-,C,A,0,,,,,Y,,-,,0,1,0,0,0,0,0,0,0,"- ","- ",,,"SAN DIEGO","SAN DIEGO",-117.15650939941406,32.718860626220703
8571458,2018,2018-03-14,3711,2018-02-27,1450,4884,SDPD,2,5,7,3711,0,0,0,,0,231,"SPRINGBROOK DR","SABRE SPRINGS PKWY",14.00,N,N,A,-,N,,,,,,,,,,N,3,0,1,2,A,-,09,21802,A,N,D,G,A,A,H,-,A,A,0,,Y,,,Y,,A,01,0,1,0,0,0,0,1,0,0,"- ","- ",,,"SAN DIEGO","SAN DIEGO",-117.08406829833984,32.943229675292969
8571462,2018,2018-03-14,3711,2018-02-25,1410,7555,,7,5,7,3711,0,0,0,,0,932,"13000 NORTH TORREY PINES RD","NORTH TORREY PINES RD",7.00,E,N,A,-,N,,,,,,,,,,N,2,0,1,2,A,-,05,21651,A,N,D,G,A,A,H,-,A,D,0,,Y,,,Y,,A,01,1,0,0,0,0,0,1,0,0,"- ","- ",32.937900543212891,-117.26129913330078,"SAN DIEGO","SAN DIEGO",-117.26121520996094,32.937904357910156
8571471,2018,2018-03-14,3711,2018-02-26,1845,7510,,1,5,7,3711,0,0,0,,0,933,"MANGO DR","PORTOFINO DR",0.00,,Y,A,-,N,,,,,,,,,,N,3,0,1,2,A,-,10,21950,A,N,D,B,B,A,H,-,C,D,0,Y,,,,Y,,-,,0,1,0,0,1,0,0,0,0,"- ","- ",,,"SAN DIEGO","SAN DIEGO",-117.24301910400391,32.940570831298828
8571486,2018,2018-03-14,3711,2018-02-23,1730,7580,"SAN D",5,5,7,3711,0,0,0,,0,723,"AREY DR",DARWIN,15.00,W,N,A,-,N,,,,,,,,,,N,3,0,1,2,A,-,09,21802,A,N,D,G,A,A,H,-,A,D,0,,Y,,,Y,,L,04,0,1,0,0,0,0,1,0,0,"- ","- ",,,"SAN DIEGO","SAN DIEGO",-117.05110931396484,32.578739166259766
8574309,2018,2018-03-15,3711,2018-02-22,0756,7674,,4,5,7,3711,0,0,0,,0,,"CONVOY ST","ENGINEER RD",0.00,,Y,A,-,N,,,,,,,,,,N,4,0,1,2,A,-,11,21456,A,N,G,B,B,A,H,-,A,A,0,Y,,,,Y,,N,60,0,0,1,0,1,0,0,0,0,"- ","- ",,,"SAN DIEGO","SAN DIEGO",-117.15428924560547,32.826778411865234
8574592,2018,2018-04-24,3711,2018-04-11,2350,7659,,3,5,7,3711,0,0,0,,0,813,"EL CAJON BL","EL CAJON BL 2600",0.00,,Y,A,-,N,,,,,,,,,,N,4,0,1,2,A,-,11,21950,B,N,A,B,D,A,H,-,C,A,0,Y,,,,Y,,-,"- ",0,0,1,0,1,0,0,0,0,"- ","- ",,,"SAN DIEGO","SAN DIEGO",-117.13636369,32.755352219999999
8574740,2018,2018-03-24,3711,2018-03-09,1030,7462,,5,5,7,3711,0,0,0,,0,529,"4TH AV","LAUREL ST",0.00,,Y,A,-,N,,,,,,,,,,N,3,0,1,2,A,-,10,21950,A,N,G,B,B,A,-,-,A,A,0,Y,,,,Y,,-,,0,1,0,0,1,0,0,0,0,"- ","- ",,,"SAN DIEGO","SAN DIEGO",-117.16120147705078,32.731380462646484
8576019,2018,2018-03-22,3711,2018-03-03,1900,7006,,6,5,7,3711,0,0,0,,0,827,"UNIVERSITY AV","SHILOH RD",0.00,,Y,B,-,N,,,,,,,,,,N,2,0,1,2,A,-,11,21955,,N,G,B,D,A,H,-,C,D,0,Y,,,,Y,,N,60,1,0,0,0,1,0,0,0,0,"- ","- ",,,"SAN DIEGO","SAN DIEGO",-117.08152770996094,32.749080657958984
8576026,2018,2018-03-19,3711,2018-03-02,2050,6555,,5,5,7,3711,0,0,0,,0,835,"FAIRMONT AV","POPLAR AV",150.00,S,N,A,-,N,,,,,,,,,,N,2,0,1,2,A,-,11,21950,B,N,G,B,D,A,H,-,C,D,0,Y,,,,Y,Y,N,60,1,0,0,0,1,0,0,0,0,"- ","- ",,,"SAN DIEGO","SAN DIEGO",-117.10099792480469,32.738010406494141
8576050,2018,2018-03-19,3711,2018-03-05,0703,8568,,1,5,7,3711,0,0,0,,0,824,"EL CAJON BL","45TH ST",15.00,E,N,A,-,N,,,,,,,,,,N,3,0,1,2,A,-,11,21955,,M,G,B,D,A,H,-,A,A,0,Y,,,,Y,,N,60,0,1,0,0,1,0,0,0,0,"- ","- ",,,"SAN DIEGO","SAN DIEGO",-117.09757995605469,32.755306243896484
8576054,2018,2018-03-27,3711,2018-03-03,0049,4656,SD,6,5,7,3711,0,0,0,,0,514,"IMPERIAL AV","19TH ST",0.00,,Y,B,C,N,,,,,,,,,,Y,2,0,1,2,A,-,12,21453,A,F,G,B,B,A,H,-,C,A,0,Y,,,,Y,Y,A,01,1,0,0,0,1,0,0,0,0,"- ","- ",,,"SAN DIEGO","SAN DIEGO",-117.14665985107422,32.706268310546875
8576704,2018,2018-03-20,3711,2018-03-06,1258,7255,,2,5,7,3711,0,0,0,,0,611,"HANCOCK ST","HICOCK ST",0.00,,Y,A,-,N,,,,,,,,,,N,3,0,1,2,A,-,05,21650,1,N,H,G,A,A,H,-,A,D,0,,Y,,,Y,,L,04,0,1,0,0,0,0,1,0,0,"- ","- ",,,"SAN DIEGO","SAN DIEGO",-117.20932006835938,32.7576904296875
8579475,2018,2018-03-19,3711,2018-03-01,0728,6641,,4,5,7,3711,0,0,0,,0,937,"PASEO DEL SUR","KRISTEN GLEN",0.00,,Y,A,-,N,,,,,,,,,,N,4,0,1,2,A,-,11,21954,A,N,G,B,E,A,H,-,A,D,0,Y,,,,Y,,N,60,0,0,1,0,1,0,0,0,0,"- ","- ",,,"SAN DIEGO","SAN DIEGO",-117.13787841796875,33.019088745117188
8580100,2018,2018-03-21,3711,2018-03-10,1838,6176,,6,5,7,3711,0,0,0,,0,432,"IMPERIAL AV","54TH ST",12.00,E,N,C,-,N,,,,,,,,,,N,4,0,1,2,A,-,10,21950,A,N,G,B,B,B,H,-,C,A,0,Y,,,,Y,,A,01,0,0,1,0,1,0,0,0,0,"- ","- ",,,"SAN DIEGO","SAN DIEGO",-117.07874298095703,32.707088470458984
8580104,2018,2018-03-21,3711,2018-03-11,1735,6786,,7,5,7,3711,0,0,0,,0,518,"JUNIPER ST","30TH ST",51.00,S,N,A,-,N,,,,,,,,,,N,3,0,1,2,A,-,08,22107,,N,G,G,A,A,H,-,A,-,0,,Y,,,Y,,D,22,0,1,0,0,0,0,1,0,0,"- ","- ",,,"SAN DIEGO","SAN DIEGO",-117.13014984130859,32.729640960693359
8584244,2018,2018-04-04,3711,2018-03-18,2039,6176,,7,5,7,3711,0,0,0,,0,438,"ALLEGHANY ST","REO DR",9.00,W,N,A,-,N,,,,,,,,,,N,4,0,1,2,A,-,12,22450,A,M,D,G,A,A,H,-,C,D,0,,Y,,,Y,,-,99,0,0,1,0,0,0,1,0,0,"- ","- ",,,"SAN DIEGO","SAN DIEGO",-117.06793975830078,32.679103851318359
8584279,2018,2018-04-11,3711,2018-03-13,1530,6978,SANDI,2,5,7,3711,0,0,0,,0,124,"GILMAN DR","VILLA LA JOLLA DR",1200.00,N,N,B,-,N,,,,,,,,,,N,4,0,1,2,A,-,08,22107,,N,C,G,A,A,H,-,A,D,0,,Y,,,Y,,-,,0,0,1,0,0,0,1,0,0,"- ","- ",,,"SAN DIEGO","SAN DIEGO",-117.23753356933594,32.867256164550781
8584295,2018,2018-03-30,3711,2018-03-02,0922,6764,,5,5,7,3711,0,0,0,,0,524,"10TH AV","C ST",0.00,,Y,A,-,N,,,,,,,,,,N,4,0,1,2,D,-,00,,,N,G,B,B,A,H,-,A,A,0,Y,,,,Y,,-,"- ",0,0,1,0,1,0,0,0,0,"- ","- ",,,"SAN DIEGO","SAN DIEGO",-117.1556396484375,32.716800689697266
8584299,2018,2018-03-30,3711,2018-03-05,1209,6702,,1,5,7,3711,0,0,0,,0,903,"EAST SAN YSIDRO BL","VIRGINIA AV",157.00,E,N,A,-,N,,,,,,,,,,N,3,0,1,2,A,-,00,21840,A,N,G,B,D,A,H,-,A,D,0,Y,,,,Y,,A,01,0,1,0,0,1,0,0,0,0,"- ","- ",,,"SAN DIEGO","SAN DIEGO",-117.03598785400391,32.549819946289062
8584315,2018,2018-03-30,3711,2018-03-14,2345,4576,,3,5,7,3711,0,0,0,,0,827,"LEA ST","KNOXIE ST",200.00,E,N,B,-,N,,,,,,,,,,N,4,0,1,2,A,-,08,22107,,N,E,G,A,A,H,-,D,D,0,,Y,,,Y,,L,04,0,0,1,0,0,0,1,0,0,"- ","- ",,,"SAN DIEGO","SAN DIEGO",-117.08193206787109,32.744956970214844
8589103,2018,2018-04-12,3711,2018-03-21,2127,7692,,3,5,7,3711,0,0,0,,0,446,"EUCLID AV","NARANJA ST",45.00,N,N,A,-,N,,,,,,,,,,,4,0,1,2,A,-,11,21456,B,N,G,B,D,A,H,-,C,A,0,Y,,,,Y,,N,60,0,0,1,0,1,0,0,0,0,"- ","- ",,,"SAN DIEGO","SAN DIEGO",-117.08503723144531,32.708751678466797
8591401,2018,2018-04-11,3711,2018-03-25,1800,7413,NORTH,7,5,7,3711,0,0,0,,0,122,"INGRAHAM ST","PACIFIC BEACH DR",0.00,,Y,A,-,N,,,,,,,,,,N,4,0,1,2,A,-,10,21950,A,N,G,B,B,A,H,-,A,A,0,Y,,,,Y,,-,,0,0,1,0,1,0,0,0,0,"- ","- ",,,"SAN DIEGO","SAN DIEGO",-117.23909759521484,32.793941497802734
8592101,2018,2018-04-18,3711,2018-03-21,0735,7264,,3,5,7,3711,0,0,0,,0,624,"FLORIDA ST","POLK AV",0.00,,Y,A,-,N,,,,,,,,,,N,3,0,1,2,A,-,12,22450,A,N,D,G,A,A,H,-,A,A,0,,Y,,,Y,,-,"- ",0,1,0,0,0,0,1,0,0,"- ","- ",32.752109527587891,-117.14324951171875,"SAN DIEGO","SAN DIEGO",-117.14376831054688,32.752140045166016
8592719,2018,2018-04-05,3711,2018-03-08,1934,6146,,4,5,7,3711,0,0,0,,0,531,"PAN AMERICAN EAST  RD","PAN AMERICAN WEST  RD",2.00,S,N,A,-,N,,,,,,,,,,Y,2,0,2,3,A,-,10,21950,A,N,G,B,B,A,H,-,C,D,0,Y,,,,Y,,A,07,1,1,0,0,2,0,0,0,0,"- ","- ",,,"SAN DIEGO","SAN DIEGO",-117.15107727050781,32.729698181152344
8593688,2018,2018-04-17,3711,2018-03-27,0800,7274,,2,5,7,3711,0,0,0,,0,621,"TAIT ST","ULRIC ST",0.00,,Y,A,-,N,,,,,,,,,,N,4,0,1,2,A,-,10,21952,,N,A,B,B,A,H,-,A,A,0,Y,,,,Y,,-,99,0,0,1,0,1,0,0,0,0,"- ","- ",,,"SAN DIEGO","SAN DIEGO",-117.16941070556641,32.780990600585938
8594220,2018,2018-04-19,3711,2018-04-04,0657,7201,,3,5,7,3711,0,0,0,,0,313,"CLAIREMONT MESA BL","KEARNY MESA RD",0.00,,Y,A,-,N,,,,,,,,,,N,3,0,1,2,A,-,12,21453,A,N,D,G,A,A,H,-,A,A,0,,Y,,,Y,,L,04,0,1,0,0,0,0,1,0,0,"- ","- ",,,"SAN DIEGO","SAN DIEGO",-117.14353179931641,32.832920074462891
8594349,2018,2018-04-20,3711,2018-04-07,0130,8334,,6,5,7,3711,0,0,0,,0,437,"PARADISE VALLEY RD","MEADOWBROOK DR",1584.00,W,N,B,-,N,,,,,,,,,,N,4,0,1,2,B,-,22,,,M,G,B,F,A,H,-,C,D,0,Y,,,,Y,,-,99,0,0,1,0,1,0,0,0,0,"- ","- ",,,"SAN DIEGO","SAN DIEGO",-117.03003692626953,32.69500732421875
8594862,2018,2018-04-23,3711,2018-03-30,1530,7152,"SAN D",5,5,7,3711,0,0,0,,0,623,"HOTEL CIRCLE SOUTH","HOTEL CIRCLE CT",0.00,,N,A,-,N,,,,,,,,,,N,4,0,1,2,D,-,00,,,N,H,G,A,A,H,-,A,D,0,,Y,,,Y,,-,"- ",0,0,1,0,0,0,1,0,0,"- ","- ",,,"SAN DIEGO","SAN DIEGO",-117.17426300048828,32.759258270263672
8596333,2018,2018-04-17,3711,2018-03-17,1426,7478,,6,5,7,3711,0,0,0,,0,611,"ROSECRANS ST","KURTZ ST",180.00,S,N,B,-,N,,,,,,,,,,N,2,0,1,2,A,-,08,22107,,N,C,G,A,A,H,-,A,D,0,,Y,,,Y,Y,-,,1,0,0,0,0,0,1,0,0,"- ","- ",,,"SAN DIEGO","SAN DIEGO",-117.20421600341797,32.751907348632812
8599263,2018,2018-04-27,3711,2018-04-12,1210,8192,,4,5,7,3711,0,0,0,,0,821,"UNIVERSITY AV","ROLANDO BL",12.00,W,N,A,-,N,,,,,,,,,,N,3,0,1,2,A,-,10,21950,A,N,A,B,B,A,H,-,A,A,0,Y,,,,Y,,D,22,0,1,0,0,1,0,0,0,0,"- ","- ",,,"SAN DIEGO","SAN DIEGO",-117.05835723876953,32.754669189453125
8603668,2018,2018-05-07,3711,2018-04-17,1410,7552,,2,5,7,3711,0,0,0,,0,524,"THALIA ST","6TH AV",9.00,E,N,A,-,N,,,,,,,,,,N,4,0,1,2,A,-,21,22106,,M,G,B,D,A,H,-,A,A,0,Y,,,,Y,,-,,0,0,1,0,1,0,0,0,0,"- ","- ",,,"SAN DIEGO","SAN DIEGO",,
8606154,2018,2018-05-14,3711,2018-04-19,0823,6366,,4,5,7,3711,0,0,0,,0,111,"BALBOA AV","MOUNT ABERNATHY AV",10.00,W,N,B,-,N,,,,,,,,,,N,2,0,1,2,A,-,10,21950,A,N,G,B,B,A,H,-,A,A,0,Y,,,,Y,,A,01,1,0,0,0,0,0,0,0,0,"- ","- ",,,"SAN DIEGO","SAN DIEGO",-117.17617034912109,32.820388793945312
8610348,2018,2018-05-08,3711,2018-04-21,2130,6223,CE,6,5,7,3711,0,0,0,,0,0C3,"5TH AV","MARKET ST",35.00,N,N,A,-,N,,,,,,,,,,N,4,0,1,2,A,-,03,22350,,F,C,G,A,A,H,-,C,D,0,,Y,,,Y,,-,,0,0,1,0,0,0,1,0,0,"- ","- ",,,"SAN DIEGO","SAN DIEGO",-117.16014862060547,32.711597442626953
8611147,2018,2018-05-11,3711,2018-04-22,1834,5600,,7,5,7,3711,0,0,0,,0,122,"GRAND AV","BAYARD ST",0.00,,Y,A,-,N,,,,,,,,,,N,3,0,1,2,A,-,10,21950,A,N,G,B,B,-,H,-,A,A,0,Y,,,,Y,,A,01,0,1,0,0,1,0,0,0,0,"- ","- ",,,"SAN DIEGO","SAN DIEGO",-117.25308227539062,32.795131683349609