CASE_ID,ACCIDENT_YEAR,PROC_DATE,JURIS,COLLISION_DATE,COLLISION_TIME,OFFICER_ID,REPORTING_DISTRICT,DAY_OF_WEEK,CHP_SHIFT,POPULATION,CNTY_CITY_LOC,SPECIAL_COND,BEAT_TYPE,CHP_BEAT_TYPE,CITY_DIVISION_LAPD,CHP_BEAT_CLASS,BEAT_NUMBER,PRIMARY_RD,SECONDARY_RD,DISTANCE,DIRECTION,INTERSECTION,WEATHER_1,WEATHER_2,STATE_HWY_IND,CALTRANS_COUNTY,CALTRANS_DISTRICT,STATE_ROUTE,ROUTE_SUFFIX,POSTMILE_PREFIX,POSTMILE,LOCATION_TYPE,RAMP_INTERSECTION,SIDE_OF_HWY,TOW_AWAY,COLLISION_SEVERITY,NUMBER_KILLED,NUMBER_INJURED,PARTY_COUNT,PRIMARY_COLL_FACTOR,PCF_CODE_OF_VIOL,PCF_VIOL_CATEGORY,PCF_VIOLATION,PCF_VIOL_SUBSECTION,HIT_AND_RUN,TYPE_OF_COLLISION,MVIW,PED_ACTION,ROAD_SURFACE,ROAD_COND_1,ROAD_COND_2,LIGHTING,CONTROL_DEVICE,CHP_ROAD_TYPE,PEDESTRIAN_ACCIDENT,BICYCLE_ACCIDENT,MOTORCYCLE_ACCIDENT,TRUCK_ACCIDENT,NOT_PRIVATE_PROPERTY,ALCOHOL_INVOLVED,STWD_VEHTYPE_AT_FAULT,CHP_VEHTYPE_AT_FAULT,COUNT_SEVERE_INJ,COUNT_VISIBLE_INJ,COUNT_COMPLAINT_PAIN,COUNT_PED_KILLED,COUNT_PED_INJURED,COUNT_BICYCLIST_KILLED,COUNT_BICYCLIST_INJURED,COUNT_MC_KILLED,COUNT_MC_INJURED,PRIMARY_RAMP,SECONDARY_RAMP,LATITUDE,LONGITUDE,COUNTY,CITY,POINT_X,POINT_Y
8615536,2018,2018-05-07,3711,2018-04-25,2020,7642,,3,5,7,3711,0,0,0,,0,122,"GRAND AV","DAWES ST",12.00,E,N,A,-,N,,,,,,,,,,N,4,0,1,2,A,-,08,22107,,N,-,G,A,A,H,-,C,-,0,,Y,,,Y,Y,L,04,0,0,1,0,0,0,1,0,0,"- ","- ",,,"SAN DIEGO","SAN DIEGO",-117.24941253662109,32.795936584472656
8615556,2018,2018-05-07,3711,2018-04-24,2321,4310,,2,5,7,3711,0,0,0,,0,523,"4TH AV","F ST",100.00,N,N,A,-,N,,,,,,,,,,N,4,0,1,2,A,-,17,21657,,N,D,G,A,A,H,-,C,D,0,,Y,,,Y,,L,04,0,0,1,0,0,0,1,0,0,"- ","- ",,,"SAN DIEGO","SAN DIEGO",-117.16106414794922,32.713882446289062
8615745,2018,2018-07-30,3711,2018-04-03,2013,4310,,2,5,7,3711,0,0,0,,0,625,"PACIFIC HWY","TAYLOR ST",1320.00,N,N,A,-,N,,,,,,,,,,Y,2,0,1,2,A,-,08,22107,,N,G,B,F,A,H,-,D,D,0,Y,,,,Y,Y,A,01,1,0,0,0,1,0,0,0,0,"- ","- ",,,"SAN DIEGO","SAN DIEGO",-117.20217132568359,32.758884429931641
8616138,2018,2018-05-16,3711,2018-04-30,0526,7088,43,1,5,7,3711,0,0,0,,0,528,"FIR ST","STATE ST",0.00,,Y,A,-,N,,,,,,,,,,N,4,0,1,2,A,-,10,21950,A,N,A,B,B,A,H,-,B,A,0,Y,,,,Y,,-,,0,0,1,0,1,0,0,0,0,"- ","- ",,,"SAN DIEGO","SAN DIEGO",-117.16689300537109,32.724948883056641
8616438,2018,2018-05-23,3711,2018-05-06,1555,7468,,7,5,7,3711,0,0,0,,0,121,"MISSION BL","QUEENSTOWN CT",10.00,N,N,A,-,N,,,,,,,,,,N,3,0,1,2,A,-,21,22106,,N,C,G,A,A,H,-,A,D,0,,Y,,,Y,,-,,0,1,0,0,0,0,1,0,0,"- ","- ",,,"SAN DIEGO","SAN DIEGO",-117.25269317626953,32.783737182617188
8618409,2018,2018-05-29,3711,2018-05-13,1519,7702,,7,5,7,3711,0,0,0,,0,614,"WEST POINT LOMA BL","NIMITZ BL",38.00,W,N,A,-,N,,,,,,,,,,N,3,0,1,2,A,-,04,21703,,N,C,G,A,A,H,-,A,A,0,,Y,,,Y,,L,04,0,1,0,0,0,0,1,0,0,"- ","- ",,,"SAN DIEGO","SAN DIEGO",-117.23623657226562,32.751209259033203
8619004,2018,2018-05-18,3711,2018-04-26,1200,6620,,4,5,7,3711,0,0,0,,0,124,PROSPECT,"PROSPECT 500",0.00,,-,A,-,N,,,,,,,,,,N,4,0,1,2,A,-,08,22107,,M,B,B,E,A,H,-,A,D,0,Y,,,,Y,,-,,0,0,1,0,1,0,0,0,0,"- ","- ",,,"SAN DIEGO","SAN DIEGO",,
8619190,2018,2018-06-08,3711,2018-05-07,0621,7042,,1,5,7,3711,0,0,0,,0,622,"PACIFIC HWY","PACIFIC HWY 4800",38.00,E,N,A,-,N,,,,,,,,,,Y,4,0,1,2,A,-,08,22107,,N,B,G,A,A,H,-,A,D,0,,Y,,,Y,,L,04,0,0,1,0,0,0,1,0,0,"- ","- ",,,"SAN DIEGO","SAN DIEGO",,
8619589,2018,2018-05-24,3711,2018-05-01,0737,7614,,2,5,7,3711,0,0,0,,0,628,"HAWK ST","WASHINGTON ST",3.00,S,N,A,-,N,,,,,,,,,,N,4,0,1,2,A,-,08,22107,,N,G,B,B,A,H,-,A,A,0,Y,,,,Y,,-,,0,0,1,0,1,0,0,0,0,"- ","- ",,,"SAN DIEGO","SAN DIEGO",-117.17230987548828,32.749771118164062
8621324,2018,2018-05-24,3711,2018-05-01,2120,4576,,2,5,7,3711,0,0,0,,0,445,"47TH ST","HILLTOP DR",0.00,,Y,F,-,N,,,,,,,,,,N,3,0,1,2,A,-,11,21456,B,F,G,B,B,B,H,-,C,A,0,Y,,,,Y,,N,60,0,1,0,0,1,0,0,0,0,"- ","- ",,,"SAN DIEGO","SAN DIEGO",-117.09358978271484,32.715049743652344
8621360,2018,2018-05-24,3711,2018-05-12,1353,7574,"SAN D",6,5,7,3711,0,0,0,,0,611,"SPORTS ARENA BL",ROSECRANS,2.00,W,N,B,-,N,,,,,,,,,,N,3,0,1,2,A,-,17,21208,A,N,B,G,A,A,H,-,A,D,0,,Y,,,Y,,L,04,0,1,0,0,0,0,1,0,0,"- ","- ",,,"SAN DIEGO","SAN DIEGO",-117.20494842529297,32.751529693603516
8624260,2018,2018-08-17,3711,2018-05-15,2218,4310,,2,5,7,3711,0,0,0,,0,521,"17TH ST","B ST",12.00,S,N,A,-,Y,SD,11,5,-,R,15.816,R,4,S,N,3,0,1,2,A,-,11,21954,A,N,G,B,D,A,H,-,D,D,0,Y,,,,Y,,N,60,0,1,0,0,1,0,0,0,0,"- ","- ",,,"SAN DIEGO","SAN DIEGO",-117.15122985839844,32.723934173583984
8625523,2018,2018-05-30,3711,2018-05-15,1718,5679,,2,5,7,3711,0,0,0,,0,234,"WEST BERNARDO DR","BERNARDO CENTER DR",325.00,W,N,A,-,N,,,,,,,,,,N,3,0,1,2,A,-,09,21801,A,N,D,G,A,A,H,-,A,D,0,,Y,,,Y,,A,01,0,1,0,0,0,0,1,0,0,"- ","- ",,,"SAN DIEGO","SAN DIEGO",-117.08969116210938,33.008686065673828
8625555,2018,2018-05-31,3711,2018-05-09,0809,6366,,3,5,7,3711,0,0,0,,0,526,"ASH ST","4TH AV",0.00,,Y,A,-,N,,,,,,,,,,N,2,0,1,2,A,-,17,21451,A,N,G,B,B,A,H,-,A,A,0,Y,,,,Y,,A,01,1,0,0,0,1,0,0,0,0,"- ","- ",,,"SAN DIEGO","SAN DIEGO",-117.1611328125,32.719890594482422
8625570,2018,2018-05-30,3711,2018-05-10,0645,7731,,4,5,7,3711,0,0,0,,0,31S,"MISSION VALLEY RD","MURRAY CANYON RD",0.00,,Y,B,-,N,,,,,,,,,,N,4,0,1,2,A,-,08,22107,,M,G,B,-,A,H,-,A,D,0,Y,,,,Y,,-,,0,0,1,0,1,0,0,0,0,"- ","- ",,,"SAN DIEGO","SAN DIEGO",-117.15791702,32.775806129999999
8626101,2018,2018-06-06,3711,2018-05-18,1803,7261,,5,5,7,3711,0,0,0,,0,451,"BAYVIEW HEIGHTS PL","BAYVIEW HEIGHTS DR",259.00,N,N,A,-,N,,,,,,,,,,N,3,0,1,2,A,-,11,21950,B,N,G,B,D,A,H,-,A,D,0,Y,,,,Y,,N,60,0,1,0,0,1,0,0,0,0,"- ","- ",,,"SAN DIEGO","SAN DIEGO",-117.07858276367188,32.724430084228516
8626121,2018,2018-06-06,3711,2018-05-19,0403,6146,,6,5,7,3711,0,0,0,,0,122,"GARNET AV","MORRELL ST",120.00,W,N,A,-,N,,,,,,,,,,Y,2,0,1,2,A,-,11,21954,A,N,G,B,D,A,H,-,C,D,0,Y,,,,Y,,N,60,1,0,0,0,1,0,0,0,0,"- ","- ",,,"SAN DIEGO","SAN DIEGO",-117.23387908935547,32.801322937011719
8626130,2018,2018-06-04,3711,2018-05-18,0724,7361,,5,5,7,3711,0,0,0,,0,517,"25TH ST",BROADWAY,0.00,,N,A,-,N,,,,,,,,,,N,4,0,1,2,A,-,11,21954,A,N,G,B,D,A,H,-,A,A,0,Y,,,,Y,,N,60,0,0,1,0,1,0,0,0,0,"- ","- ",32.715320587158203,-117.14028167724609,"SAN DIEGO","SAN DIEGO",-117.14028167724609,32.7158203125
8627033,2018,2018-06-06,3711,2018-05-07,1233,7290,SANDI,1,5,7,3711,0,0,0,,0,315,"CAMINO DE LA SIESTA","CAMINO DE LA SIESTA 5000",0.00,,N,A,-,N,,,,,,,,,,N,4,0,1,2,A,-,11,21954,A,N,G,B,E,A,H,-,A,D,0,Y,,,,Y,,N,60,0,0,1,0,1,0,0,0,0,"- ","- ",,,"SAN DIEGO","SAN DIEGO",-117.15992153000001,32.764549770000002
8628667,2018,2018-06-12,3711,2018-05-19,0705,7231,3711,6,5,7,3711,0,0,0,,0,625,"JUAN ST",TWIGGS,258.00,N,N,B,-,N,,,,,,,,,,N,3,0,1,2,A,-,09,21801,A,N,B,G,A,A,H,-,B,D,0,,Y,,,Y,,-,,0,1,0,0,0,0,1,0,0,"- ","- ",,,"SAN DIEGO","SAN DIEGO",-117.19552612304688,32.754878997802734
8629618,2018,2018-07-30,3711,2018-05-08,1818,7444,,2,5,7,3711,0,0,0,,0,529,"ELM ST","5TH ST",6.00,W,N,A,-,N,,,,,,,,,,N,3,0,1,2,A,-,11,21456,B,N,G,B,B,A,H,-,A,A,0,Y,,,,Y,,N,60,0,1,0,0,1,0,0,0,0,"- ","- ",,,"SAN DIEGO","SAN DIEGO",-117.16026306152344,32.724090576171875
8629822,2018,2018-06-07,3711,2018-05-16,0001,7701,SD,3,5,7,3711,0,0,0,,0,313,"RUFFIN RD","AERO DR",720.00,N,N,A,-,N,,,,,,,,,,N,3,0,1,1,A,-,03,22350,,N,F,G,A,A,H,-,C,D,0,,Y,,,Y,,L,04,0,1,0,0,0,0,1,0,0,"- ","- ",,,"SAN DIEGO","SAN DIEGO",-117.12973785400391,32.809879302978516
8631648,2018,2018-06-11,3711,2018-04-24,0824,3702,,2,5,7,3711,0,0,0,,0,723,"IRIS AV","27TH ST",350.00,E,N,A,-,N,,,,,,,,,,N,3,0,1,2,A,-,11,21950,B,N,G,B,C,A,H,-,A,A,0,Y,,,,Y,,N,60,0,1,0,0,1,0,0,0,0,"- ","- ",,,"SAN DIEGO","SAN DIEGO",-117.07434844970703,32.569160461425781
8632796,2018,2018-06-12,3711,2018-05-29,2002,7047,SANDI,2,5,7,3711,0,0,0,,0,831,"UNIVERSITY AV","FAIRMONT AV",0.00,,Y,A,-,N,,,,,,,,,,N,4,0,1,2,A,-,11,21456,B,N,G,B,B,A,H,-,C,A,0,Y,,,,Y,,N,60,0,0,1,0,1,0,0,0,0,"- ","- ",,,"SAN DIEGO","SAN DIEGO",-117.10089874267578,32.749599456787109
8633606,2018,2018-06-18,3711,2018-05-31,0944,7468,,4,5,7,3711,0,0,0,,0,124,"SOLEDAD MOUNTAIN RD","PALOMINO CIR",0.00,,Y,A,-,N,,,,,,,,,,N,4,0,1,2,A,-,10,21950,A,N,A,B,B,A,H,-,A,A,0,Y,,,,Y,,-,,0,0,1,0,1,0,0,0,0,"- ","- ",,,"SAN DIEGO","SAN DIEGO",-117.23806762695312,32.825519561767578
8633661,2018,2018-06-18,3711,2018-05-15,2155,8332,,2,5,7,3711,0,0,0,,0,525,BROADWAY,"3RD AV",28.00,E,N,A,-,N,,,,,,,,,,N,4,0,1,2,A,-,08,22107,,M,G,G,A,A,H,-,C,A,0,,Y,,,Y,Y,-,99,0,0,1,0,0,0,1,0,0,"- ","- ",,,"SAN DIEGO","SAN DIEGO",-117.16191101074219,32.715679168701172
8633677,2018,2018-06-18,3711,2018-05-24,0706,7402,,4,5,7,3711,0,0,0,,0,522,"W MARKET","1ST AV",15.00,E,N,A,-,N,,,,,,,,,,N,3,0,1,2,A,-,11,21461,5,N,G,B,D,A,H,-,A,A,0,Y,,,,Y,,N,60,0,1,0,0,1,0,0,0,0,"- ","- ",,,"SAN DIEGO","SAN DIEGO",-117.16374206542969,32.711509704589844
8633704,2018,2018-06-14,3711,2018-04-25,1505,7143,,3,5,7,3711,0,0,0,,0,521,"ISLAND AV","500 17TH ST",216.00,E,N,A,-,N,,,,,,,,,,N,4,0,1,2,A,-,08,22107,,N,B,G,A,A,H,-,A,D,0,,Y,,,Y,Y,L,04,0,0,1,0,0,0,1,0,0,"- ","- ",,,"SAN DIEGO","SAN DIEGO",,
8634962,2018,2018-06-18,3711,2018-05-27,1000,6781,,7,5,7,3711,0,0,0,,0,813,"HOWARD AV","OREGON ST",60.00,E,N,A,-,N,,,,,,,,,,N,4,0,1,2,A,-,08,22107,,N,B,G,A,A,H,-,A,D,0,,Y,,,Y,,-,,0,0,1,0,0,0,1,0,0,"- ","- ",,,"SAN DIEGO","SAN DIEGO",-117.13493347167969,32.754039764404297
8636509,2018,2018-06-20,3711,2018-06-06,1520,7720,,3,5,7,3711,0,0,0,,0,611,"ROSECRANS ST","ROSECRANS ST 3500",5.00,W,N,A,-,N,,,,,,,,,,N,4,0,1,2,A,-,10,21950,A,N,G,B,B,A,H,-,A,A,0,Y,,,,Y,,-,,0,0,1,0,1,0,0,0,0,"- ","- ",,,"SAN DIEGO","SAN DIEGO",,
8640667,2018,2018-07-06,3711,2018-06-13,0846,7199,,3,5,7,3711,0,0,0,,0,834,"UNIVERSITY AV","41ST ST",162.00,W,N,A,-,N,,,,,,,,,,N,4,0,1,2,A,-,10,21950,A,N,G,B,B,A,H,-,A,D,0,Y,,,,Y,,D,22,0,0,1,0,1,0,0,0,0,"- ","- ",,,"SAN DIEGO","SAN DIEGO",-117.10746765136719,32.749691009521484
8640809,2018,2018-07-11,3711,2018-06-13,2106,7720,"SAN D",3,5,7,3711,0,0,0,,0,611,"LANNING RD","TATTAL LN",0.00,,Y,A,-,N,,,,,,,,,,N,3,0,1,2,A,-,09,21801,,N,D,G,A,A,H,-,C,D,0,,Y,,,Y,,L,04,0,1,0,0,0,0,1,0,0,"- ","- ",,,"SAN DIEGO","SAN DIEGO",-117.21884155273438,32.728199005126953
8640983,2018,2018-07-05,3711,2018-06-12,1717,5515,,2,5,7,3711,0,0,0,,0,621,"GENESEE AV","LINDA VISTA RD",24.00,E,N,A,-,N,,,,,,,,,,N,3,0,1,2,A,-,11,21955,,N,A,B,E,A,H,-,A,A,0,Y,,,,Y,Y,N,60,0,1,0,0,1,0,0,0,0,"- ","- ",,,"SAN DIEGO","SAN DIEGO",-117.16590881347656,32.791526794433594
8641008,2018,2018-06-29,3711,2018-06-13,1806,5515,,3,5,7,3711,0,0,0,,0,627,"CENTER ST","UNIVERSITY AV",21.00,S,N,A,-,N,,,,,,,,,,N,3,0,1,2,A,-,09,21802,A,N,D,G,A,A,H,-,A,D,0,,Y,,,Y,,L,04,0,1,0,0,0,0,1,0,0,"- ","- ",,,"SAN DIEGO","SAN DIEGO",-117.14837646484375,32.748409271240234
8641624,2018,2018-06-22,3711,2018-06-06,1659,7772,,3,5,7,3711,0,0,0,,0,431,"GENEVA AV","ELWOOD AV",9.00,W,N,A,-,N,,,,,,,,,,N,4,0,1,2,A,-,09,21803,A,N,H,G,A,A,H,-,A,A,0,,Y,,,Y,,A,01,0,0,1,0,0,0,1,0,0,"- ","- ",,,"SAN DIEGO","SAN DIEGO",-117.08280181884766,32.716789245605469
8641640,2018,2018-06-22,3711,2018-06-09,0940,4824,,6,5,7,3711,0,0,0,,0,242,"WESTVIEW PKWY","MIRA MESA BL",354.00,S,N,A,-,N,,,,,,,,,,N,3,0,1,2,A,-,05,21650,1,N,D,G,A,A,H,-,A,D,0,,Y,,,Y,,L,04,0,1,0,0,0,0,1,0,0,"- ","- ",,,"SAN DIEGO","SAN DIEGO",-117.12049102783203,32.916351318359375
8641730,2018,2018-06-21,3711,2018-06-10,0103,7607,,7,5,7,3711,0,0,0,,0,838,"ORANGE AV","38TH ST",0.00,,-,A,-,N,,,,,,,,,,N,3,0,1,1,D,-,00,,,N,E,G,A,-,H,-,D,D,0,,Y,,,Y,,-,"- ",0,1,0,0,0,0,1,0,0,"- ","- ",,,"SAN DIEGO","SAN DIEGO",-117.11184692382812,32.753238677978516
8642561,2018,2018-07-02,3711,2018-06-13,1030,7156,,3,5,7,3711,0,0,0,,0,517,26TH,"B ST",18.00,S,N,A,-,N,,,,,,,,,,N,3,0,1,2,A,-,10,21950,A,N,D,G,A,A,H,-,A,D,0,,Y,,,Y,,A,01,0,1,0,0,0,0,1,0,0,"- ","- ",,,"SAN DIEGO","SAN DIEGO",-117.13822937011719,32.717872619628906
8643808,2018,2018-06-29,3711,2018-06-11,0300,7462,,1,5,7,3711,0,0,0,,0,524,"1ST AV","W A ST",10.00,N,N,A,-,N,,,,,,,,,,N,3,0,1,2,A,-,17,21657,,N,D,G,A,A,H,-,C,A,0,,Y,,,Y,,L,04,0,1,0,0,0,0,1,0,0,"- ","- ",,,"SAN DIEGO","SAN DIEGO",-117.16384124755859,32.718856811523438
8647097,2018,2018-07-11,3711,2018-06-12,1156,7502,,2,5,7,3711,0,0,0,,0,613,"WEST POINT LOMA BL","LOMA RIVIERA DR",80.00,W,N,A,-,N,,,,,,,,,,N,3,0,1,2,A,-,11,21955,,N,G,B,D,A,H,-,A,D,0,Y,,,,Y,,N,60,0,1,0,0,1,0,0,0,0,"- ","- ",,,"SAN DIEGO","SAN DIEGO",-117.22422027587891,32.753494262695312
8647554,2018,2018-06-27,3711,2018-06-17,1540,7051,11,7,5,7,3711,0,0,0,,0,112,"MOUNT ALIFAN DR","MT  ALIFAN DR 5100",0.00,,Y,A,-,N,,,,,,,,,,N,4,0,1,2,A,-,08,22107,,M,A,G,A,A,H,-,A,D,0,,Y,,,Y,,L,04,0,0,1,0,0,0,0,0,0,"- ","- ",32.816230773925781,-117.18460845947266,"SAN DIEGO","SAN DIEGO",-117.18461841,32.816240739999998
8648086,2018,2018-08-24,3711,2018-07-30,0703,6702,,1,5,7,3711,0,0,0,,0,725,"DEL SOL BL","RIVIERA SHORES ST",780.00,W,N,A,-,N,,,,,,,,,,Y,1,1,0,2,A,-,03,22350,,N,G,B,D,A,H,-,A,D,0,Y,,,,Y,,A,01,0,0,0,1,0,0,0,0,0,"- ","- ",,,"SAN DIEGO","SAN DIEGO",-117.03910827636719,32.573528289794922
8648301,2018,2020-05-22,3711,2018-09-16,2038,6146,,7,5,7,3711,0,0,0,,0,123,"WEST MISSION BAY DR","QUIVIRA RD",870.00,W,N,A,-,N,,,,,,,,,,Y,1,1,0,2,A,-,11,21950,B,N,G,B,D,A,H,-,C,D,0,Y,,,,Y,,N,60,0,0,0,1,0,0,0,0,0,"- ","- ",,,"SAN DIEGO","SAN DIEGO",-117.24040222167969,32.766559600830078
8648349,2018,2020-05-26,3711,2018-09-03,1953,4576,,1,5,7,3711,0,0,0,,0,446,"SOUTH 47TH ST","FRANKLIN AV",29.00,S,N,B,-,N,,,,,,,,,,N,1,1,0,2,A,-,11,21954,A,N,G,B,D,A,H,-,C,D,0,Y,,,,Y,Y,N,60,0,0,0,1,0,0,0,0,0,"- ","- ",,,"SAN DIEGO","SAN DIEGO",-117.09371948242188,32.702201843261719
8648506,2018,2019-01-09,3711,2018-11-17,1722,6366,,6,5,7,3711,0,0,0,,0,621,"LINDA VISTA RD","COMSTOCK ST",598.00,N,N,A,-,N,,,,,,,,,,N,1,1,0,2,A,-,11,21456,C,N,G,B,C,A,H,-,A,A,0,Y,,,,Y,,N,60,0,0,0,1,0,0,0,0,0,"- ","- ",,,"SAN DIEGO","SAN DIEGO",-117.17103576660156,32.784896850585938
8648547,2018,2019-01-23,3711,2018-12-22,0714,5600,,6,5,7,3711,0,0,0,,0,242,"MIRA MESA BL","WESTVIEW PKWY",11.00,W,N,A,-,N,,,,,,,,,,N,1,1,0,2,A,-,09,21453,C,N,G,B,B,A,H,-,A,A,0,Y,,,,Y,,D,22,0,0,0,1,0,0,0,0,0,"- ","- ",,,"SAN DIEGO","SAN DIEGO",-117.12055206298828,32.917320251464844
8648984,2018,2018-07-11,3711,2018-06-12,0720,6146,,2,5,7,3711,0,0,0,,0,934,"TORREY RIDGE DR","DEL MAR HEIGHTS RD",0.00,,Y,A,-,N,,,,,,,,,,N,3,0,1,2,A,-,10,21950,A,N,G,B,B,A,H,-,A,A,0,Y,,,,Y,,A,01,0,1,0,0,1,0,0,0,0,"- ","- ",,,"SAN DIEGO","SAN DIEGO",-117.2259521484375,32.956401824951172
8650494,2018,2018-09-07,3711,2018-08-17,2113,7496,,5,5,7,3711,0,0,0,,0,524,"B ST","B ST 500",0.00,,Y,A,-,N,,,,,,,,,,N,3,0,1,2,A,-,10,21950,A,N,G,B,B,A,H,-,C,A,0,Y,,Y,,Y,,C,06,0,1,0,0,1,0,0,0,0,"- ","- ",,,"SAN DIEGO","SAN DIEGO",-117.16019064,32.717794310000002
8650735,2018,2018-10-03,3711,2018-07-28,1906,7713,3711,6,5,7,3711,0,0,0,,0,122,GARNET,EVERTS,80.00,E,N,A,-,N,,,,,,,,,,N,3,0,2,2,A,-,10,21950,A,N,D,G,A,A,H,-,A,A,0,,Y,,,Y,,-,,0,1,1,0,0,0,1,0,0,"- ","- ",,,"SAN DIEGO","SAN DIEGO",-117.24791717529297,32.798191070556641
8651806,2018,2018-10-08,3711,2018-09-08,1952,7494,,6,5,7,3711,0,0,0,,0,438,"POTOMAC ST","PARADISE VALLEY RD",0.00,,-,A,-,N,,,,,,,,,,N,3,0,1,2,A,-,12,22450,A,M,A,B,B,A,H,-,C,A,0,Y,,,,Y,,-,,0,1,0,0,1,0,0,0,0,"- ","- ",,,"SAN DIEGO","SAN DIEGO",-117.04869079589844,32.688289642333984
8651834,2018,2018-10-08,3711,2018-09-11,0825,6786,,2,5,7,3711,0,0,0,,0,511,"HARBOR DR","HARBOR DR 2900",0.00,,-,A,-,N,,,,,,,,,,N,4,0,1,1,D,-,00,,,N,F,G,A,A,H,-,A,-,0,,Y,,,Y,,-,"- ",0,0,1,0,0,0,1,0,0,"- ","- ",,,"SAN DIEGO","SAN DIEGO",-117.18474268999999,32.728797849999999
8652068,2018,2018-10-03,3711,2018-08-17,2000,7029,,5,5,7,3711,0,0,0,,0,838,"UNIVERSITY AV","37TH ST",0.00,,Y,A,-,N,,,,,,,,,,N,4,0,1,2,A,-,10,21950,A,N,G,B,B,A,H,-,C,A,0,Y,,,,Y,,-,,0,0,1,0,1,0,0,0,0,"- ","- ",,,"SAN DIEGO","SAN DIEGO",-117.11311340332031,32.749729156494141
8652613,2018,2018-08-13,3711,2018-06-29,1453,8192,,5,5,7,3711,0,0,0,,0,838,"UNIVERSITY AV","39TH ST",9.00,E,N,A,-,N,,,,,,,,,,N,3,0,1,2,A,-,10,21950,A,N,A,B,E,A,H,-,A,A,0,Y,,,,Y,,A,01,0,1,0,0,1,0,0,0,0,"- ","- ",,,"SAN DIEGO","SAN DIEGO",-117.11061859130859,32.749691009521484
8653494,2018,2018-07-09,3711,2018-06-22,1915,8672,,5,5,7,3711,0,0,0,,0,611,"TRUXTUN RD","TRUXTUN RD 2400",0.00,,N,A,-,N,,,,,,,,,,N,2,0,1,2,C,-,18,,,N,H,G,A,A,H,-,A,D,0,,Y,,,Y,,-,"- ",1,0,0,0,0,0,1,0,0,"- ","- ",,,"SAN DIEGO","SAN DIEGO",-117.21736461,32.73631202
8654299,2018,2018-07-11,3711,2018-06-18,2147,7697,,1,5,7,3711,0,0,0,,0,612,"POINSETTIA DR","DOLEANDER DR",0.00,,Y,A,-,N,,,,,,,,,,N,4,0,1,1,D,-,00,,,M,G,B,D,A,H,-,D,A,0,Y,,,,Y,,-,"- ",0,0,1,0,1,0,0,0,0,"- ","- ",,,"SAN DIEGO","SAN DIEGO",-117.22277988,32.748460029999997
8654467,2018,2018-07-17,3711,2018-06-28,1757,6415,,4,5,7,3711,0,0,0,,0,312,"TIERRASANTA BL","ESPLENDENTE BL",200.00,E,N,A,-,N,,,,,,,,,,,4,0,1,2,A,-,06,21750,,N,C,G,A,A,H,-,A,D,0,,Y,,,Y,,L,04,0,0,1,0,0,0,1,0,0,"- ","- ",,,"SAN DIEGO","SAN DIEGO",-117.10050964355469,32.822856903076172
8655599,2018,2018-07-06,3711,2018-06-22,0833,7644,,5,5,7,3711,0,0,0,,0,524,"1300 02ND AV","200 A ST",20.00,N,N,A,-,N,,,,,,,,,,N,3,0,1,2,A,-,10,21950,A,N,G,B,B,A,H,-,A,A,0,Y,,,,Y,,-,,0,1,0,0,1,0,0,0,0,"- ","- ",,,"SAN DIEGO","SAN DIEGO",-117.16294860839844,32.718879699707031
8658232,2018,2018-10-05,3711,2018-07-27,2025,6365,,5,5,7,3711,0,0,0,,0,628,"INDIA ST","W PALM",2.00,S,N,A,-,N,,,,,,,,,,N,4,0,1,2,A,-,03,22350,A,N,A,B,B,A,H,-,D,B,0,Y,,,,Y,,-,,0,0,1,0,1,0,0,0,0,"- ","- ",,,"SAN DIEGO","SAN DIEGO",-117.17303466796875,32.733955383300781
8659920,2018,2018-07-13,3711,2018-06-15,0930,6753,"SAN D",5,5,7,3711,0,0,0,,0,612,"CHATSWORTH BL","CHATSWORTH 2100",12.00,W,N,A,-,N,,,,,,,,,,N,3,0,1,2,A,-,08,22107,,N,C,G,A,A,H,-,A,D,0,,Y,,,Y,,A,01,0,1,0,0,0,0,1,0,0,"- ","- ",,,"SAN DIEGO","SAN DIEGO",,
8659945,2018,2018-07-18,3711,2018-06-28,0715,7378,,4,5,7,3711,0,0,0,,0,831,"POLK AV","POLK AV 4400",0.00,,N,A,-,N,,,,,,,,,,N,3,0,1,2,A,-,"- ",,,N,D,G,A,A,G,-,A,A,0,,Y,,,Y,,-,,0,1,0,0,0,0,1,0,0,"- ","- ",,,"SAN DIEGO","SAN DIEGO",-117.09972918,32.751417459999999
8660720,2018,2018-07-19,3711,2018-07-02,2313,6432,SANDI,1,5,7,3711,0,0,0,,0,833,"FAIRMONT AV","WIGHTMAN ST",0.00,,Y,A,-,N,,,,,,,,,,N,4,0,1,2,D,-,00,,,M,D,G,A,A,H,-,C,A,0,,Y,,,Y,Y,-,"- ",0,0,1,0,0,0,1,0,0,"- ","- ",,,"SAN DIEGO","SAN DIEGO",-117.10092926025391,32.747879028320312