CASE_ID,ACCIDENT_YEAR,PROC_DATE,JURIS,COLLISION_DATE,COLLISION_TIME,OFFICER_ID,REPORTING_DISTRICT,DAY_OF_WEEK,CHP_SHIFT,POPULATION,CNTY_CITY_LOC,SPECIAL_COND,BEAT_TYPE,CHP_BEAT_TYPE,CITY_DIVISION_LAPD,CHP_BEAT_CLASS,BEAT_NUMBER,PRIMARY_RD,SECONDARY_RD,DISTANCE,DIRECTION,INTERSECTION,WEATHER_1,WEATHER_2,STATE_HWY_IND,CALTRANS_COUNTY,CALTRANS_DISTRICT,STATE_ROUTE,ROUTE_SUFFIX,POSTMILE_PREFIX,POSTMILE,LOCATION_TYPE,RAMP_INTERSECTION,SIDE_OF_HWY,TOW_AWAY,COLLISION_SEVERITY,NUMBER_KILLED,NUMBER_INJURED,PARTY_COUNT,PRIMARY_COLL_FACTOR,PCF_CODE_OF_VIOL,PCF_VIOL_CATEGORY,PCF_VIOLATION,PCF_VIOL_SUBSECTION,HIT_AND_RUN,TYPE_OF_COLLISION,MVIW,PED_ACTION,ROAD_SURFACE,ROAD_COND_1,ROAD_COND_2,LIGHTING,CONTROL_DEVICE,CHP_ROAD_TYPE,PEDESTRIAN_ACCIDENT,BICYCLE_ACCIDENT,MOTORCYCLE_ACCIDENT,TRUCK_ACCIDENT,NOT_PRIVATE_PROPERTY,ALCOHOL_INVOLVED,STWD_VEHTYPE_AT_FAULT,CHP_VEHTYPE_AT_FAULT,COUNT_SEVERE_INJ,COUNT_VISIBLE_INJ,COUNT_COMPLAINT_PAIN,COUNT_PED_KILLED,COUNT_PED_INJURED,COUNT_BICYCLIST_KILLED,COUNT_BICYCLIST_INJURED,COUNT_MC_KILLED,COUNT_MC_INJURED,PRIMARY_RAMP,SECONDARY_RAMP,LATITUDE,LONGITUDE,COUNTY,CITY,POINT_X,POINT_Y
8661082,2018,2018-07-16,3711,2018-06-17,0211,7462,,7,5,7,3711,0,0,0,,0,523,"MARKET ST","5TH AV",0.00,,Y,A,-,N,,,,,,,,,,N,3,0,1,2,A,-,10,21950,A,N,G,B,B,A,H,-,C,A,0,Y,,,,Y,Y,A,01,0,1,0,0,1,0,0,0,0,"- ","- ",,,"SAN DIEGO","SAN DIEGO",-117.16014862060547,32.711498260498047
8663129,2018,2018-07-18,3711,2018-06-18,0658,6702,,1,5,7,3711,0,0,0,,0,931,"SORRENTO VALLEY BL","VISTA SORRENTO PKWY",0.00,,Y,A,-,N,,,,,,,,,,N,3,0,1,1,D,-,00,,,M,C,G,A,A,H,-,A,A,0,,Y,,,Y,,-,"- ",0,1,0,0,0,0,1,0,0,"- ","- ",,,"SAN DIEGO","SAN DIEGO",-117.22138977050781,32.902469635009766
8663149,2018,2018-07-18,3711,2018-06-29,0940,5072,,5,5,7,3711,0,0,0,,0,451,"54TH ST",KRENNING,0.00,,Y,A,-,N,,,,,,,,,,N,3,0,1,2,A,-,08,22107,,N,B,G,A,A,H,-,A,A,0,,Y,,,Y,,A,01,0,1,0,0,0,0,1,0,0,"- ","- ",,,"SAN DIEGO","SAN DIEGO",-117.07982635498047,32.735870361328125
8663216,2018,2018-07-17,3711,2018-05-29,0636,7355,,2,5,7,3711,0,0,0,,0,814,"ADAMS AV","WILSON AV",200.00,W,N,A,-,N,,,,,,,,,,,4,0,1,2,A,-,17,21205,,N,H,G,A,A,H,-,A,D,0,,Y,,,Y,,L,04,0,0,1,0,0,0,1,0,0,"- ","- ",,,"SAN DIEGO","SAN DIEGO",-117.11685943603516,32.763317108154297
8663703,2018,2018-07-19,3711,2018-07-05,0750,7059,,4,5,7,3711,0,0,0,,0,431,"NARANJA ST","EUCLID AV",300.00,W,N,A,-,N,,,,,,,,,,N,3,0,1,2,A,-,10,21950,A,N,G,B,B,A,-,-,A,A,0,Y,,,,Y,,D,22,0,1,0,0,1,0,0,0,0,"- ","- ",,,"SAN DIEGO","SAN DIEGO",-117.08503723144531,32.708629608154297
8663828,2018,2018-07-24,3711,2018-07-05,0438,8447,,4,5,7,3711,0,0,0,,0,903,"PICADOR BL","BEYER WAY",25.00,N,N,A,-,N,,,,,,,,,,N,3,0,1,2,A,-,11,21954,A,N,G,B,D,A,H,-,C,D,0,Y,,,,Y,Y,N,60,0,1,0,0,1,0,0,0,0,"- ","- ",,,"SAN DIEGO","SAN DIEGO",-117.06201171875,32.583770751953125
8664693,2018,2018-08-14,3711,2018-07-05,1851,6584,SD,4,5,7,3711,0,0,0,,0,242,"MIRA MESA BL","GREENFORD DR",12.00,W,N,-,-,N,,,,,,,,,,N,3,0,2,3,A,-,10,21950,A,N,G,B,-,-,-,-,-,-,0,Y,,,,Y,,-,"- ",0,2,0,0,2,0,0,0,0,"- ","- ",,,"SAN DIEGO","SAN DIEGO",-117.13299560546875,32.913848876953125
8664721,2018,2018-09-24,3711,2018-07-05,1337,7720,"SAN D",4,5,7,3711,0,0,0,,0,512,"NATIONAL AV","S 30TH ST",0.00,,Y,A,-,N,,,,,,,,,,N,3,0,1,2,A,-,10,21950,A,N,G,B,B,A,H,-,A,A,0,Y,,,,Y,,-,,0,1,0,0,1,0,0,0,0,"- ","- ",,,"SAN DIEGO","SAN DIEGO",-117.12947845458984,32.695960998535156
8664754,2018,2018-08-27,3711,2018-07-09,0655,7772,,1,5,7,3711,0,0,0,,0,114,"CLAIREMONT MESA BL","DOLIVA DR",792.00,E,N,A,-,N,,,,,,,,,,N,3,0,1,2,A,-,08,22107,,N,B,G,A,A,H,-,A,D,0,,Y,,,Y,,L,04,0,1,0,0,0,0,1,0,0,"- ","- ",,,"SAN DIEGO","SAN DIEGO",-117.17311096191406,32.834087371826172
8666404,2018,2018-08-01,3711,2018-07-14,0813,7093,SANDI,6,5,7,3711,0,0,0,,0,441,"OCEAN VIEW BL",MILBRAE,0.00,,Y,A,-,N,,,,,,,,,,N,3,0,1,2,A,-,11,21954,A,N,A,B,E,A,H,-,A,D,0,Y,,,,Y,,N,60,0,1,0,0,1,0,0,0,0,"- ","- ",,,"SAN DIEGO","SAN DIEGO",-117.11357116699219,32.701259613037109
8666412,2018,2018-08-01,3711,2018-07-09,2058,5459,3711,1,5,7,3711,0,0,0,,0,444,MARKET,"S 36TH ST",314.00,E,N,A,-,N,,,,,,,,,,N,3,0,1,2,A,-,10,21950,,N,G,B,E,A,-,-,D,D,0,Y,,,,Y,,N,60,0,1,0,0,1,0,0,0,0,"- ","- ",,,"SAN DIEGO","SAN DIEGO",-117.11555480957031,32.711536407470703
8669256,2018,2018-08-14,3711,2018-07-18,1548,6996,,3,5,7,3711,0,0,0,,0,441,"OCEAN VIEW BL","36TH ST",50.00,W,N,A,-,N,,,,,,,,,,N,4,0,1,2,A,-,11,21955,,N,G,B,D,A,H,-,A,D,0,Y,,,,Y,,N,60,0,0,1,0,1,0,0,0,0,"- ","- ",,,"SAN DIEGO","SAN DIEGO",-117.11695098876953,32.701248168945312
8670474,2018,2018-09-05,3711,2018-07-26,1141,7321,,4,5,7,3711,0,0,0,,0,832,"42ND ST","POLK AV",170.00,N,N,A,-,N,,,,,,,,,,N,4,0,1,2,A,-,21,22106,,N,G,B,F,A,H,-,A,D,0,Y,,,,Y,,A,01,0,0,1,0,1,0,0,0,0,"- ","- ",,,"SAN DIEGO","SAN DIEGO",-117.10443115234375,32.751907348632812
8671761,2018,2018-09-06,3711,2018-07-29,0205,7462,,7,5,7,3711,0,0,0,,0,529,"5TH AV","ELM ST",0.00,,Y,A,-,N,,,,,,,,,,N,3,0,1,2,A,-,11,21950,B,N,G,B,E,A,H,-,C,A,0,Y,,,,Y,,N,60,0,1,0,0,1,0,0,0,0,"- ","- ",,,"SAN DIEGO","SAN DIEGO",-117.16024017333984,32.724090576171875
8672280,2018,2018-08-21,3711,2018-07-16,0745,8192,,1,5,7,3711,0,0,0,,0,838,"WILSON AV","ORANGE AV",10.00,N,N,B,-,N,,,,,,,,,,N,3,0,1,2,A,-,03,22350,,N,D,G,A,A,H,-,A,D,0,,Y,,,Y,,L,04,0,1,0,0,0,0,1,0,0,"- ","- ",,,"SAN DIEGO","SAN DIEGO",-117.11685943603516,32.753307342529297
8673780,2018,2018-10-11,3711,2018-07-25,0741,7601,SANDI,3,5,7,3711,0,0,0,,0,625,"JUAN ST","HARNEY ST",250.00,S,N,B,-,N,,,,,,,,,,N,4,0,1,2,A,-,08,22107,,N,D,G,A,A,H,-,A,D,0,,Y,,,Y,,A,01,0,0,1,0,0,0,1,0,0,"- ","- ",,,"SAN DIEGO","SAN DIEGO",-117.19326782226562,32.753494262695312
8673886,2018,2018-10-10,3711,2018-07-25,0207,6616,SANDI,3,5,7,3711,0,0,0,,0,523,"5TH AV","G ST",5.00,N,N,A,-,N,,,,,,,,,,N,4,0,1,2,A,-,10,21950,A,N,G,B,B,A,H,-,C,A,0,Y,,,,Y,,A,01,0,0,1,0,1,0,0,0,0,"- ","- ",,,"SAN DIEGO","SAN DIEGO",-117.16014099121094,32.71258544921875
8674533,2018,2018-10-08,3711,2018-08-01,0725,7975,,3,5,7,3711,0,0,0,,0,521,"MARKET ST","16TH ST",15.00,W,N,A,-,N,,,,,,,,,,N,4,0,1,2,A,-,00,21955,A,N,G,B,D,A,H,-,A,A,0,Y,,,,Y,,N,60,0,0,1,0,1,0,0,0,0,"- ","- ",,,"SAN DIEGO","SAN DIEGO",-117.14949798583984,32.711528778076172
8674557,2018,2018-10-08,3711,2018-08-03,2312,8861,,5,5,7,3711,0,0,0,,0,614,"ABBOTT ST","SANTA MONICA AV",135.00,N,N,A,-,N,,,,,,,,,,N,3,0,1,2,A,-,11,21954,A,N,G,B,D,A,H,-,C,D,0,Y,,,,Y,Y,N,60,0,1,0,0,1,0,0,0,0,"- ","- ",,,"SAN DIEGO","SAN DIEGO",-117.25179290771484,32.749080657958984
8676116,2018,2018-10-03,3711,2018-08-04,1745,7757,SOUTH,6,5,7,3711,0,0,0,,0,723,"PICADOR BL","BEYER WAY",0.00,,Y,A,-,N,,,,,,,,,,N,3,0,1,2,A,-,08,22107,,N,G,B,B,A,H,-,A,A,0,Y,,,,Y,,-,,0,1,0,0,1,0,0,0,0,"- ","- ",32.582000732421875,-117.06150054931641,"SAN DIEGO","SAN DIEGO",-117.06201171875,32.583770751953125
8676130,2018,2018-10-03,3711,2018-08-13,1220,7770,,1,5,7,3711,0,0,0,,0,512,"KEARNY AV","CESAR CHAVEZ",270.00,W,N,A,-,N,,,,,,,,,,N,3,0,1,2,A,-,05,21650,1,N,H,G,A,A,H,-,A,D,0,,Y,,,Y,,L,04,0,1,0,0,0,0,1,0,0,"- ","- ",,,"SAN DIEGO","SAN DIEGO",-117.14420914999999,32.702792289999998
8676132,2018,2018-10-24,3711,2018-08-11,1708,7646,,6,5,7,3711,0,0,0,,0,521,"IMPERIAL AV","16TH ST",9.00,W,N,A,-,N,,,,,,,,,,N,3,0,1,2,A,-,12,21453,A,N,D,G,A,A,H,-,A,A,0,,Y,,,Y,,L,04,0,1,0,0,0,0,1,0,0,"- ","- ",,,"SAN DIEGO","SAN DIEGO",-117.14948272705078,32.706279754638672
8676138,2018,2018-10-04,3711,2018-08-13,1620,6203,,1,5,7,3711,0,0,0,,0,813,"ALABAMA ST","UNIVERSITY AV",0.00,,Y,A,-,N,,,,,,,,,,N,3,0,1,2,A,-,09,21802,A,N,A,B,D,A,H,-,A,A,0,Y,,,,Y,,A,01,0,1,0,0,1,0,0,0,0,"- ","- ",,,"SAN DIEGO","SAN DIEGO",-117.14250946044922,32.748439788818359
8679253,2018,2018-08-16,3711,2018-06-28,1758,7710,,4,5,7,3711,0,0,0,,0,442,"NEWTON AV","35TH ST",378.00,W,N,A,-,N,,,,,,,,,,N,3,0,1,2,A,-,10,21950,A,N,G,G,A,A,H,-,A,D,0,,Y,,,Y,,-,,0,1,0,0,0,0,1,0,0,"- ","- ",,,"SAN DIEGO","SAN DIEGO",-117.12010192871094,32.694938659667969
8682100,2018,2018-09-17,3711,2018-08-16,2238,6967,,4,5,7,3711,0,0,0,,0,116,"FIELD ST","COWLEY WY",0.00,,Y,A,-,N,,,,,,,,,,N,2,0,1,2,A,-,11,21954,A,F,G,B,D,A,H,-,C,A,0,Y,,,,Y,,N,60,1,0,0,0,1,0,0,0,0,"- ","- ",,,"SAN DIEGO","SAN DIEGO",-117.19168853759766,32.793449401855469
8683341,2018,2018-08-27,3711,2018-06-24,1945,8332,,7,5,7,3711,0,0,0,,0,121,"MISSION BL","YARMOUTH CT",0.00,,Y,A,-,N,,,,,,,,,,N,4,0,1,2,A,-,17,21235,G,M,G,B,F,A,H,-,C,D,0,Y,,Y,,Y,Y,C,03,0,0,1,0,1,0,0,0,0,"- ","- ",,,"SAN DIEGO","SAN DIEGO",-117.25332641601562,32.78900146484375
8685780,2018,2018-09-06,3711,2018-07-28,1751,7253,3711,6,5,7,3711,0,0,0,,0,721,"SEA GLASS WY","SEA GLASS WY 1050",0.00,,-,A,-,N,,,,,,,,,,N,3,0,1,2,A,-,21,22106,,N,G,B,F,A,H,-,A,D,0,Y,,,,Y,,A,01,0,1,0,0,1,0,0,0,0,"- ","- ",32.578399658203125,-117.09549713134766,"SAN DIEGO","SAN DIEGO",-117.09542870999999,32.577219630000002
8685936,2018,2018-10-09,3711,2018-08-10,0200,7614,,5,5,7,3711,0,0,0,,0,627,"UNIVERSITY AV","NORMAL ST",0.00,,Y,A,-,N,,,,,,,,,,N,3,0,1,2,A,-,12,21453,A,N,D,G,A,A,H,-,C,A,0,,Y,,,Y,,L,04,0,1,0,0,0,0,1,0,0,"- ","- ",,,"SAN DIEGO","SAN DIEGO",-117.14996337890625,32.748458862304688
8687348,2018,2018-10-09,3711,2018-08-13,0839,5985,,1,5,7,3711,0,0,0,,0,527,"WEST ASH ST","NORTH HARBOR DR",0.00,,Y,A,-,N,,,,,,,,,,N,3,0,1,2,A,-,10,21950,A,M,G,B,B,A,H,-,A,A,0,Y,,,,Y,,D,22,0,1,0,0,1,0,0,0,0,"- ","- ",,,"SAN DIEGO","SAN DIEGO",-117.17311859130859,32.719841003417969
8687504,2018,2018-10-24,3711,2018-08-14,0730,7770,,2,5,7,3711,0,0,0,,0,511,"MAIN ST","RT 15",9.00,N,N,A,-,Y,SD,11,15,-,R,0.026,R,4,S,N,3,0,1,2,A,-,05,21650,,N,A,G,A,A,H,-,A,A,0,,Y,,,Y,,L,04,0,1,0,0,0,0,1,0,0,"- ","- ",,,"SAN DIEGO","SAN DIEGO",-117.12169647216797,32.693000793457031
8688015,2018,2018-11-01,3711,2018-08-07,2100,6549,,2,5,7,3711,0,0,0,,0,122,TURQUOISE,MISSION,90.00,E,N,A,-,N,,,,,,,,,,N,3,0,1,3,A,-,03,22350,,N,B,B,F,A,H,-,C,D,0,Y,,,,Y,Y,-,,0,1,0,0,1,0,0,0,0,"- ","- ",,,"SAN DIEGO","SAN DIEGO",-117.25893402099609,32.808700561523438
8688329,2018,2018-09-18,3711,2018-08-09,1343,6000,,4,5,7,3711,0,0,0,,0,116,"KANE ST","MORENA BL EAST ALLEY",7.00,W,N,A,-,N,,,,,,,,,,N,2,0,1,2,A,-,09,21804,A,N,D,G,A,A,H,-,A,D,0,,Y,,,Y,,L,04,1,0,0,0,0,0,1,0,0,"- ","- ",,,"SAN DIEGO","SAN DIEGO",-117.205642,32.787120999999999
8688582,2018,2018-09-18,3711,2018-08-03,2040,6877,,5,5,7,3711,0,0,0,,0,721,"18TH ST","PALM AV",0.00,S,N,A,-,N,,,,,,,,,,N,3,0,1,2,A,-,11,21950,B,N,G,B,E,A,H,-,D,D,0,Y,,,,Y,Y,-,"- ",0,1,0,0,1,0,0,0,0,"- ","- ",,,"SAN DIEGO","SAN DIEGO",-117.09490203857422,32.583770751953125
8688899,2018,2018-09-11,3711,2018-08-11,1050,7372,,6,5,7,3711,0,0,0,,0,437,"S SIENA ST","TASMAN PL",1320.00,E,N,A,-,N,,,,,,,,,,N,4,0,1,2,A,-,21,22106,,N,G,B,E,A,H,-,A,D,0,Y,,,,Y,,-,,0,0,1,0,1,0,0,0,0,"- ","- ",,,"SAN DIEGO","SAN DIEGO",-117.04109191894531,32.699798583984375
8689711,2018,2018-09-13,3711,2018-08-20,1052,7364,SD,1,5,7,3711,0,0,0,,0,838,"CHEROKEE AV","UNIVERSITY AV",30.00,N,N,A,-,N,,,,,,,,,,N,3,0,1,2,A,-,08,22107,,M,G,B,E,A,H,-,A,D,0,Y,,,,Y,,A,01,0,1,0,0,1,0,0,0,0,"- ","- ",,,"SAN DIEGO","SAN DIEGO",-117.11434173583984,32.749801635742188
8689742,2018,2018-09-13,3711,2018-08-01,0315,7683,NORTH,3,5,7,3711,0,0,0,,0,116,"CLAIREMONT DR","CLAIREMONT DR 3200",0.00,,N,A,-,N,,,,,,,,,,N,3,0,1,2,D,-,00,,,M,H,B,E,A,H,-,C,D,0,Y,,,,Y,Y,-,"- ",0,1,0,0,1,0,0,0,0,"- ","- ",,,"SAN DIEGO","SAN DIEGO",-117.19520061999999,32.799646289999998
8690839,2018,2018-09-24,3711,2018-09-09,2144,6037,,7,5,7,3711,0,0,0,,0,447,"EUCLID AV","FEDERAL BL",12.00,S,N,A,-,N,,,,,,,,,,N,3,0,1,2,A,-,10,21950,A,N,G,B,B,A,H,-,C,A,0,Y,,,,Y,,A,01,0,1,0,0,1,0,0,0,0,"- ","- ",,,"SAN DIEGO","SAN DIEGO",-117.08495330810547,32.721385955810547
8694814,2018,2018-09-19,3711,2018-08-29,0910,6987,SANDI,3,5,7,3711,0,0,0,,0,111,ARMSTRONG,"BEAGLE ST",0.00,,Y,A,-,N,,,,,,,,,,,3,0,1,2,A,-,10,21950,A,N,G,B,C,A,H,-,A,D,0,Y,,,,Y,,-,99,0,1,0,0,1,0,0,0,0,"- ","- ",,,"SAN DIEGO","SAN DIEGO",-117.16165924072266,32.807750701904297
8694838,2018,2018-09-19,3711,2018-08-28,1130,6897,SANDI,2,5,7,3711,0,0,0,,0,833,"WIGHTMAN ST","HIGHLAND AV",150.00,W,N,A,-,N,,,,,,,,,,N,4,0,1,2,A,-,21,22106,,N,G,B,E,A,H,-,A,A,0,Y,,,,Y,,-,,0,0,1,0,1,0,0,0,0,"- ","- ",,,"SAN DIEGO","SAN DIEGO",-117.0992431640625,32.747711181640625
8695601,2018,2018-09-24,3711,2018-08-31,1332,7305,,5,5,7,3711,0,0,0,,0,512,"OCEANVIEW BL","SOUTH 32ND ST",95.00,E,N,A,-,N,,,,,,,,,,N,3,0,1,2,A,-,08,22107,,N,B,G,A,A,G,-,A,A,0,,Y,,,Y,,A,01,0,1,0,0,0,0,1,0,0,"- ","- ",,,"SAN DIEGO","SAN DIEGO",-117.12488555908203,32.701190948486328
8696461,2018,2018-10-04,3711,2018-09-04,0802,7601,SANDI,2,5,7,3711,0,0,0,,0,621,"ULRIC ST","FULTON ST",200.00,S,N,B,-,N,,,,,,,,,,N,3,0,1,2,A,-,11,21954,A,N,D,B,D,A,H,-,A,D,0,Y,,,,Y,,N,60,0,1,0,0,1,0,0,0,0,"- ","- ",,,"SAN DIEGO","SAN DIEGO",-117.17176818847656,32.788558959960938
8699335,2018,2018-10-08,3711,2018-09-12,0630,6799,,3,5,7,3711,0,0,0,,0,115,"LA JOLLA VILLAGE DR","GENESEE AV",0.00,,Y,A,-,N,,,,,,,,,,N,3,0,1,1,D,-,00,,,N,-,G,A,A,D,H,A,A,0,,Y,,,Y,,-,"- ",0,1,0,0,0,0,1,0,0,"- ","- ",,,"SAN DIEGO","SAN DIEGO",-117.21415710449219,32.872608184814453
8700725,2018,2018-11-09,3711,2018-09-08,2030,7599,,6,5,7,3711,0,0,0,,0,627,"WASHINGTON ST","3RD AV",0.00,,Y,A,-,N,,,,,,,,,,N,3,0,1,2,A,-,11,21955,,N,G,B,D,A,H,-,C,D,0,Y,,,,Y,,N,60,0,1,0,0,1,0,0,0,0,"- ","- ",,,"SAN DIEGO","SAN DIEGO",-117.16274261474609,32.749980926513672
8703783,2018,2018-11-13,3711,2018-08-08,0640,7287,,3,5,7,3711,0,0,0,,0,621,"TAIT ST","KELLY ST",6500.00,,N,A,-,N,,,,,,,,,,N,3,0,1,2,A,-,11,21950,B,N,G,B,E,A,H,-,A,D,0,Y,,,,Y,,N,60,0,1,0,0,1,0,0,0,0,"- ","- ",,,"SAN DIEGO","SAN DIEGO",-117.17662811279297,32.780250549316406
8706032,2018,2018-10-08,3711,2018-09-21,1712,4617,SANDI,5,5,7,3711,0,0,0,,0,,"MIRA MESA BL",GREENFORD,590.00,E,N,A,-,N,,,,,,,,,,N,3,0,1,2,A,-,08,22107,,N,-,G,A,A,H,-,A,D,0,,Y,,,Y,,-,,0,1,0,0,0,0,1,0,0,"- ","- ",,,"SAN DIEGO","SAN DIEGO",-117.13156127929688,32.914966583251953
8706036,2018,2018-10-23,3711,2018-09-21,2152,7776,,5,5,7,3711,0,0,0,,0,434,"JAMACHA RD","CARDIFF ST",15.00,W,N,A,-,N,,,,,,,,,,N,3,0,1,2,A,-,11,21456,B,N,D,G,A,A,H,-,C,A,0,,Y,,,Y,Y,L,04,0,1,0,0,0,0,1,0,0,"- ","- ",,,"SAN DIEGO","SAN DIEGO",-117.02590179443359,32.717784881591797
8706056,2018,2018-10-08,3711,2018-09-14,2351,6146,,5,5,7,3711,0,0,0,,0,122,"MISSION BAY DR","ROSEWOOD DR",258.00,N,N,A,-,N,,,,,,,,,,N,3,0,1,2,A,-,08,22107,,N,-,G,A,A,H,-,C,D,0,,Y,,,Y,,L,04,0,1,0,0,0,0,1,0,0,"- ","- ",,,"SAN DIEGO","SAN DIEGO",-117.21429443359375,32.801071166992188
8706076,2018,2019-01-07,3711,2018-09-22,1739,6876,,6,5,7,3711,0,0,0,,0,834,"UNIVERSITY AV","RT 15",30.00,E,N,A,-,Y,SD,11,15,-,M,4.542,R,4,N,N,3,0,1,2,A,-,10,21950,A,N,G,B,B,A,H,-,A,A,0,Y,,,,Y,,-,,0,1,0,0,1,0,0,0,0,"- ",NF,,,"SAN DIEGO","SAN DIEGO",-117.10858154296875,32.748210906982422
8706106,2018,2018-10-08,3711,2018-09-23,1805,7270,,7,5,7,3711,0,0,0,,0,446,"LOGAN AV","MAGENTA ST",15.00,E,N,A,-,N,,,,,,,,,,N,3,0,1,2,A,-,11,21950,B,M,G,B,E,A,H,-,A,D,0,Y,,,,Y,,N,60,0,1,0,0,1,0,0,0,0,"- ","- ",,,"SAN DIEGO","SAN DIEGO",-117.09197998046875,32.696800231933594
8706925,2018,2018-10-29,3711,2018-09-19,1916,7647,,3,5,7,3711,0,0,0,,0,627,"WASHINGTON ST","WASHINGTON ST 500",0.00,,N,A,-,N,,,,,,,,,,N,3,0,1,2,A,-,11,21950,B,N,G,B,E,A,H,-,D,A,0,Y,,,,Y,Y,N,60,0,1,0,0,1,0,0,0,0,"- ","- ",32.749900817871094,-117.15920257568359,"SAN DIEGO","SAN DIEGO",-117.15921074000001,32.749942869999998
8710295,2018,2018-10-18,3711,2018-09-27,1650,7391,,4,5,7,3711,0,0,0,,0,243,"CAMINO SANTA FE","TRADE ST",528.00,S,N,A,-,N,,,,,,,,,,N,3,0,1,1,D,-,00,,,N,H,G,A,A,A,-,A,D,0,,Y,,,Y,,-,"- ",0,1,0,0,0,0,1,0,0,"- ","- ",,,"SAN DIEGO","SAN DIEGO",-117.16728973388672,32.887222290039062
8711139,2018,2018-10-30,3711,2018-10-15,1033,5654,,1,5,7,3711,0,0,0,,0,613,"WEST POINT LOMA BL","MENTONE ST",147.00,E,N,A,-,N,,,,,,,,,,N,3,0,1,2,A,-,09,21804,A,N,D,G,A,A,H,-,A,D,0,,Y,,,Y,,D,23,0,1,0,0,0,0,1,0,0,"- ","- ",,,"SAN DIEGO","SAN DIEGO",-117.23347473144531,32.752265930175781
8711320,2018,2018-10-31,3711,2018-09-15,1714,5923,"SAN D",6,5,7,3711,0,0,0,,0,627,"ROBINSON AV","RICHMOND ST",0.00,,Y,A,-,N,,,,,,,,,,Y,3,0,2,3,A,-,12,21453,A,N,D,B,F,A,H,-,A,A,0,Y,,,,Y,,A,01,0,1,1,0,1,0,0,0,0,"- ","- ",32.74639892578125,-117.15119934082031,"SAN DIEGO","SAN DIEGO",-117.15122222900391,32.746421813964844
8713186,2018,2018-10-26,3711,2018-10-15,0752,5654,,1,5,7,3711,0,0,0,,0,611,"NORTH HARBOR DR","LANING RD",23.00,N,N,A,-,N,,,,,,,,,,N,3,0,1,2,A,-,10,21950,A,N,G,B,B,A,H,-,A,A,0,Y,,,,Y,,A,01,0,1,0,0,1,0,0,0,0,"- ","- ",,,"SAN DIEGO","SAN DIEGO",-117.21819305419922,32.727298736572266
8713592,2018,2018-10-16,3711,2018-09-28,1725,7647,,5,5,7,3711,0,0,0,,0,521,"14TH ST","F ST",4.00,S,N,A,-,N,,,,,,,,,,N,4,0,1,2,A,-,10,21950,A,N,G,B,B,-,H,-,A,A,0,Y,,,,Y,,-,,0,0,1,0,1,0,0,0,0,"- ","- ",,,"SAN DIEGO","SAN DIEGO",-117.15191650390625,32.713649749755859
8713596,2018,2018-10-16,3711,2018-09-23,1358,7396,SANDI,7,5,7,3711,0,0,0,,0,521,"16TH ST","K ST",12.00,W,N,A,-,N,,,,,,,,,,N,4,0,1,2,A,-,09,21802,A,N,D,G,A,A,H,-,A,D,0,,Y,,,Y,,L,04,0,0,1,0,0,0,1,0,0,"- ","- ",,,"SAN DIEGO","SAN DIEGO",-117.14945983886719,32.708358764648438
8713621,2018,2018-10-17,3711,2018-09-28,1438,7803,,5,5,7,3711,0,0,0,,0,121,"OCEAN FRONT WALK","OCEAN FRONT WALK 3100",0.00,,N,B,-,N,,,,,,,,,,N,4,0,1,2,A,-,08,22107,,N,G,B,F,A,H,-,A,D,0,Y,,,,Y,Y,-,,0,0,1,0,1,0,0,0,0,"- ","- ",,,"SAN DIEGO","SAN DIEGO",-117.25302010999999,32.774168850000002
8713669,2018,2018-10-17,3711,2018-09-23,1112,6856,,7,5,7,3711,0,0,0,,0,321,"LINDA VISTA RD","ULRIC ST",200.00,S,N,A,-,N,,,,,,,,,,N,3,0,1,2,A,-,09,21804,A,M,D,G,A,A,H,-,A,D,0,,Y,,,Y,,-,,0,1,0,0,0,0,1,0,0,"- ","- ",,,"SAN DIEGO","SAN DIEGO",-117.17052459716797,32.785991668701172
8713800,2018,2018-10-19,3711,2018-09-25,1539,4897,,2,5,7,3711,0,0,0,,0,529,"4TH AV","ELM ST",10.00,S,N,A,-,N,,,,,,,,,,N,2,0,1,2,A,-,10,21950,A,N,G,B,-,A,H,-,A,A,0,Y,,,,Y,,A,01,1,0,0,0,1,0,0,0,0,"- ","- ",,,"SAN DIEGO","SAN DIEGO",-117.1611328125,32.724052429199219
8713928,2018,2018-10-19,3711,2018-10-02,0958,6418,,2,5,7,3711,0,0,0,,0,121,"OCEAN FRONT WALK","VENTURA PL",974.00,S,N,B,-,N,,,,,,,,,,N,3,0,1,2,A,-,03,22350,,N,C,G,A,A,H,-,A,D,0,,Y,Y,,Y,,C,03,0,1,0,0,0,0,0,0,1,"- ","- ",,,"SAN DIEGO","SAN DIEGO",-117.25274658203125,32.76934814453125
8714085,2018,2018-10-19,3711,2018-10-06,1706,7072,,6,5,7,3711,0,0,0,,0,122,"GARNET AV",MORRELL,8.00,S,N,B,-,N,,,,,,,,,,N,3,0,1,3,A,-,08,22107,,N,B,B,E,A,H,-,A,B,0,Y,,,,Y,,-,,0,1,0,0,1,0,0,0,0,"- ","- ",,,"SAN DIEGO","SAN DIEGO",-117.23352813720703,32.801395416259766