CASE_ID,ACCIDENT_YEAR,PROC_DATE,JURIS,COLLISION_DATE,COLLISION_TIME,OFFICER_ID,REPORTING_DISTRICT,DAY_OF_WEEK,CHP_SHIFT,POPULATION,CNTY_CITY_LOC,SPECIAL_COND,BEAT_TYPE,CHP_BEAT_TYPE,CITY_DIVISION_LAPD,CHP_BEAT_CLASS,BEAT_NUMBER,PRIMARY_RD,SECONDARY_RD,DISTANCE,DIRECTION,INTERSECTION,WEATHER_1,WEATHER_2,STATE_HWY_IND,CALTRANS_COUNTY,CALTRANS_DISTRICT,STATE_ROUTE,ROUTE_SUFFIX,POSTMILE_PREFIX,POSTMILE,LOCATION_TYPE,RAMP_INTERSECTION,SIDE_OF_HWY,TOW_AWAY,COLLISION_SEVERITY,NUMBER_KILLED,NUMBER_INJURED,PARTY_COUNT,PRIMARY_COLL_FACTOR,PCF_CODE_OF_VIOL,PCF_VIOL_CATEGORY,PCF_VIOLATION,PCF_VIOL_SUBSECTION,HIT_AND_RUN,TYPE_OF_COLLISION,MVIW,PED_ACTION,ROAD_SURFACE,ROAD_COND_1,ROAD_COND_2,LIGHTING,CONTROL_DEVICE,CHP_ROAD_TYPE,PEDESTRIAN_ACCIDENT,BICYCLE_ACCIDENT,MOTORCYCLE_ACCIDENT,TRUCK_ACCIDENT,NOT_PRIVATE_PROPERTY,ALCOHOL_INVOLVED,STWD_VEHTYPE_AT_FAULT,CHP_VEHTYPE_AT_FAULT,COUNT_SEVERE_INJ,COUNT_VISIBLE_INJ,COUNT_COMPLAINT_PAIN,COUNT_PED_KILLED,COUNT_PED_INJURED,COUNT_BICYCLIST_KILLED,COUNT_BICYCLIST_INJURED,COUNT_MC_KILLED,COUNT_MC_INJURED,PRIMARY_RAMP,SECONDARY_RAMP,LATITUDE,LONGITUDE,COUNTY,CITY,POINT_X,POINT_Y
8714556,2018,2018-11-16,3711,2018-10-09,0708,7057,,2,5,7,3711,0,0,0,,0,SANDIE,"MARAUDER WY","SAN RAMON DR",27.00,S,N,B,-,N,,,,,,,,,,N,3,0,1,2,A,-,11,21954,A,N,G,B,C,A,H,-,B,D,0,Y,,,,Y,,N,60,0,1,0,0,1,0,0,0,0,"- ","- ",,,"SAN DIEGO","SAN DIEGO",-117.14107722,32.908593080000003
8715499,2018,2018-12-13,3711,2018-10-10,1730,5611,,3,5,7,3711,0,0,0,,0,243,"CARROLL RD","MIRAMAR RD",0.00,,Y,A,-,N,,,,,,,,,,N,4,0,1,2,A,-,11,21451,C,N,G,B,B,A,H,-,A,A,0,Y,,,,Y,,N,60,0,0,1,0,1,0,0,0,0,"- ","- ",,,"SAN DIEGO","SAN DIEGO",-117.15619659423828,32.881999969482422
8718603,2018,2018-11-20,3711,2018-10-05,1130,5985,,5,5,7,3711,0,0,0,,0,524,"WEST BROADWAY","PACIFIC HWY",0.00,,Y,B,-,N,,,,,,,,,,N,3,0,1,2,D,-,00,,,N,B,G,A,A,H,-,A,A,0,,Y,,,Y,,-,"- ",0,1,0,0,0,0,1,0,0,"- ","- ",,,"SAN DIEGO","SAN DIEGO",-117.17106628417969,32.715789794921875
8719791,2018,2018-10-29,3711,2018-10-10,0739,6193,,3,5,7,3711,0,0,0,,0,723,"MONTEREY PINE DR","IRIS AV",7.00,S,N,A,-,N,,,,,,,,,,N,4,0,2,3,A,-,10,21950,A,N,G,B,B,A,H,-,A,D,0,Y,,,,Y,,D,22,0,0,2,0,2,0,0,0,0,"- ","- ",,,"SAN DIEGO","SAN DIEGO",-117.07218170166016,32.569129943847656
8721622,2018,2018-11-05,3711,2018-10-09,0759,5654,,2,5,7,3711,0,0,0,,0,611,"NORTH HARBOR DR","N HARBOR DR 4600",38.00,N,N,A,-,N,,,,,,,,,,N,3,0,1,2,A,-,10,21950,A,N,G,B,B,A,H,-,A,A,0,Y,,,,Y,,A,07,0,1,0,0,1,0,0,0,0,"- ","- ",,,"SAN DIEGO","SAN DIEGO",,
8722739,2018,2018-11-05,3711,2018-10-21,1710,7626,SD,7,5,7,3711,0,0,0,,0,524,"MARKET ST","9TH AV",3.00,E,N,A,-,N,,,,,,,,,,N,3,0,1,2,A,-,11,21456,B,N,D,B,B,A,H,-,A,A,0,Y,,,,Y,Y,N,60,0,1,0,0,1,0,0,0,0,"- ","- ",,,"SAN DIEGO","SAN DIEGO",-117.15648651123047,32.711521148681641
8726446,2018,2018-11-08,3711,2018-10-15,0545,7589,,1,5,7,3711,0,0,0,,0,445,"EUCLID AV","LAKIBA PALMER AVE",0.00,,Y,A,-,N,,,,,,,,,,N,4,0,1,2,A,-,12,22450,,N,D,G,A,A,H,-,B,A,0,,Y,,,Y,,A,07,0,0,1,0,0,0,1,0,0,"- ","- ",,,"SAN DIEGO","SAN DIEGO",-117.08503989,32.713770050000001
8726657,2018,2018-11-20,3711,2018-10-17,1344,6193,,3,5,7,3711,0,0,0,,0,712,"EAST SAN YSIDRO BL","E SAN YSIDRO BL 551",0.00,,Y,A,-,N,,,,,,,,,,N,3,0,1,1,A,-,"- ",,,N,G,B,A,A,H,-,A,D,0,,,,,Y,,A,07,0,1,0,0,0,0,0,0,0,"- ","- ",,,"SAN DIEGO","SAN DIEGO",-117.03543395,32.549479580000003
8727392,2018,2018-11-06,3711,2018-08-21,1336,SD5313,,2,5,7,3711,0,0,0,,0,531,"PAN AMERICAN PLAZA","PRESIDENTS WY",380.00,S,N,A,-,N,,,,,,,,,,N,3,0,1,2,A,-,06,21750,,N,B,G,A,A,H,-,A,D,0,,Y,,,Y,,L,04,0,1,0,0,0,0,1,0,0,"- ","- ",,,"SAN DIEGO","SAN DIEGO",-117.15359497070312,32.727344512939453
8731942,2018,2018-11-14,3711,2018-10-24,1618,8447,,3,5,7,3711,0,0,0,,0,007,"CORONADO AV","27TH ST",200.00,W,N,A,-,N,,,,,,,,,,N,4,0,1,2,A,-,08,22107,,N,H,G,A,A,H,-,A,D,0,,Y,,,Y,,L,04,0,0,1,0,0,0,1,0,0,"- ","- ",,,"SAN DIEGO","SAN DIEGO",-117.07608032226562,32.576469421386719
8732355,2018,2018-11-16,3711,2018-10-31,0800,6193,,3,5,7,3711,0,0,0,,0,903,"IRIS AV","27TH ST",400.00,E,N,A,-,N,,,,,,,,,,N,4,0,1,2,A,-,17,22517,,N,H,G,A,A,H,-,-,A,0,,Y,,,Y,,A,01,0,0,1,0,0,0,1,0,0,"- ","- ",,,"SAN DIEGO","SAN DIEGO",-117.07418823242188,32.569160461425781
8732787,2018,2018-11-19,3711,2018-10-31,1130,4283,,3,5,7,3711,0,0,0,,0,122,"GARNET AV","MISSION BAY DR",300.00,W,N,A,-,N,,,,,,,,,,N,3,0,1,2,A,-,09,21804,A,M,D,G,A,A,H,-,A,D,0,,Y,,,Y,,-,,0,1,0,0,0,0,1,0,0,"- ","- ",,,"SAN DIEGO","SAN DIEGO",-117.21991729736328,32.805950164794922
8732807,2018,2018-11-20,3711,2018-11-04,2145,7818,3711,7,5,7,3711,0,0,0,,0,512,"IMPERIAL AV","27TH ST",105.00,W,N,A,-,N,,,,,,,,,,N,3,0,1,2,A,-,06,21760,C,M,C,G,A,A,H,-,C,D,0,,Y,,,Y,,-,,0,1,0,0,0,0,1,0,0,"- ","- ",,,"SAN DIEGO","SAN DIEGO",-117.13632965087891,32.706367492675781
8732816,2018,2018-11-20,3711,2018-11-01,0601,7361,C-3,4,5,7,3711,0,0,0,,0,515,"MARKET ST","30TH ST",0.00,,Y,A,-,N,,,,,,,,,,N,3,0,1,2,A,-,10,21950,A,F,G,B,B,A,H,-,C,A,0,Y,,,,Y,Y,-,,0,1,0,0,1,0,0,0,0,"- ","- ",,,"SAN DIEGO","SAN DIEGO",-117.13020324707031,32.711650848388672
8732843,2018,2018-11-20,3711,2018-11-04,0937,5985,,7,5,7,3711,0,0,0,,0,324,"LAKE MURRAY BL","HIGHWOOD DR",528.00,N,N,B,-,N,,,,,,,,,,N,3,0,2,2,A,-,09,21804,A,N,D,G,A,A,H,-,A,D,0,,Y,,,Y,,A,01,0,2,0,0,0,0,1,0,0,"- ","- ",,,"SAN DIEGO","SAN DIEGO",-117.00901794433594,32.813117980957031
8732847,2018,2018-11-20,3711,2018-11-02,1910,7499,SD,5,5,7,3711,0,0,0,,0,713,"OTAY MESA RD","LA MEDIA RD",0.00,,Y,A,-,N,,,,,,,,,,N,3,0,1,2,A,-,10,21950,A,N,G,B,A,A,H,-,C,A,0,,Y,,,Y,,-,,0,1,0,0,0,0,1,0,0,"- ","- ",,,"SAN DIEGO","SAN DIEGO",-116.96241760253906,32.567840576171875
8732863,2018,2018-11-20,3711,2018-11-01,1400,7130,,4,5,7,3711,0,0,0,,0,124,"PROSPECT ST","CUVIER ST",103.00,S,N,A,-,N,,,,,,,,,,N,3,0,1,2,A,-,05,21202,A,N,B,G,A,A,H,-,A,D,0,,Y,,,Y,,L,04,0,1,0,0,0,0,1,0,0,"- ","- ",,,"SAN DIEGO","SAN DIEGO",-117.27860260009766,32.842800140380859
8733461,2018,2018-11-08,3711,2018-10-24,1116,7570,SD,3,5,7,3711,0,0,0,,0,529,"6TH AV","REDWOOD ST",0.00,,-,A,-,N,,,,,,,,,,N,3,0,1,2,A,-,08,22107,,M,G,B,E,A,H,-,A,D,0,Y,,,,Y,,-,,0,1,0,0,1,0,0,0,0,"- ","- ",,,"SAN DIEGO","SAN DIEGO",-117.159423828125,32.737651824951172
8733786,2018,2018-12-05,3711,2018-10-25,1440,7013,,4,5,7,3711,0,0,0,,0,824,"MONROE AV","50TH ST",159.00,W,N,A,-,N,,,,,,,,,,N,4,0,1,2,A,-,10,21950,A,N,D,B,D,A,H,-,A,D,0,Y,,,,Y,,-,,0,0,1,0,1,0,0,0,0,"- ","- ",,,"SAN DIEGO","SAN DIEGO",-117.08732604980469,32.758991241455078
8733813,2018,2018-12-20,3711,2018-10-26,1141,8192,,5,5,7,3711,0,0,0,,0,813,"ADAMS AV","OREGON ST",40.00,W,N,A,-,N,,,,,,,,,,N,3,0,1,2,A,-,17,22517,,N,B,G,A,A,H,-,A,A,0,,Y,,,Y,,A,01,0,1,0,0,0,0,1,0,0,"- ","- ",,,"SAN DIEGO","SAN DIEGO",-117.13529205322266,32.762840270996094
8733825,2018,2019-01-09,3711,2018-10-28,1835,7820,,7,5,7,3711,0,0,0,,0,825,"ADAMS AV","TERRACE DR",120.00,E,N,A,-,N,,,,,,,,,,N,3,0,1,3,A,-,10,21950,A,N,G,B,B,A,H,-,C,A,0,Y,,,,Y,,-,,0,1,0,0,1,0,0,0,0,"- ","- ",,,"SAN DIEGO","SAN DIEGO",-117.10796356201172,32.763267517089844
8733834,2018,2018-12-05,3711,2018-10-21,1558,4892,,7,5,7,3711,0,0,0,,0,615,"SCOTT ST","DICKENS ST",30.00,N,N,A,-,N,,,,,,,,,,N,3,0,1,2,A,-,03,22350,,N,-,B,D,A,H,-,A,D,0,Y,,,,Y,,-,,0,1,0,0,1,0,0,0,0,"- ","- ",,,"SAN DIEGO","SAN DIEGO",-117.22884368896484,32.72320556640625
8734440,2018,2018-11-13,3711,2018-10-20,0106,7341,,6,5,7,3711,0,0,0,,0,122,"MISSION BL","THOMAS AV",0.00,,Y,A,-,N,,,,,,,,,,N,3,0,2,3,A,-,10,21950,A,N,G,B,B,A,H,-,C,D,0,Y,,,,Y,Y,-,,0,2,0,0,2,0,0,0,0,"- ","- ",,,"SAN DIEGO","SAN DIEGO",-117.25459289550781,32.793628692626953
8734480,2018,2018-11-13,3711,2018-10-29,2005,7626,,1,5,7,3711,0,0,0,,0,528,"INDIA ST","WEST HAWTHORN ST",15.00,S,N,A,-,N,,,,,,,,,,N,3,0,1,2,A,-,12,21453,A,N,G,B,B,A,H,-,C,A,0,Y,,,,Y,,A,01,0,1,0,0,1,0,0,0,0,"- ","- ",,,"SAN DIEGO","SAN DIEGO",-117.16943359375,32.726383209228516
8734771,2018,2018-12-03,3711,2018-10-29,2023,6366,,1,5,7,3711,0,0,0,,0,327,"67TH ST","LAMBERT LN",187.00,N,N,A,-,N,,,,,,,,,,N,4,0,1,2,A,-,21,22106,,N,G,B,E,A,H,-,C,D,0,Y,,,,Y,Y,D,22,0,0,1,0,1,0,0,0,0,"- ","- ",,,"SAN DIEGO","SAN DIEGO",-117.05359649658203,32.772083282470703
8735471,2018,2018-11-14,3711,2018-10-20,2211,7460,SD,6,5,7,3711,0,0,0,,0,628,"WEST WASHINGTON ST","HANCOCK ST",0.00,,Y,A,-,N,,,,,,,,,,N,3,0,1,2,A,-,12,21453,A,N,D,G,A,A,H,-,C,A,0,,Y,,,Y,Y,L,04,0,1,0,0,0,0,1,0,0,"- ","- ",,,"SAN DIEGO","SAN DIEGO",-117.18321228027344,32.741989135742188
8735487,2018,2018-11-14,3711,2018-10-26,0600,7340,SD,5,5,7,3711,0,0,0,,0,824,"WINONA AV","EL CAJON BL",0.00,,Y,A,-,N,,,,,,,,,,N,3,0,1,2,A,-,10,21950,A,N,B,B,D,A,H,-,B,D,0,Y,,,,Y,,-,"- ",0,1,0,0,1,0,0,0,0,"- ","- ",,,"SAN DIEGO","SAN DIEGO",-117.087890625,32.756649017333984
8736331,2018,2018-11-27,3711,2018-11-04,1149,7605,SD,7,5,7,3711,0,0,0,,0,625,"TAYLOR ST","CONGRESS ST",120.00,E,N,B,-,N,,,,,,,,,,,3,0,1,2,C,-,18,,,N,H,G,A,A,H,-,A,A,0,,Y,,,Y,,-,"- ",0,1,0,0,0,0,1,0,0,"- ","- ",,,"SAN DIEGO","SAN DIEGO",-117.19934844970703,32.755893707275391
8738358,2018,2018-12-31,3711,2018-11-14,1255,5778,,3,5,7,3711,0,0,0,,0,242,"HILLERY DR","BLACK MOUNTAIN RD",0.00,,Y,A,-,N,,,,,,,,,,N,3,0,1,2,A,-,10,21950,A,N,-,B,B,A,H,-,A,A,0,Y,,,,Y,,A,01,0,1,0,0,1,0,0,0,0,"- ","- ",,,"SAN DIEGO","SAN DIEGO",-117.12441253662109,32.912868499755859
8741149,2018,2018-11-28,3711,2018-11-07,1835,4295,,3,5,7,3711,0,0,0,,0,123,"SUNSET CLIFFS","QUIVIRA ACCESS RD",1056.00,S,N,A,-,N,,,,,,,,,,N,3,0,1,2,A,-,05,21650,1,N,A,G,A,A,H,-,D,D,0,,Y,,,Y,Y,L,04,0,1,0,0,0,0,1,0,0,"- ","- ",,,"SAN DIEGO","SAN DIEGO",,
8741944,2018,2018-11-29,3711,2018-11-09,1515,7165,SDPD,5,5,7,3711,0,0,0,,0,813,"30TH ST","JUNIPER ST",0.00,,Y,A,-,N,,,,,,,,,,N,4,0,1,2,D,-,00,,,N,G,B,B,A,-,-,A,-,0,Y,,,,Y,,-,"- ",0,0,1,0,1,0,0,0,0,"- ","- ",,,"SAN DIEGO","SAN DIEGO",-117.13014984130859,32.729640960693359
8741951,2018,2019-01-03,3711,2018-11-08,1815,5623,,4,5,7,3711,0,0,0,,0,521,"IMPERIAL AV","14TH ST",161.00,E,N,A,-,N,,,,,,,,,,N,4,0,1,2,A,-,10,21950,,N,G,B,D,A,H,-,C,D,0,Y,,,,Y,,N,60,0,0,1,0,1,0,0,0,0,"- ","- ",,,"SAN DIEGO","SAN DIEGO",-117.15135955810547,32.706283569335938
8741955,2018,2018-11-29,3711,2018-11-09,1713,7576,,5,5,7,3711,0,0,0,,0,612,"EVERGREEN ST","ROSECRANS ST",0.00,,Y,A,-,N,,,,,,,,,,N,3,0,1,2,A,-,09,21801,,N,A,G,A,A,H,-,C,A,0,,Y,,,Y,,D,22,0,1,0,0,0,0,1,0,0,"- ","- ",,,"SAN DIEGO","SAN DIEGO",-117.2093505859375,32.747180938720703
8741991,2018,2018-11-29,3711,2018-11-04,1204,7066,,7,5,7,3711,0,0,0,,0,441,"S 38TH ST","HEMLOCK ST",21.00,S,N,A,-,N,,,,,,,,,,N,3,0,1,2,A,-,11,21950,B,N,-,B,D,A,H,-,A,D,0,Y,,,,Y,,N,60,0,1,0,0,1,0,0,0,0,"- ","- ",,,"SAN DIEGO","SAN DIEGO",-117.11249542236328,32.699790954589844
8743552,2018,2018-12-27,3711,2018-10-20,0541,6702,,6,5,7,3711,0,0,0,,0,527,"PACIFIC HWY","WEST LAUREL ST",0.00,,Y,A,-,N,,,,,,,,,,N,2,0,1,2,A,-,12,21453,A,N,D,G,A,A,H,-,C,A,0,,Y,,,Y,,J,48,1,0,0,0,0,0,1,0,0,"- ","- ",,,"SAN DIEGO","SAN DIEGO",-117.17371368408203,32.729511260986328
8744387,2018,2019-01-11,3711,2018-10-15,0754,7606,N1,1,5,7,3711,0,0,0,,0,122,"GRAND AV","JEWELL ST",0.00,,Y,A,-,N,,,,,,,,,,N,4,0,1,2,A,-,00,21590,A,N,G,B,B,A,H,-,A,A,0,Y,,,,Y,,A,01,0,0,1,0,1,0,0,0,0,"- ","- ",,,"SAN DIEGO","SAN DIEGO",-117.23841857910156,32.798351287841797
8745389,2018,2018-11-29,3711,2018-10-29,2009,7487,SANDI,1,5,7,3711,0,0,0,,0,111,"GENESEE AV","BALBOA AV",0.00,,Y,A,-,N,,,,,,,,,,,4,0,1,2,A,-,10,21950,A,M,G,B,B,A,H,-,C,A,0,Y,,,,Y,,-,99,0,0,1,0,1,0,0,0,0,"- ","- ",,,"SAN DIEGO","SAN DIEGO",-117.18202209472656,32.819370269775391
8745732,2018,2018-12-31,3711,2018-11-03,1520,7658,,6,5,7,3711,0,0,0,,0,122,"MISSION BL",VENTURA,17.00,S,N,A,-,N,,,,,,,,,,N,3,0,1,2,A,-,"- ",,,N,C,B,F,D,B,-,A,D,0,Y,,Y,,Y,Y,C,03,0,1,0,0,1,0,0,0,0,"- ","- ",,,"SAN DIEGO","SAN DIEGO",-117.251220703125,32.771991729736328
8746170,2018,2019-02-05,3711,2018-11-19,2225,7029,,1,5,7,3711,0,0,0,,0,813,"OHIO ST","EL CAJON BL",0.00,,Y,A,-,N,,,,,,,,,,N,4,0,1,2,A,-,06,21760,C,N,C,G,A,A,H,-,D,D,0,,Y,,,Y,,-,"- ",0,0,1,0,0,0,1,0,0,"- ","- ",,,"SAN DIEGO","SAN DIEGO",-117.12893676757812,32.755401611328125
8747329,2018,2019-02-04,3711,2018-11-07,1415,7547,,3,5,7,3711,0,0,0,,0,521,"G ST","PARK BL",0.00,,Y,A,-,N,,,,,,,,,,N,3,0,2,2,A,-,08,22107,,N,A,B,E,A,H,-,A,A,0,Y,Y,,,Y,,L,04,0,2,0,0,1,0,1,0,0,"- ","- ",,,"SAN DIEGO","SAN DIEGO",-117.15376281738281,32.712608337402344
8747964,2018,2019-01-24,3711,2018-11-23,1830,7187,,5,5,7,3711,0,0,0,,0,832,"ORANGE AV",43RD,2.00,E,N,A,-,N,,,,,,,,,,N,4,0,1,2,A,-,05,21650,1,N,B,G,A,A,H,-,D,A,0,,Y,,,Y,,L,04,0,0,1,0,0,0,1,0,0,"- ","- ",,,"SAN DIEGO","SAN DIEGO",-117.10192108154297,32.753170013427734
8747971,2018,2019-01-29,3711,2018-11-25,1503,4759,SDPD,7,5,7,3711,0,0,0,,0,122,"GRAND AV","MISSION BAY DR",136.00,W,N,A,-,N,,,,,,,,,,N,3,0,1,2,A,-,11,21954,A,N,D,B,A,A,H,-,A,D,0,,,,,Y,,-,,0,1,0,0,0,0,0,0,0,"- ","- ",,,"SAN DIEGO","SAN DIEGO",-117.21563720703125,32.801876068115234
8747972,2018,2019-01-24,3711,2018-11-24,1528,7541,,6,5,7,3711,0,0,0,,0,614,"CABLE ST","WEST POINT LOMA BL",51.00,S,N,A,-,N,,,,,,,,,,N,3,0,1,2,A,-,00,21974,A,N,B,B,D,A,H,-,A,D,0,Y,,,,Y,,N,60,0,1,0,0,1,0,0,0,0,"- ","- ",,,"SAN DIEGO","SAN DIEGO",-117.24441528320312,32.751514434814453
8748025,2018,2019-01-25,3711,2018-11-09,2300,7785,"SAN D",5,5,7,3711,0,0,0,,0,838,"WABASH AV","UNIVERSITY AV",0.00,,Y,A,-,N,,,,,,,,,,N,3,0,1,2,A,-,12,21453,A,N,G,G,A,A,H,-,C,A,0,,Y,,,Y,,L,04,0,1,0,0,0,0,1,0,0,"- ","- ",,,"SAN DIEGO","SAN DIEGO",-117.12080383300781,32.749198913574219
8748045,2018,2019-02-15,3711,2018-11-20,0935,4491,,2,5,7,3711,0,0,0,,0,613,"WEST POINT LOMA",MIDWAY,0.00,,Y,A,-,N,,,,,,,,,,N,3,0,1,2,A,-,10,21950,A,N,G,B,-,A,H,-,A,A,0,Y,,,,Y,,-,,0,1,0,0,1,0,0,0,0,"- ","- ",,,"SAN DIEGO","SAN DIEGO",-117.21951293945312,32.754840850830078
8751874,2018,2018-12-11,3711,2018-04-27,2327,6414,SDPD,5,5,7,3711,0,0,0,,0,813,"ADAMS AV","UTAH ST",12.00,E,N,A,-,N,,,,,,,,,,N,3,0,1,2,B,-,22,,,N,G,B,B,A,H,-,C,A,0,Y,,,,Y,Y,-,,0,1,0,0,1,0,0,0,0,"- ","- ",,,"SAN DIEGO","SAN DIEGO",-117.13262939453125,32.762870788574219
8753734,2018,2019-02-12,3711,2018-12-07,1530,7335,SD,5,5,7,3711,0,0,0,,0,315,"HAZARD CENTER DR","HAZARD CENTER DR 7700",0.00,,N,A,-,N,,,,,,,,,,N,4,0,1,2,A,-,10,21952,,N,G,B,F,A,H,-,A,A,0,Y,,,,Y,,A,01,0,0,1,0,1,0,0,0,0,"- ","- ",32.770919799804688,-117.15570831298828,"SAN DIEGO","SAN DIEGO",-117.15571224999999,32.770849839999997
8754423,2018,2019-01-17,3711,2018-11-28,0648,5628,,3,5,7,3711,0,0,0,,0,124,"LA JOLLA HERMOSA AV","CARLA WY",0.00,,Y,A,-,N,,,,,,,,,,N,3,0,2,2,A,-,12,22450,A,N,D,B,B,A,H,-,A,A,0,Y,Y,,,Y,,L,04,0,2,0,0,1,0,1,0,0,"- ","- ",,,"SAN DIEGO","SAN DIEGO",-117.26341247558594,32.809608459472656
8756597,2018,2018-12-11,3711,2018-10-17,0545,SD6104,,3,5,7,3711,0,0,0,,0,832,"UNIVERSITY AV","UNIVERSITY AV 4200",0.00,,Y,A,-,N,,,,,,,,,,N,3,0,1,2,A,-,"- ",,,N,C,B,E,A,H,-,C,A,0,Y,,,,Y,Y,N,60,0,1,0,0,1,0,0,0,0,"- ","- ",,,"SAN DIEGO","SAN DIEGO",-117.10448205,32.749669169999997
8757550,2018,2019-01-09,3711,2018-11-20,1245,7547,,2,5,7,3711,0,0,0,,0,524,"5TH AV","B ST",0.00,,Y,A,-,N,,,,,,,,,,N,3,0,1,2,A,-,"- ",,,M,D,B,B,-,H,-,A,A,0,Y,,,,Y,,-,,0,1,0,0,1,0,0,0,0,"- ","- ",,,"SAN DIEGO","SAN DIEGO",-117.16018676757812,32.717800140380859
8757571,2018,2018-12-20,3711,2018-11-25,1516,7526,"SAN D",7,5,7,3711,0,0,0,,0,124,"LA JOLLA SHORES DR","AVENIDA DE LA PLAYA",0.00,,Y,A,-,N,,,,,,,,,,N,3,0,2,3,A,-,12,21453,,N,G,B,B,A,H,-,A,A,0,Y,,,,Y,,A,01,0,2,0,0,2,0,0,0,0,"- ","- ",,,"SAN DIEGO","SAN DIEGO",-117.25379943847656,32.853771209716797
8757574,2018,2018-12-19,3711,2018-11-26,0826,7792,,1,5,7,3711,0,0,0,,0,114,"CLAIREMONT MESA BL","DOLIVA DR",0.00,,Y,A,-,N,,,,,,,,,,N,4,0,1,2,A,-,10,21950,A,N,G,B,B,A,H,-,A,A,0,Y,,,,Y,,A,01,0,0,1,0,1,0,0,0,0,"- ","- ",,,"SAN DIEGO","SAN DIEGO",-117.17565155029297,32.834381103515625
8759395,2018,2019-01-24,3711,2018-11-18,1735,5418,,7,5,7,3711,0,0,0,,0,725,"DENNERY RD","RED CORAL LN",6.00,E,N,A,-,N,,,,,,,,,,N,4,0,1,2,A,-,10,21950,,N,G,B,-,A,H,-,C,A,0,Y,,,,Y,,-,"- ",0,0,1,0,1,0,0,0,0,"- ","- ",,,"SAN DIEGO","SAN DIEGO",-117.02889251708984,32.588394165039062
8759870,2018,2019-01-26,3711,2018-12-09,1004,7832,,7,5,7,3711,0,0,0,,0,823,"UNIVERSITY AV","COLLEGE AV",0.00,,Y,A,-,N,,,,,,,,,,N,3,0,1,2,A,-,12,21453,A,N,B,G,A,A,H,-,A,A,0,,Y,,,Y,Y,L,04,0,1,0,0,0,0,1,0,0,"- ","- ",,,"SAN DIEGO","SAN DIEGO",-117.06448364257812,32.752861022949219
8759897,2018,2019-01-28,3711,2018-12-07,1045,7849,,5,5,7,3711,0,0,0,,0,821,"UNIVERSITY AV","SALVATION DRWY",110.00,E,N,A,-,N,,,,,,,,,,N,4,0,2,4,A,-,21,22106,,N,G,B,F,A,H,-,A,D,0,Y,,,,Y,,-,"- ",0,0,2,0,2,0,0,0,0,"- ","- ",,,"SAN DIEGO","SAN DIEGO",-117.05042481,32.75506876
8759992,2018,2019-01-26,3711,2018-12-02,1326,7685,,7,5,7,3711,0,0,0,,0,122,"PACIFIC BEACH DR","PACIFIC BEACH DR 700",5.00,S,N,A,-,N,,,,,,,,,,N,4,0,1,3,A,-,17,22517,,N,B,G,A,A,-,-,A,D,0,,Y,,,Y,,A,01,0,0,1,0,0,0,1,0,0,"- ","- ",,,"SAN DIEGO","SAN DIEGO",,
8762257,2018,2019-01-02,3711,2018-11-15,1753,7738,,4,5,7,3711,0,0,0,,0,444,"42ND ST","HILLTOP DR",9.00,S,N,B,-,N,,,,,,,,,,N,3,0,1,2,A,-,08,22107,,N,G,B,B,A,H,-,C,D,0,Y,,,,Y,,A,01,0,1,0,0,1,0,0,0,0,"- ","- ",,,"SAN DIEGO","SAN DIEGO",-117.10466003417969,32.715084075927734
8762297,2018,2019-01-02,3711,2018-11-10,1630,7658,,6,5,7,3711,0,0,0,,0,121,"OCEAN FRONT WALK","LIDO CT",22.00,N,N,A,-,N,,,,,,,,,,N,3,0,1,2,B,-,22,,,N,G,B,F,A,H,-,A,D,0,Y,,Y,,Y,,C,03,0,1,0,0,1,0,0,0,0,"- ","- ",,,"SAN DIEGO","SAN DIEGO",-117.25315093994141,32.776809692382812
8762354,2018,2019-01-08,3711,2018-12-16,2000,7056,,7,5,7,3711,0,0,0,,0,616,"SHELTER ISLAND DR","SHELTER ST",10.00,N,N,A,-,N,,,,,,,,,,N,3,0,1,2,A,-,11,21950,B,N,G,B,D,A,H,-,C,D,0,Y,,,,Y,Y,N,60,0,1,0,0,1,0,0,0,0,"- ","- ",,,"SAN DIEGO","SAN DIEGO",,
8762358,2018,2019-01-08,3711,2018-12-14,1742,7318,SD,5,5,7,3711,0,0,0,,0,437,"PARADISE VALLEY RD","PARKWOOD DR",4.00,W,N,A,-,N,,,,,,,,,,N,4,0,1,2,A,-,10,21950,A,N,G,B,D,A,H,-,D,D,0,Y,,,,Y,,-,,0,0,1,0,1,0,0,0,0,"- ","- ",,,"SAN DIEGO","SAN DIEGO",-117.03307342529297,32.693195343017578
8762385,2018,2019-01-14,3711,2018-12-13,1730,7858,,4,5,7,3711,0,0,0,,0,432,"IMPERIAL AV","EUCLID AV",3.00,W,N,A,-,N,,,,,,,,,,N,3,0,1,2,A,-,08,22107,,M,-,B,A,A,H,-,A,A,0,,,,,Y,Y,-,99,0,1,0,0,0,0,0,0,0,"- ","- ",,,"SAN DIEGO","SAN DIEGO",-117.08500671386719,32.704505920410156