CASE_ID,ACCIDENT_YEAR,PROC_DATE,JURIS,COLLISION_DATE,COLLISION_TIME,OFFICER_ID,REPORTING_DISTRICT,DAY_OF_WEEK,CHP_SHIFT,POPULATION,CNTY_CITY_LOC,SPECIAL_COND,BEAT_TYPE,CHP_BEAT_TYPE,CITY_DIVISION_LAPD,CHP_BEAT_CLASS,BEAT_NUMBER,PRIMARY_RD,SECONDARY_RD,DISTANCE,DIRECTION,INTERSECTION,WEATHER_1,WEATHER_2,STATE_HWY_IND,CALTRANS_COUNTY,CALTRANS_DISTRICT,STATE_ROUTE,ROUTE_SUFFIX,POSTMILE_PREFIX,POSTMILE,LOCATION_TYPE,RAMP_INTERSECTION,SIDE_OF_HWY,TOW_AWAY,COLLISION_SEVERITY,NUMBER_KILLED,NUMBER_INJURED,PARTY_COUNT,PRIMARY_COLL_FACTOR,PCF_CODE_OF_VIOL,PCF_VIOL_CATEGORY,PCF_VIOLATION,PCF_VIOL_SUBSECTION,HIT_AND_RUN,TYPE_OF_COLLISION,MVIW,PED_ACTION,ROAD_SURFACE,ROAD_COND_1,ROAD_COND_2,LIGHTING,CONTROL_DEVICE,CHP_ROAD_TYPE,PEDESTRIAN_ACCIDENT,BICYCLE_ACCIDENT,MOTORCYCLE_ACCIDENT,TRUCK_ACCIDENT,NOT_PRIVATE_PROPERTY,ALCOHOL_INVOLVED,STWD_VEHTYPE_AT_FAULT,CHP_VEHTYPE_AT_FAULT,COUNT_SEVERE_INJ,COUNT_VISIBLE_INJ,COUNT_COMPLAINT_PAIN,COUNT_PED_KILLED,COUNT_PED_INJURED,COUNT_BICYCLIST_KILLED,COUNT_BICYCLIST_INJURED,COUNT_MC_KILLED,COUNT_MC_INJURED,PRIMARY_RAMP,SECONDARY_RAMP,LATITUDE,LONGITUDE,COUNTY,CITY,POINT_X,POINT_Y
8762386,2018,2019-01-12,3711,2018-12-13,1111,7404,,4,5,7,3711,0,0,0,,0,G11,"SPORTS ARENA BL","EAST DR",300.00,W,N,A,-,N,,,,,,,,,,N,3,0,2,3,A,-,08,22107,,N,G,B,C,-,H,-,A,-,0,Y,,,,Y,,A,01,0,1,1,0,2,0,0,0,0,"- ","- ",,,"SAN DIEGO","SAN DIEGO",-117.20928955078125,32.753158569335938
8762394,2018,2019-01-08,3711,2018-12-15,1931,7192,514,6,5,7,3711,0,0,0,,0,,"IMPERIAL AV","21ST ST",12.00,E,N,A,-,N,,,,,,,,,,N,4,0,1,2,A,-,11,21950,B,N,G,B,D,A,H,-,C,D,0,Y,,,,Y,,N,60,0,0,1,0,1,0,0,0,0,"- ","- ",,,"SAN DIEGO","SAN DIEGO",-117.14482116699219,32.706279754638672
8762395,2018,2019-01-08,3711,2018-12-04,1910,5842,,2,5,7,3711,0,0,0,,0,931,"MIRA MESA BL","PACIFIC HEIGHTS BL",0.00,,Y,A,-,N,,,,,,,,,,N,3,0,1,2,A,-,11,21456,B,N,H,B,B,A,H,-,C,A,0,Y,,,,Y,,N,60,0,1,0,0,1,0,0,0,0,"- ","- ",,,"SAN DIEGO","SAN DIEGO",-117.18952941894531,32.900039672851562
8764130,2018,2019-01-11,3711,2018-11-17,0641,7073,,6,5,7,3711,0,0,0,,0,615,"CARLETON ST","LOCUST ST",0.00,,Y,A,-,N,,,,,,,,,,,3,0,1,2,A,-,12,22450,A,N,D,G,A,A,H,-,A,C,0,,Y,,,Y,,L,04,0,1,0,0,0,0,1,0,0,"- ","- ",,,"SAN DIEGO","SAN DIEGO",-117.23143005371094,32.723770141601562
8764484,2018,2019-01-09,3711,2018-11-24,1722,5812,SANDI,6,5,7,3711,0,0,0,,0,124,"FAY AV","PEARL ST",0.00,,Y,B,-,N,,,,,,,,,,N,3,0,1,2,A,-,09,21801,A,N,B,G,A,A,H,-,C,A,0,,Y,,,Y,,-,,0,1,0,0,0,0,1,0,0,"- ","- ",,,"SAN DIEGO","SAN DIEGO",-117.27369689941406,32.840221405029297
8764485,2018,2019-01-09,3711,2018-11-27,0846,5628,,2,5,7,3711,0,0,0,,0,115,"RENAISSANCE AV","FIORE TER",16.00,N,N,A,-,N,,,,,,,,,,N,4,0,1,2,A,-,09,21801,A,N,D,G,A,A,H,-,A,D,0,,Y,,,Y,,A,01,0,0,1,0,0,0,1,0,0,"- ","- ",,,"SAN DIEGO","SAN DIEGO",-117.20479583740234,32.869972229003906
8765216,2018,2019-01-11,3711,2018-12-01,1928,7198,,6,5,7,3711,0,0,0,,0,514,"MARKET ST","19TH ST",189.00,W,N,A,-,N,,,,,,,,,,N,3,0,1,2,A,-,11,21954,A,N,G,B,D,A,H,-,D,D,0,Y,,,,Y,,N,60,0,1,0,0,1,0,0,0,0,"- ","- ",,,"SAN DIEGO","SAN DIEGO",-117.1473388671875,32.711540222167969
8767274,2018,2019-01-02,3711,2018-11-07,1000,6614,,3,5,7,3711,0,0,0,,0,124,"PASEO DORADO","EL PASEO GRANDE",42.00,W,N,A,-,N,,,,,,,,,,N,3,0,1,2,A,-,17,22517,,N,B,G,A,A,H,-,A,D,0,,Y,,,Y,,A,01,0,1,0,0,0,0,1,0,0,"- ","- ",,,"SAN DIEGO","SAN DIEGO",-117.25587463378906,32.852523803710938
8769661,2018,2019-01-29,3711,2018-12-19,1503,7284,,3,5,7,3711,0,0,0,,0,826,"ORANGE AV","WINONA AV",11.00,W,N,A,-,N,,,,,,,,,,N,3,0,1,2,A,-,21,22106,,N,G,B,A,A,H,-,A,D,0,,,,,Y,,-,,0,1,0,0,0,0,0,0,0,"- ","- ",,,"SAN DIEGO","SAN DIEGO",-117.08796691894531,32.7530517578125
8771716,2018,2019-01-29,3711,2018-12-08,1246,7226,,6,5,7,3711,0,0,0,,0,625,"CONGRESS ST","CONGRESS ST 2725",0.00,,Y,A,-,N,,,,,,,,,,N,3,0,1,2,A,-,17,22517,,N,H,G,A,A,H,-,A,D,0,,Y,,,Y,,A,01,0,1,0,0,0,0,1,0,0,"- ","- ",,,"SAN DIEGO","SAN DIEGO",-117.19810814,32.753525080000003
8772142,2018,2019-02-02,3711,2018-12-23,0805,7834,,7,5,7,3711,0,0,0,,0,115,"PALMILLA DR","LEBON DR",0.00,,Y,A,-,N,,,,,,,,,,Y,3,0,1,2,A,-,08,22107,,N,D,G,A,A,H,-,A,A,0,,Y,,,Y,,-,"- ",0,1,0,0,0,0,1,0,0,"- ","- ",,,"SAN DIEGO","SAN DIEGO",-117.22537994384766,32.864768981933594
8772813,2018,2019-01-09,3711,2018-12-19,1315,7532,,3,5,7,3711,0,0,0,,0,122,"GARNET AV","GRESHAM ST",15.00,W,N,A,-,N,,,,,,,,,,N,2,0,1,2,A,-,03,22350,,N,-,B,B,A,-,-,A,A,0,Y,,Y,,Y,,C,02,1,0,0,0,1,0,0,0,0,"- ","- ",,,"SAN DIEGO","SAN DIEGO",-117.24456787109375,32.798931121826172
8773536,2018,2019-01-31,3711,2018-12-10,2024,4310,,1,5,7,3711,0,0,0,,0,529,"3RD AV","DATE ST",93.00,N,N,A,-,N,,,,,,,,,,N,2,0,1,2,A,-,03,22350,,N,G,B,D,A,H,-,C,D,0,Y,,,,Y,,D,22,1,0,0,0,1,0,0,0,0,"- ","- ",,,"SAN DIEGO","SAN DIEGO",-117.16207122802734,32.723293304443359
8788576,2018,2019-01-26,3711,2018-12-28,0748,SD5624,,5,5,7,3711,0,0,0,,0,713,"OTAY CENTER DR","SIEMPRE VIVA RD",0.00,,Y,A,-,N,,,,,,,,,,N,4,0,1,2,A,-,10,21950,A,N,G,B,B,A,H,-,A,A,0,Y,,,,Y,,A,01,0,0,1,0,1,0,0,0,0,"- ","- ",,,"SAN DIEGO","SAN DIEGO",-116.94242858886719,32.554061889648438
8793981,2018,2019-02-27,3711,2018-12-15,1440,7572,,6,5,7,3711,0,0,0,,0,527,BROADWAY,"10TH AV",20.00,E,N,A,-,N,,,,,,,,,,N,4,0,1,3,A,-,12,21453,A,M,D,B,B,A,H,-,A,A,0,Y,,,,Y,,-,,0,0,1,0,1,0,0,0,0,"- ","- ",,,"SAN DIEGO","SAN DIEGO",-117.15554809570312,32.715721130371094
8796564,2018,2019-03-06,3711,2018-12-26,0600,5700,,3,5,7,3711,0,0,0,,0,441,"43RD ST","43RD ST 900",0.00,,N,A,-,N,,,,,,,,,,N,3,0,1,2,A,-,11,21950,B,M,B,B,E,A,H,-,C,A,0,Y,,,,Y,,N,60,0,1,0,0,1,0,0,0,0,"- ","- ",,,"SAN DIEGO","SAN DIEGO",-117.10204035,32.747908099999997
8807396,2018,2019-04-02,3711,2018-12-24,2033,6629,SDMON,1,5,7,3711,0,0,0,,0,432,"CHURCHWARD ST","CHURCHWARD ST 5100",12.00,S,N,A,-,N,,,,,,,,,,N,3,0,1,2,A,-,11,21950,B,N,G,B,D,A,H,-,C,A,0,Y,,,,Y,,N,60,0,1,0,0,1,0,0,0,0,"- ","- ",32.7041015625,-117.08429718017578,"SAN DIEGO","SAN DIEGO",-117.08433866999999,32.704114150000002
8819895,2018,2019-03-20,3711,2018-06-24,1825,7284,,7,5,7,3711,0,0,0,,0,712,"VIA VALARTA","ANTIGUA BL",28.00,S,N,A,-,N,,,,,,,,,,N,4,0,1,2,A,-,08,22107,,N,C,G,A,A,H,-,A,A,0,,Y,,,Y,,A,01,0,0,1,0,0,0,1,0,0,"- ","- ",,,"SAN DIEGO","SAN DIEGO",-117.08567810058594,32.837032318115234
8822573,2018,2019-04-02,3711,2018-09-01,2014,HB5121,,6,5,7,3711,0,0,0,,0,504,"NORTH HARBOR DR","GRAPE ST",0.00,,Y,A,-,N,,,,,,,,,,N,3,0,1,2,C,-,18,,,N,G,B,F,A,H,-,C,D,0,Y,Y,,,Y,,-,"- ",0,1,0,0,0,0,1,0,0,"- ","- ",,,"SAN DIEGO","SAN DIEGO",-117.17321014404297,32.72412109375
90065863,2015,2015-12-04,9645,2015-11-06,0615,016542,,5,1,7,3711,0,1,1,,2,007,"I-5 N/B","GENESEE AVENUE O/C",200.00,S,N,A,-,Y,,,,,,,,,,N,4,0,1,2,A,-,08,22107,,F,G,B,E,A,D,H,A,D,0,Y,,,,Y,,A,01,0,0,1,0,1,0,0,0,0,"- ","- ",32.536079999999998,-117.13366000000001,"SAN DIEGO","SAN DIEGO",-117.22760552,32.886694089999999
90080612,2015,2015-12-23,9645,2015-11-25,1917,017025,,3,2,7,3711,0,1,3,,2,023,"SR-163 S/B","FRIARS RD. O/C",1584.00,N,N,B,-,Y,,,,,,,,,,Y,2,0,1,3,A,-,11,21954,A,N,G,B,E,A,H,-,D,D,0,Y,,,,Y,Y,N,60,1,0,0,0,1,0,0,0,0,"- ","- ",32.774259999999998,-117.16484,"SAN DIEGO","SAN DIEGO",-117.16192782,32.775772279999998
90106560,2016,2016-02-01,9645,2016-01-16,1820,017678,,6,2,7,3711,0,1,1,,2,009,"I-805 S/B TO BONITA RD.","BONITA RD.",8.00,N,N,A,-,Y,,,,,,,,,,N,4,0,1,2,A,-,10,21950,A,N,G,B,C,A,H,-,C,A,0,Y,,,,Y,,A,01,0,0,1,0,1,0,0,0,0,"- ","- ",32.648159999999997,-117.063,"SAN DIEGO","SAN DIEGO",,
90124838,2016,2016-02-29,9645,2016-01-26,0002,020301,,2,3,7,3711,0,1,1,,2,010,"I-5 S/B TO ROSECRANS ST.","FRIARS RD",120.00,S,N,A,-,Y,,,5,,,,R,,S,N,2,0,1,2,A,-,08,22107,,N,G,G,A,A,H,-,D,D,0,,Y,,,Y,Y,L,04,1,0,0,0,0,0,1,0,0,"- ","- ",32.760460000000002,-117.20529999999999,"SAN DIEGO","SAN DIEGO",-117.20529999999999,32.760460000000002
90129698,2015,2016-03-04,9645,2015-10-28,0145,017671,,3,3,7,3711,0,1,1,,2,021,"STATE ROUTE 15 SOUTHBOUND","STATE ROUTE 94",3455.00,N,N,A,-,Y,,,15,,,,,,S,N,1,1,0,2,A,-,11,21954,A,F,G,B,D,A,H,-,D,D,0,Y,,,,Y,,N,60,0,0,0,1,0,0,0,0,0,"- ","- ",32.725749999999998,-117.11396000000001,"SAN DIEGO","SAN DIEGO",-117.11388416,32.725697930000003
90142332,2016,2016-03-23,9645,2016-02-12,1823,019291,,5,2,7,3711,0,1,3,,2,006,"STATE ROUTE 94 E/B TO EUCLID AVENUE N/B","EUCLID AVENUE O/C",265.00,W,N,A,-,Y,,,94,,,,R,,E,N,1,1,0,2,A,-,11,21954,A,N,G,B,E,A,H,-,C,D,0,Y,,,,Y,,N,60,0,0,0,1,0,0,0,0,0,"- ","- ",32.717640000000003,-117.08593999999999,"SAN DIEGO","SAN DIEGO",-117.08593999999999,32.717640000000003
90196205,2016,2016-06-07,9645,2016-06-06,0755,014669,,1,1,7,3711,0,3,5,,2,024,"DOVE CANYON ROAD S/B (16100 BLOCK)","DOVE CREEK ROAD",85.00,N,N,A,-,N,,,,,,,,,,N,4,0,1,2,A,-,03,22350,,N,C,G,A,A,H,-,A,A,0,,Y,,,Y,,L,04,0,0,1,0,0,0,1,0,0,"- ","- ",33.006059999999998,-117.10947,"SAN DIEGO","SAN DIEGO",-117.10918986999999,33.005709779999997
90240226,2016,2016-08-08,9645,2016-04-11,2156,015001,,1,2,7,3711,0,1,3,,2,006,"SR-94 W/B","25TH STREET",612.00,E,N,A,-,Y,,,94,,,,,,W,Y,1,1,0,2,A,-,11,21954,A,N,G,B,E,A,H,-,D,D,0,Y,,,,Y,Y,N,60,0,0,0,1,0,0,0,0,0,"- ","- ",32.713259999999998,-117.13852,"SAN DIEGO","SAN DIEGO",-117.13852009,32.713279900000003
90320142,2016,2016-11-15,9645,2016-10-27,0700,014461,,4,1,7,3711,0,1,3,,2,023,"I-5 SOUTHBOUND FROM SR-163 SOUTHBOUND","LAURAL ST. BRIDGE",420.00,S,N,A,-,Y,,,,,,,,,,N,4,0,1,2,A,-,11,21954,A,N,B,B,E,A,H,-,A,A,0,Y,,,,Y,,N,60,0,0,1,0,1,0,0,0,0,"- ","- ",32.730600000000003,-117.15474,"SAN DIEGO","SAN DIEGO",,
90328841,2016,2016-11-23,9645,2016-11-09,0139,016138,,3,3,7,3711,0,1,1,,2,007,"I-5 SOUTHBOUND","NOBEL DR. O/C",550.00,N,N,A,-,Y,,,5,,,,,,S,N,2,0,1,2,A,-,11,21954,A,N,G,B,E,A,H,-,D,D,0,Y,,,,Y,,N,60,1,0,0,0,1,0,0,0,0,"- ","- ",32.869950000000003,-117.22949,"SAN DIEGO","SAN DIEGO",-117.22955810000001,32.869956760000001
90389100,2016,2017-02-09,9645,2016-12-05,1340,017133,,1,1,7,3711,0,1,3,,2,002,"SR-905 E/B TO SIEMPRE VIVA RD.","SIEMPRE VIVA RD",4.00,W,N,A,-,Y,,,,,,,,,,N,3,0,1,3,A,-,08,22107,,N,B,B,E,A,H,-,A,D,0,Y,,,Y,Y,,-,31,0,1,0,0,1,0,0,0,0,"- ","- ",32.651110000000003,-117.10447000000001,"SAN DIEGO","SAN DIEGO",-116.94000662000001,32.555419409999999
90389385,2016,2017-02-09,9645,2016-10-24,0758,016409,,1,1,7,3711,0,1,1,,2,007,"I-5 S/B FROM LA JOLLA VILLAGE DRIVE E/B","I-5 S/B",386.00,W,N,B,-,Y,,,5,,,,R,,S,Y,1,1,0,2,A,-,03,22350,,N,G,B,D,A,H,-,A,D,0,Y,,,,Y,,A,01,0,0,0,1,0,0,0,0,0,"- ","- ",32.871540000000003,-117.23072999999999,"SAN DIEGO","SAN DIEGO",-117.23072999999999,32.871540000000003
90391443,2016,2017-02-13,9645,2016-12-08,2217,019410,,4,3,7,3711,0,1,1,,2,011,"I-805 N/B TO THE I-8 E/B","I-805 O/C",400.00,E,N,A,-,Y,,,,,,,,,,Y,2,0,3,4,A,-,11,21954,A,N,G,B,D,A,H,-,C,D,0,Y,,,,Y,,N,60,1,0,2,0,1,0,0,0,0,"- ","- ",32.774410000000003,-117.12712999999999,"SAN DIEGO","SAN DIEGO",-117.22709537999999,32.909525690000002
90401256,2017,2017-02-28,9645,2017-02-18,0256,020265,,6,3,7,3711,0,1,3,,2,006,"SR-94 E/B","I-5 FREEWAY",100.00,E,N,C,-,Y,,,94,,,,,,E,N,4,0,1,2,A,-,11,21954,A,N,G,B,E,B,H,-,C,D,0,Y,,,,Y,Y,N,60,0,0,1,0,1,0,0,0,0,"- ","- ",32.712949999999999,-117.14694,"SAN DIEGO","SAN DIEGO",-117.14693248,32.712907989999998
90410428,2017,2017-03-13,9645,2017-03-02,1640,017953,,4,2,7,3711,0,1,1,,2,021,"S/B SR-15/40TH ST FROM EL CAJON BLVD.","E/B EL CAJON BLVD.",10.00,S,N,A,-,Y,,,15,,,,R,,,N,4,0,1,2,A,-,12,21453,A,N,D,G,A,A,H,-,A,A,0,,Y,,,Y,,L,04,0,0,1,0,0,0,1,0,0,"- ","- ",32.75506,-117.10934,"SAN DIEGO","SAN DIEGO",-117.10934,32.75506
90415101,2017,2017-04-20,9645,2017-03-10,2135,019344,,5,2,7,3711,0,1,S,,2,901,"N. TORREY PINES ROAD N/B","PANGEA DR.",30.00,S,N,A,-,Y,,,,,,,,,,Y,3,0,1,3,C,-,18,,,N,G,B,E,A,H,-,C,D,0,Y,,,,Y,,-,"- ",0,1,0,0,1,0,0,0,0,"- ","- ",32.883600000000001,-117.2437,"SAN DIEGO","SAN DIEGO",-117.24397928,32.883707809999997
90496043,2017,2017-07-21,9645,2017-02-23,1708,017667,,4,2,7,3711,0,1,3,,2,016,"SR-52 E/B","SANTO ROAD",7431.00,E,N,A,-,Y,,,52,,,,,,E,N,1,1,0,3,A,-,01,23152,A,F,G,B,E,A,H,-,A,D,0,Y,,,Y,Y,Y,A,07,0,0,0,1,0,0,0,0,0,"- ","- ",32.849249999999998,-117.07407000000001,"SAN DIEGO","SAN DIEGO",-117.0742588,32.849493010000003
90542041,2017,2017-09-06,9645,2017-07-10,0530,016047,,1,3,7,3711,0,1,3,,2,023,"SR-163 SOUTHBOUND",I-8,1530.00,S,N,A,-,Y,,,163,,,,,,S,N,2,0,1,2,A,-,11,21954,A,F,G,B,D,A,H,-,D,D,0,Y,,,,Y,,N,60,1,0,0,0,1,0,0,0,0,"- ","- ",32.758620000000001,-117.16133000000001,"SAN DIEGO","SAN DIEGO",-117.16137121,32.758573149999997
90593073,2017,2017-11-13,9645,2017-09-17,0205,021494,,7,3,7,3711,0,1,1,,2,001,"I-5 S/B","VIA DE SAN YSIDRO",120.00,S,N,B,-,Y,,,5,,,,,,S,N,1,2,0,3,A,-,11,21954,A,N,G,B,E,A,H,-,C,D,0,Y,,,,Y,,N,60,0,0,0,2,0,0,0,0,0,"- ","- ",32.55086,-117.04458,"SAN DIEGO","SAN DIEGO",-117.04454303999999,32.550958219999998
90620554,2017,2017-12-21,9645,2017-11-21,0148,020301,,2,3,7,3711,0,1,3,,2,006,"STATE ROUTE 94 WESTBOUND","BROADWAY U/C",543.00,E,N,A,-,Y,,,,,,,,,,N,1,1,0,2,A,-,11,21954,A,F,G,B,D,A,H,-,D,D,0,Y,,,,Y,,N,60,0,0,0,1,0,0,0,0,0,"- ","- ",37.132840000000002,-117.12151,"SAN DIEGO","SAN DIEGO",-117.12460240999999,32.71527159
90625356,2017,2017-12-22,9645,2017-10-25,0559,017025,,3,3,7,3711,0,1,1,,2,010,"I-8 W/B","PRESIDIO PARK O/C",175.00,E,N,A,-,Y,,,8,,,,,,W,N,1,1,0,4,A,-,11,21954,A,F,G,B,D,A,H,-,D,D,0,Y,,,,Y,,N,60,0,0,0,1,0,0,0,0,0,"- ","- ",32.759860000000003,-117.18788000000001,"SAN DIEGO","SAN DIEGO",-117.18788522,32.759814179999999
90626266,2017,2017-12-26,9645,2017-10-30,1117,017723,,1,1,7,3711,0,1,1,,2,003,"I-5 SB FROM 17TH ST.","IMPERIAL AVE. U/C",323.00,N,N,A,-,Y,,,5,,,,R,,S,N,1,1,0,2,A,-,11,21954,A,N,G,B,D,A,H,-,A,D,0,Y,,,,Y,,N,60,0,0,0,1,0,0,0,0,0,"- ","- ",32.707700000000003,-117.148,"SAN DIEGO","SAN DIEGO",-117.148,32.707700000000003
90626714,2017,2018-01-31,9645,2017-09-16,1959,021268,,6,2,7,3711,0,1,1,,2,010,"I-8 W/B","WARING ROAD OVERCROSSING",50.00,E,N,A,-,Y,,,8,,,,,,W,Y,1,1,0,2,A,-,11,21954,A,N,G,B,D,A,H,-,C,D,0,Y,,,,Y,,N,60,0,0,0,1,0,0,0,0,0,"- ","- ",32.781100000000002,-117.08750000000001,"SAN DIEGO","SAN DIEGO",-117.08749999,32.781099910000002
90642501,2018,2018-01-18,9645,2018-01-06,2300,021107,,6,3,7,3711,0,1,3,,2,023,"STATE ROUTE 163 N/B TO MESA COLLEGE DR","MESA COLLEGE DRIVE",700.00,S,N,A,-,Y,,,163,,,,R,,N,N,3,0,1,2,A,-,11,21954,A,N,G,B,D,A,H,-,C,D,0,Y,,,,Y,,N,60,0,1,0,0,1,0,0,0,0,"- ","- ",32.799911499023438,-117.15570831298828,"SAN DIEGO","SAN DIEGO",-117.15570831298828,32.799911499023438
90642684,2018,2018-01-18,9645,2018-01-06,0210,021494,,6,3,7,3711,0,1,1,,2,001,"I-5 N/B",SR-905,500.00,N,N,A,-,Y,,,5,,,,,,N,N,3,0,1,2,A,-,11,21954,A,F,G,B,E,A,H,-,C,D,0,Y,,,,Y,,N,60,0,1,0,0,1,0,0,0,0,"- ","- ",32.56719970703125,-117.07489776611328,"SAN DIEGO","SAN DIEGO",-117.07500457763672,32.567119598388672
90662067,2018,2018-02-15,9645,2018-01-31,0403,020867,,3,3,7,3711,0,1,3,,2,006,"SR-94 W/B","30TH ST.",1000.00,E,N,A,-,Y,,,94,,,,,,W,N,3,0,1,2,A,-,11,21954,A,N,G,B,E,A,H,-,D,D,0,Y,,,,Y,,N,60,0,1,0,0,1,0,0,0,0,"- ","- ",32.716609954833984,-117.12046813964844,"SAN DIEGO","SAN DIEGO",-117.12044525146484,32.716533660888672
90706954,2018,2018-04-17,9645,2018-03-29,0655,018146,,4,1,7,3711,0,1,1,,2,003,"I-5 S/B FROM BOSTON AVE.","BOSTON AVE.",3.00,E,N,A,-,N,,,5,,,,R,,S,N,2,0,1,2,A,-,03,22350,,F,G,B,B,A,H,-,C,D,0,Y,,,,Y,,D,22,1,0,0,0,1,0,0,0,0,"- ","- ",32.69390869140625,-117.13179016113281,"SAN DIEGO","SAN DIEGO",-117.13179016113281,32.69390869140625
90733485,2018,2018-05-24,9645,2018-02-18,2110,021873,,7,2,7,3711,0,1,3,,2,006,"SR-94 W/B",I-5,93.00,E,N,A,-,Y,,,94,,,,,,W,Y,1,1,0,2,A,-,11,21954,A,F,G,B,D,A,H,-,D,D,0,Y,,,,Y,,N,60,0,0,0,1,0,0,0,0,0,"- ","- ",32.713661193847656,-117.14682006835938,"SAN DIEGO","SAN DIEGO",-117.14682006835938,32.713649749755859
90736089,2018,2018-05-29,9645,2018-04-11,0006,019577,,3,3,7,3711,0,1,1,,2,010,"I-8 E/B","PRESIDIO PARK",1584.00,E,N,A,-,Y,,,8,,,,,,E,Y,2,0,1,2,A,-,11,21954,A,N,G,B,E,A,H,-,D,D,0,Y,,,,Y,Y,N,60,1,0,0,0,1,0,0,0,0,"- ","- ",32.759109497070312,-117.18270874023438,"SAN DIEGO","SAN DIEGO",-117.18270111083984,32.759326934814453
90749127,2018,2018-06-15,9645,2018-06-01,1915,020479,,5,2,7,3711,0,1,1,,2,005,"I-5 N/B FROM HAWTHORN ST","HAWTHORN ST",45.00,N,N,A,-,Y,,,5,,,,R,,N,Y,4,0,1,2,A,-,10,21950,A,N,G,B,C,A,H,-,A,D,0,Y,,,,Y,,A,01,0,0,1,0,1,0,0,0,0,"- ","- ",32.727310180664062,-117.16705322265625,"SAN DIEGO","SAN DIEGO",-117.16705322265625,32.727310180664062
90753602,2018,2018-06-22,9645,2018-06-15,1228,016766,,5,1,7,3711,0,1,1,,2,017,"I-15 S/B","RANCHO PENASQUITIOS BLVD",230.00,S,N,A,-,Y,,,,,,,,,,Y,2,0,1,2,A,-,11,21954,A,N,G,B,E,A,H,-,A,D,0,Y,,,,Y,,N,60,1,0,0,0,1,0,0,0,0,"- ","- ",32.948501586914062,-117.10706329345703,"SAN DIEGO","SAN DIEGO",,
90817382,2018,2018-09-20,9645,2018-07-18,0407,020301,,3,3,7,3711,0,1,1,,2,009,"INTERSTATE-805 NORTHBOUND","LOGAN AVE",508.00,S,N,A,-,Y,,,805,,,,,,N,Y,1,1,0,2,A,-,11,21954,A,N,G,B,D,A,H,-,C,D,0,Y,,,,Y,,N,60,0,0,0,1,0,0,0,0,0,"- ","- ",32.695831298828125,-117.09503936767578,"SAN DIEGO","SAN DIEGO",-117.09479522705078,32.695835113525391
90820890,2018,2018-09-25,9645,2018-08-25,2005,017953,,6,2,7,3711,0,1,1,,2,007,"I-5 N/B FROM W/B VIA DE LA VALLE","I-5 N/B",382.00,E,N,A,-,Y,,,5,,,,R,,N,N,3,0,1,2,A,-,09,21804,A,N,D,G,A,A,H,-,D,D,0,,Y,,,Y,,L,04,0,1,0,0,0,0,1,0,0,"- ","- ",32.980491638183594,-117.25180816650391,"SAN DIEGO","SAN DIEGO",-117.25180816650391,32.980491638183594
90835774,2018,2018-10-15,9645,2018-08-03,0525,017139,,5,3,7,3711,0,1,3,,2,002,"SR-905 E/B",I-805,1584.00,E,N,A,-,Y,,,905,,,,,,E,N,2,0,1,3,A,-,11,21954,A,N,G,B,E,A,H,-,C,D,0,Y,,,,Y,,N,60,1,0,0,0,1,0,0,0,0,"- ","- ",32.568489074707031,-117.02526092529297,"SAN DIEGO","SAN DIEGO",-117.02525329589844,32.568431854248047
90876467,2018,2018-12-05,9645,2018-11-26,1200,015331,,1,1,7,3711,0,1,3,,2,023,"SR-163 SOUTHBOUND","QUINCE STREET",105.00,S,N,A,-,Y,,,163,,,,,,S,Y,2,0,2,4,A,-,11,21954,A,N,G,B,D,A,H,-,A,D,0,Y,,Y,,Y,,N,60,1,1,0,0,1,0,0,0,0,"- ","- ",32.733921051025391,-117.15567779541016,"SAN DIEGO","SAN DIEGO",-117.15582275390625,32.733871459960938
90913337,2018,2019-01-28,9645,2018-10-10,1540,015790,,3,2,7,3711,0,1,3,,2,023,"SR-163 (SB) TO CLAIREMONT MESA BLVD","CLAIREMONT MESA BLVD",14.00,N,N,A,-,Y,,,,,,,,,,N,3,0,1,2,A,-,21,22106,,N,G,B,B,A,H,-,A,A,0,Y,,,,Y,,-,99,0,1,0,0,1,0,0,0,0,"- ","- ",33.021858215332031,-117.27313995361328,"SAN DIEGO","SAN DIEGO",-117.14109039306641,32.832313537597656